county,psd,muni,sd,nr,nr_date,mr,mr_date,sdr,sd_date,tot
ADAMS,010201,ABBOTTSTOWN BORO,CONEWAGO VALLEY S D,1.0,1969-02-13,0.5,1969-02-13,1.0,2016-07-01,1.5
ADAMS,010601,ARENDTSVILLE BORO,UPPER ADAMS S D,1.0,2012-01-01,0.5,,1.1,2016-07-01,1.6
ADAMS,010602,BENDERSVILLE BORO,UPPER ADAMS S D,1.0,2012-01-01,0.5,,1.1,2016-07-01,1.6
ADAMS,010202,BERWICK TWP,CONEWAGO VALLEY S D,1.0,2012-01-01,0.5,,1.0,2016-07-01,1.5
ADAMS,010603,BIGLERVILLE BORO,UPPER ADAMS S D,1.0,2012-01-01,0.5,,1.1,2016-07-01,1.6
ADAMS,010203,BONNEAUVILLE BORO,CONEWAGO VALLEY S D,1.0,1968-07-01,0.5,1968-07-01,1.0,2016-07-01,1.5
ADAMS,010501,BONNEAUVILLE BORO,LITTLESTOWN AREA S D,1.0,1968-07-01,0.5,1968-07-01,1.1,2016-07-01,1.6
ADAMS,010604,BUTLER TWP,UPPER ADAMS S D,1.0,2012-01-01,0.5,2012-01-01,1.1,2016-07-01,1.6
ADAMS,010301,CARROLL VALLEY BORO,FAIRFIELD AREA S D,0.5,,0.5,,1.0,2016-01-01,1.5
ADAMS,010204,CONEWAGO TWP,CONEWAGO VALLEY S D,1.0,2012-01-01,0.5,,1.0,2016-07-01,1.5
ADAMS,010401,CUMBERLAND TWP,GETTYSBURG AREA S D,1.0,,0.5,,1.2,2016-07-01,1.7
ADAMS,010101,EAST BERLIN BORO,BERMUDIAN SPRINGS S D,1.0,2006-01-01,0.5,,1.2,2016-07-01,1.7
ADAMS,010302,FAIRFIELD BORO,FAIRFIELD AREA S D,1.0,2012-01-01,0.5,,1.0,2016-01-01,1.5
ADAMS,010402,FRANKLIN TWP,GETTYSBURG AREA S D,1.0,2006-01-01,0.5,1997-07-01,1.2,2016-07-01,1.7
ADAMS,010403,FREEDOM TWP,GETTYSBURG AREA S D,1.0,2012-01-01,0.5,,1.2,2016-07-01,1.7
ADAMS,010502,GERMANY TWP,LITTLESTOWN AREA S D,1.0,2012-01-01,0.5,,1.1,2016-07-01,1.6
ADAMS,010404,GETTYSBURG BORO,GETTYSBURG AREA S D,1.0,2012-01-01,0.5,,1.2,2016-07-01,1.7
ADAMS,010102,HAMILTON TWP,BERMUDIAN SPRINGS S D,1.0,2014-01-01,0.5,,1.2,2016-07-01,1.7
ADAMS,010205,HAMILTON TWP,CONEWAGO VALLEY S D,1.0,2014-01-01,0.5,,1.0,2016-07-01,1.5
ADAMS,010303,HAMILTONBAN TWP,FAIRFIELD AREA S D,1.0,2012-01-01,0.5,,1.0,2016-01-01,1.5
ADAMS,010405,HIGHLAND TWP,GETTYSBURG AREA S D,0.5,2012-01-01,0.5,2012-01-01,1.2,2016-07-01,1.7
ADAMS,010103,HUNTINGTON TWP,BERMUDIAN SPRINGS S D,1.0,2012-01-01,0.5,,1.2,2016-07-01,1.7
ADAMS,010104,LATIMORE TWP,BERMUDIAN SPRINGS S D,0.0,,0.5,,1.2,2016-07-01,1.7
ADAMS,010304,LIBERTY TWP,FAIRFIELD AREA S D,1.0,1981-07-01,0.5,,1.0,2016-01-01,1.5
ADAMS,010503,LITTLESTOWN BORO,LITTLESTOWN AREA S D,1.0,2012-01-01,0.5,1971-01-01,1.1,2016-07-01,1.6
ADAMS,010206,MCSHERRYSTOWN BORO,CONEWAGO VALLEY S D,1.0,2012-01-01,0.5,,1.0,2016-07-01,1.5
ADAMS,010605,MENALLEN TWP,UPPER ADAMS S D,1.0,2012-01-01,0.5,,1.1,2016-07-01,1.6
ADAMS,010406,MT JOY TWP,GETTYSBURG AREA S D,1.0,2012-01-01,0.5,,1.2,2016-07-01,1.7
ADAMS,010504,MT JOY TWP,LITTLESTOWN AREA S D,1.0,2012-01-01,0.5,,1.1,2016-07-01,1.6
ADAMS,010207,MT PLEASANT TWP,CONEWAGO VALLEY S D,1.0,2012-01-01,0.5,,1.0,2016-07-01,1.5
ADAMS,010505,MT PLEASANT TWP,LITTLESTOWN AREA S D,1.0,2012-01-01,0.5,,1.1,2016-07-01,1.6
ADAMS,010208,NEW OXFORD BORO,CONEWAGO VALLEY S D,1.0,2012-01-01,0.5,,1.0,2016-07-01,1.5
ADAMS,010209,OXFORD TWP,CONEWAGO VALLEY S D,1.0,2012-01-01,0.5,,1.0,2016-07-01,1.5
ADAMS,010105,READING TWP,BERMUDIAN SPRINGS S D,1.0,2005-12-19,0.5,,1.2,2016-07-01,1.7
ADAMS,010210,STRABAN TWP,CONEWAGO VALLEY S D,1.0,2012-01-01,0.5,,1.0,2016-07-01,1.5
ADAMS,010407,STRABAN TWP,GETTYSBURG AREA S D,1.0,2012-01-01,0.5,,1.2,2016-07-01,1.7
ADAMS,010211,TYRONE TWP,CONEWAGO VALLEY S D,1.0,2012-01-01,0.5,,1.0,2016-07-01,1.5
ADAMS,010606,TYRONE TWP,UPPER ADAMS S D,1.0,2012-01-01,0.5,,1.1,2016-07-01,1.6
ADAMS,010506,UNION TWP,LITTLESTOWN AREA S D,1.0,2012-01-01,0.5,2012-01-01,1.1,2016-07-01,1.6
ADAMS,010106,YORK SPRINGS BORO,BERMUDIAN SPRINGS S D,1.0,2012-01-01,0.5,2015-12-15,1.2,2016-07-01,1.7
ALLEGHENY,711101,ALEPPO TWP,QUAKER VALLEY S D,0.0,,0.5,,0.5,,1.0
ALLEGHENY,710401,ASPINWALL BORO,FOX CHAPEL AREA S D,1.0,1967-01-01,0.5,,0.5,,1.0
ALLEGHENY,710901,AVALON BORO,NORTHGATE S D,0.0,,0.5,,0.5,,1.0
ALLEGHENY,730101,BALDWIN BORO,BALDWIN-WHITEHALL S D,1.0,,0.5,,0.5,,1.0
ALLEGHENY,730102,BALDWIN TWP,BALDWIN-WHITEHALL S D,0.0,,0.5,,0.5,,1.0
ALLEGHENY,711102,BELL ACRES BORO,QUAKER VALLEY S D,0.5,1967-01-01,0.5,,0.5,,1.0
ALLEGHENY,710902,BELLEVUE BORO,NORTHGATE S D,0.0,,1.0,,0.5,,1.5
ALLEGHENY,710201,BEN AVON BORO,AVONWORTH S D,0.0,,0.5,,0.5,,1.0
ALLEGHENY,710202,BEN AVON HEIGHTS BORO,AVONWORTH S D,0.0,,0.5,,0.5,,1.0
ALLEGHENY,730201,BETHEL PARK BORO,BETHEL PARK S D,0.0,,0.9,2009-01-01,0.5,,1.4
ALLEGHENY,710402,BLAWNOX BORO,FOX CHAPEL AREA S D,0.0,,0.5,,0.5,,1.0
ALLEGHENY,710601,BRACKENRIDGE BORO,HIGHLANDS S D,0.0,,0.5,,0.5,,1.0
ALLEGHENY,721001,BRADDOCK BORO,WOODLAND HILLS S D,1.2,2020-01-01,1.25,2024-01-01,0.5,,1.75
ALLEGHENY,721002,BRADDOCK HILLS BORO,WOODLAND HILLS S D,0.0,,0.5,,0.5,,1.0
ALLEGHENY,710701,BRADFORD WOODS BORO,NORTH ALLEGHENY S D,1.0,,0.5,,0.5,,1.0
ALLEGHENY,730301,BRENTWOOD BORO,BRENTWOOD BORO S D,0.0,,0.5,2003-01-01,0.5,,1.0
ALLEGHENY,730501,BRIDGEVILLE BORO,CHARTIERS VALLEY S D,0.0,,0.5,,0.5,,1.0
ALLEGHENY,730401,CARNEGIE BORO,CARLYNTON S D,1.0,2008-01-01,0.5,,0.5,,1.0
ALLEGHENY,730202,CASTLE SHANNON BORO,BETHEL PARK S D,1.0,,0.5,,0.5,,1.0
ALLEGHENY,730901,CASTLE SHANNON BORO,KEYSTONE OAKS S D,1.0,,0.5,,0.5,,1.0
ALLEGHENY,721003,CHALFANT BORO,WOODLAND HILLS S D,0.0,,0.5,,0.5,,1.0
ALLEGHENY,710101,CHESWICK BORO,ALLEGHENY VALLEY S D,0.0,,0.5,,0.5,,1.0
ALLEGHENY,721004,CHURCHILL BORO,WOODLAND HILLS S D,1.0,,0.5,,0.5,,1.0
ALLEGHENY,730601,CLAIRTON CITY,CLAIRTON CITY S D,0.0,,1.0,2010-01-01,0.5,,1.5
ALLEGHENY,730502,COLLIER TWP,CHARTIERS VALLEY S D,1.0,2010-01-01,0.5,2010-01-01,0.5,,1.0
ALLEGHENY,730701,CORAOPOLIS BORO,CORNELL S D,0.0,,0.5,,0.5,,1.0
ALLEGHENY,730402,CRAFTON BORO,CARLYNTON S D,1.0,,0.5,,0.5,,1.0
ALLEGHENY,731101,CRESCENT TWP,MOON AREA S D,0.0,,0.5,,0.5,,1.0
ALLEGHENY,730902,DORMONT BORO,KEYSTONE OAKS S D,1.0,,0.5,,0.5,,1.0
ALLEGHENY,720401,DRAVOSBURG BORO,MCKEESPORT AREA S D,0.0,,0.5,,0.5,,1.0
ALLEGHENY,730801,DUQUESNE CITY,DUQUESNE CITY S D,0.8,2022-01-01,2.3,2022-01-01,0.5,,2.8
ALLEGHENY,710301,EAST DEER TWP,DEER LAKES S D,1.0,1972-11-13,0.5,,0.5,,1.0
ALLEGHENY,720101,EAST MCKEESPORT BORO,EAST ALLEGHENY S D,0.0,,0.5,,0.5,,1.0
ALLEGHENY,721005,EAST PITTSBURGH BORO,WOODLAND HILLS S D,0.0,,0.5,,0.5,,1.0
ALLEGHENY,721006,EDGEWOOD BORO,WOODLAND HILLS S D,0.0,,0.5,,0.5,,1.0
ALLEGHENY,711103,EDGEWORTH BORO,QUAKER VALLEY S D,0.0,,0.5,,0.5,,1.0
ALLEGHENY,720201,ELIZABETH BORO,ELIZABETH FORWARD S D,0.5,,0.5,,0.5,,1.0
ALLEGHENY,720202,ELIZABETH TWP,ELIZABETH FORWARD S D,0.0,,0.5,,0.5,,1.0
ALLEGHENY,710203,EMSWORTH BORO,AVONWORTH S D,1.0,,0.5,,0.5,,1.0
ALLEGHENY,711201,ETNA BORO,SHALER AREA S D,0.0,,0.5,,0.5,,1.0
ALLEGHENY,710602,FAWN TWP,HIGHLANDS S D,1.0,1966-01-01,0.5,,0.5,,1.0
ALLEGHENY,731801,FINDLAY TWP,WEST ALLEGHENY S D,1.0,,0.5,,0.5,,1.0
ALLEGHENY,721007,FOREST HILLS BORO,WOODLAND HILLS S D,1.0,2012-01-01,0.5,,0.5,,1.0
ALLEGHENY,720203,FORWARD TWP,ELIZABETH FORWARD S D,0.0,,0.5,,0.5,,1.0
ALLEGHENY,710403,FOX CHAPEL BORO,FOX CHAPEL AREA S D,0.0,,0.5,,0.5,,1.0
ALLEGHENY,710702,FRANKLIN PARK BORO,NORTH ALLEGHENY S D,0.5,2003-01-01,0.5,,0.5,,1.0
ALLEGHENY,710302,FRAZER TWP,DEER LAKES S D,1.0,,0.5,,0.5,,1.0
ALLEGHENY,720801,GLASSPORT BORO,SOUTH ALLEGHENY S D,0.0,,0.5,,0.5,,1.0
ALLEGHENY,711108,GLEN OSBORNE BORO,QUAKER VALLEY S D,0.5,2012-01-01,0.5,1967-01-01,0.5,,1.0
ALLEGHENY,711104,GLENFIELD BORO,QUAKER VALLEY S D,1.0,2012-02-14,0.5,,0.5,,1.0
ALLEGHENY,730903,GREEN TREE BORO,KEYSTONE OAKS S D,1.0,,0.5,,0.5,,1.0
ALLEGHENY,710501,HAMPTON TWP,HAMPTON TOWNSHIP S D,0.5,2012-01-01,0.5,,0.5,,1.0
ALLEGHENY,710102,HARMAR TWP,ALLEGHENY VALLEY S D,1.0,,0.5,,0.5,,1.0
ALLEGHENY,710603,HARRISON TWP,HIGHLANDS S D,0.0,,0.5,,0.5,,1.0
ALLEGHENY,711105,HAYSVILLE BORO,QUAKER VALLEY S D,1.0,2012-01-01,0.5,,0.5,,1.0
ALLEGHENY,730503,HEIDELBERG BORO,CHARTIERS VALLEY S D,0.5,,0.5,,0.5,,1.0
ALLEGHENY,731501,HOMESTEAD BORO,STEEL VALLEY S D,0.0,,0.5,2005-01-01,0.5,,1.0
ALLEGHENY,710404,INDIANA TWP,FOX CHAPEL AREA S D,0.0,,0.5,,0.5,,1.0
ALLEGHENY,731001,INGRAM BORO,MONTOUR S D,1.0,,0.5,,0.5,,1.0
ALLEGHENY,731901,JEFFERSON HILLS BORO,WEST JEFFERSON HILLS S D,1.0,,0.5,,0.5,,1.0
ALLEGHENY,731002,KENNEDY TWP,MONTOUR S D,1.0,,0.5,,0.5,,1.0
ALLEGHENY,710204,KILBUCK TWP,AVONWORTH S D,0.0,,0.5,,0.5,,1.0
ALLEGHENY,711106,LEET TWP,QUAKER VALLEY S D,0.0,,0.5,,0.5,,1.0
ALLEGHENY,711107,LEETSDALE BORO,QUAKER VALLEY S D,1.0,1967-01-01,0.5,1967-01-01,0.5,,1.0
ALLEGHENY,720802,LIBERTY BORO,SOUTH ALLEGHENY S D,0.5,1966-01-01,0.5,1966-01-01,0.5,,1.0
ALLEGHENY,720803,LINCOLN BORO,SOUTH ALLEGHENY S D,1.0,,0.5,,0.5,,1.0
ALLEGHENY,710703,MARSHALL TWP,NORTH ALLEGHENY S D,0.5,2012-01-01,0.5,,0.5,,1.0
ALLEGHENY,710704,MCCANDLESS TWP,NORTH ALLEGHENY S D,1.0,2012-01-01,0.5,,0.5,,1.0
ALLEGHENY,630901,MCDONALD BORO,FORT CHERRY S D,1.0,2012-01-01,0.5,2007-01-01,0.5,,1.0
ALLEGHENY,731601,MCKEES ROCKS BORO,STO-ROX S D,0.0,,0.5,,0.5,,1.0
ALLEGHENY,720402,MCKEESPORT CITY,MCKEESPORT AREA S D,1.0,,1.2,,0.5,,1.7
ALLEGHENY,711202,MILLVALE BORO,SHALER AREA S D,0.0,,0.5,,0.5,,1.0
ALLEGHENY,720301,MONROEVILLE BORO,GATEWAY S D,1.0,2012-01-01,1.0,2012-01-01,0.5,,1.5
ALLEGHENY,731102,MOON TWP,MOON AREA S D,1.0,,0.5,,0.5,,1.0
ALLEGHENY,700101,MOUNT OLIVER BORO,PITTSBURGH S D,0.0,,1.0,,2.0,2006-07-01,3.0
ALLEGHENY,731201,MT LEBANON TWP,MOUNT LEBANON S D,0.0,,0.8,,0.5,,1.3
ALLEGHENY,731502,MUNHALL BORO,STEEL VALLEY S D,0.0,,0.5,,0.5,,1.0
ALLEGHENY,730702,NEVILLE TWP,CORNELL S D,0.0,,0.5,1969-07-01,0.5,,1.0
ALLEGHENY,721008,NORTH BRADDOCK BORO,WOODLAND HILLS S D,1.0,,0.5,,0.5,,1.0
ALLEGHENY,731802,NORTH FAYETTE TWP,WEST ALLEGHENY S D,1.0,,0.5,,0.5,,1.0
ALLEGHENY,720102,NORTH VERSAILLES TWP,EAST ALLEGHENY S D,1.0,,0.5,,0.5,,1.0
ALLEGHENY,731803,OAKDALE BORO,WEST ALLEGHENY S D,0.0,,0.5,,0.5,,1.0
ALLEGHENY,720701,OAKMONT BORO,RIVERVIEW S D,1.0,,0.5,,0.5,,1.0
ALLEGHENY,710405,OHARA TWP,FOX CHAPEL AREA S D,0.0,,0.8,,0.5,,1.3
ALLEGHENY,710205,OHIO TWP,AVONWORTH S D,0.0,,0.5,,0.5,,1.0
ALLEGHENY,720501,PENN HILLS TWP,PENN HILLS S D,1.0,2020-01-01,1.25,2020-01-01,0.5,,1.75
ALLEGHENY,731003,PENNSBURY VILLAGE BORO,MONTOUR S D,1.0,,0.5,,0.5,,1.0
ALLEGHENY,711001,PINE TWP,PINE-RICHLAND S D,0.5,1998-01-01,0.5,,0.5,,1.0
ALLEGHENY,720302,PITCAIRN BORO,GATEWAY S D,1.0,2012-01-01,0.5,2012-01-01,0.5,,1.0
ALLEGHENY,730105,PITTSBURGH CITY,BALDWIN-WHITEHALL S D,1.0,2011-01-01,1.0,,0.5,,1.5
ALLEGHENY,700102,PITTSBURGH CITY,PITTSBURGH S D,1.0,2011-01-01,1.0,,2.0,2006-07-01,3.0
ALLEGHENY,730103,PLEASANT HILLS BORO,BALDWIN-WHITEHALL S D,0.0,,0.5,,0.5,,1.0
ALLEGHENY,731902,PLEASANT HILLS BORO,WEST JEFFERSON HILLS S D,0.0,,0.5,,0.5,,1.0
ALLEGHENY,720601,PLUM BORO,PLUM BOROUGH S D,0.0,,0.5,,0.5,,1.0
ALLEGHENY,720804,PORT VUE BORO,SOUTH ALLEGHENY S D,1.0,,0.5,,0.5,,1.0
ALLEGHENY,721009,RANKIN BORO,WOODLAND HILLS S D,1.0,2020-01-01,0.5,2019-01-02,0.5,,1.0
ALLEGHENY,711203,RESERVE TWP,SHALER AREA S D,1.0,,0.5,,0.5,,1.0
ALLEGHENY,711002,RICHLAND TWP,PINE-RICHLAND S D,1.0,,0.5,,0.5,,1.0
ALLEGHENY,731004,ROBINSON TWP,MONTOUR S D,1.0,,0.5,,0.5,,1.0
ALLEGHENY,710801,ROSS TWP,NORTH HILLS S D,0.0,,0.5,,0.5,,1.0
ALLEGHENY,730403,ROSSLYN FARMS BORO,CARLYNTON S D,0.0,,0.5,,0.5,,1.0
ALLEGHENY,730504,SCOTT TWP,CHARTIERS VALLEY S D,0.0,,0.5,,0.5,,1.0
ALLEGHENY,711109,SEWICKLEY BORO,QUAKER VALLEY S D,0.0,,0.5,,0.5,,1.0
ALLEGHENY,711110,SEWICKLEY HEIGHTS BORO,QUAKER VALLEY S D,0.0,,0.5,,0.5,,1.0
ALLEGHENY,711111,SEWICKLEY HILLS BORO,QUAKER VALLEY S D,0.0,,0.5,,0.5,,1.0
ALLEGHENY,711204,SHALER TWP,SHALER AREA S D,0.5,2012-01-01,0.5,1967-01-01,0.5,,1.0
ALLEGHENY,710406,SHARPSBURG BORO,FOX CHAPEL AREA S D,1.0,1958-01-16,0.5,,0.5,,1.0
ALLEGHENY,731301,SOUTH FAYETTE TWP,SOUTH FAYETTE TWP S D,1.0,2008-01-01,0.5,,0.5,,1.0
ALLEGHENY,731401,SOUTH PARK TWP,SOUTH PARK S D,1.0,1971-01-01,0.5,,0.5,,1.0
ALLEGHENY,720403,SOUTH VERSAILLES TWP,MCKEESPORT AREA S D,0.5,2012-01-01,0.5,,0.5,,1.0
ALLEGHENY,651404,SOUTH VERSAILLES TWP,NORWIN S D,0.5,2012-01-01,0.5,,0.5,2009-07-01,1.0
ALLEGHENY,710103,SPRINGDALE BORO,ALLEGHENY VALLEY S D,1.0,1966-07-01,0.5,1966-07-01,0.5,,1.0
ALLEGHENY,710104,SPRINGDALE TWP,ALLEGHENY VALLEY S D,1.0,,0.5,,0.5,,1.0
ALLEGHENY,731602,STOWE TWP,STO-ROX S D,1.0,,0.5,,0.5,,1.0
ALLEGHENY,721010,SWISSVALE BORO,WOODLAND HILLS S D,0.0,,0.5,,0.5,,1.0
ALLEGHENY,710604,TARENTUM BORO,HIGHLANDS S D,0.0,,0.5,,0.5,,1.0
ALLEGHENY,731005,THORNBURG BORO,MONTOUR S D,0.0,,0.5,,0.5,,1.0
ALLEGHENY,651504,TRAFFORD BORO,PENN-TRAFFORD S D,1.0,,0.5,,0.5,,1.0
ALLEGHENY,721011,TURTLE CREEK BORO,WOODLAND HILLS S D,0.0,,0.5,,0.5,,1.0
ALLEGHENY,731701,UPPER ST CLAIR TWP,UPPER ST CLAIR TWP S D,0.5,,0.8,2007-01-01,0.5,,1.3
ALLEGHENY,720702,VERONA BORO,RIVERVIEW S D,1.0,1967-01-01,0.5,,0.5,,1.0
ALLEGHENY,720404,VERSAILLES BORO,MCKEESPORT AREA S D,0.0,,0.5,,0.5,,1.0
ALLEGHENY,720103,WALL BORO,EAST ALLEGHENY S D,1.0,,0.5,,0.5,,1.0
ALLEGHENY,710303,WEST DEER TWP,DEER LAKES S D,0.0,,0.5,,0.5,,1.0
ALLEGHENY,731903,WEST ELIZABETH BORO,WEST JEFFERSON HILLS S D,0.0,,0.5,,0.5,,1.0
ALLEGHENY,731503,WEST HOMESTEAD BORO,STEEL VALLEY S D,0.0,,0.5,,0.5,,1.0
ALLEGHENY,732001,WEST MIFFLIN BORO,WEST MIFFLIN AREA S D,1.0,1962-01-01,0.5,1962-01-01,0.5,,1.0
ALLEGHENY,710802,WEST VIEW BORO,NORTH HILLS S D,0.0,,0.5,,0.5,,1.0
ALLEGHENY,732002,WHITAKER BORO,WEST MIFFLIN AREA S D,0.0,,0.5,,0.5,,1.0
ALLEGHENY,720405,WHITE OAK BORO,MCKEESPORT AREA S D,1.0,2012-01-01,0.5,2012-01-01,0.5,,1.0
ALLEGHENY,651405,WHITE OAK BORO,NORWIN S D,1.0,2012-01-12,0.5,,0.5,2009-07-01,1.0
ALLEGHENY,730104,WHITEHALL BORO,BALDWIN-WHITEHALL S D,0.0,,1.2,2020-01-01,0.5,,1.7
ALLEGHENY,721012,WILKINS TWP,WOODLAND HILLS S D,1.0,,0.5,,0.5,,1.0
ALLEGHENY,720901,WILKINSBURG BORO,WILKINSBURG BOROUGH S D,0.0,,0.5,,0.5,,1.0
ALLEGHENY,720104,WILMERDING BORO,EAST ALLEGHENY S D,1.0,,0.5,,0.5,,1.0
ARMSTRONG,030101,APOLLO BORO,APOLLO-RIDGE S D,0.0,,0.5,,0.5,2011-01-01,1.0
ARMSTRONG,030201,APPLEWOLD BORO,ARMSTRONG S D,1.0,,0.5,,0.5,,1.0
ARMSTRONG,030202,ATWOOD BORO,ARMSTRONG S D,1.0,,0.5,,0.5,,1.0
ARMSTRONG,030203,BETHEL TWP,ARMSTRONG S D,1.0,,0.5,,0.5,,1.0
ARMSTRONG,030204,BOGGS TWP,ARMSTRONG S D,0.0,,0.5,,0.5,,1.0
ARMSTRONG,100301,BRADYS BEND TWP,KARNS CITY AREA S D,1.0,,0.5,,0.5,,1.0
ARMSTRONG,030205,BURRELL TWP,ARMSTRONG S D,0.0,,0.5,,0.5,,1.0
ARMSTRONG,030206,CADOGAN TWP,ARMSTRONG S D,1.0,1979-01-01,0.5,1979-09-30,0.5,,1.0
ARMSTRONG,030207,COWANSHANNOCK TWP,ARMSTRONG S D,1.0,,0.5,,0.5,,1.0
ARMSTRONG,030208,DAYTON BORO,ARMSTRONG S D,1.0,,0.5,,0.5,,1.0
ARMSTRONG,030209,EAST FRANKLIN TWP,ARMSTRONG S D,0.5,,0.5,,0.5,,1.0
ARMSTRONG,030210,ELDERTON BORO,ARMSTRONG S D,1.0,,0.5,,0.5,,1.0
ARMSTRONG,030211,FORD CITY BORO,ARMSTRONG S D,1.0,1975-01-01,0.5,,0.5,,1.0
ARMSTRONG,030212,FORD CLIFF BORO,ARMSTRONG S D,1.0,,0.5,,0.5,,1.0
ARMSTRONG,100201,FREEPORT BORO,FREEPORT AREA S D,0.0,,0.5,,0.5,1969-07-01,1.0
ARMSTRONG,030301,GILPIN TWP,LEECHBURG AREA S D,0.0,,0.5,,0.5,,1.0
ARMSTRONG,160101,HOVEY TWP,ALLEG.-CLARION VALLEY SD,0.0,,0.5,,0.5,,1.0
ARMSTRONG,030102,KISKIMINETAS TWP,APOLLO-RIDGE S D,0.0,,0.5,,0.5,2011-01-01,1.0
ARMSTRONG,030213,KITTANNING BORO,ARMSTRONG S D,0.5,,0.5,,0.5,,1.0
ARMSTRONG,030214,KITTANNING TWP,ARMSTRONG S D,1.0,1978-01-01,0.5,,0.5,,1.0
ARMSTRONG,030302,LEECHBURG BORO,LEECHBURG AREA S D,1.0,,0.5,,0.5,,1.0
ARMSTRONG,160601,MADISON TWP,REDBANK VALLEY S D,0.0,,0.5,,0.5,,1.0
ARMSTRONG,160602,MAHONING TWP,REDBANK VALLEY S D,1.0,,0.5,,0.5,,1.0
ARMSTRONG,030215,MANOR TWP,ARMSTRONG S D,1.0,,0.5,,0.5,,1.0
ARMSTRONG,030216,MANORVILLE BORO,ARMSTRONG S D,1.0,1976-01-01,0.5,,0.5,,1.0
ARMSTRONG,030103,NORTH APOLLO BORO,APOLLO-RIDGE S D,1.0,,0.5,,0.5,2011-01-01,1.0
ARMSTRONG,030217,NORTH BUFFALO TWP,ARMSTRONG S D,1.0,1978-01-01,0.5,1978-01-01,0.5,,1.0
ARMSTRONG,160102,PARKER CITY,ALLEG.-CLARION VALLEY SD,1.0,,0.5,,0.5,,1.0
ARMSTRONG,650901,PARKS TWP,KISKI AREA S D,0.0,,0.5,,0.5,,1.0
ARMSTRONG,100302,PERRY TWP,KARNS CITY AREA S D,1.0,,0.5,,0.5,,1.0
ARMSTRONG,030218,PINE TWP,ARMSTRONG S D,1.0,,0.5,,0.5,,1.0
ARMSTRONG,030219,PLUMCREEK TWP,ARMSTRONG S D,1.0,,0.5,,0.5,,1.0
ARMSTRONG,030220,RAYBURN TWP,ARMSTRONG S D,0.0,,0.5,,0.5,,1.0
ARMSTRONG,160603,REDBANK TWP,REDBANK VALLEY S D,0.0,,0.5,,0.5,,1.0
ARMSTRONG,030221,RURAL VALLEY BORO,ARMSTRONG S D,0.0,,0.5,,0.5,,1.0
ARMSTRONG,030222,SOUTH BEND TWP,ARMSTRONG S D,0.5,1977-01-01,0.5,1977-01-01,0.5,,1.0
ARMSTRONG,160604,SOUTH BETHLEHEM BORO,REDBANK VALLEY S D,0.0,,0.5,,0.5,,1.0
ARMSTRONG,100202,SOUTH BUFFALO TWP,FREEPORT AREA S D,1.0,,0.5,,0.5,1969-07-01,1.0
ARMSTRONG,100303,SUGARCREEK TWP,KARNS CITY AREA S D,1.0,,0.5,,0.5,,1.0
ARMSTRONG,030223,VALLEY TWP,ARMSTRONG S D,0.0,,0.5,2022-01-20,0.5,,1.0
ARMSTRONG,030224,WASHINGTON TWP,ARMSTRONG S D,1.0,,0.5,,0.5,,1.0
ARMSTRONG,030225,WAYNE TWP,ARMSTRONG S D,0.0,,0.5,,0.5,,1.0
ARMSTRONG,030226,WEST FRANKLIN TWP,ARMSTRONG S D,1.0,,0.5,,0.5,,1.0
ARMSTRONG,030227,WEST KITTANNING BORO,ARMSTRONG S D,1.0,,0.5,,0.5,,1.0
ARMSTRONG,030228,WORTHINGTON BORO,ARMSTRONG S D,0.5,,0.5,,0.5,,1.0
BEAVER,040101,ALIQUIPPA CITY,ALIQUIPPA S D,1.3,2016-01-01,0.8,2016-01-01,0.5,,1.3
BEAVER,040201,AMBRIDGE BORO,AMBRIDGE AREA S D,1.0,,0.5,,0.5,,1.0
BEAVER,040202,BADEN BORO,AMBRIDGE AREA S D,0.5,2012-01-01,0.5,,0.5,,1.0
BEAVER,040301,BEAVER BORO,BEAVER AREA S D,0.5,,0.5,,0.5,,1.0
BEAVER,040401,BEAVER FALLS CITY,BIG BEAVER FALLS A S D,1.5,2016-01-01,1.0,2016-01-01,0.5,,1.5
BEAVER,040402,BIG BEAVER BORO,BIG BEAVER FALLS A S D,1.0,,0.5,,0.5,,1.0
BEAVER,040302,BRIDGEWATER BORO,BEAVER AREA S D,1.0,2017-01-01,0.5,,0.5,,1.0
BEAVER,040303,BRIGHTON TWP,BEAVER AREA S D,1.0,,0.5,,0.5,,1.0
BEAVER,040601,CENTER TWP,CENTRAL VALLEY S D,1.0,1970-01-01,0.5,,0.5,,1.0
BEAVER,040501,CHIPPEWA TWP,BLACKHAWK S D,0.5,2012-01-01,0.5,,0.5,2009-07-01,1.0
BEAVER,040701,CONWAY BORO,FREEDOM AREA S D,0.5,,0.5,,0.5,,1.0
BEAVER,040502,DARLINGTON BORO,BLACKHAWK S D,0.5,,0.5,,0.5,2009-07-01,1.0
BEAVER,040503,DARLINGTON TWP,BLACKHAWK S D,0.5,,0.5,,0.5,2009-07-01,1.0
BEAVER,041001,DAUGHERTY TWP,NEW BRIGHTON AREA S D,0.5,,0.5,,0.5,,1.0
BEAVER,041201,EAST ROCHESTER BORO,ROCHESTER AREA S D,0.5,,0.5,,0.5,,1.0
BEAVER,040403,EASTVALE BORO,BIG BEAVER FALLS A S D,0.5,,0.5,,0.5,,1.0
BEAVER,040203,ECONOMY BORO,AMBRIDGE AREA S D,0.5,1963-01-01,0.5,1963-01-01,0.5,,1.0
BEAVER,370102,ELLWOOD CITY BORO,ELLWOOD CITY AREA S D,1.0,,0.5,,0.5,,1.0
BEAVER,041002,FALLSTON BORO,NEW BRIGHTON AREA S D,1.0,2006-01-01,0.5,,0.5,,1.0
BEAVER,041301,FRANKFORT SPRINGS BORO,SOUTH SIDE AREA S D,0.0,,0.5,,0.5,,1.0
BEAVER,041101,FRANKLIN TWP,RIVERSIDE BEAVER CO S D,0.5,1967-07-01,0.5,,0.5,,1.0
BEAVER,040702,FREEDOM BORO,FREEDOM AREA S D,1.0,,0.5,,0.5,,1.0
BEAVER,041302,GEORGETOWN BORO,SOUTH SIDE AREA S D,1.0,,0.5,,0.5,,1.0
BEAVER,041401,GLASGOW BORO,WESTERN BEAVER CO S D,1.0,1984-07-20,0.5,,0.5,,1.0
BEAVER,041303,GREENE TWP,SOUTH SIDE AREA S D,0.5,1969-07-01,0.5,1969-07-01,0.5,,1.0
BEAVER,041304,HANOVER TWP,SOUTH SIDE AREA S D,1.0,1986-10-01,0.5,1965-07-01,0.5,,1.0
BEAVER,040204,HARMONY TWP,AMBRIDGE AREA S D,1.0,2018-01-01,0.5,,0.5,,1.0
BEAVER,040404,HOMEWOOD BORO,BIG BEAVER FALLS A S D,0.5,,0.5,,0.5,,1.0
BEAVER,041305,HOOKSTOWN BORO,SOUTH SIDE AREA S D,0.0,,0.5,,0.5,,1.0
BEAVER,040801,HOPEWELL TWP,HOPEWELL AREA S D,1.0,,0.5,,0.5,,1.0
BEAVER,040802,INDEPENDENCE TWP,HOPEWELL AREA S D,1.0,1970-01-01,0.5,,0.5,,1.0
BEAVER,041402,INDUSTRY BORO,WESTERN BEAVER CO S D,1.0,2012-01-01,0.5,,0.5,,1.0
BEAVER,040405,KOPPEL BORO,BIG BEAVER FALLS A S D,1.0,,0.5,,0.5,,1.0
BEAVER,041102,MARION TWP,RIVERSIDE BEAVER CO S D,0.5,1967-03-06,0.5,,0.5,,1.0
BEAVER,040901,MIDLAND BORO,MIDLAND BORO S D,1.0,,0.5,,0.5,,1.0
BEAVER,040602,MONACA BORO,CENTRAL VALLEY S D,1.0,,0.5,,0.5,,1.0
BEAVER,041003,NEW BRIGHTON BORO,NEW BRIGHTON AREA S D,1.0,1980-01-01,0.5,1980-01-01,0.5,,1.0
BEAVER,040406,NEW GALILEE BORO,BIG BEAVER FALLS A S D,0.0,,0.5,,0.5,,1.0
BEAVER,040703,NEW SEWICKLEY TWP,FREEDOM AREA S D,1.0,2018-01-01,0.5,,0.5,,1.0
BEAVER,041103,NORTH SEWICKLEY TWP,RIVERSIDE BEAVER CO S D,0.5,,0.5,,0.5,,1.0
BEAVER,041403,OHIOVILLE BORO,WESTERN BEAVER CO S D,1.0,1985-01-01,0.5,,0.5,,1.0
BEAVER,040504,PATTERSON HEIGHTS BORO,BLACKHAWK S D,0.5,1967-01-01,0.5,,0.5,2009-07-01,1.0
BEAVER,040505,PATTERSON TWP,BLACKHAWK S D,0.5,2018-01-01,0.5,,0.5,2009-07-01,1.0
BEAVER,040603,POTTER TWP,CENTRAL VALLEY S D,1.0,,0.5,,0.5,,1.0
BEAVER,041004,PULASKI TWP,NEW BRIGHTON AREA S D,0.5,,0.5,,0.5,,1.0
BEAVER,040803,RACCOON TWP,HOPEWELL AREA S D,1.0,,0.5,,0.5,,1.0
BEAVER,041202,ROCHESTER BORO,ROCHESTER AREA S D,1.0,2021-01-01,1.0,2021-01-01,0.5,,1.5
BEAVER,041203,ROCHESTER TWP,ROCHESTER AREA S D,0.5,,0.5,,0.5,,1.0
BEAVER,041306,SHIPPINGPORT BORO,SOUTH SIDE AREA S D,1.0,,0.5,,0.5,,1.0
BEAVER,040506,SOUTH BEAVER TWP,BLACKHAWK S D,0.5,,0.5,,0.5,2009-07-01,1.0
BEAVER,040205,SOUTH HEIGHTS BORO,AMBRIDGE AREA S D,0.0,,0.5,,0.5,,1.0
BEAVER,040304,VANPORT TWP,BEAVER AREA S D,0.5,,0.5,,0.5,,1.0
BEAVER,040507,WEST MAYFIELD BORO,BLACKHAWK S D,1.0,,0.5,,0.5,2009-07-01,1.0
BEAVER,040407,WHITE TWP,BIG BEAVER FALLS A S D,0.0,,0.5,,0.5,,1.0
BEDFORD,050101,BEDFORD BORO,BEDFORD AREA S D,1.0,,0.5,,1.0,2016-07-01,1.5
BEDFORD,050102,BEDFORD TWP,BEDFORD AREA S D,1.0,,0.5,,1.0,2016-07-01,1.5
BEDFORD,050401,BLOOMFIELD TWP,NORTHN BEDFORD CO S D,0.0,,0.5,,0.5,,1.0
BEDFORD,050501,BROAD TOP TWP,TUSSEY MOUNTAIN S D,1.0,2012-01-01,0.5,,0.5,,1.0
BEDFORD,050502,COALDALE BORO,TUSSEY MOUNTAIN S D,0.0,,0.5,,0.5,,1.0
BEDFORD,050103,COLERAIN TWP,BEDFORD AREA S D,1.0,1969-04-15,0.5,1969-04-15,1.0,2016-07-01,1.5
BEDFORD,050104,CUMBERLAND VALLEY TWP,BEDFORD AREA S D,1.0,1969-07-01,0.5,1969-07-01,1.0,2016-07-01,1.5
BEDFORD,050301,EAST PROVIDENCE TWP,EVERETT AREA S D,1.0,,0.5,,1.1,2000-07-02,1.6
BEDFORD,050201,EAST ST CLAIR TWP,CHESTNUT RIDGE S D,1.0,1979-07-01,0.5,1979-07-01,0.5,,1.0
BEDFORD,050302,EVERETT BORO,EVERETT AREA S D,1.0,1980-07-01,0.5,1980-07-01,1.1,2000-07-02,1.6
BEDFORD,050105,HARRISON TWP,BEDFORD AREA S D,1.0,1971-07-01,0.5,1971-07-01,1.0,2016-07-01,1.5
BEDFORD,050402,HOPEWELL BORO,NORTHN BEDFORD CO S D,1.0,,0.5,,0.5,,1.0
BEDFORD,050403,HOPEWELL TWP,NORTHN BEDFORD CO S D,0.5,,0.5,,0.5,,1.0
BEDFORD,050106,HYNDMAN BORO,BEDFORD AREA S D,0.5,2012-01-01,0.5,1970-07-01,1.0,2016-07-01,1.5
BEDFORD,050202,JUNIATA TWP,CHESTNUT RIDGE S D,1.0,2006-01-01,0.5,,0.5,,1.0
BEDFORD,070301,KIMMEL TWP,CLAYSBURG-KIMMEL S D,1.0,2022-01-01,0.5,,0.5,,1.0
BEDFORD,050203,KING TWP,CHESTNUT RIDGE S D,1.0,1980-07-01,0.5,,0.5,,1.0
BEDFORD,050503,LIBERTY TWP,TUSSEY MOUNTAIN S D,0.0,,0.5,,0.5,,1.0
BEDFORD,050204,LINCOLN TWP,CHESTNUT RIDGE S D,1.0,1984-07-01,0.5,1984-07-01,0.5,,1.0
BEDFORD,050107,LONDONDERRY TWP,BEDFORD AREA S D,1.0,1976-07-01,0.5,1976-07-01,1.0,2016-07-01,1.5
BEDFORD,050303,MANN TWP,EVERETT AREA S D,1.0,,0.5,,1.1,2000-07-02,1.6
BEDFORD,050108,MANNS CHOICE BORO,BEDFORD AREA S D,1.0,2015-06-02,0.5,2014-02-06,1.0,2016-07-01,1.5
BEDFORD,050304,MONROE TWP,EVERETT AREA S D,1.0,1975-07-01,0.5,1975-07-01,1.1,2000-07-02,1.6
BEDFORD,050205,NAPIER TWP,CHESTNUT RIDGE S D,1.0,,0.5,,0.5,,1.0
BEDFORD,050206,NEW PARIS BORO,CHESTNUT RIDGE S D,1.0,2013-01-01,0.5,2013-01-01,0.5,,1.0
BEDFORD,050207,PAVIA TWP,CHESTNUT RIDGE S D,1.0,,0.5,,0.5,,1.0
BEDFORD,050208,PLEASANTVILLE BORO,CHESTNUT RIDGE S D,1.0,2012-01-01,0.5,2012-01-01,0.5,,1.0
BEDFORD,050109,RAINSBURG BORO,BEDFORD AREA S D,1.0,,0.5,,1.0,2016-07-01,1.5
BEDFORD,050504,SAXTON BORO,TUSSEY MOUNTAIN S D,1.0,2011-11-29,0.5,2011-11-29,0.5,,1.0
BEDFORD,050209,SCHELLSBURG BORO,CHESTNUT RIDGE S D,0.0,,0.5,,0.5,,1.0
BEDFORD,050110,SNAKE SPRING TWP,BEDFORD AREA S D,1.0,1970-07-01,0.5,1970-07-01,1.0,2016-07-01,1.5
BEDFORD,050404,SOUTH WOODBURY TWP,NORTHN BEDFORD CO S D,1.0,2012-01-01,0.5,1981-12-12,0.5,,1.0
BEDFORD,050305,SOUTHAMPTON TWP,EVERETT AREA S D,1.0,1980-07-01,0.5,1980-07-01,1.1,2000-07-02,1.6
BEDFORD,050210,ST CLAIRSVILLE BORO,CHESTNUT RIDGE S D,0.0,,0.5,,0.5,,1.0
BEDFORD,050306,WEST PROVIDENCE TWP,EVERETT AREA S D,1.0,,0.5,,1.1,2000-07-02,1.6
BEDFORD,050211,WEST ST CLAIR TWP,CHESTNUT RIDGE S D,1.0,,0.5,,0.5,,1.0
BEDFORD,050405,WOODBURY BORO,NORTHN BEDFORD CO S D,1.0,,0.5,,0.5,,1.0
BEDFORD,050406,WOODBURY TWP,NORTHN BEDFORD CO S D,1.0,2012-01-01,0.5,,0.5,,1.0
BERKS,061001,ALBANY TWP,KUTZTOWN AREA S D,1.0,,0.5,,0.5,,1.0
BERKS,061201,ALSACE TWP,OLEY VALLEY S D,1.0,,0.5,,0.5,2016-07-01,1.0
BERKS,060501,AMITY TWP,DANIEL BOONE AREA S D,1.0,,0.5,,0.5,,1.0
BERKS,060201,BALLY BORO,BOYERTOWN AREA S D,0.0,,0.5,,0.5,,1.0
BERKS,060202,BECHTELSVILLE BORO,BOYERTOWN AREA S D,1.0,2012-01-01,0.5,,0.5,,1.0
BERKS,061401,BERN TWP,SCHUYLKILL VALLEY S D,1.0,,0.5,,0.5,,1.0
BERKS,061501,BERNVILLE BORO,TULPEHOCKEN AREA S D,1.0,,0.5,,0.5,2016-07-01,1.0
BERKS,061502,BETHEL TWP,TULPEHOCKEN AREA S D,1.0,,0.5,,0.5,2016-07-01,1.0
BERKS,060502,BIRDSBORO BORO,DANIEL BOONE AREA S D,1.0,,0.5,,0.5,,1.0
BERKS,060203,BOYERTOWN BORO,BOYERTOWN AREA S D,1.0,,0.5,,0.5,,1.0
BERKS,060801,BRECKNOCK TWP,GOVERNOR MIFFLIN S D,1.0,,0.5,,0.5,,1.0
BERKS,151001,CAERNARVON TWP,TWIN VALLEY S D,1.0,1972-01-01,0.5,1972-01-01,0.5,,1.0
BERKS,061402,CENTERPORT BORO,SCHUYLKILL VALLEY S D,1.0,,0.5,,0.5,,1.0
BERKS,061403,CENTRE TWP,SCHUYLKILL VALLEY S D,1.0,,0.5,,0.5,,1.0
BERKS,060204,COLEBROOKDALE TWP,BOYERTOWN AREA S D,1.0,,0.5,,0.5,,1.0
BERKS,060802,CUMRU TWP,GOVERNOR MIFFLIN S D,1.0,,0.5,,0.5,,1.0
BERKS,060301,DISTRICT TWP,BRANDYWINE HEIGHTS A S D,1.0,2012-01-01,0.5,,0.5,,1.0
BERKS,060205,DOUGLASS TWP,BOYERTOWN AREA S D,1.0,1967-02-01,0.5,1967-02-01,0.5,,1.0
BERKS,060206,EARL TWP,BOYERTOWN AREA S D,1.0,2012-01-01,0.5,,0.5,,1.0
BERKS,060601,EXETER TWP,EXETER TOWNSHIP S D,1.0,,0.5,,0.5,,1.0
BERKS,060701,FLEETWOOD BORO,FLEETWOOD AREA S D,1.0,1967-01-01,0.5,1967-01-01,0.5,,1.0
BERKS,061002,GREENWICH TWP,KUTZTOWN AREA S D,1.0,,0.5,,0.5,,1.0
BERKS,060901,HAMBURG BORO,HAMBURG AREA S D,1.0,,0.5,,0.5,,1.0
BERKS,060401,HEIDELBERG TWP,CONRAD WEISER A S D,0.0,,0.5,,0.5,,1.0
BERKS,462101,HEREFORD TWP,UPPER PERKIOMEN S D,1.0,,0.5,,0.5,2020-07-01,1.0
BERKS,061503,JEFFERSON TWP,TULPEHOCKEN AREA S D,1.0,,0.5,,0.5,2016-07-01,1.0
BERKS,060803,KENHORST BORO,GOVERNOR MIFFLIN S D,1.0,2012-01-01,0.5,2012-01-01,0.5,,1.0
BERKS,061003,KUTZTOWN BORO,KUTZTOWN AREA S D,1.0,,0.5,,0.5,,1.0
BERKS,061101,LAURELDALE BORO,MUHLENBERG S D,1.0,,0.5,,0.5,,1.0
BERKS,061404,LEESPORT BORO,SCHUYLKILL VALLEY S D,1.0,,0.5,,0.5,,1.0
BERKS,061004,LENHARTSVILLE BORO,KUTZTOWN AREA S D,1.0,,0.5,,0.5,,1.0
BERKS,060302,LONGSWAMP TWP,BRANDYWINE HEIGHTS A S D,1.0,1966-07-04,0.5,1966-07-04,0.5,,1.0
BERKS,060101,LOWER ALSACE TWP,ANTIETAM S D,1.0,,0.5,,0.5,2009-07-01,1.0
BERKS,061601,LOWER HEIDELBERG TWP,WILSON S D,1.0,,0.5,,0.5,,1.0
BERKS,061005,LYONS BORO,KUTZTOWN AREA S D,1.0,,0.5,,0.5,,1.0
BERKS,060702,MAIDENCREEK TWP,FLEETWOOD AREA S D,1.0,2012-01-01,0.5,2012-01-01,0.5,,1.0
BERKS,060402,MARION TWP,CONRAD WEISER A S D,1.0,,0.5,,0.5,,1.0
BERKS,061006,MAXATAWNY TWP,KUTZTOWN AREA S D,1.0,,0.5,,0.5,,1.0
BERKS,060804,MOHNTON BORO,GOVERNOR MIFFLIN S D,1.0,,0.5,2012-01-01,0.5,,1.0
BERKS,060102,MT PENN BORO,ANTIETAM S D,1.0,,0.5,,0.5,2009-07-01,1.0
BERKS,061102,MUHLENBERG TWP,MUHLENBERG S D,1.0,,0.5,,0.5,,1.0
BERKS,151002,NEW MORGAN BORO,TWIN VALLEY S D,1.0,,0.5,,0.5,,1.0
BERKS,060403,NORTH HEIDELBERG TWP,CONRAD WEISER A S D,1.0,,0.5,,0.5,,1.0
BERKS,061202,OLEY TWP,OLEY VALLEY S D,1.0,2012-01-01,0.5,2012-01-01,0.5,2016-07-01,1.0
BERKS,061405,ONTELAUNEE TWP,SCHUYLKILL VALLEY S D,1.0,,0.5,,0.5,,1.0
BERKS,061504,PENN TWP,TULPEHOCKEN AREA S D,1.0,,0.5,,0.5,2016-07-01,1.0
BERKS,060902,PERRY TWP,HAMBURG AREA S D,1.0,,0.5,,0.5,,1.0
BERKS,061203,PIKE TWP,OLEY VALLEY S D,1.0,,0.5,,0.5,2016-07-01,1.0
BERKS,061301,READING CITY,READING S D,1.0,2022-07-01,2.1,2022-01-01,1.5,2016-01-01,3.6
BERKS,060703,RICHMOND TWP,FLEETWOOD AREA S D,1.0,,0.5,,0.5,,1.0
BERKS,151003,ROBESON TWP,TWIN VALLEY S D,1.0,,0.5,,0.5,,1.0
BERKS,060404,ROBESONIA BORO,CONRAD WEISER A S D,1.0,,0.5,,0.5,,1.0
BERKS,060303,ROCKLAND TWP,BRANDYWINE HEIGHTS A S D,1.0,2012-01-01,0.5,,0.5,,1.0
BERKS,061204,RUSCOMBMANOR TWP,OLEY VALLEY S D,0.5,2012-01-01,0.5,,0.5,2016-07-01,1.0
BERKS,060805,SHILLINGTON BORO,GOVERNOR MIFFLIN S D,1.0,,0.5,,0.5,,1.0
BERKS,060903,SHOEMAKERSVILLE BORO,HAMBURG AREA S D,1.0,,0.5,,0.5,,1.0
BERKS,061602,SINKING SPRING BORO,WILSON S D,1.0,,0.5,,0.5,,1.0
BERKS,060405,SOUTH HEIDELBERG TWP,CONRAD WEISER A S D,1.0,,0.5,,0.5,,1.0
BERKS,061603,SPRING TWP,WILSON S D,1.0,,0.5,,0.5,,1.0
BERKS,060602,ST LAWRENCE BORO,EXETER TOWNSHIP S D,1.0,,0.5,,0.5,,1.0
BERKS,060905,TILDEN TWP,HAMBURG AREA S D,1.0,,0.5,,0.5,,1.0
BERKS,060304,TOPTON BORO,BRANDYWINE HEIGHTS A S D,1.0,2011-11-14,0.5,2011-11-14,0.5,,1.0
BERKS,061505,TULPEHOCKEN TWP,TULPEHOCKEN AREA S D,1.0,,0.5,,0.5,2016-07-01,1.0
BERKS,060503,UNION TWP,DANIEL BOONE AREA S D,1.0,2012-01-01,0.5,,0.5,,1.0
BERKS,060906,UPPER BERN TWP,HAMBURG AREA S D,1.0,,0.5,,0.5,,1.0
BERKS,060907,UPPER TULPEHOCKEN TWP,HAMBURG AREA S D,1.0,,0.5,,0.5,,1.0
BERKS,060207,WASHINGTON TWP,BOYERTOWN AREA S D,1.0,2012-01-01,0.5,,0.5,,1.0
BERKS,060406,WERNERSVILLE BORO,CONRAD WEISER A S D,1.0,,0.5,,0.5,,1.0
BERKS,061701,WEST READING BORO,WYOMISSING AREA S D,1.0,,0.5,,0.5,,1.0
BERKS,060908,WINDSOR TWP,HAMBURG AREA S D,1.0,,0.5,,0.5,,1.0
BERKS,060407,WOMELSDORF BORO,CONRAD WEISER A S D,1.0,,0.5,,0.5,,1.0
BERKS,061604,WYOMISSING BORO,WILSON S D,1.0,,0.5,,0.5,,1.0
BERKS,061702,WYOMISSING BORO,WYOMISSING AREA S D,1.0,,0.5,,0.5,,1.0
BLAIR,070401,ALLEGHENY TWP,HOLLIDAYSBURG AREA S D,1.0,2012-01-01,0.5,,0.5,,1.0
BLAIR,070101,ALTOONA CITY,ALTOONA AREA S D,1.4,2016-01-01,1.1,2017-01-01,0.5,,1.6
BLAIR,070201,ANTIS TWP,BELLWOOD-ANTIS S D,0.0,,0.5,1963-01-01,0.5,2008-07-01,1.0
BLAIR,070202,BELLWOOD BORO,BELLWOOD-ANTIS S D,1.0,2012-01-01,0.5,,0.5,2008-07-01,1.0
BLAIR,070402,BLAIR TWP,HOLLIDAYSBURG AREA S D,1.0,2012-01-01,0.5,,0.5,,1.0
BLAIR,070701,CATHARINE TWP,WILLIAMSBURG COMM S D,1.0,2012-01-01,0.5,,0.5,,1.0
BLAIR,070403,DUNCANSVILLE BORO,HOLLIDAYSBURG AREA S D,1.0,1966-01-01,0.5,,0.5,,1.0
BLAIR,070404,FRANKSTOWN TWP,HOLLIDAYSBURG AREA S D,1.0,2012-01-01,0.5,,0.5,,1.0
BLAIR,070501,FREEDOM TWP,SPRING COVE S D,0.0,,0.5,,0.5,,1.0
BLAIR,070302,GREENFIELD TWP,CLAYSBURG-KIMMEL S D,1.0,2012-01-01,0.5,,0.5,,1.0
BLAIR,070405,HOLLIDAYSBURG BORO,HOLLIDAYSBURG AREA S D,1.0,2012-01-01,0.5,,0.5,,1.0
BLAIR,070502,HUSTON TWP,SPRING COVE S D,1.0,2012-01-02,0.5,2012-01-01,0.5,,1.0
BLAIR,070406,JUNIATA TWP,HOLLIDAYSBURG AREA S D,0.0,,0.5,,0.5,,1.0
BLAIR,070102,LOGAN TWP,ALTOONA AREA S D,1.0,2012-01-01,0.5,,0.5,,1.0
BLAIR,070503,MARTINSBURG BORO,SPRING COVE S D,1.0,2012-01-01,0.5,,0.5,,1.0
BLAIR,070407,NEWRY BORO,HOLLIDAYSBURG AREA S D,1.0,2017-01-01,0.5,,0.5,,1.0
BLAIR,070504,NORTH WOODBURY TWP,SPRING COVE S D,1.0,2012-01-01,0.5,,0.5,,1.0
BLAIR,070505,ROARING SPRING BORO,SPRING COVE S D,0.0,,0.5,,0.5,,1.0
BLAIR,070601,SNYDER TWP,TYRONE AREA S D,1.0,,0.5,,0.65,2016-07-01,1.15
BLAIR,070506,TAYLOR TWP,SPRING COVE S D,0.0,,0.5,1985-01-07,0.5,,1.0
BLAIR,110912,TUNNELHILL BORO,PENN CAMBRIA S D,0.5,,0.5,,0.5,,1.0
BLAIR,070602,TYRONE BORO,TYRONE AREA S D,1.0,2012-01-01,1.25,2008-01-01,0.65,2016-07-01,1.9
BLAIR,070103,TYRONE TWP,ALTOONA AREA S D,1.0,2012-01-01,0.5,,0.5,,1.0
BLAIR,070603,TYRONE TWP,TYRONE AREA S D,1.0,2012-01-01,0.5,,0.65,2016-07-01,1.15
BLAIR,070702,WILLIAMSBURG BORO,WILLIAMSBURG COMM S D,0.0,,0.5,,0.5,,1.0
BLAIR,070703,WOODBURY TWP,WILLIAMSBURG COMM S D,1.0,2012-01-01,0.5,,0.5,,1.0
BRADFORD,080601,ALBA BORO,TROY AREA S D,0.0,,0.5,,0.5,,1.0
BRADFORD,080701,ALBANY TWP,WYALUSING AREA S D,0.0,,0.5,,0.94,2010-07-01,1.44
BRADFORD,080602,ARMENIA TWP,TROY AREA S D,0.0,,0.5,,0.5,,1.0
BRADFORD,080501,ASYLUM TWP,TOWANDA AREA S D,0.0,,0.5,2016-01-01,0.74,2016-07-01,1.24
BRADFORD,080101,ATHENS BORO,ATHENS AREA S D,1.0,,0.5,,1.06,2019-07-01,1.56
BRADFORD,080102,ATHENS TWP,ATHENS AREA S D,1.0,,0.5,,1.06,2019-07-01,1.56
BRADFORD,080603,BURLINGTON BORO,TROY AREA S D,1.0,2013-01-01,0.5,2013-01-01,0.5,,1.0
BRADFORD,080604,BURLINGTON TWP,TROY AREA S D,1.0,2012-01-01,0.5,,0.5,,1.0
BRADFORD,080201,CANTON BORO,CANTON AREA S D,0.0,,0.5,,0.5,,1.0
BRADFORD,080202,CANTON TWP,CANTON AREA S D,0.0,,0.5,,0.5,,1.0
BRADFORD,080605,COLUMBIA TWP,TROY AREA S D,0.0,,0.5,,0.5,,1.0
BRADFORD,080502,FRANKLIN TWP,TOWANDA AREA S D,0.0,,0.5,,0.74,2016-07-01,1.24
BRADFORD,080606,GRANVILLE TWP,TROY AREA S D,0.0,,0.5,,0.5,,1.0
BRADFORD,080702,HERRICK TWP,WYALUSING AREA S D,0.0,,0.5,,0.94,2010-07-01,1.44
BRADFORD,080301,LERAYSVILLE BORO,NORTHEAST BRADFORD S D,1.0,2012-01-01,0.5,,0.5,,1.0
BRADFORD,080203,LEROY TWP,CANTON AREA S D,0.0,,0.5,,0.5,,1.0
BRADFORD,080401,LITCHFIELD TWP,SAYRE AREA S D,0.0,,0.5,,1.0,2016-07-01,1.5
BRADFORD,080503,MONROE BORO,TOWANDA AREA S D,0.0,,0.5,,0.74,2016-07-01,1.24
BRADFORD,080504,MONROE TWP,TOWANDA AREA S D,1.0,1966-01-01,0.5,,0.74,2016-07-01,1.24
BRADFORD,080703,NEW ALBANY BORO,WYALUSING AREA S D,0.0,,0.5,,0.94,2010-07-01,1.44
BRADFORD,080505,NORTH TOWANDA TWP,TOWANDA AREA S D,1.0,2008-01-01,0.5,2008-01-01,0.74,2016-07-01,1.24
BRADFORD,080302,ORWELL TWP,NORTHEAST BRADFORD S D,0.5,,0.5,,0.5,,1.0
BRADFORD,080704,OVERTON TWP,WYALUSING AREA S D,0.0,,0.5,,0.94,2010-07-01,1.44
BRADFORD,080303,PIKE TWP,NORTHEAST BRADFORD S D,0.0,,0.5,,0.5,,1.0
BRADFORD,080103,RIDGEBURY TWP,ATHENS AREA S D,1.0,,0.5,,1.06,2019-07-01,1.56
BRADFORD,080304,ROME BORO,NORTHEAST BRADFORD S D,0.0,,0.5,,0.5,,1.0
BRADFORD,080305,ROME TWP,NORTHEAST BRADFORD S D,0.0,,0.5,,0.5,,1.0
BRADFORD,080402,SAYRE BORO,SAYRE AREA S D,1.0,,0.5,,1.0,2016-07-01,1.5
BRADFORD,080104,SHESHEQUIN TWP,ATHENS AREA S D,0.0,,0.5,2010-01-01,1.06,2019-07-01,1.56
BRADFORD,080105,SMITHFIELD TWP,ATHENS AREA S D,1.0,2012-01-01,0.5,,1.06,2019-07-01,1.56
BRADFORD,080607,SOUTH CREEK TWP,TROY AREA S D,0.0,,0.5,,0.5,,1.0
BRADFORD,080403,SOUTH WAVERLY BORO,SAYRE AREA S D,1.0,,0.5,,1.0,2016-07-01,1.5
BRADFORD,080608,SPRINGFIELD TWP,TROY AREA S D,0.0,,0.5,,0.5,,1.0
BRADFORD,080506,STANDING STONE TWP,TOWANDA AREA S D,1.0,2012-01-01,0.5,,0.74,2016-07-01,1.24
BRADFORD,080705,STEVENS TWP,WYALUSING AREA S D,0.0,,0.5,1975-07-01,0.94,2010-07-01,1.44
BRADFORD,080609,SYLVANIA BORO,TROY AREA S D,0.0,,0.5,,0.5,,1.0
BRADFORD,080706,TERRY TWP,WYALUSING AREA S D,0.0,,0.5,1972-08-03,0.94,2010-07-01,1.44
BRADFORD,080507,TOWANDA BORO,TOWANDA AREA S D,1.0,2005-01-01,0.5,,0.74,2016-07-01,1.24
BRADFORD,080508,TOWANDA TWP,TOWANDA AREA S D,0.0,,0.5,,0.74,2016-07-01,1.24
BRADFORD,080610,TROY BORO,TROY AREA S D,0.0,,0.5,,0.5,,1.0
BRADFORD,080611,TROY TWP,TROY AREA S D,0.0,,0.5,,0.5,,1.0
BRADFORD,080707,TUSCARORA TWP,WYALUSING AREA S D,0.0,,0.5,,0.94,2010-07-01,1.44
BRADFORD,080106,ULSTER TWP,ATHENS AREA S D,1.0,2012-01-01,0.5,,1.06,2019-07-01,1.56
BRADFORD,080306,WARREN TWP,NORTHEAST BRADFORD S D,0.0,,0.5,,0.5,,1.0
BRADFORD,080612,WELLS TWP,TROY AREA S D,0.0,,0.5,,0.5,,1.0
BRADFORD,080613,WEST BURLINGTON TWP,TROY AREA S D,0.0,,0.5,,0.5,,1.0
BRADFORD,080708,WILMOT TWP,WYALUSING AREA S D,0.0,,0.5,,0.94,2010-07-01,1.44
BRADFORD,080307,WINDHAM TWP,NORTHEAST BRADFORD S D,0.0,,0.5,,0.5,,1.0
BRADFORD,080709,WYALUSING BORO,WYALUSING AREA S D,0.0,,0.5,,0.94,2010-07-01,1.44
BRADFORD,080710,WYALUSING TWP,WYALUSING AREA S D,0.0,,0.5,,0.94,2010-07-01,1.44
BRADFORD,080509,WYSOX TWP,TOWANDA AREA S D,1.0,2004-01-01,0.5,,0.74,2016-07-01,1.24
BUCKS,091101,BEDMINSTER TWP,PENNRIDGE S D,1.0,1966-07-01,0.75,2016-01-01,1.0,2016-07-01,1.75
BUCKS,090101,BENSALEM TWP,BENSALEM TOWNSHIP S D,1.0,2016-01-01,1.0,2016-01-01,0.0,,1.0
BUCKS,091001,BRIDGETON TWP,PALISADES S D,1.0,,0.5,,0.5,2009-07-01,1.0
BUCKS,090201,BRISTOL BORO,BRISTOL BORO S D,0.0,,0.0,,0.0,,0.0
BUCKS,090301,BRISTOL TWP,BRISTOL TOWNSHIP S D,0.5,,0.5,,0.0,,0.5
BUCKS,090501,BUCKINGHAM TWP,CENTRAL BUCKS S D,1.0,2008-01-01,0.5,,0.5,,1.0
BUCKS,090502,CHALFONT BORO,CENTRAL BUCKS S D,1.0,,0.5,,0.5,,1.0
BUCKS,090503,DOYLESTOWN BORO,CENTRAL BUCKS S D,1.0,,0.5,,0.5,,1.0
BUCKS,090504,DOYLESTOWN TWP,CENTRAL BUCKS S D,1.0,,0.5,,0.5,,1.0
BUCKS,091102,DUBLIN BORO,PENNRIDGE S D,1.0,,0.5,,1.0,2016-07-01,1.5
BUCKS,091002,DURHAM TWP,PALISADES S D,1.0,,0.5,,0.5,2009-07-01,1.0
BUCKS,091103,EAST ROCKHILL TWP,PENNRIDGE S D,1.0,1967-01-01,0.75,2016-01-01,1.0,2016-07-01,1.75
BUCKS,091201,FALLS TWP,PENNSBURY S D,1.0,2023-01-01,1.0,2023-01-01,0.0,,1.0
BUCKS,091301,HAYCOCK TWP,QUAKERTOWN COMM S D,0.0,,0.5,,1.0,2016-07-01,1.5
BUCKS,091104,HILLTOWN TWP,PENNRIDGE S D,1.0,,0.5,2015-01-01,1.0,2016-07-01,1.5
BUCKS,461109,HILLTOWN TWP,NORTH PENN S D,1.0,,0.5,2015-01-01,0.5,,1.0
BUCKS,090801,HULMEVILLE BORO,NESHAMINY S D,1.0,2018-01-01,1.0,2018-01-01,0.0,,1.0
BUCKS,090401,IVYLAND BORO,CENTENNIAL S D,1.0,,0.5,,0.5,2008-07-01,1.0
BUCKS,090802,LANGHORNE BORO,NESHAMINY S D,1.0,2023-01-01,1.0,2023-01-01,0.0,,1.0
BUCKS,090803,LANGHORNE MANOR BORO,NESHAMINY S D,0.0,,0.0,,0.0,,0.0
BUCKS,091202,LOWER MAKEFIELD TWP,PENNSBURY S D,0.0,,0.0,,0.0,,0.0
BUCKS,090804,LOWER SOUTHAMPTON TWP,NESHAMINY S D,1.0,,1.0,,0.0,,1.0
BUCKS,090805,MIDDLETOWN TWP,NESHAMINY S D,0.5,2014-01-01,0.5,2014-01-01,0.0,,0.5
BUCKS,091302,MILFORD TWP,QUAKERTOWN COMM S D,1.0,,0.75,2023-01-01,1.0,2016-07-01,1.75
BUCKS,090701,MORRISVILLE BORO,MORRISVILLE BORO S D,1.0,2022-07-01,1.0,2022-07-01,0.0,,1.0
BUCKS,090505,NEW BRITAIN BORO,CENTRAL BUCKS S D,1.0,,0.5,,0.5,,1.0
BUCKS,090506,NEW BRITAIN TWP,CENTRAL BUCKS S D,1.0,1989-10-09,0.625,1989-10-09,0.5,,1.125
BUCKS,461101,NEW BRITAIN TWP,NORTH PENN S D,1.0,1989-10-09,0.625,1989-10-09,0.5,,1.125
BUCKS,090901,NEW HOPE BORO,NEW HOPE-SOLEBURY S D,1.0,2003-07-01,0.5,,0.5,,1.0
BUCKS,090601,NEWTOWN BORO,COUNCIL ROCK S D,1.0,,0.5,,0.5,1994-06-20,1.0
BUCKS,090602,NEWTOWN TWP,COUNCIL ROCK S D,1.0,,0.5,,0.5,1994-06-20,1.0
BUCKS,091003,NOCKAMIXON TWP,PALISADES S D,1.0,,0.75,2016-01-01,0.5,2009-07-01,1.25
BUCKS,090603,NORTHAMPTON TWP,COUNCIL ROCK S D,1.0,2012-01-01,0.5,2012-01-01,0.5,1994-06-20,1.0
BUCKS,090806,PENNDEL BORO,NESHAMINY S D,1.0,2021-01-01,1.0,2021-01-01,0.0,,1.0
BUCKS,091105,PERKASIE BORO,PENNRIDGE S D,1.0,1966-07-01,0.5,,1.0,2016-07-01,1.5
BUCKS,090507,PLUMSTEAD TWP,CENTRAL BUCKS S D,1.0,,0.5,,0.5,,1.0
BUCKS,091303,QUAKERTOWN BORO,QUAKERTOWN COMM S D,1.0,,0.5,,1.0,2016-07-01,1.5
BUCKS,091304,RICHLAND TWP,QUAKERTOWN COMM S D,1.0,,0.6,2016-01-01,1.0,2016-07-01,1.6
BUCKS,091305,RICHLANDTOWN BORO,QUAKERTOWN COMM S D,1.0,1967-01-01,0.5,,1.0,2016-07-01,1.5
BUCKS,091004,RIEGELSVILLE BORO,PALISADES S D,1.0,2012-01-01,0.5,1962-01-01,0.5,2009-07-01,1.0
BUCKS,091106,SELLERSVILLE BORO,PENNRIDGE S D,1.0,,0.5,,1.0,2016-07-01,1.5
BUCKS,091107,SILVERDALE BORO,PENNRIDGE S D,1.0,,0.5,,1.0,2016-07-01,1.5
BUCKS,090902,SOLEBURY TWP,NEW HOPE-SOLEBURY S D,1.0,,0.5,,0.5,,1.0
BUCKS,091005,SPRINGFIELD TWP,PALISADES S D,1.0,,0.75,2016-01-01,0.5,2009-07-01,1.25
BUCKS,461505,TELFORD BORO,SOUDERTON AREA S D,1.0,,0.5,,0.5,2009-07-01,1.0
BUCKS,091006,TINICUM TWP,PALISADES S D,1.0,2016-01-01,0.75,2016-01-01,0.5,2009-07-01,1.25
BUCKS,091306,TRUMBAUERSVILLE BORO,QUAKERTOWN COMM S D,1.0,,0.5,,1.0,2016-07-01,1.5
BUCKS,091203,TULLYTOWN BORO,PENNSBURY S D,0.0,2024-01-01,1.0,2024-01-01,0.0,,1.0
BUCKS,090604,UPPER MAKEFIELD TWP,COUNCIL ROCK S D,1.0,,0.5,1994-08-05,0.5,1994-06-20,1.0
BUCKS,090402,UPPER SOUTHAMPTON TWP,CENTENNIAL S D,1.0,1991-01-01,0.5,,0.5,2008-07-01,1.0
BUCKS,090403,WARMINSTER TWP,CENTENNIAL S D,1.0,,0.5,,0.5,2008-07-01,1.0
BUCKS,090508,WARRINGTON TWP,CENTRAL BUCKS S D,1.0,,0.5,,0.5,,1.0
BUCKS,090509,WARWICK TWP,CENTRAL BUCKS S D,1.0,,0.5,,0.5,,1.0
BUCKS,091108,WEST ROCKHILL TWP,PENNRIDGE S D,1.0,1966-01-01,0.75,2015-01-01,1.0,2016-07-01,1.75
BUCKS,090605,WRIGHTSTOWN TWP,COUNCIL ROCK S D,1.0,,0.65,2016-01-01,0.5,1994-06-20,1.15
BUCKS,091204,YARDLEY BORO,PENNSBURY S D,0.0,,0.0,,0.0,,0.0
BUTLER,100401,ADAMS TWP,MARS AREA S D,1.0,2003-03-24,0.5,1965-07-01,0.5,,1.0
BUTLER,160103,ALLEGHENY TWP,ALLEG.-CLARION VALLEY SD,0.0,,0.5,,0.5,,1.0
BUTLER,100601,BRADY TWP,SLIPPERY ROCK A S D,1.0,2012-05-18,0.5,,0.5,,1.0
BUTLER,100304,BRUIN BORO,KARNS CITY AREA S D,0.0,,0.5,,0.5,,1.0
BUTLER,100203,BUFFALO TWP,FREEPORT AREA S D,1.0,2017-01-01,0.5,,0.5,1969-07-01,1.0
BUTLER,100101,BUTLER CITY,BUTLER AREA S D,1.0,2017-01-01,0.5,2010-01-01,0.5,,1.0
BUTLER,100102,BUTLER TWP,BUTLER AREA S D,0.0,,0.5,,0.5,,1.0
BUTLER,100801,CALLERY BORO,SENECA VALLEY S D,0.0,,0.5,,0.5,,1.0
BUTLER,100103,CENTER TWP,BUTLER AREA S D,1.0,2017-01-01,0.5,2007-01-01,0.5,,1.0
BUTLER,100501,CHERRY TWP,MONITEAU S D,1.0,,0.5,,0.5,,1.0
BUTLER,100502,CHERRY VALLEY BORO,MONITEAU S D,0.0,,0.5,,0.5,,1.0
BUTLER,100305,CHICORA BORO,KARNS CITY AREA S D,0.0,,0.5,,0.5,,1.0
BUTLER,100503,CLAY TWP,MONITEAU S D,0.0,,0.5,,0.5,,1.0
BUTLER,100104,CLEARFIELD TWP,BUTLER AREA S D,0.0,,0.5,,0.5,,1.0
BUTLER,100701,CLINTON TWP,KNOCH SD,0.0,,0.5,,0.5,,1.0
BUTLER,100504,CONCORD TWP,MONITEAU S D,1.0,2012-07-01,0.5,,0.5,,1.0
BUTLER,100105,CONNOQUENESSING BORO,BUTLER AREA S D,0.0,,0.5,,0.5,,1.0
BUTLER,100106,CONNOQUENESSING TWP,BUTLER AREA S D,0.0,,0.5,,0.5,,1.0
BUTLER,100802,CRANBERRY TWP,SENECA VALLEY S D,1.0,2014-04-01,0.5,,0.5,,1.0
BUTLER,100306,DONEGAL TWP,KARNS CITY AREA S D,1.0,2013-01-01,0.5,,0.5,,1.0
BUTLER,100107,EAST BUTLER BORO,BUTLER AREA S D,0.0,,0.5,,0.5,,1.0
BUTLER,100505,EAU CLAIRE BORO,MONITEAU S D,0.0,,0.5,,0.5,,1.0
BUTLER,100803,EVANS CITY BORO,SENECA VALLEY S D,0.0,,0.5,,0.5,,1.0
BUTLER,100307,FAIRVIEW BORO,KARNS CITY AREA S D,0.5,,0.5,,0.5,,1.0
BUTLER,100308,FAIRVIEW TWP,KARNS CITY AREA S D,0.0,,0.5,,0.5,,1.0
BUTLER,100804,FORWARD TWP,SENECA VALLEY S D,0.0,,0.5,,0.5,,1.0
BUTLER,100602,FRANKLIN TWP,SLIPPERY ROCK A S D,0.0,,0.5,,0.5,,1.0
BUTLER,100805,HARMONY BORO,SENECA VALLEY S D,1.0,,0.5,,0.5,,1.0
BUTLER,100603,HARRISVILLE BORO,SLIPPERY ROCK A S D,1.0,,0.5,,0.5,,1.0
BUTLER,100806,JACKSON TWP,SENECA VALLEY S D,1.0,2012-01-01,0.5,,0.5,,1.0
BUTLER,100702,JEFFERSON TWP,KNOCH SD,0.0,,0.5,1971-07-01,0.5,,1.0
BUTLER,100309,KARNS CITY BORO,KARNS CITY AREA S D,0.0,,0.5,,0.5,,1.0
BUTLER,100807,LANCASTER TWP,SENECA VALLEY S D,0.5,,0.5,,0.5,,1.0
BUTLER,100506,MARION TWP,MONITEAU S D,0.5,1988-01-01,0.5,,0.5,,1.0
BUTLER,100402,MARS BORO,MARS AREA S D,0.0,,0.5,,0.5,,1.0
BUTLER,100604,MERCER TWP,SLIPPERY ROCK A S D,0.0,,0.5,,0.5,,1.0
BUTLER,100403,MIDDLESEX TWP,MARS AREA S D,1.0,2003-07-01,0.5,,0.5,,1.0
BUTLER,100605,MUDDY CREEK TWP,SLIPPERY ROCK A S D,1.0,2010-01-01,0.5,,0.5,,1.0
BUTLER,100108,OAKLAND TWP,BUTLER AREA S D,1.0,,0.5,,0.5,,1.0
BUTLER,100310,PARKER TWP,KARNS CITY AREA S D,0.5,,0.5,,0.5,,1.0
BUTLER,100703,PENN TWP,KNOCH SD,0.0,,0.5,,0.5,,1.0
BUTLER,100311,PETROLIA BORO,KARNS CITY AREA S D,0.0,,0.5,2022-01-01,0.5,,1.0
BUTLER,100606,PORTERSVILLE BORO,SLIPPERY ROCK A S D,0.0,,0.5,,0.5,,1.0
BUTLER,100607,PROSPECT BORO,SLIPPERY ROCK A S D,0.0,,0.5,,0.5,,1.0
BUTLER,100704,SAXONBURG BORO,KNOCH SD,0.0,,0.5,,0.5,,1.0
BUTLER,100808,SEVEN FIELDS BORO,SENECA VALLEY S D,0.5,,0.5,,0.5,,1.0
BUTLER,100608,SLIPPERY ROCK BORO,SLIPPERY ROCK A S D,1.0,2017-01-01,0.5,,0.5,,1.0
BUTLER,100609,SLIPPERY ROCK TWP,SLIPPERY ROCK A S D,1.0,2012-01-01,0.5,,0.5,,1.0
BUTLER,100109,SUMMIT TWP,BUTLER AREA S D,0.0,,0.5,1989-01-01,0.5,,1.0
BUTLER,100404,VALENCIA BORO,MARS AREA S D,0.0,,0.5,,0.5,,1.0
BUTLER,100507,VENANGO TWP,MONITEAU S D,1.0,,0.5,,0.5,,1.0
BUTLER,100508,WASHINGTON TWP,MONITEAU S D,0.0,,0.5,,0.5,,1.0
BUTLER,100610,WEST LIBERTY BORO,SLIPPERY ROCK A S D,0.0,,0.5,,0.5,,1.0
BUTLER,100509,WEST SUNBURY BORO,MONITEAU S D,0.0,,0.5,,0.5,,1.0
BUTLER,100705,WINFIELD TWP,KNOCH SD,0.0,,0.5,,0.5,,1.0
BUTLER,100611,WORTH TWP,SLIPPERY ROCK A S D,0.5,,0.5,,0.5,,1.0
BUTLER,100809,ZELIENOPLE BORO,SENECA VALLEY S D,0.5,1972-04-01,0.5,1972-04-01,0.5,,1.0
CAMBRIA,110601,ADAMS TWP,FOREST HILLS S D,1.0,1965-07-01,0.5,,0.5,,1.0
CAMBRIA,110901,ALLEGHENY TWP,PENN CAMBRIA S D,0.5,,0.5,,0.5,,1.0
CAMBRIA,110902,ASHVILLE BORO,PENN CAMBRIA S D,0.5,,0.5,,0.5,,1.0
CAMBRIA,110801,BARR TWP,NORTHERN CAMBRIA S D,0.0,,0.5,,0.5,2020-07-01,1.0
CAMBRIA,110101,BLACKLICK TWP,BLACKLICK VALLEY S D,0.5,2012-01-01,0.5,,0.5,,1.0
CAMBRIA,110501,BROWNSTOWN BORO,FERNDALE AREA S D,1.0,2011-01-06,0.5,,0.5,,1.0
CAMBRIA,110301,CAMBRIA TWP,CENTRAL CAMBRIA S D,0.5,1963-04-01,0.5,,0.5,,1.0
CAMBRIA,110201,CARROLLTOWN BORO,CAMBRIA HEIGHTS S D,1.0,,0.5,,0.5,,1.0
CAMBRIA,111001,CASSANDRA BORO,PORTAGE AREA S D,0.0,,0.5,,0.5,2009-07-01,1.0
CAMBRIA,110202,CHEST SPRINGS BORO,CAMBRIA HEIGHTS S D,0.0,,0.5,,0.5,,1.0
CAMBRIA,110203,CHEST TWP,CAMBRIA HEIGHTS S D,0.5,,0.5,,0.5,,1.0
CAMBRIA,110204,CLEARFIELD TWP,CAMBRIA HEIGHTS S D,1.0,,0.5,,0.5,,1.0
CAMBRIA,110401,CONEMAUGH TWP,CONEMAUGH VALLEY S D,1.0,2018-01-01,0.5,,0.5,,1.0
CAMBRIA,110903,CRESSON BORO,PENN CAMBRIA S D,0.5,1985-01-01,0.5,,0.5,,1.0
CAMBRIA,110904,CRESSON TWP,PENN CAMBRIA S D,0.5,,0.5,,0.5,,1.0
CAMBRIA,110602,CROYLE TWP,FOREST HILLS S D,1.0,1964-01-01,0.5,,0.5,,1.0
CAMBRIA,110402,DAISYTOWN BORO,CONEMAUGH VALLEY S D,1.0,,0.5,,0.5,,1.0
CAMBRIA,110502,DALE BORO,FERNDALE AREA S D,1.0,2012-01-01,0.5,,0.5,,1.0
CAMBRIA,110905,DEAN TWP,PENN CAMBRIA S D,1.0,,0.5,,0.5,,1.0
CAMBRIA,110205,EAST CARROLL TWP,CAMBRIA HEIGHTS S D,0.5,2005-01-01,0.5,2004-01-01,0.5,,1.0
CAMBRIA,110403,EAST CONEMAUGH BORO,CONEMAUGH VALLEY S D,1.0,,0.5,,0.5,,1.0
CAMBRIA,110404,EAST TAYLOR TWP,CONEMAUGH VALLEY S D,1.0,2012-01-01,0.5,,0.5,,1.0
CAMBRIA,110302,EBENSBURG BORO,CENTRAL CAMBRIA S D,1.0,2012-01-01,0.5,,0.5,,1.0
CAMBRIA,110603,EHRENFELD BORO,FOREST HILLS S D,1.0,,0.5,,0.5,,1.0
CAMBRIA,110206,ELDER TWP,CAMBRIA HEIGHTS S D,1.0,1974-01-01,0.5,1974-01-01,0.5,,1.0
CAMBRIA,110503,FERNDALE BORO,FERNDALE AREA S D,0.5,,0.5,,0.5,,1.0
CAMBRIA,110405,FRANKLIN BORO,CONEMAUGH VALLEY S D,1.0,2016-01-01,0.5,2016-01-01,0.5,,1.0
CAMBRIA,110906,GALLITZIN BORO,PENN CAMBRIA S D,0.0,,0.5,,0.5,,1.0
CAMBRIA,110907,GALLITZIN TWP,PENN CAMBRIA S D,0.0,,0.5,,0.5,,1.0
CAMBRIA,110701,GEISTOWN BORO,GREATER JOHNSTOWN S D,0.0,,0.5,,0.5,,1.0
CAMBRIA,111101,GEISTOWN BORO,RICHLAND S D,0.0,,0.5,,0.5,,1.0
CAMBRIA,110207,HASTINGS BORO,CAMBRIA HEIGHTS S D,1.0,2012-01-01,0.5,,0.5,,1.0
CAMBRIA,110303,JACKSON TWP,CENTRAL CAMBRIA S D,0.5,,0.5,,0.5,,1.0
CAMBRIA,110702,JOHNSTOWN CITY,GREATER JOHNSTOWN S D,1.0,2016-01-01,1.0,2015-01-01,0.5,,1.5
CAMBRIA,110908,LILLY BORO,PENN CAMBRIA S D,0.5,,0.5,,0.5,,1.0
CAMBRIA,110504,LORAIN BORO,FERNDALE AREA S D,1.0,2012-01-01,0.5,,0.5,,1.0
CAMBRIA,110909,LORETTO BORO,PENN CAMBRIA S D,0.0,,0.5,,0.5,,1.0
CAMBRIA,110703,LOWER YODER TWP,GREATER JOHNSTOWN S D,0.0,,0.5,,0.5,,1.0
CAMBRIA,110505,MIDDLE TAYLOR TWP,FERNDALE AREA S D,0.0,,0.5,,0.5,,1.0
CAMBRIA,110910,MUNSTER TWP,PENN CAMBRIA S D,0.5,,0.5,,0.5,,1.0
CAMBRIA,110102,NANTY GLO BORO,BLACKLICK VALLEY S D,1.0,2004-01-01,0.5,,0.5,,1.0
CAMBRIA,110802,NORTHERN CAMBRIA BORO,NORTHERN CAMBRIA S D,1.0,2000-01-01,0.5,,0.5,2020-07-01,1.0
CAMBRIA,110208,PATTON BORO,CAMBRIA HEIGHTS S D,1.0,,0.5,,0.5,,1.0
CAMBRIA,111002,PORTAGE BORO,PORTAGE AREA S D,1.0,2012-01-01,1.0,2012-01-01,0.5,2009-07-01,1.5
CAMBRIA,111003,PORTAGE TWP,PORTAGE AREA S D,1.0,2012-01-01,0.5,,0.5,2009-07-01,1.0
CAMBRIA,170401,READE TWP,GLENDALE S D,0.5,,0.5,,0.5,,1.0
CAMBRIA,111102,RICHLAND TWP,RICHLAND S D,1.0,2022-01-01,0.5,2022-01-01,0.5,,1.0
CAMBRIA,110911,SANKERTOWN BORO,PENN CAMBRIA S D,1.0,2012-01-01,0.5,,0.5,,1.0
CAMBRIA,561101,SCALP LEVEL BORO,WINDBER AREA S D,0.0,,0.5,,0.5,2008-07-01,1.0
CAMBRIA,110604,SOUTH FORK BORO,FOREST HILLS S D,1.0,2012-01-01,0.5,,0.5,,1.0
CAMBRIA,111201,SOUTHMONT BORO,WESTMONT HILLTOP S D,1.0,2012-01-01,0.5,,0.5,,1.0
CAMBRIA,110704,STONYCREEK TWP,GREATER JOHNSTOWN S D,0.5,,0.5,,0.5,,1.0
CAMBRIA,110605,SUMMERHILL BORO,FOREST HILLS S D,1.0,2012-01-01,0.5,2012-05-31,0.5,,1.0
CAMBRIA,110606,SUMMERHILL TWP,FOREST HILLS S D,1.0,2012-01-01,0.5,,0.5,,1.0
CAMBRIA,110803,SUSQUEHANNA TWP,NORTHERN CAMBRIA S D,1.0,2012-01-01,0.5,,0.5,2020-07-01,1.0
CAMBRIA,110912,TUNNELHILL BORO,PENN CAMBRIA S D,0.5,,0.5,,0.5,,1.0
CAMBRIA,111202,UPPER YODER TWP,WESTMONT HILLTOP S D,1.0,1966-01-01,0.5,,0.5,,1.0
CAMBRIA,110103,VINTONDALE BORO,BLACKLICK VALLEY S D,1.0,2012-01-01,0.5,,0.5,,1.0
CAMBRIA,110913,WASHINGTON TWP,PENN CAMBRIA S D,0.0,,0.5,2014-01-01,0.5,,1.0
CAMBRIA,110209,WEST CARROLL TWP,CAMBRIA HEIGHTS S D,0.0,,0.5,,0.5,,1.0
CAMBRIA,110705,WEST TAYLOR TWP,GREATER JOHNSTOWN S D,0.0,,0.5,,0.5,,1.0
CAMBRIA,111203,WESTMONT BORO,WESTMONT HILLTOP S D,0.0,,0.5,,0.5,,1.0
CAMBRIA,170402,WHITE TWP,GLENDALE S D,0.0,,0.5,,0.5,,1.0
CAMBRIA,110607,WILMORE BORO,FOREST HILLS S D,0.0,,0.5,,0.5,,1.0
CAMERON,120101,DRIFTWOOD BORO,CAMERON CO S D,1.0,,0.5,,0.5,2023-07-01,1.0
CAMERON,120102,EMPORIUM BORO,CAMERON CO S D,1.0,,0.5,,0.5,2023-07-01,1.0
CAMERON,120103,GIBSON TWP,CAMERON CO S D,0.0,,0.5,,0.5,2023-07-01,1.0
CAMERON,120104,GROVE TWP,CAMERON CO S D,0.0,,0.5,,0.5,2023-07-01,1.0
CAMERON,120105,LUMBER TWP,CAMERON CO S D,0.5,,0.5,,0.5,2023-07-01,1.0
CAMERON,120106,PORTAGE TWP,CAMERON CO S D,0.5,,0.5,,0.5,2023-07-01,1.0
CAMERON,120107,SHIPPEN TWP,CAMERON CO S D,1.0,,0.5,,0.5,2023-07-01,1.0
CARBON,400501,BANKS TWP,HAZLETON AREA S D,1.0,,0.5,,1.0,2016-07-01,1.5
CARBON,400502,BEAVER MEADOWS BORO,HAZLETON AREA S D,1.0,,0.5,,1.0,2016-07-01,1.5
CARBON,130301,BOWMANSTOWN BORO,PALMERTON AREA S D,1.0,2013-01-01,0.5,2013-01-01,0.5,2009-07-01,1.0
CARBON,130201,EAST PENN TWP,LEHIGHTON AREA S D,1.0,,0.5,,0.5,,1.0
CARBON,130501,EAST SIDE BORO,WEATHERLY AREA S D,1.0,,0.5,,0.5,,1.0
CARBON,130202,FRANKLIN TWP,LEHIGHTON AREA S D,1.0,,0.5,,0.5,,1.0
CARBON,130101,JIM THORPE BORO,JIM THORPE AREA S D,1.0,2012-01-01,0.5,2011-01-01,0.5,,1.0
CARBON,130102,KIDDER TWP,JIM THORPE AREA S D,1.0,1967-01-25,0.5,2008-01-01,0.5,,1.0
CARBON,130502,KIDDER TWP,WEATHERLY AREA S D,1.0,1967-01-25,0.5,2008-01-01,0.5,,1.0
CARBON,130401,LANSFORD BORO,PANTHER VALLEY S D,1.0,,0.5,,0.5,,1.0
CARBON,130503,LAUSANNE TWP,WEATHERLY AREA S D,1.0,2022-01-01,0.5,,0.5,,1.0
CARBON,130504,LEHIGH TWP,WEATHERLY AREA S D,1.0,2012-01-01,0.5,,0.5,,1.0
CARBON,130203,LEHIGHTON BORO,LEHIGHTON AREA S D,1.0,,0.5,,0.5,,1.0
CARBON,130302,LOWER TOWAMENSING TWP,PALMERTON AREA S D,1.0,2012-01-01,0.5,2000-01-01,0.5,2009-07-01,1.0
CARBON,130204,MAHONING TWP,LEHIGHTON AREA S D,1.0,,0.5,,0.5,,1.0
CARBON,130402,NESQUEHONING BORO,PANTHER VALLEY S D,1.0,,0.5,,0.5,,1.0
CARBON,130505,PACKER TWP,WEATHERLY AREA S D,1.0,2012-01-01,0.5,,0.5,,1.0
CARBON,130303,PALMERTON BORO,PALMERTON AREA S D,1.0,,0.5,,0.5,2009-07-01,1.0
CARBON,130205,PARRYVILLE BORO,LEHIGHTON AREA S D,1.0,1966-01-01,0.5,,0.5,,1.0
CARBON,130103,PENN FOREST TWP,JIM THORPE AREA S D,1.0,2012-01-01,0.5,,0.5,,1.0
CARBON,130403,SUMMIT HILL BORO,PANTHER VALLEY S D,1.0,,0.5,,0.5,,1.0
CARBON,130304,TOWAMENSING TWP,PALMERTON AREA S D,1.0,2023-01-01,0.5,2023-01-01,0.5,2009-07-01,1.0
CARBON,130506,WEATHERLY BORO,WEATHERLY AREA S D,1.0,,0.5,,0.5,,1.0
CARBON,130206,WEISSPORT BORO,LEHIGHTON AREA S D,1.0,1962-01-01,0.5,,0.5,,1.0
CENTRE,140201,BELLEFONTE BORO,BELLEFONTE AREA S D,1.0,2012-01-01,0.6,2018-01-01,1.05,2016-07-01,1.65
CENTRE,140202,BENNER TWP,BELLEFONTE AREA S D,0.5,,0.5,,1.05,2016-07-01,1.55
CENTRE,140401,BENNER TWP,STATE COLLEGE AREA S D,0.5,,0.5,,0.95,2016-01-01,1.45
CENTRE,140101,BOGGS TWP,BALD EAGLE AREA S D,0.5,,0.5,,2.05,2016-07-02,2.55
CENTRE,140102,BURNSIDE TWP,BALD EAGLE AREA S D,0.5,1979-07-01,0.5,1979-07-01,2.05,2016-07-02,2.55
CENTRE,140301,CENTRE HALL BORO,PENNS VALLEY AREA S D,0.5,2012-01-01,0.5,,1.3,2019-07-01,1.8
CENTRE,140402,COLLEGE TWP,STATE COLLEGE AREA S D,1.0,2012-01-01,0.5,,0.95,2016-01-01,1.45
CENTRE,180101,CURTIN TWP,KEYSTONE CENTRAL S D,0.5,2012-01-01,0.5,,1.0,2016-07-01,1.5
CENTRE,140403,FERGUSON TWP,STATE COLLEGE AREA S D,1.0,2001-01-01,1.4,2001-01-01,0.95,2016-01-01,2.35
CENTRE,140302,GREGG TWP,PENNS VALLEY AREA S D,0.5,,0.5,,1.3,2019-07-01,1.8
CENTRE,140303,HAINES TWP,PENNS VALLEY AREA S D,0.5,1993-12-27,0.5,,1.3,2019-07-01,1.8
CENTRE,140404,HALFMOON TWP,STATE COLLEGE AREA S D,0.5,1964-07-01,0.5,1964-07-01,0.95,2016-01-01,1.45
CENTRE,140405,HARRIS TOWNSHIP,STATE COLLEGE AREA S D,1.0,2012-01-01,0.5,,0.95,2016-01-01,1.45
CENTRE,140103,HOWARD BORO,BALD EAGLE AREA S D,0.5,,0.5,,2.05,2016-07-02,2.55
CENTRE,140104,HOWARD TWP,BALD EAGLE AREA S D,0.5,2012-01-01,0.5,,2.05,2016-07-02,2.55
CENTRE,140105,HUSTON TWP,BALD EAGLE AREA S D,0.5,,0.5,,2.05,2016-07-02,2.55
CENTRE,180102,LIBERTY TWP,KEYSTONE CENTRAL S D,0.0,,0.5,2020-01-01,1.0,2016-07-01,1.5
CENTRE,140203,MARION TWP,BELLEFONTE AREA S D,0.5,,0.5,,1.05,2016-07-01,1.55
CENTRE,140304,MILES TWP,PENNS VALLEY AREA S D,0.5,2012-01-01,0.5,,1.3,2019-07-01,1.8
CENTRE,140106,MILESBURG BORO,BALD EAGLE AREA S D,0.5,2012-01-01,0.5,,2.05,2016-07-02,2.55
CENTRE,140305,MILLHEIM BORO,PENNS VALLEY AREA S D,0.5,2012-01-01,0.5,,1.3,2019-07-01,1.8
CENTRE,140406,PATTON TWP,STATE COLLEGE AREA S D,1.0,2012-01-01,0.5,,0.95,2016-01-01,1.45
CENTRE,140306,PENN TWP,PENNS VALLEY AREA S D,0.5,,0.5,,1.3,2019-07-01,1.8
CENTRE,170701,PHILIPSBURG BORO,PHILIPSBURG-OSCEOLA ASD,1.0,,0.5,,0.5,,1.0
CENTRE,140107,PORT MATILDA BORO,BALD EAGLE AREA S D,0.0,,0.5,2008-01-01,2.05,2016-07-02,2.55
CENTRE,140307,POTTER TWP,PENNS VALLEY AREA S D,0.5,,0.5,,1.3,2019-07-01,1.8
CENTRE,170702,RUSH TWP,PHILIPSBURG-OSCEOLA ASD,0.0,,0.5,,0.5,,1.0
CENTRE,140108,SNOW SHOE BORO,BALD EAGLE AREA S D,1.0,2012-01-01,0.5,,2.05,2016-07-02,2.55
CENTRE,140109,SNOW SHOE TWP,BALD EAGLE AREA S D,1.0,2012-01-01,0.5,,2.05,2016-07-02,2.55
CENTRE,140204,SPRING TWP,BELLEFONTE AREA S D,0.5,,0.5,,1.05,2016-07-01,1.55
CENTRE,140407,STATE COLLEGE BORO,STATE COLLEGE AREA S D,1.0,,1.3,,0.95,2016-01-01,2.25
CENTRE,070604,TAYLOR TWP,TYRONE AREA S D,0.0,,0.5,,0.65,2016-07-01,1.15
CENTRE,140110,UNION TWP,BALD EAGLE AREA S D,1.0,2012-01-01,0.5,,2.05,2016-07-02,2.55
CENTRE,140111,UNIONVILLE BORO,BALD EAGLE AREA S D,1.0,2012-01-01,0.5,,2.05,2016-07-02,2.55
CENTRE,140205,WALKER TWP,BELLEFONTE AREA S D,0.5,,0.5,,1.05,2016-07-01,1.55
CENTRE,140112,WORTH TWP,BALD EAGLE AREA S D,0.0,,0.5,,2.05,2016-07-02,2.55
CHESTER,361301,ATGLEN BORO,OCTORARA AREA S D,0.0,,0.5,,0.5,,1.0
CHESTER,150101,AVONDALE BORO,AVON GROVE S D,1.0,,1.0,,0.0,,1.0
CHESTER,151101,BIRMINGHAM TWP,UNIONVILLE-CHADDS FORD,0.0,,0.0,,0.0,,0.0
CHESTER,150201,CALN TWP,COATESVILLE AREA S D,1.0,,0.5,,0.5,,1.0
CHESTER,150401,CHARLESTOWN TWP,GREAT VALLEY S D,0.5,2004-01-01,1.0,2009-01-01,0.0,,1.0
CHESTER,150202,COATESVILLE CITY,COATESVILLE AREA S D,1.0,,2.0,2006-01-01,0.5,,2.5
CHESTER,150301,DOWNINGTOWN BORO,DOWNINGTOWN AREA S D,1.0,,0.5,,0.5,,1.0
CHESTER,151201,EAST BRADFORD TWP,WEST CHESTER AREA S D,1.0,,0.75,2016-01-01,0.5,,1.25
CHESTER,150302,EAST BRANDYWINE TWP,DOWNINGTOWN AREA S D,1.0,2020-01-01,0.625,2020-01-01,0.5,,1.125
CHESTER,150303,EAST CALN TWP,DOWNINGTOWN AREA S D,1.0,,0.5,,0.5,,1.0
CHESTER,150601,EAST COVENTRY TWP,OWEN J ROBERTS S D,1.0,,0.75,2012-01-01,0.5,,1.25
CHESTER,150203,EAST FALLOWFIELD TWP,COATESVILLE AREA S D,1.0,2011-01-01,0.5,,0.5,,1.0
CHESTER,151202,EAST GOSHEN TWP,WEST CHESTER AREA S D,1.0,,0.5,,0.5,,1.0
CHESTER,150501,EAST MARLBOROUGH TWP,KENNETT CONSOLIDATD S D,0.0,,0.0,,1.0,,1.0
CHESTER,151102,EAST MARLBOROUGH TWP,UNIONVILLE-CHADDS FORD,0.0,,0.0,,0.0,,0.0
CHESTER,150602,EAST NANTMEAL TWP,OWEN J ROBERTS S D,1.0,2011-01-01,0.75,2012-01-01,0.5,,1.25
CHESTER,150701,EAST NOTTINGHAM TWP,OXFORD AREA S D,1.0,2009-01-01,0.75,2017-01-01,0.5,,1.25
CHESTER,150801,EAST PIKELAND TWP,PHOENIXVILLE AREA S D,1.0,,0.75,2011-01-01,0.5,2008-07-01,1.25
CHESTER,150603,EAST VINCENT TWP,OWEN J ROBERTS S D,0.5,,0.8325,2012-01-01,0.5,,1.3325
CHESTER,150402,EAST WHITELAND TWP,GREAT VALLEY S D,0.75,2019-01-01,0.75,2019-01-01,0.0,,0.75
CHESTER,150901,EASTTOWN TWP,TREDYFFRIN-EASTTOWN S D,0.0,,0.0,,0.0,,0.0
CHESTER,150702,ELK TWP,OXFORD AREA S D,1.0,,1.0,2007-12-08,0.5,,1.5
CHESTER,151004,ELVERSON BORO,TWIN VALLEY S D,1.0,1971-01-01,0.5,,0.5,,1.0
CHESTER,150102,FRANKLIN TWP,AVON GROVE S D,0.5,,0.5,,0.0,,0.5
CHESTER,361302,HIGHLAND TWP,OCTORARA AREA S D,0.5,2012-01-01,1.0,2009-01-01,0.5,,1.5
CHESTER,151005,HONEY BROOK BORO,TWIN VALLEY S D,0.5,2011-01-01,0.5,1972-01-01,0.5,,1.0
CHESTER,151006,HONEY BROOK TWP,TWIN VALLEY S D,0.5,2011-01-01,1.0,2016-01-01,0.5,,1.5
CHESTER,150502,KENNETT SQUARE BORO,KENNETT CONSOLIDATD S D,1.0,,0.5,,0.5,,1.0
CHESTER,150503,KENNETT TWP,KENNETT CONSOLIDATD S D,1.0,1998-01-01,0.75,2016-01-01,0.5,,1.25
CHESTER,150103,LONDON BRITAIN TWP,AVON GROVE S D,0.0,,0.0,,0.0,,0.0
CHESTER,150104,LONDON GROVE TWP,AVON GROVE S D,0.75,2023-01-01,1.0,2023-01-02,0.0,,1.0
CHESTER,361303,LONDONDERRY TWP,OCTORARA AREA S D,0.0,,0.75,2016-01-01,0.5,,1.25
CHESTER,150703,LOWER OXFORD TWP,OXFORD AREA S D,1.0,2011-01-01,1.0,2017-01-01,0.5,,1.5
CHESTER,150403,MALVERN BORO,GREAT VALLEY S D,1.0,,1.0,,0.0,,1.0
CHESTER,150204,MODENA BORO,COATESVILLE AREA S D,0.0,,0.5,,0.5,,1.0
CHESTER,150504,NEW GARDEN TWP,KENNETT CONSOLIDATD S D,1.0,,0.625,2016-01-01,0.5,,1.125
CHESTER,150105,NEW LONDON TWP,AVON GROVE S D,0.5,,0.5,,0.0,,0.5
CHESTER,151103,NEWLIN TWP,UNIONVILLE-CHADDS FORD,0.0,,0.5,,0.0,,0.5
CHESTER,150604,NORTH COVENTRY TWP,OWEN J ROBERTS S D,1.0,2002-08-01,0.75,2016-01-01,0.5,,1.25
CHESTER,150704,OXFORD BORO,OXFORD AREA S D,1.0,,0.5,,0.5,,1.0
CHESTER,361304,PARKESBURG BORO,OCTORARA AREA S D,0.0,,0.5,,0.5,,1.0
CHESTER,150106,PENN TWP,AVON GROVE S D,0.5,,0.5,,0.0,,0.5
CHESTER,151104,PENNSBURY TWP,UNIONVILLE-CHADDS FORD,1.0,2011-01-01,0.312,2006-01-01,0.0,,0.312
CHESTER,150802,PHOENIXVILLE BORO,PHOENIXVILLE AREA S D,1.0,,0.5,,0.5,2008-07-01,1.0
CHESTER,151105,POCOPSON TWP,UNIONVILLE-CHADDS FORD,0.5,2015-01-01,0.5,2015-01-01,0.0,,0.5
CHESTER,150205,SADSBURY TWP,COATESVILLE AREA S D,1.0,,0.5,,0.5,,1.0
CHESTER,150803,SCHUYLKILL TWP,PHOENIXVILLE AREA S D,1.0,,0.75,2016-01-01,0.5,2008-07-01,1.25
CHESTER,150206,SOUTH COATESVILLE BORO,COATESVILLE AREA S D,1.0,,0.5,,0.5,,1.0
CHESTER,150605,SOUTH COVENTRY TWP,OWEN J ROBERTS S D,0.5,,0.5,,0.5,,1.0
CHESTER,461701,SPRING CITY BORO,SPRING-FORD AREA S D,1.0,,0.5,,0.5,,1.0
CHESTER,151203,THORNBURY TWP,WEST CHESTER AREA S D,0.5,,0.5,,0.5,,1.0
CHESTER,150902,TREDYFFRIN TWP,TREDYFFRIN-EASTTOWN S D,0.0,,0.0,,0.0,,0.0
CHESTER,150705,UPPER OXFORD TWP,OXFORD AREA S D,1.0,2017-01-01,1.0,2017-01-01,0.5,,1.5
CHESTER,150304,UPPER UWCHLAN TWP,DOWNINGTOWN AREA S D,1.0,2001-01-01,0.5,,0.5,,1.0
CHESTER,150305,UWCHLAN TWP,DOWNINGTOWN AREA S D,1.0,,0.5,,0.5,,1.0
CHESTER,150207,VALLEY TWP,COATESVILLE AREA S D,1.0,2011-01-01,0.5,,0.5,,1.0
CHESTER,150306,WALLACE TWP,DOWNINGTOWN AREA S D,1.0,,0.5,,0.5,,1.0
CHESTER,150606,WARWICK TWP,OWEN J ROBERTS S D,0.5,2011-01-01,0.75,2012-01-01,0.5,,1.25
CHESTER,150307,WEST BRADFORD TWP,DOWNINGTOWN AREA S D,1.0,,0.75,2018-01-01,0.5,,1.25
CHESTER,150208,WEST BRANDYWINE TWP,COATESVILLE AREA S D,1.0,,0.625,2016-01-01,0.5,,1.125
CHESTER,150209,WEST CALN TWP,COATESVILLE AREA S D,1.0,,0.5,,0.5,,1.0
CHESTER,151204,WEST CHESTER BORO,WEST CHESTER AREA S D,1.0,,0.75,2019-01-01,0.5,,1.25
CHESTER,361305,WEST FALLOWFIELD TWP,OCTORARA AREA S D,0.0,,0.5,,0.5,,1.0
CHESTER,151205,WEST GOSHEN TWP,WEST CHESTER AREA S D,1.0,,0.5,,0.5,,1.0
CHESTER,150107,WEST GROVE BORO,AVON GROVE S D,1.0,,1.0,,0.0,,1.0
CHESTER,151106,WEST MARLBOROUGH TWP,UNIONVILLE-CHADDS FORD,0.75,2020-02-01,0.75,2020-02-01,0.0,,0.75
CHESTER,151007,WEST NANTMEAL TWP,TWIN VALLEY S D,1.0,2011-01-01,0.5,,0.5,,1.0
CHESTER,150706,WEST NOTTINGHAM TWP,OXFORD AREA S D,1.0,1974-01-01,0.5,,0.5,,1.0
CHESTER,150308,WEST PIKELAND TWP,DOWNINGTOWN AREA S D,1.0,,0.75,2012-01-01,0.5,,1.25
CHESTER,361306,WEST SADSBURY TWP,OCTORARA AREA S D,0.5,2012-01-01,0.5,2016-01-01,0.5,,1.0
CHESTER,150607,WEST VINCENT TWP,OWEN J ROBERTS S D,0.5,2011-01-01,0.75,2008-01-01,0.5,,1.25
CHESTER,151206,WEST WHITELAND TWP,WEST CHESTER AREA S D,1.0,,0.5,,0.5,,1.0
CHESTER,151207,WESTTOWN TWP,WEST CHESTER AREA S D,1.0,,0.62,2024-01-01,0.5,,1.12
CHESTER,150404,WILLISTOWN TWP,GREAT VALLEY S D,0.875,,1.0,2005-01-01,0.0,,1.0
CLARION,160401,ASHLAND TWP,KEYSTONE S D,0.0,,0.5,,0.5,,1.0
CLARION,160402,BEAVER TWP,KEYSTONE S D,0.5,,0.5,,0.5,,1.0
CLARION,100312,BRADY TWP,KARNS CITY AREA S D,0.0,,0.5,1994-07-01,0.5,,1.0
CLARION,160403,CALLENSBURG BORO,KEYSTONE S D,0.0,,0.5,,0.5,,1.0
CLARION,160201,CLARION BORO,CLARION AREA S D,1.0,2012-01-01,0.5,,0.5,,1.0
CLARION,160301,CLARION TWP,CLARION-LIMESTONE A S D,0.0,,0.5,,0.5,,1.0
CLARION,100313,EAST BRADY BORO,KARNS CITY AREA S D,1.0,,0.5,,0.5,,1.0
CLARION,160404,ELK TWP,KEYSTONE S D,1.0,2012-01-01,0.5,,0.5,,1.0
CLARION,160501,FARMINGTON TWP,NORTH CLARION CO S D,0.0,,0.5,1994-10-01,0.5,,1.0
CLARION,160104,FOXBURG BORO,ALLEG.-CLARION VALLEY SD,1.0,,0.5,,0.5,,1.0
CLARION,160605,HAWTHORN BORO,REDBANK VALLEY S D,0.0,,0.5,,0.5,,1.0
CLARION,160202,HIGHLAND TWP,CLARION AREA S D,0.0,,0.5,,0.5,,1.0
CLARION,160405,KNOX BORO,KEYSTONE S D,0.5,,0.5,,0.5,,1.0
CLARION,160502,KNOX TWP,NORTH CLARION CO S D,0.0,,0.5,,0.5,,1.0
CLARION,160406,LICKING TWP,KEYSTONE S D,1.0,2012-07-01,0.5,,0.5,,1.0
CLARION,160302,LIMESTONE TWP,CLARION-LIMESTONE A S D,1.0,2012-07-01,0.5,,0.5,,1.0
CLARION,160701,MADISON TWP,UNION S D,1.0,2013-01-01,0.5,2013-01-01,0.5,,1.0
CLARION,160303,MILLCREEK TWP,CLARION-LIMESTONE A S D,0.0,,0.5,,0.5,,1.0
CLARION,160203,MONROE TWP,CLARION AREA S D,1.0,2012-01-01,0.5,,0.5,,1.0
CLARION,160606,MONROE TWP,REDBANK VALLEY S D,1.0,2012-01-01,0.5,,0.5,,1.0
CLARION,160607,NEW BETHLEHEM BORO,REDBANK VALLEY S D,1.0,2012-01-01,0.5,,0.5,,1.0
CLARION,160204,PAINT TWP,CLARION AREA S D,0.0,,0.5,,0.5,,1.0
CLARION,160105,PERRY TWP,ALLEG.-CLARION VALLEY SD,0.0,,0.5,,0.5,,1.0
CLARION,160702,PINEY TWP,UNION S D,0.0,,0.5,,0.5,,1.0
CLARION,160608,PORTER TWP,REDBANK VALLEY S D,0.0,,0.5,,0.5,,1.0
CLARION,160609,REDBANK TWP,REDBANK VALLEY S D,0.0,,0.5,,0.5,,1.0
CLARION,160106,RICHLAND TWP,ALLEG.-CLARION VALLEY SD,0.5,,0.5,,0.5,,1.0
CLARION,160703,RIMERSBURG BORO,UNION S D,0.0,,0.5,,0.5,,1.0
CLARION,160407,SALEM TWP,KEYSTONE S D,1.0,,0.5,,0.5,,1.0
CLARION,160408,SHIPPENVILLE BORO,KEYSTONE S D,0.0,,0.5,,0.5,,1.0
CLARION,160704,SLIGO BORO,UNION S D,1.0,1972-07-01,0.5,1972-07-01,0.5,,1.0
CLARION,160107,ST PETERSBURG BORO,ALLEG.-CLARION VALLEY SD,0.5,,0.5,,0.5,,1.0
CLARION,160304,STRATTANVILLE BORO,CLARION-LIMESTONE A S D,0.0,,0.5,,0.5,,1.0
CLARION,160705,TOBY TWP,UNION S D,0.0,,0.5,,0.5,,1.0
CLARION,160503,WASHINGTON TWP,NORTH CLARION CO S D,0.0,,0.5,,0.5,,1.0
CLEARFIELD,170403,BECCARIA TWP,GLENDALE S D,1.0,,0.5,,0.5,,1.0
CLEARFIELD,320601,BELL TWP,PURCHASE LINE S D,0.5,1974-08-01,0.5,,0.7,2016-07-01,1.2
CLEARFIELD,170601,BIGLER TWP,MOSHANNON VALLEY S D,1.0,1990-01-02,0.5,1990-01-02,0.5,,1.0
CLEARFIELD,170301,BLOOM TWP,DUBOIS AREA S D,1.0,2012-03-07,0.5,,0.5,,1.0
CLEARFIELD,170703,BOGGS TWP,PHILIPSBURG-OSCEOLA ASD,0.5,,0.5,,0.5,,1.0
CLEARFIELD,170101,BRADFORD TWP,CLEARFIELD AREA S D,1.0,2008-01-01,0.5,1964-01-01,0.5,,1.0
CLEARFIELD,170302,BRADY TWP,DUBOIS AREA S D,1.0,,0.5,,0.5,,1.0
CLEARFIELD,170602,BRISBIN BORO,MOSHANNON VALLEY S D,0.5,2013-01-01,0.5,2013-01-01,0.5,,1.0
CLEARFIELD,320602,BURNSIDE BORO,PURCHASE LINE S D,1.0,,0.5,,0.7,2016-07-01,1.2
CLEARFIELD,170501,BURNSIDE TWP,HARMONY AREA S D,0.5,,0.5,,0.5,2015-07-01,1.0
CLEARFIELD,170502,CHEST TWP,HARMONY AREA S D,0.0,,0.5,,0.5,2015-07-01,1.0
CLEARFIELD,170704,CHESTER HILL BORO,PHILIPSBURG-OSCEOLA ASD,0.0,,0.5,,0.5,,1.0
CLEARFIELD,170102,CLEARFIELD BORO,CLEARFIELD AREA S D,0.5,,0.5,,0.5,,1.0
CLEARFIELD,170404,COALPORT BORO,GLENDALE S D,0.5,,0.5,,0.5,,1.0
CLEARFIELD,170801,COOPER TWP,WEST BRANCH AREA S D,0.5,,0.5,,0.5,,1.0
CLEARFIELD,170103,COVINGTON TWP,CLEARFIELD AREA S D,0.5,2011-11-01,0.5,,0.5,,1.0
CLEARFIELD,170201,CURWENSVILLE BORO,CURWENSVILLE AREA S D,1.0,,0.5,,0.5,,1.0
CLEARFIELD,170705,DECATUR TWP,PHILIPSBURG-OSCEOLA ASD,1.0,2012-01-01,0.5,2012-01-01,0.5,,1.0
CLEARFIELD,170303,DUBOIS CITY,DUBOIS AREA S D,1.0,2004-01-01,0.5,2004-01-01,0.5,,1.0
CLEARFIELD,170308,FALLS CREEK BORO,DUBOIS AREA S D,0.5,,0.5,,0.5,,1.0
CLEARFIELD,170202,FERGUSON TWP,CURWENSVILLE AREA S D,1.0,,0.5,,0.5,,1.0
CLEARFIELD,170104,GIRARD TWP,CLEARFIELD AREA S D,1.0,,0.5,,0.5,,1.0
CLEARFIELD,170603,GLEN HOPE BORO,MOSHANNON VALLEY S D,0.5,2012-01-01,0.5,1968-04-05,0.5,,1.0
CLEARFIELD,170105,GOSHEN TWP,CLEARFIELD AREA S D,0.5,,0.5,,0.5,,1.0
CLEARFIELD,170802,GRAHAM TWP,WEST BRANCH AREA S D,0.0,,0.5,,0.5,,1.0
CLEARFIELD,170203,GRAMPIAN BORO,CURWENSVILLE AREA S D,1.0,,0.5,,0.5,,1.0
CLEARFIELD,170204,GREENWOOD TWP,CURWENSVILLE AREA S D,0.5,,0.5,,0.5,,1.0
CLEARFIELD,170604,GULICH TWP,MOSHANNON VALLEY S D,0.5,2012-01-01,0.5,,0.5,,1.0
CLEARFIELD,170605,HOUTZDALE BORO,MOSHANNON VALLEY S D,0.5,2012-01-01,0.5,,0.5,,1.0
CLEARFIELD,170304,HUSTON TWP,DUBOIS AREA S D,0.0,,0.5,,0.5,,1.0
CLEARFIELD,170405,IRVONA BORO,GLENDALE S D,0.0,,0.5,,0.5,,1.0
CLEARFIELD,170606,JORDAN TWP,MOSHANNON VALLEY S D,0.0,,0.5,,0.5,,1.0
CLEARFIELD,170803,KARTHAUS TWP,WEST BRANCH AREA S D,0.5,,0.5,,0.5,,1.0
CLEARFIELD,170106,KNOX TWP,CLEARFIELD AREA S D,0.5,,0.5,,0.5,,1.0
CLEARFIELD,170107,LAWRENCE TWP,CLEARFIELD AREA S D,1.0,2012-01-01,0.5,,0.5,,1.0
CLEARFIELD,320603,MAHAFFEY BORO,PURCHASE LINE S D,1.0,,0.5,,0.7,2016-07-01,1.2
CLEARFIELD,170804,MORRIS TWP,WEST BRANCH AREA S D,1.0,,0.5,1968-05-06,0.5,,1.0
CLEARFIELD,320604,NEW WASHINGTON BORO,PURCHASE LINE S D,0.0,,0.5,,0.7,2016-07-01,1.2
CLEARFIELD,320605,NEWBURG BORO,PURCHASE LINE S D,0.0,,0.5,,0.7,2016-07-01,1.2
CLEARFIELD,170706,OSCEOLA MILLS BOROUGH,PHILIPSBURG-OSCEOLA ASD,0.5,2012-01-01,0.5,,0.5,,1.0
CLEARFIELD,170206,PENN TWP,CURWENSVILLE AREA S D,0.5,2012-01-01,0.5,,0.5,,1.0
CLEARFIELD,170207,PIKE TWP,CURWENSVILLE AREA S D,0.5,,0.5,,0.5,,1.0
CLEARFIELD,170108,PINE TWP,CLEARFIELD AREA S D,0.5,2002-01-01,0.5,2002-01-01,0.5,,1.0
CLEARFIELD,170607,RAMEY BORO,MOSHANNON VALLEY S D,0.0,,0.5,,0.5,,1.0
CLEARFIELD,170305,SANDY TWP,DUBOIS AREA S D,1.0,,0.5,,0.5,,1.0
CLEARFIELD,170306,TROUTVILLE BORO,DUBOIS AREA S D,1.0,2012-01-01,0.5,,0.5,,1.0
CLEARFIELD,170307,UNION TWP,DUBOIS AREA S D,0.5,2019-01-07,0.5,2019-01-07,0.5,,1.0
CLEARFIELD,170707,WALLACETON BORO,PHILIPSBURG-OSCEOLA ASD,0.5,,0.5,,0.5,,1.0
CLEARFIELD,170503,WESTOVER BORO,HARMONY AREA S D,1.0,,0.5,,0.5,2015-07-01,1.0
CLEARFIELD,170608,WOODWARD TWP,MOSHANNON VALLEY S D,0.5,2012-01-01,0.5,2012-01-01,0.5,,1.0
CLINTON,180103,ALLISON TWP,KEYSTONE CENTRAL S D,0.5,2012-01-01,0.5,,1.0,2016-07-01,1.5
CLINTON,410201,AVIS BORO,JERSEY SHORE AREA S D,0.5,2012-01-01,0.5,1958-04-01,1.1,2016-07-01,1.6
CLINTON,180104,BALD EAGLE TWP,KEYSTONE CENTRAL S D,0.5,2012-01-01,0.5,,1.0,2016-07-01,1.5
CLINTON,180105,BEECH CREEK BORO,KEYSTONE CENTRAL S D,0.5,2012-01-01,0.5,,1.0,2016-07-01,1.5
CLINTON,180106,BEECH CREEK TWP,KEYSTONE CENTRAL S D,0.5,2012-01-01,0.5,,1.0,2016-07-01,1.5
CLINTON,180107,CASTANEA TWP,KEYSTONE CENTRAL S D,0.5,2012-01-01,0.5,,1.0,2016-07-01,1.5
CLINTON,180108,CHAPMAN TWP,KEYSTONE CENTRAL S D,0.5,2012-01-01,0.5,,1.0,2016-07-01,1.5
CLINTON,180109,COLEBROOK TWP,KEYSTONE CENTRAL S D,0.5,2012-01-01,0.5,,1.0,2016-07-01,1.5
CLINTON,410202,CRAWFORD TWP,JERSEY SHORE AREA S D,0.0,,0.5,2016-07-01,1.1,2016-07-01,1.6
CLINTON,180110,DUNNSTABLE TWP,KEYSTONE CENTRAL S D,0.5,2012-01-01,0.5,,1.0,2016-07-01,1.5
CLINTON,180111,EAST KEATING TWP,KEYSTONE CENTRAL S D,0.0,,0.0,,1.0,2016-07-01,1.0
CLINTON,180112,FLEMINGTON BORO,KEYSTONE CENTRAL S D,1.0,2012-01-01,0.5,,1.0,2016-07-01,1.5
CLINTON,180113,GALLAGHER TWP,KEYSTONE CENTRAL S D,0.5,2011-12-08,0.5,,1.0,2016-07-01,1.5
CLINTON,180114,GREENE TWP,KEYSTONE CENTRAL S D,0.0,,0.5,,1.0,2016-07-01,1.5
CLINTON,180115,GRUGAN TWP,KEYSTONE CENTRAL S D,0.5,2012-01-01,0.5,,1.0,2016-07-01,1.5
CLINTON,180116,LAMAR TWP,KEYSTONE CENTRAL S D,0.5,2012-01-01,0.5,,1.0,2016-07-01,1.5
CLINTON,180117,LEIDY TWP,KEYSTONE CENTRAL S D,1.0,2012-01-01,0.5,,1.0,2016-07-01,1.5
CLINTON,180118,LOCK HAVEN CITY,KEYSTONE CENTRAL S D,0.5,2012-01-01,0.5,,1.0,2016-07-01,1.5
CLINTON,180119,LOGAN TWP,KEYSTONE CENTRAL S D,0.5,2012-01-01,0.5,,1.0,2016-07-01,1.5
CLINTON,180120,LOGANTON BORO,KEYSTONE CENTRAL S D,0.5,2012-01-01,0.5,,1.0,2016-07-01,1.5
CLINTON,180121,MILL HALL BORO,KEYSTONE CENTRAL S D,0.5,2012-01-01,0.5,,1.0,2016-07-01,1.5
CLINTON,180122,NOYES TWP,KEYSTONE CENTRAL S D,0.5,2012-01-01,0.5,,1.0,2016-07-01,1.5
CLINTON,180123,PINE CREEK TWP,KEYSTONE CENTRAL S D,0.5,2012-01-01,0.5,2008-01-01,1.0,2016-07-01,1.5
CLINTON,410203,PINE CREEK TWP,JERSEY SHORE AREA S D,0.5,2012-01-01,0.5,2008-01-01,1.1,2016-07-01,1.6
CLINTON,180124,PORTER TWP,KEYSTONE CENTRAL S D,0.5,2012-01-01,0.5,,1.0,2016-07-01,1.5
CLINTON,180125,RENOVO BORO,KEYSTONE CENTRAL S D,1.0,,0.5,,1.0,2016-07-01,1.5
CLINTON,180126,SOUTH RENOVO BORO,KEYSTONE CENTRAL S D,1.0,2012-01-01,0.5,,1.0,2016-07-01,1.5
CLINTON,180127,WAYNE TWP,KEYSTONE CENTRAL S D,0.5,2012-01-01,0.5,,1.0,2016-07-01,1.5
CLINTON,170805,WEST KEATING TWP,WEST BRANCH AREA S D,1.0,2012-01-01,0.5,,0.5,,1.0
CLINTON,180128,WOODWARD TWP,KEYSTONE CENTRAL S D,0.0,,0.5,,1.0,2016-07-01,1.5
COLUMBIA,190301,BEAVER TWP,BLOOMSBURG AREA S D,1.0,,0.5,1962-02-15,1.06,2020-07-01,1.56
COLUMBIA,190101,BENTON BORO,BENTON AREA S D,1.0,1965-02-01,0.5,,1.1,2021-07-01,1.6
COLUMBIA,190102,BENTON TWP,BENTON AREA S D,1.0,1965-04-15,0.5,,1.1,2021-07-01,1.6
COLUMBIA,190201,BERWICK BORO,BERWICK AREA S D,1.0,,0.5,,0.5,,1.0
COLUMBIA,190302,BLOOMSBURG TOWN,BLOOMSBURG AREA S D,1.0,,0.5,,1.06,2020-07-01,1.56
COLUMBIA,190202,BRIAR CREEK BORO,BERWICK AREA S D,1.0,,0.5,,0.5,,1.0
COLUMBIA,190203,BRIAR CREEK TWP,BERWICK AREA S D,1.0,,0.5,,0.5,,1.0
COLUMBIA,190601,CATAWISSA BORO,SOUTHERN COLUMBIA A S D,1.0,1968-01-01,0.5,,1.5,2022-07-01,2.0
COLUMBIA,190303,CATAWISSA TWP,BLOOMSBURG AREA S D,1.0,1967-01-01,0.5,,1.06,2020-07-01,1.56
COLUMBIA,190602,CATAWISSA TWP,SOUTHERN COLUMBIA A S D,1.0,1967-01-01,0.5,,1.5,2022-07-01,2.0
COLUMBIA,490301,CENTRALIA BORO,MOUNT CARMEL AREA S D,0.5,,0.5,,0.5,,1.0
COLUMBIA,190603,CLEVELAND TWP,SOUTHERN COLUMBIA A S D,1.0,,0.5,,1.5,2022-07-01,2.0
COLUMBIA,540401,CONYNGHAM TWP,NORTH SCHUYLKILL S D,0.0,,0.5,,0.5,,1.0
COLUMBIA,190103,FISHING CREEK TWP,BENTON AREA S D,1.0,,0.5,,1.1,2021-07-01,1.6
COLUMBIA,190604,FRANKLIN TWP,SOUTHERN COLUMBIA A S D,1.0,,0.5,,1.5,2022-07-01,2.0
COLUMBIA,190501,GREENWOOD TWP,MILLVILLE AREA S D,1.0,1978-01-01,0.5,,1.2,2016-07-01,1.7
COLUMBIA,190304,HEMLOCK TWP,BLOOMSBURG AREA S D,0.5,,0.5,,1.06,2020-07-01,1.56
COLUMBIA,190104,JACKSON TWP,BENTON AREA S D,1.0,1965-05-01,0.5,,1.1,2021-07-01,1.6
COLUMBIA,190605,LOCUST TWP,SOUTHERN COLUMBIA A S D,1.0,2011-01-01,0.5,2011-01-01,1.5,2022-07-01,2.0
COLUMBIA,190502,MADISON TWP,MILLVILLE AREA S D,0.5,,0.5,,1.2,2016-07-01,1.7
COLUMBIA,190305,MAIN TWP,BLOOMSBURG AREA S D,1.0,,0.5,,1.06,2020-07-01,1.56
COLUMBIA,190401,MIFFLIN TWP,CENTRAL COLUMBIA S D,1.0,,0.5,,1.05,2016-07-04,1.55
COLUMBIA,190503,MILLVILLE BORO,MILLVILLE AREA S D,1.0,1978-08-01,0.5,1978-08-01,1.2,2016-07-01,1.7
COLUMBIA,190306,MONTOUR TWP,BLOOMSBURG AREA S D,1.0,,0.5,2021-07-12,1.06,2020-07-01,1.56
COLUMBIA,190402,MT PLEASANT TWP,CENTRAL COLUMBIA S D,1.0,,0.5,,1.05,2016-07-04,1.55
COLUMBIA,190403,NORTH CENTRE TWP,CENTRAL COLUMBIA S D,1.0,1965-01-01,0.5,1965-01-01,1.05,2016-07-04,1.55
COLUMBIA,190404,ORANGE TWP,CENTRAL COLUMBIA S D,1.0,,0.5,,1.05,2016-07-04,1.55
COLUMBIA,190405,ORANGEVILLE BORO,CENTRAL COLUMBIA S D,1.0,1968-01-01,0.5,1968-01-01,1.05,2016-07-04,1.55
COLUMBIA,190504,PINE TWP,MILLVILLE AREA S D,0.5,,0.5,,1.2,2016-07-01,1.7
COLUMBIA,190606,ROARING CREEK TWP,SOUTHERN COLUMBIA A S D,0.5,,0.5,,1.5,2022-07-01,2.0
COLUMBIA,190406,SCOTT TWP,CENTRAL COLUMBIA S D,1.0,,0.5,,1.05,2016-07-04,1.55
COLUMBIA,190407,SOUTH CENTRE TWP,CENTRAL COLUMBIA S D,1.0,1965-01-01,0.5,1965-01-01,1.05,2016-07-04,1.55
COLUMBIA,190105,STILLWATER BORO,BENTON AREA S D,0.0,,0.5,,1.1,2021-07-01,1.6
COLUMBIA,190106,SUGARLOAF TWP,BENTON AREA S D,0.0,,0.5,,1.1,2021-07-01,1.6
CRAWFORD,200401,ATHENS TWP,PENNCREST S D,1.0,2012-01-01,0.5,,0.5,,1.0
CRAWFORD,200101,BEAVER TWP,CONNEAUT S D,1.0,1966-08-13,0.5,,0.5,2008-07-01,1.0
CRAWFORD,251201,BLOOMFIELD TWP,UNION CITY AREA S D,1.0,,0.5,,0.5,2022-07-01,1.0
CRAWFORD,200402,BLOOMING VALLEY BORO,PENNCREST S D,1.0,,0.5,,0.5,,1.0
CRAWFORD,200403,CAMBRIDGE SPRINGS BORO,PENNCREST S D,1.0,2012-01-01,1.4,1999-01-01,0.5,,1.9
CRAWFORD,200404,CAMBRIDGE TWP,PENNCREST S D,1.0,,0.5,,0.5,,1.0
CRAWFORD,200501,CENTERVILLE BORO,TITUSVILLE AREA S D,0.0,,0.5,,0.5,2009-07-01,1.0
CRAWFORD,200201,COCHRANTON BORO,CRAWFORD CENTRAL S D,1.0,2009-01-01,0.5,2009-01-01,0.5,,1.0
CRAWFORD,200102,CONNEAUT LAKE BORO,CONNEAUT S D,1.0,,0.5,,0.5,2008-07-01,1.0
CRAWFORD,200103,CONNEAUT TWP,CONNEAUT S D,1.0,,0.5,,0.5,2008-07-01,1.0
CRAWFORD,200104,CONNEAUTVILLE BORO,CONNEAUT S D,1.0,,0.5,,0.5,2008-07-01,1.0
CRAWFORD,200405,CUSSEWAGO TWP,PENNCREST S D,1.0,,0.5,,0.5,,1.0
CRAWFORD,200202,EAST FAIRFIELD TWP,CRAWFORD CENTRAL S D,1.0,,0.5,,0.5,,1.0
CRAWFORD,200105,EAST FALLOWFIELD TWP,CONNEAUT S D,1.0,,0.5,,0.5,2008-07-01,1.0
CRAWFORD,200406,EAST MEAD TWP,PENNCREST S D,1.0,,0.5,,0.5,,1.0
CRAWFORD,200203,FAIRFIELD TWP,CRAWFORD CENTRAL S D,1.0,,0.5,,0.5,,1.0
CRAWFORD,200106,GREENWOOD TWP,CONNEAUT S D,1.0,,0.5,,0.5,2008-07-01,1.0
CRAWFORD,200407,HAYFIELD TWP,PENNCREST S D,1.0,,0.5,,0.5,,1.0
CRAWFORD,200502,HYDETOWN BORO,TITUSVILLE AREA S D,1.0,,0.5,,0.5,2009-07-01,1.0
CRAWFORD,200107,LINESVILLE BORO,CONNEAUT S D,1.0,2012-01-01,0.5,,0.5,2008-07-01,1.0
CRAWFORD,200204,MEADVILLE CITY,CRAWFORD CENTRAL S D,1.0,,0.5,,0.5,,1.0
CRAWFORD,200108,NORTH SHENANGO TWP,CONNEAUT S D,1.0,,0.5,,0.5,2008-07-01,1.0
CRAWFORD,200503,OIL CREEK TWP,TITUSVILLE AREA S D,1.0,,0.5,,0.5,2009-07-01,1.0
CRAWFORD,200109,PINE TWP,CONNEAUT S D,1.0,2012-01-01,0.5,,0.5,2008-07-01,1.0
CRAWFORD,200408,RANDOLPH TWP,PENNCREST S D,1.0,,0.5,,0.5,,1.0
CRAWFORD,200409,RICHMOND TWP,PENNCREST S D,1.0,,0.5,,0.5,,1.0
CRAWFORD,200410,ROCKDALE TWP,PENNCREST S D,1.0,,0.5,,0.5,,1.0
CRAWFORD,200504,ROME TWP,TITUSVILLE AREA S D,1.0,2012-01-01,0.5,,0.5,2009-07-01,1.0
CRAWFORD,200110,SADSBURY TWP,CONNEAUT S D,1.0,,0.5,,0.5,2008-07-01,1.0
CRAWFORD,200411,SAEGERTOWN BORO,PENNCREST S D,1.0,,0.5,,0.5,,1.0
CRAWFORD,200301,SOUTH SHENANGO TWP,JAMESTOWN AREA S D,1.0,2012-01-01,0.5,,0.5,,1.0
CRAWFORD,250101,SPARTA TWP,CORRY AREA S D,0.5,,0.5,,0.5,,1.0
CRAWFORD,250102,SPARTANSBURG BORO,CORRY AREA S D,0.0,,0.5,,0.5,,1.0
CRAWFORD,200111,SPRING TWP,CONNEAUT S D,1.0,2012-01-01,0.5,,0.5,2008-07-01,1.0
CRAWFORD,200112,SPRINGBORO BORO,CONNEAUT S D,1.0,,0.5,,0.5,2008-07-01,1.0
CRAWFORD,200412,STEUBEN TWP,PENNCREST S D,1.0,2012-01-01,0.5,,0.5,,1.0
CRAWFORD,200113,SUMMERHILL TWP,CONNEAUT S D,1.0,,0.5,,0.5,2008-07-01,1.0
CRAWFORD,200114,SUMMIT TWP,CONNEAUT S D,1.0,1974-01-01,0.5,,0.5,2008-07-01,1.0
CRAWFORD,200505,TITUSVILLE CITY,TITUSVILLE AREA S D,1.0,2012-01-01,0.5,,0.5,2009-07-01,1.0
CRAWFORD,200413,TOWNVILLE BORO,PENNCREST S D,0.0,,0.5,,0.5,,1.0
CRAWFORD,200414,TROY TWP,PENNCREST S D,1.0,,0.5,,0.5,,1.0
CRAWFORD,200205,UNION TWP,CRAWFORD CENTRAL S D,1.0,,0.5,,0.5,,1.0
CRAWFORD,200415,VENANGO BORO,PENNCREST S D,1.0,,0.5,,0.5,,1.0
CRAWFORD,200416,VENANGO TWP,PENNCREST S D,1.0,,0.5,,0.5,,1.0
CRAWFORD,200206,VERNON TWP,CRAWFORD CENTRAL S D,1.0,2012-01-01,0.5,,0.5,,1.0
CRAWFORD,200207,WAYNE TWP,CRAWFORD CENTRAL S D,0.0,,0.5,,0.5,,1.0
CRAWFORD,200115,WEST FALLOWFIELD TWP,CONNEAUT S D,1.0,,0.5,,0.5,2008-07-01,1.0
CRAWFORD,200208,WEST MEAD TWP,CRAWFORD CENTRAL S D,1.0,2012-01-01,0.5,,0.5,,1.0
CRAWFORD,200302,WEST SHENANGO TWP,JAMESTOWN AREA S D,1.0,2012-01-01,0.5,,0.5,,1.0
CRAWFORD,200417,WOODCOCK BORO,PENNCREST S D,1.0,,0.5,,0.5,,1.0
CRAWFORD,200418,WOODCOCK TWP,PENNCREST S D,1.0,,0.5,,0.5,,1.0
CUMBERLAND,210201,CAMP HILL BORO,CAMP HILL S D,1.0,,0.5,,1.5,2016-07-01,2.0
CUMBERLAND,210301,CARLISLE BORO,CARLISLE AREA S D,1.0,,0.5,,1.1,2016-07-01,1.6
CUMBERLAND,210101,COOKE TWP,BIG SPRING S D,1.0,,0.5,,1.15,2016-07-01,1.65
CUMBERLAND,210302,DICKINSON TWP,CARLISLE AREA S D,1.0,,0.5,,1.1,2016-07-01,1.6
CUMBERLAND,210501,EAST PENNSBORO TWP,EAST PENNSBORO AREA S D,1.0,,0.5,,1.1,2016-07-01,1.6
CUMBERLAND,210401,HAMPDEN TWP,CUMBERLAND VALLEY S D,1.0,,0.5,,1.1,2016-01-01,1.6
CUMBERLAND,210701,HOPEWELL TWP,SHIPPENSBURG AREA S D,0.0,,0.5,,0.9,2016-07-01,1.4
CUMBERLAND,210901,LEMOYNE BORO,WEST SHORE S D,1.0,,0.5,,0.95,2016-07-01,1.45
CUMBERLAND,210604,LOWER ALLEN TWP,MECHANICSBURG AREA S D,1.0,,0.6,2013-01-01,1.2,2016-07-01,1.8
CUMBERLAND,210902,LOWER ALLEN TWP,WEST SHORE S D,1.0,,0.6,2013-01-01,0.95,2016-07-01,1.55
CUMBERLAND,210102,LOWER FRANKFORD TWP,BIG SPRING S D,1.0,,0.5,,1.15,2016-07-01,1.65
CUMBERLAND,210103,LOWER MIFFLIN TWP,BIG SPRING S D,1.0,,0.5,,1.15,2016-07-01,1.65
CUMBERLAND,210601,MECHANICSBURG BORO,MECHANICSBURG AREA S D,1.0,,0.5,,1.2,2016-07-01,1.7
CUMBERLAND,210402,MIDDLESEX TWP,CUMBERLAND VALLEY S D,1.0,,0.5,,1.1,2016-01-01,1.6
CUMBERLAND,210403,MONROE TWP,CUMBERLAND VALLEY S D,0.5,2011-01-01,0.5,,1.1,2016-01-01,1.6
CUMBERLAND,210303,MT HOLLY SPRINGS BORO,CARLISLE AREA S D,1.0,,0.5,,1.1,2016-07-01,1.6
CUMBERLAND,210903,NEW CUMBERLAND BORO,WEST SHORE S D,1.0,,0.5,,0.95,2016-07-01,1.45
CUMBERLAND,210702,NEWBURG BORO,SHIPPENSBURG AREA S D,0.5,,0.5,,0.9,2016-07-01,1.4
CUMBERLAND,210104,NEWVILLE BORO,BIG SPRING S D,1.0,2012-01-01,0.5,,1.15,2016-07-01,1.65
CUMBERLAND,210304,NORTH MIDDLETON TWP,CARLISLE AREA S D,1.0,,0.5,,1.1,2016-07-01,1.6
CUMBERLAND,210105,NORTH NEWTON TWP,BIG SPRING S D,0.0,,0.5,,1.15,2016-07-01,1.65
CUMBERLAND,210106,PENN TWP,BIG SPRING S D,0.5,2009-01-01,0.5,,1.15,2016-07-01,1.65
CUMBERLAND,210703,SHIPPENSBURG BORO,SHIPPENSBURG AREA S D,1.0,,0.5,,0.9,2016-07-01,1.4
CUMBERLAND,210704,SHIPPENSBURG TWP,SHIPPENSBURG AREA S D,1.0,,0.5,,0.9,2016-07-01,1.4
CUMBERLAND,210602,SHIREMANSTOWN BORO,MECHANICSBURG AREA S D,1.0,1966-01-01,0.5,,1.2,2016-07-01,1.7
CUMBERLAND,210404,SILVER SPRING TWP,CUMBERLAND VALLEY S D,1.0,1966-03-01,0.6,2016-01-01,1.1,2016-01-01,1.7
CUMBERLAND,210801,SOUTH MIDDLETON TWP,SOUTH MIDDLETON S D,0.5,2012-01-01,0.5,,1.1,2016-01-01,1.6
CUMBERLAND,210107,SOUTH NEWTON TWP,BIG SPRING S D,1.0,,0.5,,1.15,2016-07-01,1.65
CUMBERLAND,210705,SOUTHAMPTON TWP,SHIPPENSBURG AREA S D,0.0,,0.5,2019-01-01,0.9,2016-07-01,1.4
CUMBERLAND,210603,UPPER ALLEN TWP,MECHANICSBURG AREA S D,1.0,,0.5,,1.2,2016-07-01,1.7
CUMBERLAND,210108,UPPER FRANKFORD TWP,BIG SPRING S D,0.0,,0.5,,1.15,2016-07-01,1.65
CUMBERLAND,210109,UPPER MIFFLIN TWP,BIG SPRING S D,1.0,,0.5,,1.15,2016-07-01,1.65
CUMBERLAND,210110,WEST PENNSBORO TWP,BIG SPRING S D,1.0,,0.5,,1.15,2016-07-01,1.65
CUMBERLAND,210904,WORMLEYSBURG BORO,WEST SHORE S D,1.0,2011-01-01,0.5,2011-01-01,0.95,2016-07-01,1.45
DAUPHIN,221001,BERRYSBURG BORO,UPPER DAUPHIN AREA S D,0.5,,0.5,,0.5,,1.0
DAUPHIN,220501,CONEWAGO TWP,LOWER DAUPHIN S D,1.0,2012-01-01,0.5,,0.5,,1.0
DAUPHIN,220101,DAUPHIN BORO,CENTRAL DAUPHIN S D,1.0,,0.5,,1.5,2014-07-01,2.0
DAUPHIN,220201,DERRY TWP,DERRY TWP S D,1.0,,0.5,,0.5,,1.0
DAUPHIN,220502,EAST HANOVER TWP,LOWER DAUPHIN S D,1.0,,0.5,1966-03-01,0.5,,1.0
DAUPHIN,221002,ELIZABETHVILLE BORO,UPPER DAUPHIN AREA S D,0.5,,0.5,,0.5,,1.0
DAUPHIN,221003,GRATZ BORO,UPPER DAUPHIN AREA S D,1.0,,0.5,,0.5,,1.0
DAUPHIN,220301,HALIFAX BORO,HALIFAX AREA S D,0.0,,0.5,,0.5,2006-07-01,1.0
DAUPHIN,220302,HALIFAX TWP,HALIFAX AREA S D,0.0,,0.5,,0.5,2006-07-01,1.0
DAUPHIN,220401,HARRISBURG CITY,HARRISBURG CITY S D,1.0,1967-01-01,1.5,2013-01-01,0.5,,2.0
DAUPHIN,220801,HIGHSPIRE BORO,STEELTON-HIGHSPIRE S D,1.0,,0.5,,0.5,,1.0
DAUPHIN,220503,HUMMELSTOWN BORO,LOWER DAUPHIN S D,1.0,,0.5,,0.5,,1.0
DAUPHIN,220303,JACKSON TWP,HALIFAX AREA S D,0.0,,0.5,,0.5,2006-07-01,1.0
DAUPHIN,221004,JEFFERSON TWP,UPPER DAUPHIN AREA S D,0.0,,0.5,,0.5,,1.0
DAUPHIN,220504,LONDONDERRY TWP,LOWER DAUPHIN S D,1.0,,0.5,,0.5,,1.0
DAUPHIN,220102,LOWER PAXTON TWP,CENTRAL DAUPHIN S D,1.0,,0.5,,1.5,2014-07-01,2.0
DAUPHIN,220601,LOWER SWATARA TWP,MIDDLETOWN AREA S D,1.0,2008-01-01,0.5,2008-01-01,1.25,2016-07-01,1.75
DAUPHIN,221005,LYKENS BORO,UPPER DAUPHIN AREA S D,0.0,,0.5,,0.5,,1.0
DAUPHIN,221006,LYKENS TWP,UPPER DAUPHIN AREA S D,0.0,,0.5,,0.5,,1.0
DAUPHIN,220103,MIDDLE PAXTON TWP,CENTRAL DAUPHIN S D,1.0,,0.5,,1.5,2014-07-01,2.0
DAUPHIN,220602,MIDDLETOWN BORO,MIDDLETOWN AREA S D,0.5,,0.5,,1.25,2016-07-01,1.75
DAUPHIN,221007,MIFFLIN TWP,UPPER DAUPHIN AREA S D,0.0,,0.5,2002-01-01,0.5,,1.0
DAUPHIN,220701,MILLERSBURG BORO,MILLERSBURG AREA S D,0.0,,0.5,,0.5,2008-07-01,1.0
DAUPHIN,220104,PAXTANG BORO,CENTRAL DAUPHIN S D,1.0,,0.5,,1.5,2014-07-01,2.0
DAUPHIN,220105,PENBROOK BORO,CENTRAL DAUPHIN S D,1.0,,0.5,,1.5,2014-07-01,2.0
DAUPHIN,221008,PILLOW BORO,UPPER DAUPHIN AREA S D,0.0,,0.5,,0.5,,1.0
DAUPHIN,500301,REED TWP,SUSQUENITA S D,1.0,,0.5,,1.3,2016-07-01,1.8
DAUPHIN,220603,ROYALTON BORO,MIDDLETOWN AREA S D,1.0,,0.5,,1.25,2016-07-01,1.75
DAUPHIN,221101,RUSH TWP,WILLIAMS VALLEY S D,0.0,,0.5,,0.5,,1.0
DAUPHIN,220505,SOUTH HANOVER TWP,LOWER DAUPHIN S D,1.0,,0.5,,0.5,,1.0
DAUPHIN,220802,STEELTON BORO,STEELTON-HIGHSPIRE S D,1.0,,0.5,,0.5,,1.0
DAUPHIN,220901,SUSQUEHANNA TWP,SUSQUEHANNA TWP S D,1.0,,0.5,,0.5,,1.0
DAUPHIN,220106,SWATARA TWP,CENTRAL DAUPHIN S D,1.0,,0.5,,1.5,2014-07-01,2.0
DAUPHIN,220702,UPPER PAXTON TWP,MILLERSBURG AREA S D,1.0,,0.5,,0.5,2008-07-01,1.0
DAUPHIN,221009,WASHINGTON TWP,UPPER DAUPHIN AREA S D,1.0,,0.5,,0.5,,1.0
DAUPHIN,220304,WAYNE TWP,HALIFAX AREA S D,0.0,,0.5,,0.5,2006-07-01,1.0
DAUPHIN,220107,WEST HANOVER TWP,CENTRAL DAUPHIN S D,1.0,,0.5,,1.5,2014-07-01,2.0
DAUPHIN,221102,WICONISCO TWP,WILLIAMS VALLEY S D,1.0,,0.5,,0.5,,1.0
DAUPHIN,221103,WILLIAMS TWP,WILLIAMS VALLEY S D,0.0,,0.5,,0.5,,1.0
DAUPHIN,221104,WILLIAMSTOWN BORO,WILLIAMS VALLEY S D,1.0,1966-03-01,0.5,1966-03-01,0.5,,1.0
DELAWARE,231501,ALDAN BORO,WILLIAM PENN S D,0.0,,0.0,,0.0,,0.0
DELAWARE,230701,ASTON TWP,PENN-DELCO S D,1.0,1991-01-01,0.5,1991-01-01,0.5,,1.0
DELAWARE,230301,BETHEL TWP,GARNET VALLEY S D,0.0,,0.0,,0.0,,0.0
DELAWARE,230702,BROOKHAVEN BORO,PENN-DELCO S D,1.0,1991-01-01,0.5,1991-01-01,0.5,,1.0
DELAWARE,151107,CHADDS FORD TWP,UNIONVILLE-CHADDS FORD,0.0,,0.0,,0.0,,0.0
DELAWARE,230101,CHESTER CITY,CHESTER-UPLAND S D,2.0,2023-01-01,3.75,2023-01-01,0.0,,3.75
DELAWARE,230302,CHESTER HEIGHTS BORO,GARNET VALLEY S D,0.0,,0.0,,0.0,,0.0
DELAWARE,230102,CHESTER TWP,CHESTER-UPLAND S D,1.0,2012-01-01,1.0,2012-01-01,0.0,,1.0
DELAWARE,231301,CLIFTON HEIGHTS BORO,UPPER DARBY S D,0.0,,0.0,,0.0,,0.0
DELAWARE,231101,COLLINGDALE BORO,SOUTHEAST DELCO S D,0.0,,0.0,,0.0,,0.0
DELAWARE,231502,COLWYN BORO,WILLIAM PENN S D,1.0,2022-01-01,1.0,2022-01-01,0.0,,1.0
DELAWARE,230303,CONCORD TWP,GARNET VALLEY S D,0.0,,0.0,,0.0,,0.0
DELAWARE,231503,DARBY BORO,WILLIAM PENN S D,1.0,,1.0,,0.0,,1.0
DELAWARE,231102,DARBY TWP,SOUTHEAST DELCO S D,0.0,,0.0,,0.0,,0.0
DELAWARE,231504,EAST LANSDOWNE BORO,WILLIAM PENN S D,1.0,2011-01-01,1.0,2011-01-01,0.0,,1.0
DELAWARE,230901,EDDYSTONE BORO,RIDLEY S D,1.0,,1.0,,0.0,,1.0
DELAWARE,231001,EDGMONT TWP,ROSE TREE MEDIA S D,0.0,,0.0,,0.0,,0.0
DELAWARE,231103,FOLCROFT BORO,SOUTHEAST DELCO S D,1.0,2015-01-01,1.0,2015-01-01,0.0,,1.0
DELAWARE,230501,GLENOLDEN BORO,INTERBORO S D,0.0,,0.0,,0.0,,0.0
DELAWARE,230401,HAVERFORD TWP,HAVERFORD TWP S D,0.0,,0.0,,0.0,,0.0
DELAWARE,231505,LANSDOWNE BORO,WILLIAM PENN S D,0.5,2020-01-01,0.5,2020-01-01,0.0,,0.5
DELAWARE,230201,LOWER CHICHESTER TWP,CHICHESTER S D,1.0,,1.0,,0.0,,1.0
DELAWARE,230202,MARCUS HOOK BORO,CHICHESTER S D,1.0,1982-03-01,1.0,1982-03-01,0.0,,1.0
DELAWARE,230601,MARPLE TWP,MARPLE NEWTOWN S D,0.0,,0.0,,0.0,,0.0
DELAWARE,231002,MEDIA BORO,ROSE TREE MEDIA S D,1.0,,1.0,,0.0,,1.0
DELAWARE,231003,MIDDLETOWN TWP,ROSE TREE MEDIA S D,0.0,,0.0,,0.0,,0.0
DELAWARE,231302,MILLBOURNE BORO,UPPER DARBY S D,0.0,,0.0,,0.0,,0.0
DELAWARE,231201,MORTON BORO,SPRINGFIELD S D,0.0,,0.0,,0.0,,0.0
DELAWARE,231401,NETHER PROVIDENCE TWP,WALLINGFRD-SWARTHMR S D,0.0,,0.0,,0.0,,0.0
DELAWARE,230602,NEWTOWN TWP,MARPLE NEWTOWN S D,0.0,,0.0,,0.0,,0.0
DELAWARE,230502,NORWOOD BORO,INTERBORO S D,0.0,,0.0,,0.0,,0.0
DELAWARE,230703,PARKSIDE BORO,PENN-DELCO S D,0.0,,0.5,1989-01-01,0.5,,1.0
DELAWARE,230503,PROSPECT PARK BORO,INTERBORO S D,1.0,2021-01-01,1.0,2021-01-01,0.0,,1.0
DELAWARE,230801,RADNOR TWP,RADNOR TOWNSHIP S D,0.0,,0.0,,0.0,,0.0
DELAWARE,230902,RIDLEY PARK BORO,RIDLEY S D,0.0,,0.0,,0.0,,0.0
DELAWARE,230903,RIDLEY TWP,RIDLEY S D,0.0,,0.0,,0.0,,0.0
DELAWARE,231402,ROSE VALLEY BORO,WALLINGFRD-SWARTHMR S D,0.0,,0.0,,0.0,,0.0
DELAWARE,231403,RUTLEDGE BORO,WALLINGFRD-SWARTHMR S D,0.0,,0.0,,0.0,,0.0
DELAWARE,231104,SHARON HILL BORO,SOUTHEAST DELCO S D,1.0,2011-01-01,1.0,2011-01-01,0.0,,1.0
DELAWARE,231202,SPRINGFIELD TWP,SPRINGFIELD S D,0.0,,0.0,,0.0,,0.0
DELAWARE,231404,SWARTHMORE BORO,WALLINGFRD-SWARTHMR S D,0.0,,0.0,,0.0,,0.0
DELAWARE,151208,THORNBURY TWP,WEST CHESTER AREA S D,1.0,,0.5,,0.5,,1.0
DELAWARE,230504,TINICUM TWP,INTERBORO S D,1.0,,1.0,,0.0,,1.0
DELAWARE,230203,TRAINER BORO,CHICHESTER S D,1.0,,1.0,,0.0,,1.0
DELAWARE,230103,UPLAND BORO,CHESTER-UPLAND S D,1.0,2008-04-25,1.0,2008-04-25,0.0,,1.0
DELAWARE,230204,UPPER CHICHESTER TWP,CHICHESTER S D,1.0,2010-01-01,1.0,2010-01-01,0.0,,1.0
DELAWARE,231303,UPPER DARBY TWP,UPPER DARBY S D,0.0,,0.0,,0.0,,0.0
DELAWARE,231004,UPPER PROVIDENCE TWP,ROSE TREE MEDIA S D,0.0,,0.0,,0.0,,0.0
DELAWARE,231506,YEADON BORO,WILLIAM PENN S D,1.0,2010-01-01,1.0,2010-01-01,0.0,,1.0
ELK,240301,BENEZETTE TWP,ST MARYS AREA S D,1.0,2012-01-01,0.5,,0.5,,1.0
ELK,240302,FOX TWP,ST MARYS AREA S D,1.0,2012-01-01,0.5,,0.5,,1.0
ELK,420201,HIGHLAND TWP,KANE AREA S D,1.0,,0.5,,0.7,2016-07-01,1.2
ELK,240201,HORTON TWP,RIDGWAY AREA S D,1.0,2012-01-01,0.5,,0.73,2022-07-01,1.23
ELK,330101,HORTON TWP,BROCKWAY AREA S D,1.0,2012-01-01,0.5,,0.5,2006-07-01,1.0
ELK,240303,JAY TWP,ST MARYS AREA S D,1.0,2012-01-01,0.5,,0.5,,1.0
ELK,240101,JOHNSONBURG BORO,JOHNSONBURG AREA S D,1.0,,0.5,,0.5,,1.0
ELK,240102,JONES TWP,JOHNSONBURG AREA S D,1.0,2012-01-01,0.5,1966-04-15,0.5,,1.0
ELK,420202,JONES TWP,KANE AREA S D,1.0,2012-01-01,0.5,1966-04-15,0.7,2016-07-01,1.2
ELK,270101,MILLSTONE TWP,FOREST AREA S D,1.0,2014-01-01,0.5,2014-01-01,0.5,2014-01-01,1.0
ELK,240202,RIDGWAY BORO,RIDGWAY AREA S D,1.0,,0.67,2022-01-01,0.73,2022-07-01,1.4
ELK,240103,RIDGWAY TWP,JOHNSONBURG AREA S D,1.0,2012-01-01,0.5,,0.5,,1.0
ELK,240203,RIDGWAY TWP,RIDGWAY AREA S D,1.0,2012-01-01,0.5,,0.73,2022-07-01,1.23
ELK,240204,SPRING CREEK TWP,RIDGWAY AREA S D,1.0,2012-01-01,0.5,,0.73,2022-07-01,1.23
ELK,240304,ST MARYS CITY,ST MARYS AREA S D,1.0,,1.0,2022-01-01,0.5,,1.5
ERIE,251101,ALBION BORO,NORTHWESTERN S D,1.0,,0.5,,0.5,,1.0
ERIE,251301,AMITY TWP,WATTSBURG AREA S D,1.0,,0.5,,0.5,1969-07-01,1.0
ERIE,250103,CONCORD TWP,CORRY AREA S D,1.0,1967-07-01,0.5,,0.5,,1.0
ERIE,251102,CONNEAUT TWP,NORTHWESTERN S D,1.0,1965-01-01,0.5,,0.5,,1.0
ERIE,250104,CORRY CITY,CORRY AREA S D,1.0,,0.5,,0.5,,1.0
ERIE,251103,CRANESVILLE BORO,NORTHWESTERN S D,1.0,,0.5,,0.5,,1.0
ERIE,250501,EDINBORO BORO,GENERAL MCLANE S D,1.0,2008-01-01,1.0,2008-01-01,0.5,,1.5
ERIE,250105,ELGIN BORO,CORRY AREA S D,1.0,,0.5,,0.5,,1.0
ERIE,251104,ELK CREEK TWP,NORTHWESTERN S D,1.0,1968-07-01,0.4,1968-07-01,0.6,,1.0
ERIE,250201,ERIE CITY,ERIE CITY S D,1.65,2020-01-01,1.15,2020-01-01,0.5,,1.65
ERIE,250301,FAIRVIEW TWP,FAIRVIEW S D,1.0,2008-04-01,0.5,2010-01-01,0.5,2010-01-01,1.0
ERIE,250502,FRANKLIN TWP,GENERAL MCLANE S D,1.0,,0.5,,0.5,,1.0
ERIE,250601,GIRARD BORO,GIRARD S D,1.0,,0.5,,0.5,,1.0
ERIE,250602,GIRARD TWP,GIRARD S D,1.0,,0.5,,0.5,,1.0
ERIE,251302,GREENE TWP,WATTSBURG AREA S D,1.0,,0.5,,0.5,1969-07-01,1.0
ERIE,251303,GREENFIELD TWP,WATTSBURG AREA S D,1.0,1983-12-05,0.5,,0.5,1969-07-01,1.0
ERIE,250701,HARBORCREEK TWP,HARBOR CREEK S D,1.0,,0.5,,0.5,,1.0
ERIE,250603,LAKE CITY BORO,GIRARD S D,1.0,2007-01-01,0.5,,0.5,,1.0
ERIE,250801,LAWRENCE PARK TWP,IROQUOIS S D,1.0,1966-01-01,0.5,1966-01-01,0.5,,1.0
ERIE,250401,LE BOEUF TWP,FORT LEBOEUF S D,0.0,,0.5,,0.5,2017-07-01,1.0
ERIE,250504,MCKEAN BORO,GENERAL MCLANE S D,1.0,,0.5,,0.5,,1.0
ERIE,250503,MCKEAN TWP,GENERAL MCLANE S D,1.0,,0.5,,0.5,,1.0
ERIE,250402,MILL VILLAGE BORO,FORT LEBOEUF S D,0.5,,0.5,,0.5,2017-07-01,1.0
ERIE,250901,MILLCREEK TWP,MILLCREEK TOWNSHIP S D,1.0,,0.5,,0.5,,1.0
ERIE,251001,NORTH EAST BORO,NORTH EAST S D,1.0,,0.5,,0.5,,1.0
ERIE,251002,NORTH EAST TWP,NORTH EAST S D,1.0,1967-07-01,0.5,1967-07-01,0.5,,1.0
ERIE,251105,PLATEA BORO,NORTHWESTERN S D,1.0,,0.5,,0.5,,1.0
ERIE,251106,SPRINGFIELD TWP,NORTHWESTERN S D,1.0,,0.5,,0.5,,1.0
ERIE,250403,SUMMIT TWP,FORT LEBOEUF S D,1.0,,0.5,,0.5,2017-07-01,1.0
ERIE,251202,UNION CITY BORO,UNION CITY AREA S D,1.0,,0.5,,0.5,2022-07-01,1.0
ERIE,251203,UNION TWP,UNION CITY AREA S D,0.0,,0.5,,0.5,2022-07-01,1.0
ERIE,251304,VENANGO TWP,WATTSBURG AREA S D,1.0,,0.5,,0.5,1969-07-01,1.0
ERIE,250505,WASHINGTON TWP,GENERAL MCLANE S D,1.0,,0.5,,0.5,,1.0
ERIE,250404,WATERFORD BORO,FORT LEBOEUF S D,1.0,,0.5,,0.5,2017-07-01,1.0
ERIE,250405,WATERFORD TWP,FORT LEBOEUF S D,1.0,,0.5,,0.5,2017-07-01,1.0
ERIE,251305,WATTSBURG BORO,WATTSBURG AREA S D,0.5,,0.5,,0.5,1969-07-01,1.0
ERIE,250106,WAYNE TWP,CORRY AREA S D,1.0,,0.5,,0.5,,1.0
ERIE,250802,WESLEYVILLE BORO,IROQUOIS S D,1.0,,0.5,,0.5,,1.0
FAYETTE,650101,BELLE VERNON BORO,BELLE VERNON AREA S D,1.0,,0.5,,0.5,,1.0
FAYETTE,260201,BROWNSVILLE BORO,BROWNSVILLE AREA S D,1.0,2011-12-13,0.5,,0.5,,1.0
FAYETTE,260202,BROWNSVILLE TWP,BROWNSVILLE AREA S D,1.0,2012-01-01,0.5,,0.5,,1.0
FAYETTE,260301,BULLSKIN TWP,CONNELLSVILLE AREA S D,1.0,2012-01-01,0.5,,0.5,,1.0
FAYETTE,260302,CONNELLSVILLE CITY,CONNELLSVILLE AREA S D,1.0,1967-01-01,0.5,2016-01-01,0.5,,1.0
FAYETTE,260303,CONNELLSVILLE TWP,CONNELLSVILLE AREA S D,1.0,,0.5,,0.5,,1.0
FAYETTE,260304,DAWSON BORO,CONNELLSVILLE AREA S D,1.0,2012-01-01,0.5,,0.5,,1.0
FAYETTE,260305,DUNBAR BORO,CONNELLSVILLE AREA S D,0.0,,0.5,,0.5,,1.0
FAYETTE,260306,DUNBAR TWP,CONNELLSVILLE AREA S D,1.0,1966-04-01,0.5,,0.5,,1.0
FAYETTE,651601,EVERSON BORO,SOUTHMORELAND S D,0.0,,0.5,,0.5,,1.0
FAYETTE,260101,FAIRCHANCE BORO,ALBERT GALLATIN A S D,1.0,2020-01-09,0.5,2020-01-09,0.5,,1.0
FAYETTE,650102,FAYETTE CITY BORO,BELLE VERNON AREA S D,0.0,,0.5,,0.5,,1.0
FAYETTE,260601,FRANKLIN TWP,UNIONTOWN AREA S D,1.0,2011-09-01,0.5,,0.5,,1.0
FAYETTE,260102,GEORGES TWP,ALBERT GALLATIN A S D,1.0,2011-07-01,0.5,,0.5,,1.0
FAYETTE,260103,GERMAN TWP,ALBERT GALLATIN A S D,1.0,1968-01-01,0.5,1968-01-01,0.5,,1.0
FAYETTE,260602,GERMAN TWP,UNIONTOWN AREA S D,1.0,1968-01-01,0.5,1968-01-01,0.5,,1.0
FAYETTE,260603,HENRY CLAY TWP,UNIONTOWN AREA S D,1.0,,0.5,,0.5,,1.0
FAYETTE,260401,JEFFERSON TWP,FRAZIER S D,1.0,1967-01-01,0.5,,0.5,,1.0
FAYETTE,260402,LOWER TYRONE TWP,FRAZIER S D,1.0,,0.5,,0.5,,1.0
FAYETTE,260203,LUZERNE TWP,BROWNSVILLE AREA S D,1.0,2011-08-09,0.5,,0.5,,1.0
FAYETTE,260604,MARKLEYSBURG BORO,UNIONTOWN AREA S D,0.0,,0.5,,0.5,,1.0
FAYETTE,260104,MASONTOWN BORO,ALBERT GALLATIN A S D,1.0,,0.5,,0.5,,1.0
FAYETTE,260501,MENALLEN TWP,LAUREL HIGHLANDS S D,1.0,2011-01-01,0.5,,0.5,,1.0
FAYETTE,260605,MENALLEN TWP,UNIONTOWN AREA S D,1.0,2011-01-01,0.5,,0.5,,1.0
FAYETTE,260403,NEWELL BORO,FRAZIER S D,1.0,,0.5,,0.5,,1.0
FAYETTE,260105,NICHOLSON TWP,ALBERT GALLATIN A S D,1.0,,0.5,,0.5,,1.0
FAYETTE,260502,NORTH UNION TWP,LAUREL HIGHLANDS S D,1.0,2009-01-01,0.5,,0.5,,1.0
FAYETTE,260606,OHIOPYLE BORO,UNIONTOWN AREA S D,1.0,1969-01-01,0.5,1969-01-01,0.5,,1.0
FAYETTE,260404,PERRY TWP,FRAZIER S D,1.0,,0.5,,0.5,,1.0
FAYETTE,260405,PERRYOPOLIS BORO,FRAZIER S D,1.0,,0.5,,0.5,,1.0
FAYETTE,260106,POINT MARION BORO,ALBERT GALLATIN A S D,0.0,,0.5,,0.5,,1.0
FAYETTE,260204,REDSTONE TWP,BROWNSVILLE AREA S D,1.0,1973-01-01,0.5,,0.5,,1.0
FAYETTE,260307,SALTLICK TWP,CONNELLSVILLE AREA S D,0.0,,0.5,,0.5,,1.0
FAYETTE,260107,SMITHFIELD BORO,ALBERT GALLATIN A S D,1.0,1969-07-01,0.5,,0.5,,1.0
FAYETTE,260308,SOUTH CONNELLSVILLE BORO,CONNELLSVILLE AREA S D,1.0,,0.5,,0.5,,1.0
FAYETTE,260503,SOUTH UNION TWP,LAUREL HIGHLANDS S D,1.0,1968-01-01,0.5,,0.5,,1.0
FAYETTE,260309,SPRINGFIELD TWP,CONNELLSVILLE AREA S D,1.0,2012-06-01,0.5,,0.5,,1.0
FAYETTE,260108,SPRINGHILL TWP,ALBERT GALLATIN A S D,1.0,,0.5,,0.5,,1.0
FAYETTE,260607,STEWART TWP,UNIONTOWN AREA S D,1.0,,0.5,,0.5,,1.0
FAYETTE,260608,UNIONTOWN CITY,UNIONTOWN AREA S D,1.0,,0.5,,0.5,,1.0
FAYETTE,651602,UPPER TYRONE TWP,SOUTHMORELAND S D,1.0,2012-01-01,0.5,,0.5,,1.0
FAYETTE,260310,VANDERBILT BORO,CONNELLSVILLE AREA S D,1.0,2012-01-01,0.5,,0.5,,1.0
FAYETTE,650103,WASHINGTON TWP,BELLE VERNON AREA S D,1.0,,0.5,,0.5,,1.0
FAYETTE,260609,WHARTON TWP,UNIONTOWN AREA S D,1.0,2011-07-01,0.5,,0.5,,1.0
FOREST,270102,BARNETT TWP,FOREST AREA S D,1.0,2013-01-01,0.5,,0.5,2014-01-01,1.0
FOREST,270103,GREEN TWP,FOREST AREA S D,1.0,2016-03-08,0.5,,0.5,2014-01-01,1.0
FOREST,270104,HARMONY TWP,FOREST AREA S D,0.0,,0.5,,0.5,2014-01-01,1.0
FOREST,270105,HICKORY TWP,FOREST AREA S D,1.0,2013-01-01,0.5,,0.5,2014-01-01,1.0
FOREST,270106,HOWE TWP,FOREST AREA S D,0.0,,0.0,,1.0,2014-01-01,1.0
FOREST,270107,JENKS TWP,FOREST AREA S D,0.5,1977-07-01,0.5,1977-07-01,0.5,2014-01-01,1.0
FOREST,270108,KINGSLEY TWP,FOREST AREA S D,0.0,,0.5,,0.5,2014-01-01,1.0
FOREST,270109,TIONESTA BORO,FOREST AREA S D,1.0,2012-01-01,0.5,,0.5,2014-01-01,1.0
FOREST,270110,TIONESTA TWP,FOREST AREA S D,0.0,,0.5,,0.5,2014-01-01,1.0
FRANKLIN,280301,ANTRIM TWP,GREENCASTLE-ANTRIM S D,0.5,1978-07-01,0.5,,0.5,,1.0
FRANKLIN,280101,CHAMBERSBURG BORO,CHAMBERSBURG AREA S D,1.0,1972-01-01,0.5,1972-01-01,1.2,2016-01-01,1.7
FRANKLIN,280201,FANNETT TWP,FANNETT-METAL S D,1.0,,0.5,,0.5,,1.0
FRANKLIN,280302,GREENCASTLE BORO,GREENCASTLE-ANTRIM S D,0.5,,0.5,,0.5,,1.0
FRANKLIN,280102,GREENE TWP,CHAMBERSBURG AREA S D,1.0,,0.5,,1.2,2016-01-01,1.7
FRANKLIN,280103,GUILFORD TWP,CHAMBERSBURG AREA S D,1.0,,0.5,,1.2,2016-01-01,1.7
FRANKLIN,280501,GUILFORD TWP,WAYNESBORO AREA S D,1.0,,0.5,,0.5,,1.0
FRANKLIN,280104,HAMILTON TWP,CHAMBERSBURG AREA S D,1.0,,0.5,,1.2,2016-01-01,1.7
FRANKLIN,280105,LETTERKENNY TWP,CHAMBERSBURG AREA S D,1.0,,0.5,,1.2,2016-01-01,1.7
FRANKLIN,280106,LURGAN TWP,CHAMBERSBURG AREA S D,1.0,,0.5,,1.2,2016-01-01,1.7
FRANKLIN,280401,MERCERSBURG BORO,TUSCARORA S D,0.5,,0.5,,0.5,,1.0
FRANKLIN,280202,METAL TOWNSHIP,FANNETT-METAL S D,0.0,,0.5,,0.5,,1.0
FRANKLIN,280502,MONT ALTO BORO,WAYNESBORO AREA S D,1.0,2007-01-01,0.5,,0.5,,1.0
FRANKLIN,280402,MONTGOMERY TWP,TUSCARORA S D,0.0,,0.5,,0.5,,1.0
FRANKLIN,210706,ORRSTOWN BORO,SHIPPENSBURG AREA S D,0.5,,0.5,,0.9,2016-07-01,1.4
FRANKLIN,280403,PETERS TWP,TUSCARORA S D,0.5,,0.5,,0.5,,1.0
FRANKLIN,280503,QUINCY TWP,WAYNESBORO AREA S D,1.0,2007-05-12,0.5,,0.5,,1.0
FRANKLIN,210703,SHIPPENSBURG BORO,SHIPPENSBURG AREA S D,1.0,,0.5,,0.9,2016-07-01,1.4
FRANKLIN,210707,SOUTHAMPTON TWP,SHIPPENSBURG AREA S D,1.0,,0.5,,0.9,2016-07-01,1.4
FRANKLIN,280404,ST THOMAS TWP,TUSCARORA S D,0.0,,0.5,,0.5,,1.0
FRANKLIN,280405,WARREN TWP,TUSCARORA S D,0.0,,0.5,,0.5,,1.0
FRANKLIN,280504,WASHINGTON TWP,WAYNESBORO AREA S D,1.0,2007-05-02,0.5,1966-01-01,0.5,,1.0
FRANKLIN,280505,WAYNESBORO BORO,WAYNESBORO AREA S D,0.5,1964-07-01,0.5,1964-07-01,0.5,,1.0
FULTON,290101,AYR TWP,CENTRAL FULTON S D,0.0,,0.5,,0.5,,1.0
FULTON,290301,BELFAST TWP,SOUTHERN FULTON S D,0.0,,0.5,,0.5,2021-07-01,1.0
FULTON,290302,BETHEL TWP,SOUTHERN FULTON S D,0.0,,0.5,,0.5,2021-07-01,1.0
FULTON,290303,BRUSH CREEK TWP,SOUTHERN FULTON S D,0.5,,0.5,,0.5,2021-07-01,1.0
FULTON,290201,DUBLIN TWP,FORBES ROAD S D,0.0,,0.5,,0.5,,1.0
FULTON,290102,LICKING CREEK TWP,CENTRAL FULTON S D,1.0,1977-01-01,0.5,,0.5,,1.0
FULTON,290103,MCCONNELLSBURG BORO,CENTRAL FULTON S D,0.0,,0.5,,0.5,,1.0
FULTON,290202,TAYLOR TWP,FORBES ROAD S D,0.0,,0.5,,0.5,,1.0
FULTON,290304,THOMPSON TWP,SOUTHERN FULTON S D,0.0,,0.5,,0.5,2021-07-01,1.0
FULTON,290104,TODD TWP,CENTRAL FULTON S D,0.0,,0.5,,0.5,,1.0
FULTON,290305,UNION TWP,SOUTHERN FULTON S D,0.0,,0.5,,0.5,2021-07-01,1.0
FULTON,290306,VALLEY-HI  BORO,SOUTHERN FULTON S D,0.5,,0.5,,0.5,2021-07-01,1.0
FULTON,290203,WELLS TWP,FORBES ROAD S D,0.0,,0.5,,0.5,,1.0
GREENE,300501,ALEPPO TWP,WEST GREENE S D,1.0,,0.5,,0.5,,1.0
GREENE,300101,CARMICHAELS  BORO,CARMICHAELS AREA S D,1.0,,0.5,,0.5,2006-07-01,1.0
GREENE,300502,CENTER TWP,WEST GREENE S D,1.0,,0.5,,0.5,,1.0
GREENE,300301,CLARKSVILLE BORO,JEFFERSON-MORGAN S D,1.0,,0.5,,0.5,2006-07-01,1.0
GREENE,300102,CUMBERLAND TWP,CARMICHAELS AREA S D,1.0,2012-01-01,0.5,,0.5,2006-07-01,1.0
GREENE,300401,DUNKARD TWP,SOUTHEASTERN GREENE S D,1.0,,0.5,,0.5,,1.0
GREENE,300201,FRANKLIN TWP,CENTRAL GREENE S D,1.0,,0.5,,0.5,,1.0
GREENE,300503,FREEPORT TWP,WEST GREENE S D,1.0,,0.5,,0.5,,1.0
GREENE,300504,GILMORE TWP,WEST GREENE S D,1.0,,0.5,,0.5,,1.0
GREENE,300505,GRAY TWP,WEST GREENE S D,0.0,,0.5,,0.5,,1.0
GREENE,300402,GREENE TWP,SOUTHEASTERN GREENE S D,1.0,,0.5,,0.5,,1.0
GREENE,300403,GREENSBORO BORO,SOUTHEASTERN GREENE S D,0.0,,0.5,,0.5,,1.0
GREENE,300506,JACKSON TWP,WEST GREENE S D,0.0,,0.5,,0.5,,1.0
GREENE,300302,JEFFERSON BORO,JEFFERSON-MORGAN S D,1.0,,0.5,,0.5,2006-07-01,1.0
GREENE,300303,JEFFERSON TWP,JEFFERSON-MORGAN S D,1.0,1971-01-01,0.5,,0.5,2006-07-01,1.0
GREENE,300404,MONONGAHELA TWP,SOUTHEASTERN GREENE S D,1.0,,0.5,,0.5,,1.0
GREENE,300304,MORGAN TWP,JEFFERSON-MORGAN S D,1.0,2012-01-01,0.5,,0.5,2006-07-01,1.0
GREENE,300507,MORRIS TWP,WEST GREENE S D,1.0,,0.5,,0.5,,1.0
GREENE,300202,PERRY TWP,CENTRAL GREENE S D,1.0,,0.5,,0.5,,1.0
GREENE,300305,RICES LANDING BORO,JEFFERSON-MORGAN S D,1.0,,0.5,,0.5,2006-07-01,1.0
GREENE,300508,RICHHILL TWP,WEST GREENE S D,1.0,,0.5,,0.5,,1.0
GREENE,300509,SPRINGHILL TWP,WEST GREENE S D,1.0,,0.5,,0.5,,1.0
GREENE,300203,WASHINGTON TWP,CENTRAL GREENE S D,1.0,,0.5,,0.5,,1.0
GREENE,300204,WAYNE TWP,CENTRAL GREENE S D,1.0,,0.5,2006-12-28,0.5,,1.0
GREENE,300205,WAYNESBURG BORO,CENTRAL GREENE S D,1.0,,0.5,,0.5,,1.0
GREENE,300206,WHITELEY TWP,CENTRAL GREENE S D,1.0,,0.5,,0.5,,1.0
HUNTINGDON,310201,ALEXANDRIA BORO,JUNIATA VALLEY S D,0.0,,0.5,,1.25,2016-07-01,1.75
HUNTINGDON,310202,BARREE TWP,JUNIATA VALLEY S D,0.0,,0.5,,1.25,2016-07-01,1.75
HUNTINGDON,070605,BIRMINGHAM BORO,TYRONE AREA S D,1.0,2012-01-01,0.5,,0.65,2016-07-01,1.15
HUNTINGDON,310101,BRADY TWP,HUNTINGDON AREA S D,0.5,,0.5,,1.0,2016-07-01,1.5
HUNTINGDON,050505,BROAD TOP CITY BORO,TUSSEY MOUNTAIN S D,0.5,,0.5,,0.5,,1.0
HUNTINGDON,050506,CARBON TWP,TUSSEY MOUNTAIN S D,1.0,2012-01-01,0.5,,0.5,,1.0
HUNTINGDON,310401,CASS TWP,SOUTHERN HUNTINGDON CO,0.5,,0.5,,0.5,2008-07-01,1.0
HUNTINGDON,310402,CASSVILLE BORO,SOUTHERN HUNTINGDON CO,0.5,2012-01-01,0.5,,0.5,2008-07-01,1.0
HUNTINGDON,310403,CLAY TWP,SOUTHERN HUNTINGDON CO,1.0,2012-01-01,0.5,,0.5,2008-07-01,1.0
HUNTINGDON,050507,COALMONT BORO,TUSSEY MOUNTAIN S D,1.0,2012-01-01,0.5,,0.5,,1.0
HUNTINGDON,310404,CROMWELL TWP,SOUTHERN HUNTINGDON CO,0.0,,0.5,,0.5,2008-07-01,1.0
HUNTINGDON,310405,DUBLIN TWP,SOUTHERN HUNTINGDON CO,1.0,2012-01-01,0.5,,0.5,2008-07-01,1.0
HUNTINGDON,050508,DUDLEY BORO,TUSSEY MOUNTAIN S D,0.0,,0.5,,0.5,,1.0
HUNTINGDON,070606,FRANKLIN TWP,TYRONE AREA S D,1.0,2012-01-01,0.5,,0.65,2016-07-01,1.15
HUNTINGDON,310102,HENDERSON TWP,HUNTINGDON AREA S D,0.5,2012-01-01,0.5,,1.0,2016-07-01,1.5
HUNTINGDON,050509,HOPEWELL TWP,TUSSEY MOUNTAIN S D,1.0,2012-01-01,0.5,,0.5,,1.0
HUNTINGDON,310103,HUNTINGDON BORO,HUNTINGDON AREA S D,1.0,2012-01-01,0.5,,1.0,2016-07-01,1.5
HUNTINGDON,310104,JACKSON TWP,HUNTINGDON AREA S D,1.0,2012-01-01,0.5,,1.0,2016-07-01,1.5
HUNTINGDON,310105,JUNIATA TWP,HUNTINGDON AREA S D,1.0,,0.5,,1.0,2016-07-01,1.5
HUNTINGDON,310106,LINCOLN TWP,HUNTINGDON AREA S D,0.0,,0.5,,1.0,2016-07-01,1.5
HUNTINGDON,310203,LOGAN TWP,JUNIATA VALLEY S D,0.0,,0.5,,1.25,2016-07-01,1.75
HUNTINGDON,310301,MAPLETON BORO,MOUNT UNION AREA S D,0.5,,0.5,,0.5,,1.0
HUNTINGDON,310107,MARKLESBURG BORO,HUNTINGDON AREA S D,0.5,2012-01-01,0.5,,1.0,2016-07-01,1.5
HUNTINGDON,310108,MILL CREEK BORO,HUNTINGDON AREA S D,0.5,2012-01-01,0.5,,1.0,2016-07-01,1.5
HUNTINGDON,310109,MILLER TWP,HUNTINGDON AREA S D,0.0,,0.5,,1.0,2016-07-01,1.5
HUNTINGDON,310204,MORRIS TWP,JUNIATA VALLEY S D,0.5,2012-01-01,0.5,,1.25,2016-07-01,1.75
HUNTINGDON,310302,MOUNT UNION BORO,MOUNT UNION AREA S D,1.0,2012-01-01,0.5,,0.5,,1.0
HUNTINGDON,310110,ONEIDA TWP,HUNTINGDON AREA S D,0.5,2012-01-01,0.5,,1.0,2016-07-01,1.5
HUNTINGDON,310406,ORBISONIA BORO,SOUTHERN HUNTINGDON CO,0.5,2012-01-01,0.5,,0.5,2008-07-01,1.0
HUNTINGDON,310111,PENN TWP,HUNTINGDON AREA S D,1.0,2012-01-01,0.5,,1.0,2016-07-01,1.5
HUNTINGDON,310205,PETERSBURG  BORO,JUNIATA VALLEY S D,1.0,2012-01-01,0.5,1964-07-01,1.25,2016-07-01,1.75
HUNTINGDON,310206,PORTER TWP,JUNIATA VALLEY S D,1.0,2012-01-01,0.5,,1.25,2016-07-01,1.75
HUNTINGDON,310407,ROCKHILL BORO,SOUTHERN HUNTINGDON CO,0.5,,0.5,,0.5,2008-07-01,1.0
HUNTINGDON,310408,SALTILLO BORO,SOUTHERN HUNTINGDON CO,1.0,2013-01-01,0.5,,0.5,2008-07-01,1.0
HUNTINGDON,310409,SHADE GAP BORO,SOUTHERN HUNTINGDON CO,1.0,2012-01-01,0.5,,0.5,2008-07-01,1.0
HUNTINGDON,310303,SHIRLEY TWP,MOUNT UNION AREA S D,0.5,,0.5,1966-07-01,0.5,,1.0
HUNTINGDON,310304,SHIRLEYSBURG BORO,MOUNT UNION AREA S D,1.0,,0.5,,0.5,,1.0
HUNTINGDON,310112,SMITHFIELD TWP,HUNTINGDON AREA S D,0.5,2012-01-01,0.5,,1.0,2016-07-01,1.5
HUNTINGDON,310410,SPRINGFIELD TWP,SOUTHERN HUNTINGDON CO,1.0,2012-01-01,0.5,,0.5,2008-07-01,1.0
HUNTINGDON,310207,SPRUCE CREEK TWP,JUNIATA VALLEY S D,1.0,2012-01-01,0.5,,1.25,2016-07-01,1.75
HUNTINGDON,310411,TELL TWP,SOUTHERN HUNTINGDON CO,0.5,2012-01-01,0.5,,0.5,2008-07-01,1.0
HUNTINGDON,310412,THREE SPRINGS BORO,SOUTHERN HUNTINGDON CO,0.5,1972-01-01,0.5,1972-01-01,0.5,2008-07-01,1.0
HUNTINGDON,050510,TODD TWP,TUSSEY MOUNTAIN S D,0.0,,0.5,2016-01-11,0.5,,1.0
HUNTINGDON,310305,UNION TWP,MOUNT UNION AREA S D,0.5,2012-01-01,0.5,,0.5,,1.0
HUNTINGDON,310113,WALKER TWP,HUNTINGDON AREA S D,0.0,,0.5,2011-11-14,1.0,2016-07-01,1.5
HUNTINGDON,070607,WARRIORS MARK TWP,TYRONE AREA S D,1.0,2012-01-01,0.5,,0.65,2016-07-01,1.15
HUNTINGDON,310208,WEST TWP,JUNIATA VALLEY S D,1.0,2012-01-01,0.5,,1.25,2016-07-01,1.75
HUNTINGDON,050511,WOOD TWP,TUSSEY MOUNTAIN S D,0.5,,0.5,,0.5,,1.0
INDIANA,320701,ARMAGH BORO,UNITED S D,0.0,,0.5,,0.85,2021-07-01,1.35
INDIANA,320301,ARMSTRONG TWP,INDIANA AREA S D,1.0,,0.51,2017-01-01,0.75,2018-07-01,1.26
INDIANA,330301,BANKS TWP,PUNXSUTAWNEY AREA S D,1.0,2012-01-01,0.5,,0.5,,1.0
INDIANA,030105,BLACK LICK TWP,APOLLO-RIDGE S D,0.5,2011-01-01,0.5,2011-01-01,0.5,2011-01-01,1.0
INDIANA,320101,BLACK LICK TWP,RIVER VALLEY SD,0.5,,0.5,,0.75,2016-07-01,1.25
INDIANA,320102,BLAIRSVILLE BORO,RIVER VALLEY SD,1.0,1967-01-01,0.5,,0.75,2016-07-01,1.25
INDIANA,320702,BRUSH VALLEY TWP,UNITED S D,0.5,1966-01-01,0.5,1966-01-01,0.85,2021-07-01,1.35
INDIANA,320703,BUFFINGTON TWP,UNITED S D,0.5,,0.5,,0.85,2021-07-01,1.35
INDIANA,320103,BURRELL TWP,RIVER VALLEY SD,0.5,1969-01-01,0.5,,0.75,2016-07-01,1.25
INDIANA,320401,CANOE TWP,MARION CENTER AREA S D,1.0,2012-01-01,0.5,,0.85,2017-07-01,1.35
INDIANA,330302,CANOE TWP,PUNXSUTAWNEY AREA S D,1.0,2012-01-01,0.5,,0.5,,1.0
INDIANA,320201,CENTER TWP,HOMER-CENTER S D,1.0,2018-01-01,0.5,,0.9,2017-07-01,1.4
INDIANA,170504,CHERRY TREE BORO,HARMONY AREA S D,0.5,,0.5,,0.5,2015-07-01,1.0
INDIANA,320501,CHERRYHILL TWP,PENNS MANOR AREA S D,0.5,1967-01-01,0.5,,0.75,2016-07-01,1.25
INDIANA,320502,CLYMER BORO,PENNS MANOR AREA S D,0.0,,0.5,,0.75,2016-07-01,1.25
INDIANA,320104,CONEMAUGH TWP,RIVER VALLEY SD,0.5,1968-07-01,0.5,1968-07-01,0.75,2016-07-01,1.25
INDIANA,320402,CREEKSIDE BORO,MARION CENTER AREA S D,0.0,,0.5,,0.85,2017-07-01,1.35
INDIANA,320403,EAST MAHONING TWP,MARION CENTER AREA S D,0.5,,0.5,,0.85,2017-07-01,1.35
INDIANA,320704,EAST WHEATFIELD TWP,UNITED S D,0.5,,0.5,,0.85,2021-07-01,1.35
INDIANA,320404,ERNEST BORO,MARION CENTER AREA S D,0.5,,0.5,,0.85,2017-07-01,1.35
INDIANA,320606,GLEN CAMPBELL BORO,PURCHASE LINE S D,0.5,1976-07-01,0.5,,0.7,2016-07-01,1.2
INDIANA,320405,GRANT TWP,MARION CENTER AREA S D,0.5,,0.5,,0.85,2017-07-01,1.35
INDIANA,320607,GREEN TWP,PURCHASE LINE S D,1.0,1974-07-01,0.5,1974-07-01,0.7,2016-07-01,1.2
INDIANA,320202,HOMER CITY BORO,HOMER-CENTER S D,0.5,,0.5,,0.9,2017-07-01,1.4
INDIANA,320302,INDIANA BORO,INDIANA AREA S D,1.0,,0.5,,0.75,2018-07-01,1.25
INDIANA,320406,MARION CENTER BORO,MARION CENTER AREA S D,0.5,,0.5,,0.85,2017-07-01,1.35
INDIANA,320608,MONTGOMERY TWP,PURCHASE LINE S D,0.0,,0.5,1975-01-01,0.7,2016-07-01,1.2
INDIANA,330303,NORTH MAHONING TWP,PUNXSUTAWNEY AREA S D,1.0,,0.5,,0.5,,1.0
INDIANA,320503,PINE TWP,PENNS MANOR AREA S D,0.0,,0.5,1967-01-01,0.75,2016-07-01,1.25
INDIANA,320407,PLUMVILLE BORO,MARION CENTER AREA S D,0.5,1977-07-01,0.5,1977-07-01,0.85,2017-07-01,1.35
INDIANA,320408,RAYNE TWP,MARION CENTER AREA S D,0.5,1974-01-01,0.5,,0.85,2017-07-01,1.35
INDIANA,320105,SALTSBURG BORO,RIVER VALLEY SD,1.0,1966-07-01,0.5,,0.75,2016-07-01,1.25
INDIANA,320303,SHELOCTA BORO,INDIANA AREA S D,0.0,,0.5,,0.75,2018-07-01,1.25
INDIANA,030229,SMICKSBURG BORO,ARMSTRONG S D,1.0,1983-01-01,0.5,,0.5,,1.0
INDIANA,320409,SOUTH MAHONING TWP,MARION CENTER AREA S D,0.5,2012-01-01,0.5,,0.85,2017-07-01,1.35
INDIANA,320410,WASHINGTON TWP,MARION CENTER AREA S D,0.0,,0.5,,0.85,2017-07-01,1.35
INDIANA,030230,WEST MAHONING TWP,ARMSTRONG S D,0.5,1978-01-01,0.5,,0.5,,1.0
INDIANA,320705,WEST WHEATFIELD TWP,UNITED S D,0.0,,0.5,,0.85,2021-07-01,1.35
INDIANA,320304,WHITE TWP,INDIANA AREA S D,0.5,,0.5,,0.75,2018-07-01,1.25
INDIANA,030104,YOUNG TWP,APOLLO-RIDGE S D,0.5,1967-07-01,0.5,,0.5,2011-01-01,1.0
INDIANA,320106,YOUNG TWP,RIVER VALLEY SD,0.5,1967-07-01,0.5,,0.75,2016-07-01,1.25
JEFFERSON,330201,BARNETT TWP,BROOKVILLE AREA S D,1.0,2012-01-01,0.5,,0.5,,1.0
JEFFERSON,330202,BEAVER TWP,BROOKVILLE AREA S D,1.0,2012-01-01,0.5,,0.5,,1.0
JEFFERSON,330304,BELL TWP,PUNXSUTAWNEY AREA S D,1.0,,0.5,,0.5,,1.0
JEFFERSON,330305,BIG RUN BORO,PUNXSUTAWNEY AREA S D,1.0,2012-01-01,0.5,2009-01-01,0.5,,1.0
JEFFERSON,330102,BROCKWAY BORO,BROCKWAY AREA S D,1.0,,0.5,,0.5,2006-07-01,1.0
JEFFERSON,330203,BROOKVILLE BORO,BROOKVILLE AREA S D,1.0,,0.5,,0.5,,1.0
JEFFERSON,330204,CLOVER TWP,BROOKVILLE AREA S D,1.0,,0.5,,0.5,,1.0
JEFFERSON,160305,CORSICA BORO,CLARION-LIMESTONE A S D,0.0,,0.5,,0.5,,1.0
JEFFERSON,330205,ELDRED TWP,BROOKVILLE AREA S D,1.0,2012-01-01,0.5,1969-01-31,0.5,,1.0
JEFFERSON,170308,FALLS CREEK BORO,DUBOIS AREA S D,0.5,,0.5,,0.5,,1.0
JEFFERSON,330306,GASKILL TWP,PUNXSUTAWNEY AREA S D,1.0,2012-01-01,0.5,,0.5,,1.0
JEFFERSON,330206,HEATH TWP,BROOKVILLE AREA S D,1.0,2005-01-01,0.5,2005-01-01,0.5,,1.0
JEFFERSON,330307,HENDERSON TWP,PUNXSUTAWNEY AREA S D,1.0,2012-01-01,0.5,,0.5,,1.0
JEFFERSON,330207,KNOX TWP,BROOKVILLE AREA S D,1.0,2012-01-01,0.5,1969-07-01,0.5,,1.0
JEFFERSON,330308,MCCALMONT TWP,PUNXSUTAWNEY AREA S D,1.0,2004-01-01,0.5,,0.5,,1.0
JEFFERSON,330309,OLIVER TWP,PUNXSUTAWNEY AREA S D,1.0,2012-01-01,0.5,,0.5,,1.0
JEFFERSON,330310,PERRY TWP,PUNXSUTAWNEY AREA S D,1.0,2012-01-01,0.5,,0.5,,1.0
JEFFERSON,330208,PINE CREEK TWP,BROOKVILLE AREA S D,1.0,2012-01-01,0.5,,0.5,,1.0
JEFFERSON,330103,POLK TWP,BROCKWAY AREA S D,1.0,2012-01-01,0.5,,0.5,2006-07-01,1.0
JEFFERSON,330311,PORTER TWP,PUNXSUTAWNEY AREA S D,1.0,1982-07-07,0.5,1982-07-07,0.5,,1.0
JEFFERSON,330312,PUNXSUTAWNEY BORO,PUNXSUTAWNEY AREA S D,1.0,2012-01-01,0.5,,0.5,,1.0
JEFFERSON,170309,REYNOLDSVILLE BORO,DUBOIS AREA S D,0.0,,0.5,,0.5,,1.0
JEFFERSON,330313,RINGGOLD TWP,PUNXSUTAWNEY AREA S D,1.0,2012-01-01,0.5,,0.5,,1.0
JEFFERSON,330209,ROSE TWP,BROOKVILLE AREA S D,1.0,,0.5,,0.5,,1.0
JEFFERSON,330104,SNYDER TWP,BROCKWAY AREA S D,1.0,2012-01-01,0.5,,0.5,2006-07-01,1.0
JEFFERSON,330210,SUMMERVILLE BORO,BROOKVILLE AREA S D,1.0,,0.5,,0.5,,1.0
JEFFERSON,170310,SYKESVILLE BORO,DUBOIS AREA S D,1.0,2012-01-01,0.5,,0.5,,1.0
JEFFERSON,330314,TIMBLIN BORO,PUNXSUTAWNEY AREA S D,1.0,,0.5,,0.5,,1.0
JEFFERSON,160306,UNION TWP,CLARION-LIMESTONE A S D,0.0,,0.5,,0.5,,1.0
JEFFERSON,330211,WARSAW TWP,BROOKVILLE AREA S D,1.0,,0.5,,0.5,,1.0
JEFFERSON,330105,WASHINGTON TWP,BROCKWAY AREA S D,1.0,2012-01-01,0.5,,0.5,2006-07-01,1.0
JEFFERSON,170311,WINSLOW TWP,DUBOIS AREA S D,1.0,2012-01-01,0.5,,0.5,,1.0
JEFFERSON,330315,WORTHVILLE BORO,PUNXSUTAWNEY AREA S D,1.0,,0.5,,0.5,,1.0
JEFFERSON,330316,YOUNG TWP,PUNXSUTAWNEY AREA S D,1.0,2012-01-01,0.5,,0.5,,1.0
JUNIATA,340101,BEALE TWP,JUNIATA COUNTY S D,0.0,,0.5,,0.5,,1.0
JUNIATA,340102,DELAWARE TWP,JUNIATA COUNTY S D,0.0,,0.5,,0.5,,1.0
JUNIATA,340103,FAYETTE TWP,JUNIATA COUNTY S D,0.0,,0.5,,0.5,,1.0
JUNIATA,340104,FERMANAGH TWP,JUNIATA COUNTY S D,0.0,,0.5,,0.5,,1.0
JUNIATA,500101,GREENWOOD TWP,GREENWOOD S D,1.0,,0.5,,1.25,2016-07-01,1.75
JUNIATA,340105,LACK TWP,JUNIATA COUNTY S D,1.0,,0.5,,0.5,,1.0
JUNIATA,340106,MIFFLIN BORO,JUNIATA COUNTY S D,1.0,,0.5,,0.5,,1.0
JUNIATA,340107,MIFFLINTOWN BORO,JUNIATA COUNTY S D,1.0,1967-07-01,0.5,,0.5,,1.0
JUNIATA,340108,MILFORD TWP,JUNIATA COUNTY S D,1.0,,0.5,1968-07-01,0.5,,1.0
JUNIATA,340109,MONROE TWP,JUNIATA COUNTY S D,1.0,,0.5,,0.5,,1.0
JUNIATA,340110,PORT ROYAL BORO,JUNIATA COUNTY S D,0.0,,0.5,,0.5,,1.0
JUNIATA,340111,SPRUCE HILL TWP,JUNIATA COUNTY S D,0.0,,0.5,,0.5,,1.0
JUNIATA,340112,SUSQUEHANNA TWP,JUNIATA COUNTY S D,0.0,,0.5,,0.5,,1.0
JUNIATA,340113,THOMPSONTOWN BORO,JUNIATA COUNTY S D,0.0,,0.5,,0.5,,1.0
JUNIATA,340114,TURBETT TWP,JUNIATA COUNTY S D,0.0,,0.5,,0.5,,1.0
JUNIATA,340115,TUSCARORA TWP,JUNIATA COUNTY S D,1.0,,0.5,,0.5,,1.0
JUNIATA,340116,WALKER TWP,JUNIATA COUNTY S D,1.0,,0.5,,0.5,,1.0
LACKAWANNA,351001,ARCHBALD BORO,VALLEY VIEW S D,1.0,,0.5,,0.5,2009-07-01,1.0
LACKAWANNA,660101,BENTON TWP,LACKAWANNA TRAIL S D,0.0,,0.5,,0.5,,1.0
LACKAWANNA,351002,BLAKELY BORO,VALLEY VIEW S D,0.5,,0.5,,0.5,2009-07-01,1.0
LACKAWANNA,350201,CARBONDALE CITY,CARBONDALE AREA S D,1.0,,2.0,2017-01-01,0.5,,2.5
LACKAWANNA,350401,CARBONDALE TWP,LAKELAND S D,0.0,,0.5,,0.5,,1.0
LACKAWANNA,350102,CLARKS GREEN BORO,ABINGTON HEIGHTS S D,0.5,1950-01-01,0.5,,0.5,,1.0
LACKAWANNA,350103,CLARKS SUMMIT BORO,ABINGTON HEIGHTS S D,1.0,,0.5,,0.5,,1.0
LACKAWANNA,350601,CLIFTON TWP,NORTH POCONO S D,0.0,,0.5,,0.5,,1.0
LACKAWANNA,350602,COVINGTON TWP,NORTH POCONO S D,1.0,2012-01-01,0.5,2012-01-01,0.5,,1.0
LACKAWANNA,660102,DALTON BORO,LACKAWANNA TRAIL S D,1.0,,0.5,,0.5,,1.0
LACKAWANNA,350501,DICKSON CITY BORO,MID VALLEY S D,0.5,1950-01-01,0.5,,0.5,,1.0
LACKAWANNA,350301,DUNMORE BORO,DUNMORE S D,1.0,1986-02-19,0.5,,0.5,,1.0
LACKAWANNA,350603,ELMHURST TWP,NORTH POCONO S D,1.0,2011-01-01,0.5,,0.5,,1.0
LACKAWANNA,350202,FELL TWP,CARBONDALE AREA S D,1.0,2014-01-01,0.5,2014-01-01,0.5,,1.0
LACKAWANNA,350104,GLENBURN TWP,ABINGTON HEIGHTS S D,1.0,,0.5,,0.5,,1.0
LACKAWANNA,350402,GREENFIELD TWP,LAKELAND S D,0.5,,0.5,1984-01-01,0.5,,1.0
LACKAWANNA,350604,JEFFERSON TWP,NORTH POCONO S D,0.0,,0.5,,0.5,,1.0
LACKAWANNA,350403,JERMYN BORO,LAKELAND S D,1.0,1949-01-16,0.5,,0.5,,1.0
LACKAWANNA,351003,JESSUP BORO,VALLEY VIEW S D,1.0,2013-01-01,0.5,,0.5,2009-07-01,1.0
LACKAWANNA,660103,LAPLUME TWP,LACKAWANNA TRAIL S D,0.0,,0.5,,0.5,,1.0
LACKAWANNA,350605,MADISON TWP,NORTH POCONO S D,0.5,,0.5,,0.5,,1.0
LACKAWANNA,350404,MAYFIELD BORO,LAKELAND S D,0.0,,0.5,,0.5,,1.0
LACKAWANNA,350801,MOOSIC BORO,RIVERSIDE S D,1.0,,0.5,,0.5,,1.0
LACKAWANNA,350606,MOSCOW BORO,NORTH POCONO S D,0.5,,0.5,,0.5,,1.0
LACKAWANNA,350105,NEWTON TWP,ABINGTON HEIGHTS S D,1.0,,0.5,,0.5,,1.0
LACKAWANNA,350106,NORTH ABINGTON TWP,ABINGTON HEIGHTS S D,1.0,,0.5,,0.5,,1.0
LACKAWANNA,350701,OLD FORGE BORO,OLD FORGE S D,1.0,,0.5,,0.5,,1.0
LACKAWANNA,350502,OLYPHANT BORO,MID VALLEY S D,1.0,,0.5,,0.5,,1.0
LACKAWANNA,350107,RANSOM TWP,ABINGTON HEIGHTS S D,1.0,,0.5,,0.5,,1.0
LACKAWANNA,350607,ROARING BROOK TWP,NORTH POCONO S D,0.5,,0.5,,0.5,,1.0
LACKAWANNA,350405,SCOTT TWP,LAKELAND S D,1.0,2008-01-01,0.5,2008-01-01,0.5,,1.0
LACKAWANNA,350901,SCRANTON CITY,SCRANTON S D,1.0,2019-01-01,2.4,2019-01-01,1.0,,3.4
LACKAWANNA,350108,SOUTH ABINGTON TWP,ABINGTON HEIGHTS S D,1.0,1964-01-01,0.5,,0.5,,1.0
LACKAWANNA,350608,SPRING BROOK TWP,NORTH POCONO S D,0.5,1965-01-01,0.5,2007-01-01,0.5,,1.0
LACKAWANNA,350802,TAYLOR BORO,RIVERSIDE S D,1.0,,0.5,,0.5,,1.0
LACKAWANNA,350609,THORNHURST TWP,NORTH POCONO S D,0.5,1970-08-01,0.5,2007-01-01,0.5,,1.0
LACKAWANNA,350503,THROOP BORO,MID VALLEY S D,1.0,2012-02-27,0.5,,0.5,,1.0
LACKAWANNA,580301,VANDLING BORO,FOREST CITY REGN S D,0.5,2012-01-01,0.5,1949-02-15,0.5,2016-01-01,1.0
LACKAWANNA,350101,WAVERLY TWP,ABINGTON HEIGHTS S D,1.0,1964-01-01,0.5,,0.5,,1.0
LACKAWANNA,660104,WEST ABINGTON TWP,LACKAWANNA TRAIL S D,0.0,,0.5,,0.5,,1.0
LANCASTER,360101,ADAMSTOWN BORO,COCALICO S D,1.0,2012-01-01,0.5,,0.5,,1.0
LANCASTER,360701,AKRON BORO,EPHRATA AREA S D,0.0,,0.5,,0.5,,1.0
LANCASTER,361601,BART TWP,SOLANCO S D,0.0,,0.5,,1.15,2016-07-01,1.65
LANCASTER,360501,BRECKNOCK TWP,EASTERN LANCASTER CO SD,0.0,,0.5,,0.5,,1.0
LANCASTER,360502,CAERNARVON TWP,EASTERN LANCASTER CO SD,1.0,2012-01-01,0.5,,0.5,,1.0
LANCASTER,361307,CHRISTIANA BORO,OCTORARA AREA S D,0.0,,0.5,,0.5,,1.0
LANCASTER,360702,CLAY TWP,EPHRATA AREA S D,0.0,,0.5,,0.5,,1.0
LANCASTER,361602,COLERAIN TWP,SOLANCO S D,0.0,,0.5,,1.15,2016-07-01,1.65
LANCASTER,360201,COLUMBIA BORO,COLUMBIA BORO S D,0.0,,0.5,,0.5,,1.0
LANCASTER,361401,CONESTOGA TWP,PENN MANOR S D,1.0,2012-01-01,0.5,1966-01-01,0.5,,1.0
LANCASTER,360601,CONOY TWP,ELIZABETHTOWN AREA S D,0.0,,0.5,,0.5,,1.0
LANCASTER,360102,DENVER BORO,COCALICO S D,1.0,2020-02-24,0.5,2020-02-24,0.5,,1.0
LANCASTER,361603,DRUMORE TWP,SOLANCO S D,1.0,2012-01-01,0.5,,1.15,2016-07-01,1.65
LANCASTER,360503,EARL TWP,EASTERN LANCASTER CO SD,0.0,,0.5,,0.5,,1.0
LANCASTER,360103,EAST COCALICO TWP,COCALICO S D,1.0,2014-01-01,0.5,,0.5,,1.0
LANCASTER,360401,EAST DONEGAL TWP,DONEGAL S D,1.0,2012-01-01,0.5,,0.5,,1.0
LANCASTER,361604,EAST DRUMORE TWP,SOLANCO S D,1.0,2012-01-01,0.5,,1.15,2016-07-01,1.65
LANCASTER,360504,EAST EARL TWP,EASTERN LANCASTER CO SD,1.0,2012-01-01,0.5,,0.5,,1.0
LANCASTER,360801,EAST HEMPFIELD TWP,HEMPFIELD S D,1.0,2014-01-01,0.5,,0.5,,1.0
LANCASTER,360301,EAST LAMPETER TWP,CONESTOGA VALLEY S D,1.0,2012-01-01,0.5,,0.5,2009-07-01,1.0
LANCASTER,360802,EAST PETERSBURG BORO,HEMPFIELD S D,0.0,,0.5,,0.5,,1.0
LANCASTER,361605,EDEN TWP,SOLANCO S D,0.0,,0.5,2009-01-01,1.15,2016-07-01,1.65
LANCASTER,361701,ELIZABETH TWP,WARWICK S D,0.0,,0.5,,0.65,2016-07-01,1.15
LANCASTER,360602,ELIZABETHTOWN BORO,ELIZABETHTOWN AREA S D,1.0,2012-01-01,0.5,,0.5,,1.0
LANCASTER,360703,EPHRATA BORO,EPHRATA AREA S D,1.0,2012-01-01,0.5,,0.5,,1.0
LANCASTER,360704,EPHRATA TWP,EPHRATA AREA S D,0.0,,0.5,,0.5,,1.0
LANCASTER,361606,FULTON TWP,SOLANCO S D,1.0,2012-01-01,0.5,,1.15,2016-07-01,1.65
LANCASTER,360399,LANCASTER CITY,CONESTOGA VALLEY S D,1.0,2012-01-01,0.6,2016-01-01,0.5,2009-07-01,1.1
LANCASTER,360999,LANCASTER CITY,LAMPETER-STRASBG S D,1.0,2012-01-01,0.6,2016-01-01,0.5,,1.1
LANCASTER,361001,LANCASTER CITY,LANCASTER S D,1.0,2012-01-01,0.6,2016-01-01,0.5,,1.1
LANCASTER,361002,LANCASTER TWP,LANCASTER S D,0.0,,0.5,,0.5,,1.0
LANCASTER,361501,LEACOCK TWP,PEQUEA VALLEY S D,1.0,2012-01-01,0.5,,0.5,2008-07-01,1.0
LANCASTER,361702,LITITZ BORO,WARWICK S D,1.0,2012-01-01,0.5,,0.65,2016-07-01,1.15
LANCASTER,361607,LITTLE BRITAIN TWP,SOLANCO S D,0.0,,0.5,,1.15,2016-07-01,1.65
LANCASTER,361101,MANHEIM BORO,MANHEIM CENTRAL S D,1.0,2012-01-01,0.5,,0.5,,1.0
LANCASTER,361201,MANHEIM TWP,MANHEIM TWP S D,1.0,2012-01-01,0.5,2012-01-01,0.5,,1.0
LANCASTER,361402,MANOR TWP,PENN MANOR S D,1.0,2012-01-01,0.5,,0.5,,1.0
LANCASTER,360402,MARIETTA BORO,DONEGAL S D,0.0,,0.5,,0.5,,1.0
LANCASTER,361403,MARTIC TWP,PENN MANOR S D,0.0,,0.5,,0.5,,1.0
LANCASTER,361404,MILLERSVILLE BORO,PENN MANOR S D,1.0,2012-01-01,0.5,2000-01-01,0.5,,1.0
LANCASTER,360403,MOUNT JOY BORO,DONEGAL S D,1.0,2012-01-01,0.5,,0.5,,1.0
LANCASTER,360803,MOUNTVILLE BORO,HEMPFIELD S D,0.0,,0.5,,0.5,,1.0
LANCASTER,360404,MT JOY TWP,DONEGAL S D,1.0,2012-01-01,0.5,,0.5,,1.0
LANCASTER,360603,MT JOY TWP,ELIZABETHTOWN AREA S D,1.0,2012-01-01,0.5,,0.5,,1.0
LANCASTER,360505,NEW HOLLAND BORO,EASTERN LANCASTER CO SD,1.0,2012-01-01,0.5,,0.5,,1.0
LANCASTER,361502,PARADISE TWP,PEQUEA VALLEY S D,1.0,2012-01-01,0.5,,0.5,2008-07-01,1.0
LANCASTER,361102,PENN TWP,MANHEIM CENTRAL S D,0.0,,0.5,,0.5,,1.0
LANCASTER,361405,PEQUEA TWP,PENN MANOR S D,0.0,,0.5,2008-01-01,0.5,,1.0
LANCASTER,361608,PROVIDENCE TWP,SOLANCO S D,1.0,2012-01-01,0.5,,1.15,2016-07-01,1.65
LANCASTER,361609,QUARRYVILLE BORO,SOLANCO S D,1.0,2012-01-01,0.5,,1.15,2016-07-01,1.65
LANCASTER,361103,RAPHO TWP,MANHEIM CENTRAL S D,1.0,2012-01-01,0.5,,0.5,,1.0
LANCASTER,361308,SADSBURY TWP,OCTORARA AREA S D,0.0,,0.5,,0.5,,1.0
LANCASTER,361503,SALISBURY TWP,PEQUEA VALLEY S D,1.0,2012-01-01,0.5,,0.5,2008-07-01,1.0
LANCASTER,360901,STRASBURG BORO,LAMPETER-STRASBG S D,1.0,2012-01-01,0.5,,0.5,,1.0
LANCASTER,360902,STRASBURG TWP,LAMPETER-STRASBG S D,0.0,,0.5,,0.5,,1.0
LANCASTER,360506,TERRE HILL BORO,EASTERN LANCASTER CO SD,1.0,2012-01-01,0.5,1971-01-01,0.5,,1.0
LANCASTER,360302,UPPER LEACOCK TWP,CONESTOGA VALLEY S D,1.0,2012-01-01,0.5,,0.5,2009-07-01,1.0
LANCASTER,361703,WARWICK TWP,WARWICK S D,1.0,2014-01-01,0.5,,0.65,2016-07-01,1.15
LANCASTER,060408,WEST COCALICO TWP,CONRAD WEISER A S D,0.5,2012-01-01,0.5,,0.5,,1.0
LANCASTER,360104,WEST COCALICO TWP,COCALICO S D,0.5,2012-01-01,0.5,,0.5,,1.0
LANCASTER,360604,WEST DONEGAL TWP,ELIZABETHTOWN AREA S D,1.0,2012-01-01,0.5,,0.5,,1.0
LANCASTER,360303,WEST EARL TWP,CONESTOGA VALLEY S D,1.0,2012-01-01,0.5,,0.5,2009-07-01,1.0
LANCASTER,360804,WEST HEMPFIELD TWP,HEMPFIELD S D,1.0,2020-01-01,0.5,,0.5,,1.0
LANCASTER,360903,WEST LAMPETER TWP,LAMPETER-STRASBG S D,0.0,,0.5,,0.5,,1.0
LAWRENCE,370301,BESSEMER BORO,MOHAWK AREA S D,1.0,,0.5,,0.5,,1.0
LAWRENCE,370101,ELLPORT BORO,ELLWOOD CITY AREA S D,0.0,,0.5,,0.5,,1.0
LAWRENCE,370102,ELLWOOD CITY BORO,ELLWOOD CITY AREA S D,1.0,,0.5,,0.5,,1.0
LAWRENCE,040508,ENON VALLEY BORO,BLACKHAWK S D,0.5,,0.5,,0.5,2009-07-01,1.0
LAWRENCE,370201,HICKORY TWP,LAUREL S D,0.0,,0.5,,0.5,,1.0
LAWRENCE,370302,LITTLE BEAVER TWP,MOHAWK AREA S D,0.0,,0.5,,0.5,,1.0
LAWRENCE,370303,MAHONING TWP,MOHAWK AREA S D,1.0,,0.5,,0.5,,1.0
LAWRENCE,370701,MAHONING TWP,UNION AREA S D,1.0,,0.5,,0.5,,1.0
LAWRENCE,370401,NESHANNOCK TWP,NESHANNOCK TWP S D,1.0,,0.5,,0.5,,1.0
LAWRENCE,370304,NEW BEAVER BORO,MOHAWK AREA S D,1.0,,0.5,,0.5,,1.0
LAWRENCE,370501,NEW CASTLE CITY,NEW CASTLE AREA S D,1.856,2023-01-01,1.575,2023-01-01,0.5,,2.075
LAWRENCE,370801,NEW WILMINGTON BORO,WILMINGTON AREA S D,1.0,,0.5,,0.5,,1.0
LAWRENCE,370305,NORTH BEAVER TWP,MOHAWK AREA S D,1.0,,0.5,,0.5,,1.0
LAWRENCE,370103,PERRY TWP,ELLWOOD CITY AREA S D,0.5,,0.5,,0.5,,1.0
LAWRENCE,370802,PLAIN GROVE TWP,WILMINGTON AREA S D,0.0,,0.5,,0.5,,1.0
LAWRENCE,370803,PULASKI TWP,WILMINGTON AREA S D,1.0,,0.5,,0.5,,1.0
LAWRENCE,370306,S.N.P.J. BORO,MOHAWK AREA S D,1.0,,0.5,,0.5,,1.0
LAWRENCE,370202,SCOTT TWP,LAUREL S D,0.0,,0.5,,0.5,,1.0
LAWRENCE,370601,SHENANGO TWP,SHENANGO AREA S D,1.0,2012-07-01,0.5,,0.5,,1.0
LAWRENCE,370203,SLIPPERY ROCK TWP,LAUREL S D,0.0,,0.5,,0.5,,1.0
LAWRENCE,370602,SOUTH NEW CASTLE BORO,SHENANGO AREA S D,0.0,,0.5,,0.5,,1.0
LAWRENCE,370502,TAYLOR TWP,NEW CASTLE AREA S D,1.0,,0.5,,0.5,,1.0
LAWRENCE,370702,UNION TWP,UNION AREA S D,1.0,,0.5,,0.5,,1.0
LAWRENCE,370804,VOLANT BORO,WILMINGTON AREA S D,0.0,,0.5,,0.5,,1.0
LAWRENCE,370104,WAMPUM BORO,ELLWOOD CITY AREA S D,0.0,,0.5,,0.5,,1.0
LAWRENCE,370307,WAMPUM BORO,MOHAWK AREA S D,0.0,,0.5,,0.5,,1.0
LAWRENCE,370805,WASHINGTON TWP,WILMINGTON AREA S D,1.0,,0.5,,0.5,,1.0
LAWRENCE,370105,WAYNE TWP,ELLWOOD CITY AREA S D,0.5,,0.5,,0.5,,1.0
LAWRENCE,370806,WILMINGTON TWP,WILMINGTON AREA S D,1.0,,0.5,,0.5,,1.0
LEBANON,380101,ANNVILLE TWP,ANNVILLE-CLEONA S D,0.0,,0.5,,0.9,2016-01-01,1.4
LEBANON,380501,BETHEL TWP,NORTHERN LEBANON S D,0.0,,0.5,,0.5,,1.0
LEBANON,380102,CLEONA BORO,ANNVILLE-CLEONA S D,0.0,,0.5,,0.9,2016-01-01,1.4
LEBANON,380502,COLD SPRING TWP,NORTHERN LEBANON S D,0.0,,0.0,,1.0,,1.0
LEBANON,380201,CORNWALL BORO,CORNWALL-LEBANON S D,0.0,,0.5,,0.5,2013-07-01,1.0
LEBANON,380503,EAST HANOVER TWP,NORTHERN LEBANON S D,0.0,,0.5,,0.5,,1.0
LEBANON,380301,HEIDELBERG TWP,EASTERN LEBANON CO S D,1.0,2012-01-01,0.5,,0.5,,1.0
LEBANON,380302,JACKSON TWP,EASTERN LEBANON CO S D,1.0,2012-01-01,0.5,,0.5,,1.0
LEBANON,380504,JONESTOWN BORO,NORTHERN LEBANON S D,1.0,,0.5,,0.5,,1.0
LEBANON,380401,LEBANON CITY,LEBANON S D,0.0,,1.4,,0.5,,1.9
LEBANON,380303,MILLCREEK TWP,EASTERN LEBANON CO S D,0.5,,0.5,1985-07-01,0.5,,1.0
LEBANON,380202,MT GRETNA BORO,CORNWALL-LEBANON S D,0.0,,0.5,,0.5,2013-07-01,1.0
LEBANON,380304,MYERSTOWN BORO,EASTERN LEBANON CO S D,0.0,,0.5,,0.5,,1.0
LEBANON,380103,NORTH ANNVILLE TWP,ANNVILLE-CLEONA S D,1.0,2012-01-01,0.5,,0.9,2016-01-01,1.4
LEBANON,380203,NORTH CORNWALL TWP,CORNWALL-LEBANON S D,1.0,2012-01-01,0.5,,0.5,2013-07-01,1.0
LEBANON,380204,NORTH LEBANON TWP,CORNWALL-LEBANON S D,0.0,,0.5,,0.5,2013-07-01,1.0
LEBANON,380601,NORTH LONDONDERRY TWP,PALMYRA AREA S D,0.0,,0.5,,0.5,,1.0
LEBANON,380602,PALMYRA BORO,PALMYRA AREA S D,0.0,,0.5,,0.5,,1.0
LEBANON,380305,RICHLAND BORO,EASTERN LEBANON CO S D,0.0,,0.5,,0.5,,1.0
LEBANON,380104,SOUTH ANNVILLE TWP,ANNVILLE-CLEONA S D,0.0,,0.5,,0.9,2016-01-01,1.4
LEBANON,380205,SOUTH LEBANON TWP,CORNWALL-LEBANON S D,0.0,,0.5,,0.5,2013-07-01,1.0
LEBANON,380603,SOUTH LONDONDERRY TWP,PALMYRA AREA S D,0.0,,0.5,,0.5,,1.0
LEBANON,380505,SWATARA TWP,NORTHERN LEBANON S D,0.5,,0.5,,0.5,,1.0
LEBANON,380506,UNION TWP,NORTHERN LEBANON S D,1.0,2012-01-01,0.5,,0.5,,1.0
LEBANON,380206,WEST CORNWALL TWP,CORNWALL-LEBANON S D,0.0,,0.5,2008-01-01,0.5,2013-07-01,1.0
LEBANON,380402,WEST LEBANON TWP,LEBANON S D,0.0,,0.5,,0.5,,1.0
LEHIGH,390301,ALBURTIS BORO,EAST PENN S D,1.0,,0.5,,0.5,,1.0
LEHIGH,390101,ALLENTOWN CITY,ALLENTOWN CITY S D,1.28,2016-01-01,1.475,2017-12-13,0.5,,1.975
LEHIGH,390699,ALLENTOWN CITY,PARKLAND S D,1.28,2016-01-01,1.475,2017-12-13,0.5,,1.975
LEHIGH,480202,BETHLEHEM CITY,BETHLEHEM AREA S D,1.0,,0.5,,0.5,,1.0
LEHIGH,390201,CATASAUQUA BORO,CATASAUQUA AREA S D,1.0,,0.5,,0.5,1966-01-01,1.0
LEHIGH,390801,COOPERSBURG BORO,SOUTHERN LEHIGH S D,1.0,,0.5,,0.5,,1.0
LEHIGH,390901,COPLAY BORO,WHITEHALL-COPLAY S D,1.0,,0.5,,0.5,,1.0
LEHIGH,390302,EMMAUS BORO,EAST PENN S D,1.0,,0.5,,0.5,,1.0
LEHIGH,480201,FOUNTAIN HILL BORO,BETHLEHEM AREA S D,1.0,,0.5,,0.5,,1.0
LEHIGH,390202,HANOVER TWP,CATASAUQUA AREA S D,1.0,,0.5,,0.5,1966-01-01,1.0
LEHIGH,390501,HEIDELBERG TWP,NORTHWESTERN LEHIGH S D,1.0,,0.5,,0.5,,1.0
LEHIGH,390303,LOWER MACUNGIE TWP,EAST PENN S D,1.0,2016-01-01,0.65,2022-01-01,0.5,,1.15
LEHIGH,390802,LOWER MILFORD TWP,SOUTHERN LEHIGH S D,1.0,,0.5,,0.5,,1.0
LEHIGH,390502,LOWHILL TWP,NORTHWESTERN LEHIGH S D,1.0,2012-01-01,0.5,,0.5,,1.0
LEHIGH,390503,LYNN TWP,NORTHWESTERN LEHIGH S D,1.0,1965-01-01,0.5,,0.5,,1.0
LEHIGH,390306,MACUNGIE BORO,EAST PENN S D,1.0,,0.5,,0.5,,1.0
LEHIGH,390601,NORTH WHITEHALL TWP,PARKLAND S D,1.0,2014-12-01,0.5,2014-12-01,0.5,,1.0
LEHIGH,390701,SALISBURY TWP,SALISBURY TWP S D,1.0,,0.5,,0.5,,1.0
LEHIGH,390401,SLATINGTON BORO,NORTHERN LEHIGH S D,1.0,,0.5,,0.5,,1.0
LEHIGH,390602,SOUTH WHITEHALL TWP,PARKLAND S D,0.5,2012-01-12,0.5,,0.5,,1.0
LEHIGH,390603,UPPER MACUNGIE TWP,PARKLAND S D,1.0,2012-01-01,0.5,2012-01-01,0.5,,1.0
LEHIGH,390307,UPPER MILFORD TWP,EAST PENN S D,1.0,2017-01-01,0.638,2017-01-01,0.5,,1.138
LEHIGH,390803,UPPER SAUCON TWP,SOUTHERN LEHIGH S D,1.0,2012-01-01,0.6,2023-01-01,0.5,,1.1
LEHIGH,390402,WASHINGTON TWP,NORTHERN LEHIGH S D,1.0,1966-07-01,0.5,,0.5,,1.0
LEHIGH,390504,WEISENBERG TWP,NORTHWESTERN LEHIGH S D,1.0,2012-01-01,0.5,,0.5,,1.0
LEHIGH,390902,WHITEHALL TWP,WHITEHALL-COPLAY S D,1.0,,1.0,2012-01-01,0.5,,1.5
LUZERNE,400401,ASHLEY BORO,HANOVER AREA S D,1.0,,0.5,,0.5,2008-07-01,1.0
LUZERNE,400801,AVOCA BORO,PITTSTON AREA S D,1.0,1962-07-01,0.5,,0.5,,1.0
LUZERNE,400901,BEAR CREEK TWP,WILKES-BARRE AREA S D,0.5,,0.5,,0.5,,1.0
LUZERNE,400902,BEAR CREEK VILLAGE BORO,WILKES-BARRE AREA S D,0.0,,0.5,,0.5,,1.0
LUZERNE,400503,BLACK CREEK TWP,HAZLETON AREA S D,1.0,,0.5,,1.0,2016-07-01,1.5
LUZERNE,400903,BUCK TWP,WILKES-BARRE AREA S D,0.5,,0.5,,0.5,,1.0
LUZERNE,400504,BUTLER TWP,HAZLETON AREA S D,1.0,,0.5,,1.0,2016-07-01,1.5
LUZERNE,400505,CONYNGHAM BORO,HAZLETON AREA S D,1.0,1968-01-01,0.5,1968-01-01,1.0,2016-07-01,1.5
LUZERNE,400301,CONYNGHAM TWP,GREATER NANTICOKE A S D,1.0,,0.5,,0.5,,1.0
LUZERNE,401101,COURTDALE BORO,WYOMING VALLEY WEST S D,1.0,,0.5,,0.5,,1.0
LUZERNE,400201,DALLAS BORO,DALLAS S D,1.0,1967-01-01,0.5,,0.5,,1.0
LUZERNE,400202,DALLAS TWP,DALLAS S D,1.0,,0.5,2011-01-01,0.5,,1.0
LUZERNE,400101,DENNISON TWP,CRESTWOOD S D,1.0,1969-07-01,0.5,1969-07-01,0.5,,1.0
LUZERNE,400102,DORRANCE TWP,CRESTWOOD S D,0.5,1969-03-16,0.5,,0.5,,1.0
LUZERNE,400802,DUPONT BORO,PITTSTON AREA S D,1.0,,0.5,,0.5,,1.0
LUZERNE,400803,DURYEA BORO,PITTSTON AREA S D,1.0,,0.5,,0.5,,1.0
LUZERNE,401102,EDWARDSVILLE BORO,WYOMING VALLEY WEST S D,1.0,,0.5,,0.5,,1.0
LUZERNE,401001,EXETER BORO,WYOMING AREA S D,1.0,,0.5,,0.5,2009-07-01,1.0
LUZERNE,401002,EXETER TWP,WYOMING AREA S D,1.0,,0.5,,0.5,2009-07-01,1.0
LUZERNE,400701,FAIRMOUNT TWP,NORTHWEST AREA S D,0.5,1972-07-01,0.5,1972-07-01,0.5,,1.0
LUZERNE,400103,FAIRVIEW TWP,CRESTWOOD S D,1.0,,0.5,,0.5,,1.0
LUZERNE,401103,FORTY FORT BORO,WYOMING VALLEY WEST S D,1.0,,0.5,,0.5,,1.0
LUZERNE,400506,FOSTER TWP,HAZLETON AREA S D,1.0,,0.5,,1.0,2016-07-01,1.5
LUZERNE,400203,FRANKLIN TWP,DALLAS S D,1.0,2008-01-01,0.5,2008-01-01,0.5,,1.0
LUZERNE,400507,FREELAND BORO,HAZLETON AREA S D,1.0,,0.5,,1.0,2016-07-01,1.5
LUZERNE,400402,HANOVER TWP,HANOVER AREA S D,1.0,,0.5,,0.5,2008-07-01,1.0
LUZERNE,400601,HARVEYS LAKE BORO,LAKE-LEHMAN S D,1.0,1968-01-01,0.5,,0.5,,1.0
LUZERNE,400508,HAZLE TWP,HAZLETON AREA S D,1.0,1968-01-15,0.5,1968-01-15,1.0,2016-07-01,1.5
LUZERNE,400509,HAZLETON CITY,HAZLETON AREA S D,2.0,2022-07-01,1.75,2022-07-01,1.0,2016-07-01,2.75
LUZERNE,190204,HOLLENBACK TWP,BERWICK AREA S D,1.0,,0.5,,0.5,,1.0
LUZERNE,400804,HUGHESTOWN BORO,PITTSTON AREA S D,1.0,,0.5,,0.5,,1.0
LUZERNE,400702,HUNLOCK TWP,NORTHWEST AREA S D,1.0,,0.5,,0.5,,1.0
LUZERNE,400703,HUNTINGTON TWP,NORTHWEST AREA S D,0.0,,0.5,,0.5,,1.0
LUZERNE,400602,JACKSON TWP,LAKE-LEHMAN S D,1.0,1967-01-11,0.5,1967-01-11,0.5,,1.0
LUZERNE,400510,JEDDO BORO,HAZLETON AREA S D,0.5,,0.5,,1.0,2016-07-01,1.5
LUZERNE,400805,JENKINS TWP,PITTSTON AREA S D,0.5,2013-01-01,0.5,2013-01-01,0.5,,1.0
LUZERNE,401104,KINGSTON BORO,WYOMING VALLEY WEST S D,1.0,,1.675,2019-01-01,0.5,,2.175
LUZERNE,400204,KINGSTON TWP,DALLAS S D,1.0,,1.05,2017-01-01,0.5,,1.55
LUZERNE,400904,LAFLIN BORO,WILKES-BARRE AREA S D,1.0,1967-02-20,0.5,,0.5,,1.0
LUZERNE,400603,LAKE TWP,LAKE-LEHMAN S D,1.0,1967-02-16,0.5,,0.5,,1.0
LUZERNE,401105,LARKSVILLE BORO,WYOMING VALLEY WEST S D,1.0,1967-01-06,0.5,,0.5,,1.0
LUZERNE,400905,LAUREL RUN BORO,WILKES-BARRE AREA S D,1.0,,0.5,,0.5,,1.0
LUZERNE,400604,LEHMAN TWP,LAKE-LEHMAN S D,0.5,,0.5,,0.5,,1.0
LUZERNE,401106,LUZERNE BORO,WYOMING VALLEY WEST S D,1.0,,0.5,,0.5,,1.0
LUZERNE,400302,NANTICOKE CITY,GREATER NANTICOKE A S D,1.0,2009-01-01,1.75,2020-01-01,0.5,,2.25
LUZERNE,190205,NESCOPECK BORO,BERWICK AREA S D,1.0,,0.5,,0.5,,1.0
LUZERNE,190206,NESCOPECK TWP,BERWICK AREA S D,0.5,,0.5,,0.5,,1.0
LUZERNE,400704,NEW COLUMBUS BORO,NORTHWEST AREA S D,0.0,,0.5,,0.5,,1.0
LUZERNE,400303,NEWPORT TWP,GREATER NANTICOKE A S D,0.5,,0.5,,0.5,,1.0
LUZERNE,400104,NUANGOLA BORO,CRESTWOOD S D,1.0,,0.5,,0.5,,1.0
LUZERNE,400105,PENN LAKE PARK BORO,CRESTWOOD S D,0.5,1976-03-11,0.5,,0.5,,1.0
LUZERNE,400806,PITTSTON CITY,PITTSTON AREA S D,1.0,2013-01-01,1.7,2020-01-01,0.5,,2.2
LUZERNE,400807,PITTSTON TWP,PITTSTON AREA S D,1.0,,0.5,,0.5,,1.0
LUZERNE,400906,PLAINS TWP,WILKES-BARRE AREA S D,1.0,,0.5,,0.5,,1.0
LUZERNE,401107,PLYMOUTH BORO,WYOMING VALLEY WEST S D,1.0,,0.5,,0.5,,1.0
LUZERNE,400304,PLYMOUTH TWP,GREATER NANTICOKE A S D,1.0,2017-01-01,1.5,,0.5,,2.0
LUZERNE,401108,PRINGLE BORO,WYOMING VALLEY WEST S D,1.0,,0.5,,0.5,,1.0
LUZERNE,400106,RICE TWP,CRESTWOOD S D,1.0,1969-10-01,0.5,1969-10-01,0.5,,1.0
LUZERNE,400605,ROSS TWP,LAKE-LEHMAN S D,0.5,,0.5,,0.5,,1.0
LUZERNE,190207,SALEM TWP,BERWICK AREA S D,1.0,,0.5,,0.5,,1.0
LUZERNE,400705,SHICKSHINNY BORO,NORTHWEST AREA S D,0.0,,0.5,,0.5,,1.0
LUZERNE,400107,SLOCUM TWP,CRESTWOOD S D,0.0,,0.5,,0.5,,1.0
LUZERNE,400403,SUGAR NOTCH BORO,HANOVER AREA S D,1.0,2012-01-01,0.5,2012-01-01,0.5,2008-07-01,1.0
LUZERNE,400511,SUGARLOAF TWP,HAZLETON AREA S D,1.0,2022-01-01,0.5,2022-01-01,1.0,2016-07-01,1.5
LUZERNE,401109,SWOYERSVILLE BORO,WYOMING VALLEY WEST S D,1.0,1967-01-01,0.5,1967-01-01,0.5,,1.0
LUZERNE,400706,UNION TWP,NORTHWEST AREA S D,1.0,,0.5,,0.5,,1.0
LUZERNE,400404,WARRIOR RUN BORO,HANOVER AREA S D,1.0,2012-01-01,0.5,,0.5,2008-07-01,1.0
LUZERNE,400512,WEST HAZLETON BORO,HAZLETON AREA S D,1.0,,0.5,2011-01-01,1.0,2016-07-01,1.5
LUZERNE,401003,WEST PITTSTON BORO,WYOMING AREA S D,1.0,1970-01-01,0.5,1970-01-01,0.5,2009-07-01,1.0
LUZERNE,401004,WEST WYOMING BORO,WYOMING AREA S D,1.0,,0.5,,0.5,2009-07-01,1.0
LUZERNE,400108,WHITE HAVEN BORO,CRESTWOOD S D,0.0,,0.5,2014-01-01,0.5,,1.0
LUZERNE,400907,WILKES BARRE CITY,WILKES-BARRE AREA S D,1.0,,2.5,2009-01-01,0.5,,3.0
LUZERNE,400908,WILKES BARRE TWP,WILKES-BARRE AREA S D,1.0,,0.75,,0.5,,1.25
LUZERNE,400109,WRIGHT TWP,CRESTWOOD S D,1.0,,0.5,,0.5,,1.0
LUZERNE,401005,WYOMING BORO,WYOMING AREA S D,1.0,,0.5,2008-01-01,0.5,2009-07-01,1.0
LUZERNE,400808,YATESVILLE BORO,PITTSTON AREA S D,0.5,,0.5,,0.5,,1.0
LYCOMING,410204,ANTHONY TWP,JERSEY SHORE AREA S D,0.5,2009-01-01,0.5,,1.1,2016-07-01,1.6
LYCOMING,410701,ARMSTRONG TWP,SOUTH WILLIAMSPORT A S D,0.0,,0.5,,1.1,2016-01-01,1.6
LYCOMING,410205,BASTRESS TWP,JERSEY SHORE AREA S D,0.0,,0.5,,1.1,2016-07-01,1.6
LYCOMING,410401,BRADY TWP,MONTGOMERY AREA S D,0.0,,0.5,,1.25,2016-07-01,1.75
LYCOMING,410206,BROWN TWP,JERSEY SHORE AREA S D,0.5,2009-01-01,0.5,2009-01-01,1.1,2016-07-01,1.6
LYCOMING,410501,CASCADE TWP,MONTOURSVILLE AREA S D,0.0,,0.5,,1.15,2016-07-01,1.65
LYCOMING,410402,CLINTON TWP,MONTGOMERY AREA S D,0.5,1971-01-01,0.5,,1.25,2016-07-01,1.75
LYCOMING,590201,COGAN HOUSE TWP,SOUTHERN TIOGA S D,0.0,,0.5,,1.2,2016-07-01,1.7
LYCOMING,410207,CUMMINGS TWP,JERSEY SHORE AREA S D,0.0,,0.5,,1.1,2016-07-01,1.6
LYCOMING,410702,DUBOISTOWN BORO,SOUTH WILLIAMSPORT A S D,0.0,,0.5,,1.1,2016-01-01,1.6
LYCOMING,410502,ELDRED TWP,MONTOURSVILLE AREA S D,0.5,2009-01-01,0.5,,1.15,2016-07-01,1.65
LYCOMING,410503,FAIRFIELD TWP,MONTOURSVILLE AREA S D,0.5,,0.5,,1.15,2016-07-01,1.65
LYCOMING,410101,FRANKLIN TWP,EAST LYCOMING S D,0.5,2013-01-01,0.5,,1.2,2016-07-01,1.7
LYCOMING,410504,GAMBLE TWP,MONTOURSVILLE AREA S D,0.5,2011-07-17,0.5,,1.15,2016-07-01,1.65
LYCOMING,410801,HEPBURN TWP,WILLIAMSPORT AREA S D,0.0,,0.5,,1.5,2016-07-01,2.0
LYCOMING,410102,HUGHESVILLE BORO,EAST LYCOMING S D,0.5,1994-01-01,0.5,,1.2,2016-07-01,1.7
LYCOMING,590202,JACKSON TWP,SOUTHERN TIOGA S D,0.5,2024-01-01,0.0,2024-01-01,1.2,2016-07-01,1.2
LYCOMING,410208,JERSEY SHORE BORO,JERSEY SHORE AREA S D,0.5,1963-01-01,0.5,1963-01-01,1.1,2016-07-01,1.6
LYCOMING,410103,JORDAN TWP,EAST LYCOMING S D,0.5,,0.5,,1.2,2016-07-01,1.7
LYCOMING,410802,LEWIS TWP,WILLIAMSPORT AREA S D,0.0,,0.5,,1.5,2016-07-01,2.0
LYCOMING,410209,LIMESTONE TWP,JERSEY SHORE AREA S D,0.0,,0.5,,1.1,2016-07-01,1.6
LYCOMING,410301,LOYALSOCK TWP,LOYALSOCK TOWNSHIP S D,0.5,2011-03-08,0.5,,1.15,2016-07-01,1.65
LYCOMING,410803,LYCOMING TWP,WILLIAMSPORT AREA S D,0.5,2009-01-01,0.5,,1.5,2016-07-01,2.0
LYCOMING,410210,MCHENRY TWP,JERSEY SHORE AREA S D,0.0,,0.5,1968-01-01,1.1,2016-07-01,1.6
LYCOMING,080204,MCINTYRE TWP,CANTON AREA S D,0.0,,0.5,,0.5,,1.0
LYCOMING,080205,MCNETT TWP,CANTON AREA S D,0.0,,0.5,,0.5,,1.0
LYCOMING,410211,MIFFLIN TWP,JERSEY SHORE AREA S D,0.5,,0.5,,1.1,2016-07-01,1.6
LYCOMING,410104,MILL CREEK TWP,EAST LYCOMING S D,0.0,,0.5,,1.2,2016-07-01,1.7
LYCOMING,410403,MONTGOMERY BORO,MONTGOMERY AREA S D,0.0,,0.5,,1.25,2016-07-01,1.75
LYCOMING,410505,MONTOURSVILLE BORO,MONTOURSVILLE AREA S D,0.5,2003-01-01,0.5,2003-01-01,1.15,2016-07-01,1.65
LYCOMING,410105,MORELAND TWP,EAST LYCOMING S D,0.0,,0.5,,1.2,2016-07-01,1.7
LYCOMING,410601,MUNCY BORO,MUNCY S D,0.5,1953-04-01,0.5,1953-04-01,1.25,2016-07-01,1.75
LYCOMING,410602,MUNCY CREEK TWP,MUNCY S D,0.5,,0.5,,1.25,2016-07-01,1.75
LYCOMING,410603,MUNCY TWP,MUNCY S D,0.5,2004-01-01,0.5,2004-01-01,1.25,2016-07-01,1.75
LYCOMING,410212,NIPPENOSE TWP,JERSEY SHORE AREA S D,0.0,,0.5,,1.1,2016-07-01,1.6
LYCOMING,410804,OLD LYCOMING TWP,WILLIAMSPORT AREA S D,0.5,2008-12-14,0.5,2008-12-14,1.5,2016-07-01,2.0
LYCOMING,410106,PENN TWP,EAST LYCOMING S D,0.0,,0.5,,1.2,2016-07-01,1.7
LYCOMING,410213,PIATT TWP,JERSEY SHORE AREA S D,0.5,,0.5,,1.1,2016-07-01,1.6
LYCOMING,410107,PICTURE ROCKS BORO,EAST LYCOMING S D,0.0,,0.5,,1.2,2016-07-01,1.7
LYCOMING,590301,PINE TWP,WELLSBORO AREA S D,1.0,,0.5,,1.0,2016-07-01,1.5
LYCOMING,410506,PLUNKETTS CREEK TWP,MONTOURSVILLE AREA S D,0.0,,0.5,,1.15,2016-07-01,1.65
LYCOMING,410214,PORTER TWP,JERSEY SHORE AREA S D,0.5,2009-01-01,0.5,,1.1,2016-07-01,1.6
LYCOMING,410215,SALLADASBURG BORO,JERSEY SHORE AREA S D,0.5,,0.5,,1.1,2016-07-01,1.6
LYCOMING,410108,SHREWSBURY TWP,EAST LYCOMING S D,0.0,,0.5,,1.2,2016-07-01,1.7
LYCOMING,410703,SOUTH WILLIAMSPORT BORO,SOUTH WILLIAMSPORT A S D,0.0,,0.5,2017-01-01,1.1,2016-01-01,1.6
LYCOMING,410704,SUSQUEHANNA TWP,SOUTH WILLIAMSPORT A S D,0.0,,0.5,,1.1,2016-01-01,1.6
LYCOMING,410507,UPPER FAIRFIELD TWP,MONTOURSVILLE AREA S D,0.0,,0.5,,1.15,2016-07-01,1.65
LYCOMING,410404,WASHINGTON TWP,MONTGOMERY AREA S D,0.0,,0.5,,1.25,2016-07-01,1.75
LYCOMING,410216,WATSON TWP,JERSEY SHORE AREA S D,0.5,,0.5,,1.1,2016-07-01,1.6
LYCOMING,410805,WILLIAMSPORT CITY,WILLIAMSPORT AREA S D,0.5,,0.5,,1.5,2016-07-01,2.0
LYCOMING,410109,WOLF TWP,EAST LYCOMING S D,0.5,1966-01-01,0.5,1966-01-01,1.2,2016-07-01,1.7
LYCOMING,410806,WOODWARD TWP,WILLIAMSPORT AREA S D,0.5,2009-01-01,0.5,,1.5,2016-07-01,2.0
MCKEAN,420401,ANNIN TWP,PORT ALLEGANY S D,0.0,,0.5,1967-01-01,0.5,2007-07-01,1.0
MCKEAN,420101,BRADFORD CITY,BRADFORD AREA S D,1.0,,0.5,,0.5,2008-07-01,1.0
MCKEAN,420102,BRADFORD TWP,BRADFORD AREA S D,1.0,,0.5,,0.5,2008-07-01,1.0
MCKEAN,420301,CERES TWP,OTTO-ELDRED S D,1.0,,0.5,,0.5,,1.0
MCKEAN,530501,CERES TWP,OSWAYO VALLEY S D,1.0,,0.5,,0.5,2020-07-01,1.0
MCKEAN,420103,CORYDON TWP,BRADFORD AREA S D,1.0,,0.5,,0.5,2008-07-01,1.0
MCKEAN,420302,ELDRED BORO,OTTO-ELDRED S D,1.0,,0.5,,0.5,,1.0
MCKEAN,420303,ELDRED TWP,OTTO-ELDRED S D,1.0,,0.5,,0.5,,1.0
MCKEAN,420104,FOSTER TWP,BRADFORD AREA S D,1.0,,0.5,,0.5,2008-07-01,1.0
MCKEAN,420203,HAMILTON TWP,KANE AREA S D,1.0,,0.5,,0.7,2016-07-01,1.2
MCKEAN,420501,HAMLIN TWP,SMETHPORT AREA S D,1.0,,0.5,,0.5,2006-07-01,1.0
MCKEAN,420204,KANE BORO,KANE AREA S D,1.0,,0.5,,0.7,2016-07-01,1.2
MCKEAN,420502,KEATING TWP,SMETHPORT AREA S D,1.0,,0.5,,0.5,2006-07-01,1.0
MCKEAN,420105,LAFAYETTE TWP,BRADFORD AREA S D,1.0,,0.5,,0.5,2008-07-01,1.0
MCKEAN,420106,LEWIS RUN BORO,BRADFORD AREA S D,1.0,,0.5,,0.5,2008-07-01,1.0
MCKEAN,420402,LIBERTY TWP,PORT ALLEGANY S D,1.0,,0.5,,0.5,2007-07-01,1.0
MCKEAN,420205,MT JEWETT BORO,KANE AREA S D,1.0,,0.5,,0.7,2016-07-01,1.2
MCKEAN,420503,NORWICH TWP,SMETHPORT AREA S D,0.0,,0.5,,0.5,2006-07-01,1.0
MCKEAN,420304,OTTO TWP,OTTO-ELDRED S D,1.0,,0.5,,0.5,,1.0
MCKEAN,420403,PORT ALLEGANY BORO,PORT ALLEGANY S D,0.0,,0.5,,0.5,2007-07-01,1.0
MCKEAN,420504,SERGEANT TWP,SMETHPORT AREA S D,0.0,,0.5,2022-01-05,0.5,2006-07-01,1.0
MCKEAN,420505,SMETHPORT BORO,SMETHPORT AREA S D,0.0,,0.5,,0.5,2006-07-01,1.0
MCKEAN,420206,WETMORE TWP,KANE AREA S D,1.0,,0.5,,0.7,2016-07-01,1.2
MERCER,431001,CLARK BORO,SHARPSVILLE AREA S D,1.0,,0.5,,0.5,,1.0
MERCER,430701,COOLSPRING TWP,MERCER AREA S D,1.0,,0.5,,0.5,,1.0
MERCER,430101,DEER CREEK TWP,COMMODORE PERRY S D,1.0,,0.5,,0.5,,1.0
MERCER,430801,DELAWARE TWP,REYNOLDS S D,1.0,,0.5,,0.5,,1.0
MERCER,430702,EAST LACKAWANNOCK TWP,MERCER AREA S D,1.0,,0.5,,0.5,,1.0
MERCER,430601,FAIRVIEW TWP,LAKEVIEW S D,1.0,,0.5,,0.5,,1.0
MERCER,430201,FARRELL CITY,FARRELL AREA S D,1.0,2016-01-01,2.0,2019-01-01,0.5,,2.5
MERCER,430703,FINDLEY TWP,MERCER AREA S D,1.0,,0.5,,0.5,,1.0
MERCER,430802,FREDONIA BORO,REYNOLDS S D,1.0,,0.5,,0.5,,1.0
MERCER,200209,FRENCH CREEK TWP,CRAWFORD CENTRAL S D,1.0,,0.5,,0.5,,1.0
MERCER,200303,GREENE TWP,JAMESTOWN AREA S D,1.0,2012-01-01,0.5,,0.5,,1.0
MERCER,430301,GREENVILLE BORO,GREENVILLE AREA S D,1.0,2018-01-01,1.75,2024-01-01,0.5,,2.25
MERCER,430401,GROVE CITY BORO,GROVE CITY AREA S D,1.0,,0.5,,0.5,,1.0
MERCER,430302,HEMPFIELD TWP,GREENVILLE AREA S D,1.0,,0.5,,0.5,,1.0
MERCER,430203,HERMITAGE CITY,FARRELL AREA S D,0.0,,0.0,,0.0,,0.0
MERCER,430501,HERMITAGE CITY,HERMITAGE S D,1.0,,1.75,,0.5,,2.25
MERCER,430602,JACKSON CENTER BORO,LAKEVIEW S D,1.0,,0.5,,0.5,,1.0
MERCER,430603,JACKSON TWP,LAKEVIEW S D,1.0,,0.5,,0.5,,1.0
MERCER,200304,JAMESTOWN BORO,JAMESTOWN AREA S D,1.0,,0.5,,0.5,,1.0
MERCER,430704,JEFFERSON TWP,MERCER AREA S D,0.5,,0.5,,0.5,,1.0
MERCER,431101,LACKAWANNOCK TWP,WEST MIDDLESEX AREA S D,1.0,,0.5,,0.5,,1.0
MERCER,430604,LAKE TWP,LAKEVIEW S D,1.0,,0.5,,0.5,,1.0
MERCER,430402,LIBERTY TWP,GROVE CITY AREA S D,1.0,,0.5,,0.5,,1.0
MERCER,430705,MERCER BORO,MERCER AREA S D,1.0,,0.5,,0.5,,1.0
MERCER,430605,MILL CREEK TWP,LAKEVIEW S D,1.0,,0.5,,0.5,,1.0
MERCER,430606,NEW LEBANON BORO,LAKEVIEW S D,0.0,,0.5,,0.5,,1.0
MERCER,430607,NEW VERNON TWP,LAKEVIEW S D,0.5,,0.5,,0.5,,1.0
MERCER,430102,OTTER CREEK TWP,COMMODORE PERRY S D,1.0,,0.5,,0.5,,1.0
MERCER,430103,PERRY TWP,COMMODORE PERRY S D,1.0,,0.5,,0.5,,1.0
MERCER,430403,PINE TWP,GROVE CITY AREA S D,1.0,,0.5,,0.5,,1.0
MERCER,430803,PYMATUNING TWP,REYNOLDS S D,1.0,,0.5,,0.5,,1.0
MERCER,430104,SALEM TWP,COMMODORE PERRY S D,1.0,1966-07-01,0.5,1966-07-01,0.5,,1.0
MERCER,430105,SANDY CREEK TWP,COMMODORE PERRY S D,1.0,,0.5,,0.5,,1.0
MERCER,430608,SANDY LAKE BORO,LAKEVIEW S D,1.0,,0.5,,0.5,,1.0
MERCER,430609,SANDY LAKE TWP,LAKEVIEW S D,1.0,,0.5,,0.5,,1.0
MERCER,430901,SHARON CITY,SHARON CITY S D,1.0,,1.75,2009-01-05,0.5,,2.25
MERCER,431002,SHARPSVILLE BORO,SHARPSVILLE AREA S D,1.0,,0.5,,0.5,,1.0
MERCER,430106,SHEAKLEYVILLE BORO,COMMODORE PERRY S D,1.0,2023-01-01,0.5,2023-01-01,0.5,,1.0
MERCER,431102,SHENANGO TWP,WEST MIDDLESEX AREA S D,1.0,,0.5,,0.5,,1.0
MERCER,431003,SOUTH PYMATUNING TWP,SHARPSVILLE AREA S D,1.0,,0.5,,0.5,,1.0
MERCER,430404,SPRINGFIELD TWP,GROVE CITY AREA S D,1.0,,0.5,,0.5,,1.0
MERCER,430610,STONEBORO BORO,LAKEVIEW S D,1.0,,0.5,,0.5,,1.0
MERCER,430303,SUGAR GROVE TWP,GREENVILLE AREA S D,1.0,,0.5,,0.5,,1.0
MERCER,431103,WEST MIDDLESEX BORO,WEST MIDDLESEX AREA S D,1.0,1967-01-01,0.5,1967-01-01,0.5,,1.0
MERCER,430804,WEST SALEM TWP,REYNOLDS S D,1.0,2006-01-01,0.5,,0.5,,1.0
MERCER,370807,WILMINGTON TWP,WILMINGTON AREA S D,1.0,1967-01-01,0.5,1967-01-01,0.5,,1.0
MERCER,430405,WOLF CREEK TWP,GROVE CITY AREA S D,1.0,,0.5,,0.5,,1.0
MERCER,430611,WORTH TWP,LAKEVIEW S D,1.0,,0.5,,0.5,,1.0
MIFFLIN,440101,ARMAGH TWP,MIFFLIN COUNTY S D,1.0,2011-12-05,0.5,2011-03-24,0.85,2016-07-01,1.35
MIFFLIN,440102,BRATTON TWP,MIFFLIN COUNTY S D,1.0,,0.5,,0.85,2016-07-01,1.35
MIFFLIN,440103,BROWN TWP,MIFFLIN COUNTY S D,1.0,,0.5,,0.85,2016-07-01,1.35
MIFFLIN,440104,BURNHAM BORO,MIFFLIN COUNTY S D,1.0,2012-01-01,0.5,,0.85,2016-07-01,1.35
MIFFLIN,440105,DECATUR TWP,MIFFLIN COUNTY S D,1.0,,0.5,,0.85,2016-07-01,1.35
MIFFLIN,440106,DERRY TWP,MIFFLIN COUNTY S D,1.0,,0.5,,0.85,2016-07-01,1.35
MIFFLIN,440107,GRANVILLE TWP,MIFFLIN COUNTY S D,1.0,1966-07-01,0.5,,0.85,2016-07-01,1.35
MIFFLIN,440108,JUNIATA TERRACE BORO,MIFFLIN COUNTY S D,0.5,,0.5,,0.85,2016-07-01,1.35
MIFFLIN,310306,KISTLER BORO,MOUNT UNION AREA S D,1.0,2012-01-01,0.5,,0.5,,1.0
MIFFLIN,440109,LEWISTOWN BORO,MIFFLIN COUNTY S D,1.0,1966-07-01,0.5,1966-07-01,0.85,2016-07-01,1.35
MIFFLIN,440110,MCVEYTOWN BORO,MIFFLIN COUNTY S D,1.0,2012-01-01,0.5,,0.85,2016-07-01,1.35
MIFFLIN,440111,MENNO TWP,MIFFLIN COUNTY S D,1.0,,0.5,,0.85,2016-07-01,1.35
MIFFLIN,310307,NEWTON HAMILTON BORO,MOUNT UNION AREA S D,1.0,,0.5,,0.5,,1.0
MIFFLIN,440112,OLIVER TWP,MIFFLIN COUNTY S D,1.0,,0.5,,0.85,2016-07-01,1.35
MIFFLIN,440113,UNION TWP,MIFFLIN COUNTY S D,1.0,,0.5,,0.85,2016-07-01,1.35
MIFFLIN,310308,WAYNE TWP,MOUNT UNION AREA S D,1.0,2012-01-01,0.5,,0.5,,1.0
MONROE,450301,BARRETT TWP,POCONO MOUNTAIN S D,1.0,,0.5,2006-01-01,0.5,2006-01-01,1.0
MONROE,450201,CHESTNUTHILL TWP,PLEASANT VALLEY S D,1.0,,0.5,,0.5,,1.0
MONROE,450302,COOLBAUGH TWP,POCONO MOUNTAIN S D,1.0,,0.5,2006-01-01,0.5,2006-01-01,1.0
MONROE,450401,DELAWARE WATER GAP BORO,STROUDSBURG AREA S D,1.0,,0.5,,0.5,,1.0
MONROE,450101,EAST STROUDSBURG BORO,EAST STROUSBG AREA S D,1.0,1968-07-01,0.5,1968-07-01,0.5,,1.0
MONROE,450202,ELDRED TWP,PLEASANT VALLEY S D,1.0,,0.5,,0.5,,1.0
MONROE,450402,HAMILTON TWP,STROUDSBURG AREA S D,1.0,,0.5,,0.5,,1.0
MONROE,450303,JACKSON TWP,POCONO MOUNTAIN S D,1.0,2016-01-01,0.75,2016-01-01,0.5,2006-01-01,1.25
MONROE,450102,MIDDLE SMITHFIELD TWP,EAST STROUSBG AREA S D,1.0,,0.5,,0.5,,1.0
MONROE,450304,MOUNT POCONO BORO,POCONO MOUNTAIN S D,1.0,,0.5,2006-01-01,0.5,2006-01-01,1.0
MONROE,450305,PARADISE TWP,POCONO MOUNTAIN S D,1.0,2007-01-01,0.75,2016-01-01,0.5,2006-01-01,1.25
MONROE,450306,POCONO TWP,POCONO MOUNTAIN S D,1.0,,0.5,2006-01-01,0.5,2006-01-01,1.0
MONROE,450203,POLK TWP,PLEASANT VALLEY S D,1.0,2012-01-01,0.5,,0.5,,1.0
MONROE,450103,PRICE TWP,EAST STROUSBG AREA S D,1.0,,0.5,,0.5,,1.0
MONROE,450204,ROSS TWP,PLEASANT VALLEY S D,1.0,2012-01-01,0.5,,0.5,,1.0
MONROE,450104,SMITHFIELD TWP,EAST STROUSBG AREA S D,1.0,2007-01-01,0.5,,0.5,,1.0
MONROE,450403,STROUD TWP,STROUDSBURG AREA S D,1.0,1968-05-15,0.75,2021-01-01,0.5,,1.25
MONROE,450404,STROUDSBURG BORO,STROUDSBURG AREA S D,1.0,,0.5,,0.5,,1.0
MONROE,450307,TOBYHANNA TWP,POCONO MOUNTAIN S D,1.0,1995-01-01,0.5,2006-01-01,0.5,2006-01-01,1.0
MONROE,450308,TUNKHANNOCK TWP,POCONO MOUNTAIN S D,1.0,,0.5,2006-01-01,0.5,2006-01-01,1.0
MONTGOMERY,460101,ABINGTON TWP,ABINGTON S D,1.0,2003-07-01,0.5,2003-04-01,0.5,,1.0
MONTGOMERY,462201,AMBLER BORO,WISSAHICKON S D,1.0,,0.5,,0.5,2018-07-01,1.0
MONTGOMERY,461901,BRIDGEPORT BORO,UPPER MERION AREA S D,1.0,,1.0,,0.0,,1.0
MONTGOMERY,460201,BRYN ATHYN BORO,BRYN ATHYN S D,1.0,2007-01-01,0.5,2007-01-02,0.5,2006-07-01,1.0
MONTGOMERY,460301,CHELTENHAM TWP,CHELTENHAM TWP S D,1.0,2011-12-22,1.0,2021-01-01,0.5,,1.5
MONTGOMERY,461201,COLLEGEVILLE BORO,PERKIOMEN VALLEY S D,1.0,2000-01-01,0.5,2000-01-01,0.9,2010-07-01,1.4
MONTGOMERY,460401,CONSHOHOCKEN BORO,COLONIAL S D,1.0,,0.5,,0.5,,1.0
MONTGOMERY,060208,DOUGLASS TWP,BOYERTOWN AREA S D,1.0,,0.5,,0.5,,1.0
MONTGOMERY,462102,EAST GREENVILLE BORO,UPPER PERKIOMEN S D,1.0,,0.5,,0.5,2020-07-01,1.0
MONTGOMERY,461001,EAST NORRITON TWP,NORRISTOWN AREA S D,1.0,,0.5,,0.5,,1.0
MONTGOMERY,461501,FRANCONIA TWP,SOUDERTON AREA S D,1.0,2014-01-01,0.75,2016-01-01,0.5,2009-07-01,1.25
MONTGOMERY,462103,GREEN LANE BORO,UPPER PERKIOMEN S D,1.0,1968-01-01,0.5,1968-01-01,0.5,2020-07-01,1.0
MONTGOMERY,460501,HATBORO BORO,HATBORO-HORSHAM S D,1.0,,0.5,,0.5,,1.0
MONTGOMERY,461102,HATFIELD BORO,NORTH PENN S D,0.5,,0.5,,0.5,,1.0
MONTGOMERY,461103,HATFIELD TWP,NORTH PENN S D,1.0,2000-05-01,0.5,,0.5,,1.0
MONTGOMERY,460502,HORSHAM TWP,HATBORO-HORSHAM S D,1.0,,0.5,,0.5,,1.0
MONTGOMERY,460601,JENKINTOWN BORO,JENKINTOWN S D,1.0,2012-01-01,0.0,,1.0,,1.0
MONTGOMERY,461104,LANSDALE BORO,NORTH PENN S D,1.0,,0.5,,0.5,,1.0
MONTGOMERY,461702,LIMERICK TWP,SPRING-FORD AREA S D,1.0,1974-01-28,0.5,1974-01-28,0.5,,1.0
MONTGOMERY,461202,LOWER FREDERICK TWP,PERKIOMEN VALLEY S D,1.0,1970-02-25,0.55,1970-02-25,0.9,2010-07-01,1.45
MONTGOMERY,462202,LOWER GWYNEDD TWP,WISSAHICKON S D,1.0,2012-01-01,0.5,,0.5,2018-07-01,1.0
MONTGOMERY,460701,LOWER MERION TWP,LOWER MERION S D,0.0,,0.0,,0.0,,0.0
MONTGOMERY,460801,LOWER MORELAND TWP,LOWER MORELAND TWP S D,1.0,,0.5,,0.5,,1.0
MONTGOMERY,461301,LOWER POTTSGROVE TWP,POTTSGROVE S D,1.0,2009-01-01,0.5,2009-01-01,0.5,,1.0
MONTGOMERY,460901,LOWER PROVIDENCE TWP,METHACTON S D,1.0,1972-07-01,0.5,1972-07-01,0.5,,1.0
MONTGOMERY,461502,LOWER SALFORD TWP,SOUDERTON AREA S D,1.0,,0.5,,0.5,2009-07-01,1.0
MONTGOMERY,462104,MARLBOROUGH TWP,UPPER PERKIOMEN S D,1.0,,0.5,,0.5,2020-07-01,1.0
MONTGOMERY,461105,MONTGOMERY TWP,NORTH PENN S D,1.0,,0.5,,0.5,,1.0
MONTGOMERY,460702,NARBERTH BORO,LOWER MERION S D,0.5,2023-01-01,0.5,2023-01-01,0.0,,0.5
MONTGOMERY,060209,NEW HANOVER TWP,BOYERTOWN AREA S D,1.0,2007-01-01,0.65,2016-01-01,0.5,,1.15
MONTGOMERY,461002,NORRISTOWN BORO,NORRISTOWN AREA S D,1.0,,1.6,,0.5,,2.1
MONTGOMERY,461106,NORTH WALES BORO,NORTH PENN S D,1.0,,0.5,,0.5,,1.0
MONTGOMERY,462105,PENNSBURG BORO,UPPER PERKIOMEN S D,1.0,,0.5,,0.5,2020-07-01,1.0
MONTGOMERY,461203,PERKIOMEN TWP,PERKIOMEN VALLEY S D,1.0,,0.625,2016-01-01,0.9,2010-07-01,1.525
MONTGOMERY,460402,PLYMOUTH TWP,COLONIAL S D,1.0,,0.6,2023-01-01,0.5,,1.1
MONTGOMERY,461401,POTTSTOWN BORO,POTTSTOWN S D,1.0,,0.5,,0.5,,1.0
MONTGOMERY,462106,RED HILL BORO,UPPER PERKIOMEN S D,1.0,,0.5,,0.5,2020-07-01,1.0
MONTGOMERY,460102,ROCKLEDGE BORO,ABINGTON S D,1.0,,0.5,,0.5,,1.0
MONTGOMERY,461703,ROYERSFORD BORO,SPRING-FORD AREA S D,1.0,,0.5,,0.5,,1.0
MONTGOMERY,461503,SALFORD TWP,SOUDERTON AREA S D,1.0,,0.5,,0.5,2009-07-01,1.0
MONTGOMERY,461204,SCHWENKSVILLE BORO,PERKIOMEN VALLEY S D,1.0,,0.5,,0.9,2010-07-01,1.4
MONTGOMERY,461205,SKIPPACK TWP,PERKIOMEN VALLEY S D,1.0,,0.75,2017-01-03,0.9,2010-07-01,1.65
MONTGOMERY,461504,SOUDERTON BORO,SOUDERTON AREA S D,1.0,,0.5,,0.5,2009-07-01,1.0
MONTGOMERY,461601,SPRINGFIELD TWP,SPRINGFIELD TWP S D,1.0,,0.5,,0.5,,1.0
MONTGOMERY,461505,TELFORD BORO,SOUDERTON AREA S D,1.0,,0.5,,0.5,2009-07-01,1.0
MONTGOMERY,461107,TOWAMENCIN TWP,NORTH PENN S D,1.0,2019-01-01,0.5,,0.5,,1.0
MONTGOMERY,461206,TRAPPE BORO,PERKIOMEN VALLEY S D,1.0,1970-01-01,0.5,,0.9,2010-07-01,1.4
MONTGOMERY,461801,UPPER DUBLIN TWP,UPPER DUBLIN S D,1.0,2012-01-01,0.5,2012-01-01,0.5,,1.0
MONTGOMERY,060210,UPPER FREDERICK TWP,BOYERTOWN AREA S D,1.0,,0.5,,0.5,,1.0
MONTGOMERY,461108,UPPER GWYNEDD TWP,NORTH PENN S D,1.0,,0.5,,0.5,,1.0
MONTGOMERY,462107,UPPER HANOVER TWP,UPPER PERKIOMEN S D,1.0,2005-01-01,0.5,,0.5,2020-07-01,1.0
MONTGOMERY,461902,UPPER MERION TWP,UPPER MERION AREA S D,0.0,,0.0,,0.0,,0.0
MONTGOMERY,462001,UPPER MORELAND TWP,UPPER MORELAND TWP S D,1.0,,0.5,,0.5,,1.0
MONTGOMERY,461302,UPPER POTTSGROVE TWP,POTTSGROVE S D,1.0,1985-01-01,0.75,2016-01-01,0.5,,1.25
MONTGOMERY,461704,UPPER PROVIDENCE TWP,SPRING-FORD AREA S D,1.0,,0.5,,0.5,,1.0
MONTGOMERY,461506,UPPER SALFORD TWP,SOUDERTON AREA S D,1.0,,0.5,,0.5,2009-07-01,1.0
MONTGOMERY,461903,WEST CONSHOHOCKEN BORO,UPPER MERION AREA S D,1.0,,1.0,,0.0,,1.0
MONTGOMERY,461003,WEST NORRITON TWP,NORRISTOWN AREA S D,1.0,,0.5,,0.5,,1.0
MONTGOMERY,461303,WEST POTTSGROVE TWP,POTTSGROVE S D,1.0,1985-01-01,0.5,,0.5,,1.0
MONTGOMERY,460403,WHITEMARSH TWP,COLONIAL S D,1.0,2005-07-01,0.75,2016-01-01,0.5,,1.25
MONTGOMERY,462203,WHITPAIN TWP,WISSAHICKON S D,1.0,2023-01-01,0.56,2023-01-01,0.5,2018-07-01,1.06
MONTGOMERY,460902,WORCESTER TWP,METHACTON S D,1.0,,0.5,,0.5,,1.0
MONTOUR,490601,ANTHONY TWP,WARRIOR RUN S D,1.0,,0.5,,1.3,2017-07-01,1.8
MONTOUR,470101,COOPER TWP,DANVILLE AREA S D,1.0,,0.5,,1.15,2016-07-01,1.65
MONTOUR,470102,DANVILLE BORO,DANVILLE AREA S D,1.0,,0.5,,1.15,2016-07-01,1.65
MONTOUR,470103,DERRY TWP,DANVILLE AREA S D,1.0,2008-01-01,0.5,2008-01-01,1.15,2016-07-01,1.65
MONTOUR,470104,LIBERTY TWP,DANVILLE AREA S D,0.0,,0.5,,1.15,2016-07-01,1.65
MONTOUR,490602,LIMESTONE TWP,WARRIOR RUN S D,0.0,,0.5,,1.3,2017-07-01,1.8
MONTOUR,470105,MAHONING TWP,DANVILLE AREA S D,1.0,,0.5,,1.15,2016-07-01,1.65
MONTOUR,470106,MAYBERRY TWP,DANVILLE AREA S D,0.0,,0.5,,1.15,2016-07-01,1.65
MONTOUR,470107,VALLEY TWP,DANVILLE AREA S D,0.0,,0.5,,1.15,2016-07-01,1.65
MONTOUR,470108,WASHINGTONVILLE BORO,DANVILLE AREA S D,0.0,,0.5,,1.15,2016-07-01,1.65
MONTOUR,470109,WEST HEMLOCK TWP,DANVILLE AREA S D,1.0,,0.5,,1.15,2016-07-01,1.65
NORTHAMPTON,480501,ALLEN TWP,NORTHAMPTON AREA S D,1.0,,0.5,,0.7,2016-07-01,1.2
NORTHAMPTON,480101,BANGOR BORO,BANGOR AREA S D,1.0,,0.53,2016-01-01,0.7,2016-07-01,1.23
NORTHAMPTON,480502,BATH BORO,NORTHAMPTON AREA S D,1.0,,0.5,,0.7,2016-07-01,1.2
NORTHAMPTON,480202,BETHLEHEM CITY,BETHLEHEM AREA S D,1.0,,0.5,,0.5,,1.0
NORTHAMPTON,480703,BETHLEHEM CITY,SAUCON VALLEY S D,1.0,,0.5,,0.5,,1.0
NORTHAMPTON,480203,BETHLEHEM TWP,BETHLEHEM AREA S D,1.0,,0.5,,0.5,,1.0
NORTHAMPTON,480401,BUSHKILL TWP,NAZARETH AREA S D,1.0,,0.75,2016-01-01,0.7,2016-07-01,1.45
NORTHAMPTON,480503,CHAPMAN BORO,NORTHAMPTON AREA S D,1.0,,0.5,2010-01-01,0.7,2016-07-01,1.2
NORTHAMPTON,480504,EAST ALLEN TWP,NORTHAMPTON AREA S D,1.0,,0.75,2023-01-01,0.7,2016-07-01,1.45
NORTHAMPTON,480102,EAST BANGOR BORO,BANGOR AREA S D,1.0,,0.5,,0.7,2016-07-01,1.2
NORTHAMPTON,480302,EASTON CITY,EASTON AREA S D,1.95,2016-01-01,1.45,2016-01-01,0.5,,1.95
NORTHAMPTON,480303,FORKS TWP,EASTON AREA S D,1.0,,0.5,,0.5,,1.0
NORTHAMPTON,480204,FREEMANSBURG BORO,BETHLEHEM AREA S D,1.0,1957-01-01,0.5,1957-01-01,0.5,,1.0
NORTHAMPTON,480801,GLENDON BORO,WILSON AREA S D,1.0,2011-08-03,0.5,2011-08-03,0.5,,1.0
NORTHAMPTON,480205,HANOVER TWP,BETHLEHEM AREA S D,1.0,,0.5,,0.5,,1.0
NORTHAMPTON,480701,HELLERTOWN BORO,SAUCON VALLEY S D,1.0,1957-01-01,0.5,1957-01-01,0.5,,1.0
NORTHAMPTON,480505,LEHIGH TWP,NORTHAMPTON AREA S D,1.0,,0.5,2010-01-01,0.7,2016-07-01,1.2
NORTHAMPTON,480103,LOWER MT BETHEL TWP,BANGOR AREA S D,1.0,,0.75,2016-01-01,0.7,2016-07-01,1.45
NORTHAMPTON,480304,LOWER MT BETHEL TWP,EASTON AREA S D,1.0,,0.75,2016-01-01,0.5,,1.25
NORTHAMPTON,480402,LOWER NAZARETH TWP,NAZARETH AREA S D,1.0,,0.75,2020-01-01,0.7,2016-07-01,1.45
NORTHAMPTON,480702,LOWER SAUCON TWP,SAUCON VALLEY S D,1.0,2007-01-01,0.5,2007-01-01,0.5,,1.0
NORTHAMPTON,480506,MOORE TWP,NORTHAMPTON AREA S D,1.0,2011-01-01,0.75,2016-01-01,0.7,2016-07-01,1.45
NORTHAMPTON,480403,NAZARETH BORO,NAZARETH AREA S D,1.0,,0.5,,0.7,2016-07-01,1.2
NORTHAMPTON,390203,NORTH CATASAUQUA BORO,CATASAUQUA AREA S D,1.0,1966-01-01,0.5,1966-01-01,0.5,1966-01-01,1.0
NORTHAMPTON,480507,NORTHAMPTON BORO,NORTHAMPTON AREA S D,1.0,,0.5,2010-01-01,0.7,2016-07-01,1.2
NORTHAMPTON,480305,PALMER TWP,EASTON AREA S D,1.0,,0.5,,0.5,,1.0
NORTHAMPTON,480407,PALMER TWP,NAZARETH AREA S D,1.0,,0.5,,0.7,2016-07-01,1.2
NORTHAMPTON,480601,PEN ARGYL BORO,PEN ARGYL AREA S D,1.0,2012-01-01,0.5,,0.85,2016-07-01,1.35
NORTHAMPTON,480602,PLAINFIELD TWP,PEN ARGYL AREA S D,1.0,2012-01-01,0.75,2012-01-01,0.85,2016-07-01,1.6
NORTHAMPTON,480104,PORTLAND BORO,BANGOR AREA S D,1.0,2012-01-01,0.5,,0.7,2016-07-01,1.2
NORTHAMPTON,480105,ROSETO BORO,BANGOR AREA S D,1.0,1961-12-04,0.5,2012-12-03,0.7,2016-07-01,1.2
NORTHAMPTON,480404,STOCKERTOWN BORO,NAZARETH AREA S D,1.0,,0.5,,0.7,2016-07-01,1.2
NORTHAMPTON,480405,TATAMY BORO,NAZARETH AREA S D,1.0,,0.5,,0.7,2016-07-01,1.2
NORTHAMPTON,480106,UPPER MT BETHEL TWP,BANGOR AREA S D,1.0,,0.625,2018-01-01,0.7,2016-07-01,1.325
NORTHAMPTON,480406,UPPER NAZARETH TWP,NAZARETH AREA S D,1.0,,0.75,2020-01-01,0.7,2016-07-01,1.45
NORTHAMPTON,390403,WALNUTPORT BORO,NORTHERN LEHIGH S D,1.0,,0.5,,0.5,,1.0
NORTHAMPTON,480107,WASHINGTON TWP,BANGOR AREA S D,1.0,,0.5,,0.7,2016-07-01,1.2
NORTHAMPTON,480802,WEST EASTON BORO,WILSON AREA S D,1.0,,0.5,,0.5,,1.0
NORTHAMPTON,480803,WILLIAMS TWP,WILSON AREA S D,1.0,,0.5,2015-01-01,0.5,,1.0
NORTHAMPTON,480804,WILSON BORO,WILSON AREA S D,1.0,,0.5,,0.5,,1.0
NORTHAMPTON,480603,WIND GAP BORO,PEN ARGYL AREA S D,1.0,,0.5,,0.85,2016-07-01,1.35
NORTHUMBERLAND,490401,COAL TWP,SHAMOKIN AREA S D,1.0,,0.5,,0.5,,1.0
NORTHUMBERLAND,490603,DELAWARE TWP,WARRIOR RUN S D,0.0,,0.5,,1.3,2017-07-01,1.8
NORTHUMBERLAND,490402,EAST CAMERON TWP,SHAMOKIN AREA S D,1.0,,0.5,,0.5,,1.0
NORTHUMBERLAND,490201,EAST CHILLISQUAQUE TWP,MILTON AREA S D,1.0,,0.5,,1.3,2016-07-01,1.8
NORTHUMBERLAND,490101,HERNDON BORO,LINE MOUNTAIN S D,1.0,2012-01-01,0.5,,0.5,,1.0
NORTHUMBERLAND,490102,JACKSON TWP,LINE MOUNTAIN S D,1.0,,0.5,,0.5,,1.0
NORTHUMBERLAND,490103,JORDAN TWP,LINE MOUNTAIN S D,0.0,,0.5,,0.5,,1.0
NORTHUMBERLAND,490302,KULPMONT BORO,MOUNT CARMEL AREA S D,1.0,,0.5,,0.5,,1.0
NORTHUMBERLAND,490604,LEWIS TWP,WARRIOR RUN S D,1.0,,0.5,,1.3,2017-07-01,1.8
NORTHUMBERLAND,490104,LITTLE MAHANOY TWP,LINE MOUNTAIN S D,1.0,,0.5,,0.5,,1.0
NORTHUMBERLAND,490105,LOWER AUGUSTA TWP,LINE MOUNTAIN S D,0.0,,0.5,,0.5,,1.0
NORTHUMBERLAND,490106,LOWER MAHANOY TWP,LINE MOUNTAIN S D,1.0,,0.5,,0.5,,1.0
NORTHUMBERLAND,490303,MARION HEIGHTS BORO,MOUNT CARMEL AREA S D,1.0,,0.5,,0.5,,1.0
NORTHUMBERLAND,490605,MCEWENSVILLE BORO,WARRIOR RUN S D,1.0,,0.5,,1.3,2017-07-01,1.8
NORTHUMBERLAND,490202,MILTON BORO,MILTON AREA S D,0.5,,0.5,,1.3,2016-07-01,1.8
NORTHUMBERLAND,490304,MT CARMEL BORO,MOUNT CARMEL AREA S D,0.5,,0.5,,0.5,,1.0
NORTHUMBERLAND,490305,MT CARMEL TWP,MOUNT CARMEL AREA S D,1.0,,0.5,,0.5,,1.0
NORTHUMBERLAND,490501,NORTHUMBERLAND BORO,SHIKELLAMY S D,0.0,,0.5,,0.5,,1.0
NORTHUMBERLAND,490502,POINT TWP,SHIKELLAMY S D,0.0,,0.5,,0.5,,1.0
NORTHUMBERLAND,190607,RALPHO TWP,SOUTHERN COLUMBIA A S D,1.0,,0.5,,1.5,2022-07-01,2.0
NORTHUMBERLAND,470110,RIVERSIDE BORO,DANVILLE AREA S D,1.0,,0.5,,1.15,2016-07-01,1.65
NORTHUMBERLAND,490503,ROCKEFELLER TWP,SHIKELLAMY S D,1.0,,0.5,,0.5,,1.0
NORTHUMBERLAND,470111,RUSH TWP,DANVILLE AREA S D,0.0,,0.5,,1.15,2016-07-01,1.65
NORTHUMBERLAND,490403,SHAMOKIN CITY,SHAMOKIN AREA S D,1.0,,1.5,2016-01-01,0.5,,2.0
NORTHUMBERLAND,490404,SHAMOKIN TWP,SHAMOKIN AREA S D,1.0,1965-07-01,0.5,1965-07-01,0.5,,1.0
NORTHUMBERLAND,490504,SNYDERTOWN BORO,SHIKELLAMY S D,1.0,,0.5,,0.5,,1.0
NORTHUMBERLAND,490505,SUNBURY CITY,SHIKELLAMY S D,1.0,,0.5,,0.5,,1.0
NORTHUMBERLAND,490203,TURBOT TWP,MILTON AREA S D,1.0,,0.5,,1.3,2016-07-01,1.8
NORTHUMBERLAND,490606,TURBOTVILLE BORO,WARRIOR RUN S D,0.5,,0.5,,1.3,2017-07-01,1.8
NORTHUMBERLAND,490506,UPPER AUGUSTA TWP,SHIKELLAMY S D,0.5,1965-01-01,0.5,,0.5,,1.0
NORTHUMBERLAND,490107,UPPER MAHANOY TWP,LINE MOUNTAIN S D,1.0,,0.5,,0.5,,1.0
NORTHUMBERLAND,490108,WASHINGTON TWP,LINE MOUNTAIN S D,1.0,,0.5,,0.5,,1.0
NORTHUMBERLAND,490607,WATSONTOWN BORO,WARRIOR RUN S D,1.0,,0.5,,1.3,2017-07-01,1.8
NORTHUMBERLAND,490109,WEST CAMERON TWP,LINE MOUNTAIN S D,0.0,,0.5,,0.5,,1.0
NORTHUMBERLAND,490204,WEST CHILLISQUAQUE TWP,MILTON AREA S D,0.0,,0.5,,1.3,2016-07-01,1.8
NORTHUMBERLAND,490110,ZERBE TWP,LINE MOUNTAIN S D,1.0,1963-01-01,0.5,1963-01-01,0.5,,1.0
PERRY,500401,BLAIN BORO,WEST PERRY S D,1.0,,0.5,,1.2,2016-07-01,1.7
PERRY,500402,BLOOMFIELD BORO,WEST PERRY S D,1.0,1966-01-01,0.5,1966-01-01,1.2,2016-07-01,1.7
PERRY,500201,BUFFALO TWP,NEWPORT S D,0.0,,0.5,,1.1,2017-07-01,1.6
PERRY,500403,CARROLL TWP,WEST PERRY S D,1.0,,0.5,,1.2,2016-07-01,1.7
PERRY,500404,CENTRE TWP,WEST PERRY S D,1.0,,0.5,,1.2,2016-07-01,1.7
PERRY,500302,DUNCANNON BORO,SUSQUENITA S D,1.0,,0.5,,1.3,2016-07-01,1.8
PERRY,500102,GREENWOOD TWP,GREENWOOD S D,1.0,,0.5,,1.25,2016-07-01,1.75
PERRY,500202,HOWE TWP,NEWPORT S D,1.0,,0.5,,1.1,2017-07-01,1.6
PERRY,500405,JACKSON TWP,WEST PERRY S D,1.0,,0.5,,1.2,2016-07-01,1.7
PERRY,500203,JUNIATA TWP,NEWPORT S D,1.0,,0.5,,1.1,2017-07-01,1.6
PERRY,500406,LANDISBURG BORO,WEST PERRY S D,1.0,,0.5,,1.2,2016-07-01,1.7
PERRY,500103,LIVERPOOL BORO,GREENWOOD S D,1.0,,0.5,,1.25,2016-07-01,1.75
PERRY,500104,LIVERPOOL TWP,GREENWOOD S D,1.0,,0.5,,1.25,2016-07-01,1.75
PERRY,500303,MARYSVILLE BORO,SUSQUENITA S D,1.0,,0.5,,1.3,2016-07-01,1.8
PERRY,500204,MILLER TWP,NEWPORT S D,0.0,,0.5,,1.1,2017-07-01,1.6
PERRY,500105,MILLERSTOWN BORO,GREENWOOD S D,1.0,,0.5,,1.25,2016-07-01,1.75
PERRY,500304,NEW BUFFALO BORO,SUSQUENITA S D,1.0,,0.5,,1.3,2016-07-01,1.8
PERRY,500205,NEWPORT BORO,NEWPORT S D,0.5,,0.5,,1.1,2017-07-01,1.6
PERRY,500407,NORTHEAST MADISON TWP,WEST PERRY S D,1.0,,0.5,,1.2,2016-07-01,1.7
PERRY,500206,OLIVER TWP,NEWPORT S D,1.0,,0.5,,1.1,2017-07-01,1.6
PERRY,500305,PENN TWP,SUSQUENITA S D,1.0,,0.5,,1.3,2016-07-01,1.8
PERRY,500306,RYE TWP,SUSQUENITA S D,1.0,,0.5,,1.3,2016-07-01,1.8
PERRY,500408,SAVILLE TWP,WEST PERRY S D,1.0,1966-07-01,0.5,,1.2,2016-07-01,1.7
PERRY,500409,SOUTHWEST MADISON TWP,WEST PERRY S D,1.0,,0.5,,1.2,2016-07-01,1.7
PERRY,500410,SPRING TWP,WEST PERRY S D,1.0,,0.5,,1.2,2016-07-01,1.7
PERRY,280203,TOBOYNE TWP,FANNETT-METAL S D,1.0,,0.5,,0.5,,1.0
PERRY,500411,TOBOYNE TWP,WEST PERRY S D,1.0,,0.5,,1.2,2016-07-01,1.7
PERRY,500106,TUSCARORA TWP,GREENWOOD S D,1.0,,0.5,,1.25,2016-07-01,1.75
PERRY,500412,TYRONE TWP,WEST PERRY S D,0.0,,0.5,,1.2,2016-07-01,1.7
PERRY,500307,WATTS TWP,SUSQUENITA S D,1.0,,0.5,,1.3,2016-07-01,1.8
PERRY,500308,WHEATFIELD TWP,SUSQUENITA S D,0.0,,0.5,,1.3,2016-07-01,1.8
PHILADELPHIA,510101,PHILADELPHIA CITY,PHILADELPHIA CITY S D,3.44,2022-07-01,3.79,2022-07-01,0.0,,3.79
PIKE,520201,BLOOMING GROVE TWP,WALLENPAUPACK AREA S D,0.0,,0.0,,0.0,,0.0
PIKE,520101,DELAWARE TWP,DELAWARE VALLEY S D,0.0,,0.0,,0.0,,0.0
PIKE,520102,DINGMAN TWP,DELAWARE VALLEY S D,0.0,,0.0,,0.0,,0.0
PIKE,520202,GREENE TWP,WALLENPAUPACK AREA S D,0.0,,0.0,,0.0,,0.0
PIKE,520203,LACKAWAXEN TWP,WALLENPAUPACK AREA S D,0.0,,0.0,,0.0,,0.0
PIKE,450105,LEHMAN TWP,EAST STROUSBG AREA S D,0.5,1968-01-01,0.5,1968-01-01,0.5,,1.0
PIKE,520103,MATAMORAS BORO,DELAWARE VALLEY S D,1.0,2015-07-01,1.0,2015-07-01,0.0,,1.0
PIKE,520104,MILFORD BORO,DELAWARE VALLEY S D,1.0,2021-10-01,1.0,2021-10-01,0.0,,1.0
PIKE,520105,MILFORD TWP,DELAWARE VALLEY S D,0.0,,0.0,,0.0,,0.0
PIKE,520204,PALMYRA TWP,WALLENPAUPACK AREA S D,0.0,,0.0,,0.0,,0.0
PIKE,450106,PORTER TWP,EAST STROUSBG AREA S D,1.0,2018-01-02,0.5,2018-01-02,0.5,,1.0
PIKE,520106,SHOHOLA TWP,DELAWARE VALLEY S D,0.0,,0.0,,0.0,,0.0
PIKE,520107,WESTFALL TWP,DELAWARE VALLEY S D,1.0,2015-05-15,1.0,2015-05-15,0.0,,1.0
POTTER,530301,ABBOTT TWP,GALETON AREA S D,0.0,,0.5,,0.5,,1.0
POTTER,530201,ALLEGANY TWP,COUDERSPORT AREA S D,1.0,,0.5,,0.5,,1.0
POTTER,530401,ALLEGANY TWP,NORTHERN POTTER S D,1.0,,0.5,,0.5,2008-07-01,1.0
POTTER,530101,AUSTIN BORO,AUSTIN AREA S D,1.0,,0.5,1966-09-01,0.5,2007-07-01,1.0
POTTER,530402,BINGHAM TWP,NORTHERN POTTER S D,1.0,,0.5,,0.5,2008-07-01,1.0
POTTER,530502,CLARA TWP,OSWAYO VALLEY S D,0.0,,0.5,,0.5,2020-07-01,1.0
POTTER,530202,COUDERSPORT BORO,COUDERSPORT AREA S D,1.0,,0.5,,0.5,,1.0
POTTER,530203,EULALIA TWP,COUDERSPORT AREA S D,1.0,,0.5,,0.5,,1.0
POTTER,530302,GALETON  BORO,GALETON AREA S D,0.5,,0.5,,0.5,,1.0
POTTER,530403,GENESEE TWP,NORTHERN POTTER S D,1.0,1995-01-01,0.5,,0.5,2008-07-01,1.0
POTTER,530404,HARRISON TWP,NORTHERN POTTER S D,1.0,1995-01-01,0.5,,0.5,2008-07-01,1.0
POTTER,530204,HEBRON TWP,COUDERSPORT AREA S D,1.0,,0.5,,0.5,,1.0
POTTER,530303,HECTOR TWP,GALETON AREA S D,0.0,,0.5,,0.5,,1.0
POTTER,530405,HECTOR TWP,NORTHERN POTTER S D,0.0,,0.5,,0.5,2008-07-01,1.0
POTTER,530205,HOMER TWP,COUDERSPORT AREA S D,0.5,,0.5,,0.5,,1.0
POTTER,530102,KEATING TWP,AUSTIN AREA S D,1.0,2016-01-12,0.5,2012-01-02,0.5,2007-07-01,1.0
POTTER,530503,OSWAYO BORO,OSWAYO VALLEY S D,0.0,,0.5,,0.5,2020-07-01,1.0
POTTER,530504,OSWAYO TWP,OSWAYO VALLEY S D,1.0,2012-01-01,0.5,2012-01-01,0.5,2020-07-01,1.0
POTTER,530304,PIKE TWP,GALETON AREA S D,1.0,,0.5,,0.5,,1.0
POTTER,420404,PLEASANT VALLEY TWP,PORT ALLEGANY S D,0.0,,0.5,,0.5,2007-07-01,1.0
POTTER,530103,PORTAGE TWP,AUSTIN AREA S D,0.5,,0.5,,0.5,2007-07-01,1.0
POTTER,420405,ROULETTE TWP,PORT ALLEGANY S D,1.0,,0.5,,0.5,2007-07-01,1.0
POTTER,530505,SHARON TWP,OSWAYO VALLEY S D,1.0,,0.5,,0.5,2020-07-01,1.0
POTTER,530506,SHINGLEHOUSE BORO,OSWAYO VALLEY S D,1.0,,0.5,,0.5,2020-07-01,1.0
POTTER,180129,STEWARDSON TWP,KEYSTONE CENTRAL S D,0.0,,0.5,,1.0,2016-07-01,1.5
POTTER,530206,SUMMIT TWP,COUDERSPORT AREA S D,0.5,1975-01-01,0.5,,0.5,,1.0
POTTER,530207,SWEDEN TWP,COUDERSPORT AREA S D,0.0,,0.5,,0.5,,1.0
POTTER,530104,SYLVANIA TWP,AUSTIN AREA S D,1.0,2006-07-01,0.5,2006-07-01,0.5,2007-07-01,1.0
POTTER,530406,ULYSSES BORO,NORTHERN POTTER S D,1.0,,0.5,,0.5,2008-07-01,1.0
POTTER,530407,ULYSSES TWP,NORTHERN POTTER S D,0.0,,0.5,,0.5,2008-07-01,1.0
POTTER,530305,WEST BRANCH TWP,GALETON AREA S D,1.0,,0.5,,0.5,,1.0
POTTER,530105,WHARTON TWP,AUSTIN AREA S D,1.0,1967-07-01,0.5,1967-07-01,0.5,2007-07-01,1.0
SCHUYLKILL,540402,ASHLAND BORO,NORTH SCHUYLKILL S D,0.0,,0.5,,0.5,,1.0
SCHUYLKILL,540101,AUBURN BORO,BLUE MOUNTAIN S D,1.0,,0.5,,0.5,,1.0
SCHUYLKILL,541101,BARRY TWP,TRI-VALLEY S D,0.0,,0.5,,0.5,,1.0
SCHUYLKILL,540701,BLYTHE TWP,SAINT CLAIR AREA S D,0.0,,0.5,,0.5,,1.0
SCHUYLKILL,540301,BRANCH TWP,MINERSVILLE AREA S D,1.0,,0.5,,0.5,,1.0
SCHUYLKILL,540403,BUTLER TWP,NORTH SCHUYLKILL S D,1.0,2012-01-01,0.5,,0.5,,1.0
SCHUYLKILL,540302,CASS TWP,MINERSVILLE AREA S D,0.5,,0.5,,0.5,,1.0
SCHUYLKILL,130404,COALDALE BORO,PANTHER VALLEY S D,1.0,1965-01-01,0.5,,0.5,,1.0
SCHUYLKILL,540102,CRESSONA BORO,BLUE MOUNTAIN S D,0.0,,0.5,,0.5,,1.0
SCHUYLKILL,540103,DEER LAKE BORO,BLUE MOUNTAIN S D,0.0,,0.5,,0.5,,1.0
SCHUYLKILL,540201,DELANO TWP,MAHANOY AREA S D,1.0,,0.5,,0.5,,1.0
SCHUYLKILL,540104,EAST BRUNSWICK TWP,BLUE MOUNTAIN S D,0.0,,0.5,,0.5,,1.0
SCHUYLKILL,540702,EAST NORWEGIAN TWP,SAINT CLAIR AREA S D,0.0,,0.5,,0.5,,1.0
SCHUYLKILL,400513,EAST UNION TWP,HAZLETON AREA S D,0.5,,0.5,,1.0,2016-07-01,1.5
SCHUYLKILL,541102,ELDRED TWP,TRI-VALLEY S D,0.0,,0.5,,0.5,,1.0
SCHUYLKILL,540303,FOSTER TWP,MINERSVILLE AREA S D,0.0,,0.5,,0.5,,1.0
SCHUYLKILL,540404,FRACKVILLE BORO,NORTH SCHUYLKILL S D,1.0,,0.5,,0.5,,1.0
SCHUYLKILL,540501,FRAILEY TWP,PINE GROVE AREA S D,0.0,,0.5,,0.5,,1.0
SCHUYLKILL,540202,GILBERTON BORO,MAHANOY AREA S D,0.5,,0.5,,0.5,,1.0
SCHUYLKILL,540405,GIRARDVILLE BORO,NORTH SCHUYLKILL S D,1.0,2012-01-01,0.5,,0.5,,1.0
SCHUYLKILL,540406,GORDON BORO,NORTH SCHUYLKILL S D,1.0,2012-01-01,0.5,,0.5,,1.0
SCHUYLKILL,541103,HEGINS TWP,TRI-VALLEY S D,0.5,,0.5,,0.5,,1.0
SCHUYLKILL,541104,HUBLEY TWP,TRI-VALLEY S D,0.0,,0.5,,0.5,,1.0
SCHUYLKILL,400514,KLINE TWP,HAZLETON AREA S D,0.5,2002-03-21,0.5,2002-03-21,1.0,2016-07-01,1.5
SCHUYLKILL,540901,LANDINGVILLE BORO,SCHUYLKILL HAVEN A S D,0.0,,0.5,,0.5,,1.0
SCHUYLKILL,540203,MAHANOY CITY BORO,MAHANOY AREA S D,1.0,2021-01-01,1.5,2021-01-01,0.5,,2.0
SCHUYLKILL,540204,MAHANOY TWP,MAHANOY AREA S D,1.0,,0.5,,0.5,,1.0
SCHUYLKILL,400515,MCADOO BORO,HAZLETON AREA S D,0.0,,0.5,,1.0,2016-07-01,1.5
SCHUYLKILL,540601,MECHANICSVILLE BORO,POTTSVILLE AREA S D,0.0,,0.5,,0.5,,1.0
SCHUYLKILL,540703,MIDDLEPORT BORO,SAINT CLAIR AREA S D,1.0,2015-01-01,0.5,2015-01-01,0.5,,1.0
SCHUYLKILL,540304,MINERSVILLE BORO,MINERSVILLE AREA S D,0.5,,0.5,,0.5,,1.0
SCHUYLKILL,540602,MT CARBON BORO,POTTSVILLE AREA S D,1.0,2012-01-01,0.5,,0.5,,1.0
SCHUYLKILL,540704,NEW CASTLE TWP,SAINT CLAIR AREA S D,0.5,1966-01-01,0.5,1966-01-01,0.5,,1.0
SCHUYLKILL,540705,NEW PHILADELPHIA BORO,SAINT CLAIR AREA S D,1.0,,0.5,,0.5,,1.0
SCHUYLKILL,540105,NEW RINGGOLD BORO,BLUE MOUNTAIN S D,0.0,,0.5,,0.5,,1.0
SCHUYLKILL,540106,NORTH MANHEIM TWP,BLUE MOUNTAIN S D,0.0,,0.5,1970-01-01,0.5,,1.0
SCHUYLKILL,400516,NORTH UNION TWP,HAZLETON AREA S D,0.5,,0.5,,1.0,2016-07-01,1.5
SCHUYLKILL,540603,NORWEGIAN TWP,POTTSVILLE AREA S D,0.0,,0.5,,0.5,,1.0
SCHUYLKILL,540107,ORWIGSBURG BORO,BLUE MOUNTAIN S D,1.0,2012-01-01,0.5,,0.5,,1.0
SCHUYLKILL,540604,PALO ALTO BORO,POTTSVILLE AREA S D,0.5,,0.5,,0.5,,1.0
SCHUYLKILL,540502,PINE GROVE BORO,PINE GROVE AREA S D,1.0,,0.5,,0.5,,1.0
SCHUYLKILL,540503,PINE GROVE TWP,PINE GROVE AREA S D,0.0,,0.5,,0.5,,1.0
SCHUYLKILL,540605,PORT CARBON BORO,POTTSVILLE AREA S D,0.0,,0.5,,0.5,,1.0
SCHUYLKILL,540902,PORT CLINTON BORO,SCHUYLKILL HAVEN A S D,0.0,,0.5,,0.5,,1.0
SCHUYLKILL,221105,PORTER TWP,WILLIAMS VALLEY S D,0.5,,0.5,,0.5,,1.0
SCHUYLKILL,540606,POTTSVILLE CITY,POTTSVILLE AREA S D,0.5,1965-01-01,0.5,,0.5,,1.0
SCHUYLKILL,540305,REILLY TWP,MINERSVILLE AREA S D,1.0,,0.5,,0.5,,1.0
SCHUYLKILL,540407,RINGTOWN  BORO,NORTH SCHUYLKILL S D,0.0,,0.5,,0.5,,1.0
SCHUYLKILL,540205,RUSH TWP,MAHANOY AREA S D,1.0,,0.5,,0.5,,1.0
SCHUYLKILL,541001,RUSH TWP,TAMAQUA AREA S D,1.0,,0.5,,0.5,2016-07-01,1.0
SCHUYLKILL,540206,RYAN TWP,MAHANOY AREA S D,1.0,2012-01-01,0.5,,0.5,,1.0
SCHUYLKILL,540903,SCHUYLKILL HAVEN BORO,SCHUYLKILL HAVEN A S D,0.0,,0.5,,0.5,,1.0
SCHUYLKILL,541002,SCHUYLKILL TWP,TAMAQUA AREA S D,1.0,,0.5,,0.5,2016-07-01,1.0
SCHUYLKILL,540801,SHENANDOAH BORO,SHENANDOAH VALLEY S D,1.0,,0.5,,0.5,,1.0
SCHUYLKILL,540904,SOUTH MANHEIM TWP,SCHUYLKILL HAVEN A S D,0.0,,0.5,,0.5,,1.0
SCHUYLKILL,540706,ST CLAIR BORO,SAINT CLAIR AREA S D,1.0,2012-01-01,0.5,2013-11-07,0.5,,1.0
SCHUYLKILL,541003,TAMAQUA  BORO,TAMAQUA AREA S D,1.0,1967-01-01,0.5,,0.5,2016-07-01,1.0
SCHUYLKILL,221106,TOWER CITY BORO,WILLIAMS VALLEY S D,1.0,2012-01-01,0.5,,0.5,,1.0
SCHUYLKILL,540504,TREMONT BORO,PINE GROVE AREA S D,1.0,,0.5,,0.5,,1.0
SCHUYLKILL,540505,TREMONT TWP,PINE GROVE AREA S D,1.0,,0.5,,0.5,,1.0
SCHUYLKILL,540408,UNION TWP,NORTH SCHUYLKILL S D,1.0,,0.5,,0.5,,1.0
SCHUYLKILL,541105,UPPER MAHANTANGO TWP,TRI-VALLEY S D,0.0,,0.5,,0.5,,1.0
SCHUYLKILL,541004,WALKER TWP,TAMAQUA AREA S D,1.0,,0.5,,0.5,2016-07-01,1.0
SCHUYLKILL,540506,WASHINGTON TWP,PINE GROVE AREA S D,1.0,2012-01-01,0.5,,0.5,,1.0
SCHUYLKILL,540108,WAYNE TWP,BLUE MOUNTAIN S D,0.0,,0.5,,0.5,,1.0
SCHUYLKILL,540109,WEST BRUNSWICK TWP,BLUE MOUNTAIN S D,0.0,,0.5,1969-11-19,0.5,,1.0
SCHUYLKILL,540802,WEST MAHANOY TWP,SHENANDOAH VALLEY S D,1.0,,0.5,,0.5,,1.0
SCHUYLKILL,541005,WEST PENN TWP,TAMAQUA AREA S D,1.0,,0.5,,0.5,2016-07-01,1.0
SNYDER,550101,ADAMS TWP,MIDD-WEST S D,0.5,,0.5,,1.8,2016-07-01,2.3
SNYDER,550102,BEAVER TWP,MIDD-WEST S D,1.0,,0.5,,1.8,2016-07-01,2.3
SNYDER,550103,BEAVERTOWN BORO,MIDD-WEST S D,1.0,,0.5,,1.8,2016-07-01,2.3
SNYDER,550104,CENTER TWP,MIDD-WEST S D,1.0,,0.5,,1.8,2016-07-01,2.3
SNYDER,550201,CHAPMAN TWP,SELINSGROVE AREA S D,0.0,,0.5,,1.6,2016-07-01,2.1
SNYDER,550105,FRANKLIN TWP,MIDD-WEST S D,0.5,,0.5,,1.8,2016-07-01,2.3
SNYDER,550202,FREEBURG BORO,SELINSGROVE AREA S D,1.0,,0.5,,1.6,2016-07-01,2.1
SNYDER,550203,JACKSON TWP,SELINSGROVE AREA S D,1.0,,0.5,,1.6,2016-07-01,2.1
SNYDER,550106,MCCLURE BORO,MIDD-WEST S D,1.0,,0.5,,1.8,2016-07-01,2.3
SNYDER,550107,MIDDLEBURG BORO,MIDD-WEST S D,0.5,,0.5,,1.8,2016-07-01,2.3
SNYDER,550108,MIDDLECREEK TWP,MIDD-WEST S D,0.5,,0.5,,1.8,2016-07-01,2.3
SNYDER,550204,MONROE TWP,SELINSGROVE AREA S D,1.0,,0.5,,1.6,2016-07-01,2.1
SNYDER,550205,PENN TWP,SELINSGROVE AREA S D,1.0,,0.5,,1.6,2016-07-01,2.1
SNYDER,550109,PERRY TWP,MIDD-WEST S D,1.0,,0.5,,1.8,2016-07-01,2.3
SNYDER,550206,SELINSGROVE BORO,SELINSGROVE AREA S D,1.0,1965-01-31,0.5,1965-01-31,1.6,2016-07-01,2.1
SNYDER,550207,SHAMOKIN DAM BORO,SELINSGROVE AREA S D,1.0,,0.5,,1.6,2016-07-01,2.1
SNYDER,550110,SPRING TWP,MIDD-WEST S D,1.0,,0.5,,1.8,2016-07-01,2.3
SNYDER,550208,UNION TWP,SELINSGROVE AREA S D,1.0,,0.5,,1.6,2016-07-01,2.1
SNYDER,550209,WASHINGTON TWP,SELINSGROVE AREA S D,0.0,,0.5,,1.6,2016-07-01,2.1
SNYDER,550111,WEST BEAVER TWP,MIDD-WEST S D,0.0,,0.5,,1.8,2016-07-01,2.3
SNYDER,550112,WEST PERRY TWP,MIDD-WEST S D,0.0,,0.5,,1.8,2016-07-01,2.3
SOMERSET,561001,ADDISON BORO,TURKEYFT VLLY AREA SD,0.0,,0.5,,0.5,,1.0
SOMERSET,561002,ADDISON TWP,TURKEYFT VLLY AREA SD,0.0,,0.5,,0.5,,1.0
SOMERSET,560101,ALLEGHENY TWP,BERLIN BROTHERSVALLEY SD,0.5,2012-01-01,0.5,2012-01-01,0.5,2007-07-01,1.0
SOMERSET,560201,BENSON BORO,CONEMAUGH TWP AREA S D,0.0,,0.5,,0.5,,1.0
SOMERSET,560102,BERLIN BORO,BERLIN BROTHERSVALLEY SD,0.5,2012-01-01,0.5,1971-07-01,0.5,2007-07-01,1.0
SOMERSET,560501,BLACK TWP,ROCKWOOD AREA S D,1.0,,0.5,,0.5,2022-07-01,1.0
SOMERSET,560401,BOSWELL BORO,NORTH STAR S D,0.0,,0.5,,0.5,,1.0
SOMERSET,560103,BROTHERSVALLEY TWP,BERLIN BROTHERSVALLEY SD,1.0,2012-01-01,0.5,,0.5,2007-07-01,1.0
SOMERSET,560301,CALLIMONT BORO,MEYERSDALE AREA S D,0.0,,0.5,,0.5,,1.0
SOMERSET,560502,CASSELMAN  BORO,ROCKWOOD AREA S D,0.0,,0.5,,0.5,2022-07-01,1.0
SOMERSET,560701,CENTRAL CITY BORO,SHADE-CENTRAL CITY S D,1.0,2012-01-01,0.5,,0.5,,1.0
SOMERSET,560202,CONEMAUGH TWP,CONEMAUGH TWP AREA S D,0.5,,0.5,,0.5,,1.0
SOMERSET,561003,CONFLUENCE BORO,TURKEYFT VLLY AREA SD,0.0,,0.5,,0.5,,1.0
SOMERSET,560601,ELK LICK TWP,SALISBURY-ELK LICK S D,1.0,2012-01-01,0.5,,0.5,2012-01-01,1.0
SOMERSET,560104,FAIRHOPE TWP,BERLIN BROTHERSVALLEY SD,0.0,,0.5,,0.5,2007-07-01,1.0
SOMERSET,560302,GARRETT BORO,MEYERSDALE AREA S D,0.0,,0.5,,0.5,,1.0
SOMERSET,560303,GREENVILLE TWP,MEYERSDALE AREA S D,1.0,2012-01-01,0.5,,0.5,,1.0
SOMERSET,560402,HOOVERSVILLE BORO,NORTH STAR S D,0.0,,0.5,,0.5,,1.0
SOMERSET,560801,INDIAN LAKE BORO,SHANKSVILLE-STNYCRK S D,0.0,,0.5,,0.5,,1.0
SOMERSET,560901,JEFFERSON TWP,SOMERSET AREA S D,1.0,2012-01-01,0.5,,0.5,,1.0
SOMERSET,560403,JENNER TWP,NORTH STAR S D,0.5,2012-01-01,0.5,,0.5,,1.0
SOMERSET,560404,JENNERSTOWN BORO,NORTH STAR S D,0.5,,0.5,,0.5,,1.0
SOMERSET,560304,LARIMER TWP,MEYERSDALE AREA S D,0.0,,0.5,,0.5,,1.0
SOMERSET,560902,LINCOLN  TWP,SOMERSET AREA S D,1.0,2012-01-01,0.5,,0.5,,1.0
SOMERSET,561004,LOWER TURKEYFOOT TWP,TURKEYFT VLLY AREA SD,1.0,,0.5,,0.5,,1.0
SOMERSET,560305,MEYERSDALE  BORO,MEYERSDALE AREA S D,1.0,2011-11-08,0.5,,0.5,,1.0
SOMERSET,560503,MIDDLECREEK TWP,ROCKWOOD AREA S D,1.0,2012-01-01,0.5,2012-01-01,0.5,2022-07-01,1.0
SOMERSET,560504,MILFORD TWP,ROCKWOOD AREA S D,0.0,,0.5,,0.5,2022-07-01,1.0
SOMERSET,560105,NEW BALTIMORE BORO,BERLIN BROTHERSVALLEY SD,0.0,,0.5,,0.5,2007-07-01,1.0
SOMERSET,560505,NEW CENTERVILLE BORO,ROCKWOOD AREA S D,1.0,2012-01-01,0.5,,0.5,2022-07-01,1.0
SOMERSET,560106,NORTHAMPTON TWP,BERLIN BROTHERSVALLEY SD,1.0,2012-01-01,0.5,,0.5,2007-07-01,1.0
SOMERSET,561102,OGLE TWP,WINDBER AREA S D,1.0,,0.5,,0.5,2008-07-01,1.0
SOMERSET,561103,PAINT BORO,WINDBER AREA S D,0.0,,0.5,,0.5,2008-07-01,1.0
SOMERSET,560203,PAINT TWP,CONEMAUGH TWP AREA S D,0.0,,0.5,,0.5,,1.0
SOMERSET,561104,PAINT TWP,WINDBER AREA S D,0.0,,0.5,,0.5,2008-07-01,1.0
SOMERSET,560405,QUEMAHONING  TWP,NORTH STAR S D,0.5,,0.5,,0.5,,1.0
SOMERSET,560506,ROCKWOOD  BORO,ROCKWOOD AREA S D,0.0,,0.5,,0.5,2022-07-01,1.0
SOMERSET,560602,SALISBURY BORO,SALISBURY-ELK LICK S D,0.0,,0.5,,0.5,2012-01-01,1.0
SOMERSET,560507,SEVEN SPRINGS BORO,ROCKWOOD AREA S D,0.0,,0.5,,0.5,2022-07-01,1.0
SOMERSET,560702,SHADE TWP,SHADE-CENTRAL CITY S D,0.0,,0.5,,0.5,,1.0
SOMERSET,560802,SHANKSVILLE BORO,SHANKSVILLE-STNYCRK S D,0.0,,0.5,,0.5,,1.0
SOMERSET,560903,SOMERSET BORO,SOMERSET AREA S D,0.5,1966-05-01,0.5,1966-05-01,0.5,,1.0
SOMERSET,560904,SOMERSET TWP,SOMERSET AREA S D,0.5,,0.5,,0.5,,1.0
SOMERSET,560306,SOUTHAMPTON TWP,MEYERSDALE AREA S D,0.0,,0.0,,0.5,,0.5
SOMERSET,560803,STONYCREEK TWP,SHANKSVILLE-STNYCRK S D,1.0,2012-01-01,0.5,,0.5,,1.0
SOMERSET,560406,STOYSTOWN BORO,NORTH STAR S D,0.0,,0.5,,0.5,,1.0
SOMERSET,560307,SUMMIT TWP,MEYERSDALE AREA S D,0.5,,0.5,,0.5,,1.0
SOMERSET,560508,UPPER TURKEYFOOT TWP,ROCKWOOD AREA S D,0.0,,0.5,,0.5,2022-07-01,1.0
SOMERSET,561005,URSINA BORO,TURKEYFT VLLY AREA SD,1.0,2012-01-01,0.5,,0.5,,1.0
SOMERSET,560308,WELLERSBURG BORO,MEYERSDALE AREA S D,0.0,,0.0,,0.5,,0.5
SOMERSET,561105,WINDBER BORO,WINDBER AREA S D,0.0,,0.5,,0.5,2008-07-01,1.0
SULLIVAN,570101,CHERRY TWP,SULLIVAN COUNTY S D,0.0,,0.5,,0.5,,1.0
SULLIVAN,570102,COLLEY TWP,SULLIVAN COUNTY S D,0.0,,0.5,,0.5,,1.0
SULLIVAN,570103,DAVIDSON TWP,SULLIVAN COUNTY S D,0.0,,0.5,,0.5,,1.0
SULLIVAN,570104,DUSHORE BORO,SULLIVAN COUNTY S D,1.0,,0.5,,0.5,,1.0
SULLIVAN,570105,EAGLES MERE BORO,SULLIVAN COUNTY S D,0.0,,0.5,,0.5,,1.0
SULLIVAN,570106,ELKLAND TWP,SULLIVAN COUNTY S D,0.0,,0.5,1964-08-03,0.5,,1.0
SULLIVAN,570107,FORKS TWP,SULLIVAN COUNTY S D,0.0,,0.5,,0.5,,1.0
SULLIVAN,570108,FORKSVILLE BORO,SULLIVAN COUNTY S D,0.0,,0.5,,0.5,,1.0
SULLIVAN,570109,FOX TWP,SULLIVAN COUNTY S D,0.0,,0.5,,0.5,,1.0
SULLIVAN,570110,HILLSGROVE TWP,SULLIVAN COUNTY S D,0.0,,0.5,,0.5,,1.0
SULLIVAN,570111,LAPORTE BORO,SULLIVAN COUNTY S D,1.0,2012-01-01,0.5,,0.5,,1.0
SULLIVAN,570112,LAPORTE TWP,SULLIVAN COUNTY S D,0.0,,0.5,,0.5,,1.0
SULLIVAN,570113,SHREWSBURY TWP,SULLIVAN COUNTY S D,0.0,,0.5,,0.5,,1.0
SUSQUEHANNA,580401,APOLACON TWP,MONTROSE AREA S D,0.0,,0.0,,0.0,,0.0
SUSQUEHANNA,580601,ARARAT TWP,SUSQUEHANNA COMM S D,0.0,,0.0,,0.0,,0.0
SUSQUEHANNA,580201,AUBURN TWP,ELK LAKE S D,1.0,1978-01-01,0.5,,0.5,,1.0
SUSQUEHANNA,580402,BRIDGEWATER TWP,MONTROSE AREA S D,1.0,2007-01-01,1.0,2007-01-01,0.0,,1.0
SUSQUEHANNA,580501,BROOKLYN TWP,MOUNTAIN VIEW SCH DIST,1.0,,0.5,,0.5,,1.0
SUSQUEHANNA,580403,CHOCONUT TWP,MONTROSE AREA S D,0.0,,0.0,,0.0,,0.0
SUSQUEHANNA,580502,CLIFFORD TWP,MOUNTAIN VIEW SCH DIST,1.0,2012-01-01,0.5,1990-01-01,0.5,,1.0
SUSQUEHANNA,580202,DIMOCK TWP,ELK LAKE S D,1.0,2012-01-01,0.5,,0.5,,1.0
SUSQUEHANNA,580302,FOREST CITY BORO,FOREST CITY REGN S D,0.5,1951-01-09,0.5,1951-01-09,0.5,2016-01-01,1.0
SUSQUEHANNA,580404,FOREST LAKE TWP,MONTROSE AREA S D,0.0,,0.0,,0.0,,0.0
SUSQUEHANNA,580405,FRANKLIN TWP,MONTROSE AREA S D,0.0,,0.0,,0.0,,0.0
SUSQUEHANNA,580406,FRIENDSVILLE BORO,MONTROSE AREA S D,0.0,,0.0,,0.0,,0.0
SUSQUEHANNA,580503,GIBSON TWP,MOUNTAIN VIEW SCH DIST,1.0,,0.5,,0.5,,1.0
SUSQUEHANNA,580101,GREAT BEND BORO,BLUE RIDGE S D,0.0,,0.0,,0.0,,0.0
SUSQUEHANNA,580102,GREAT BEND TWP,BLUE RIDGE S D,0.0,,0.0,,0.0,,0.0
SUSQUEHANNA,580103,HALLSTEAD BORO,BLUE RIDGE S D,0.0,,0.0,,0.0,,0.0
SUSQUEHANNA,580504,HARFORD TWP,MOUNTAIN VIEW SCH DIST,1.0,,0.5,,0.5,,1.0
SUSQUEHANNA,580602,HARMONY TWP,SUSQUEHANNA COMM S D,0.0,,0.0,,0.0,,0.0
SUSQUEHANNA,580303,HERRICK TWP,FOREST CITY REGN S D,0.0,,0.5,,0.5,2016-01-01,1.0
SUSQUEHANNA,580505,HOP BOTTOM BORO,MOUNTAIN VIEW SCH DIST,0.5,,0.5,,0.5,,1.0
SUSQUEHANNA,580104,JACKSON TWP,BLUE RIDGE S D,0.0,,0.0,,0.0,,0.0
SUSQUEHANNA,580407,JESSUP TWP,MONTROSE AREA S D,1.0,2008-01-01,1.0,2008-01-01,0.0,,1.0
SUSQUEHANNA,580603,LANESBORO BORO,SUSQUEHANNA COMM S D,0.0,,0.0,,0.0,,0.0
SUSQUEHANNA,580506,LATHROP TWP,MOUNTAIN VIEW SCH DIST,0.0,,0.5,,0.5,,1.0
SUSQUEHANNA,580507,LENOX TWP,MOUNTAIN VIEW SCH DIST,1.0,,0.5,,0.5,,1.0
SUSQUEHANNA,580408,LIBERTY TWP,MONTROSE AREA S D,0.0,,0.0,,0.0,,0.0
SUSQUEHANNA,580409,LITTLE MEADOWS BORO,MONTROSE AREA S D,0.0,,0.0,,0.0,,0.0
SUSQUEHANNA,580203,MIDDLETOWN TWP,ELK LAKE S D,1.0,2012-01-01,0.5,,0.5,,1.0
SUSQUEHANNA,580410,MONTROSE BORO,MONTROSE AREA S D,1.0,2007-01-01,1.0,2007-01-01,0.0,,1.0
SUSQUEHANNA,580105,NEW MILFORD BORO,BLUE RIDGE S D,1.0,2013-01-01,1.0,2013-01-01,0.0,,1.0
SUSQUEHANNA,580106,NEW MILFORD TWP,BLUE RIDGE S D,1.0,2012-01-01,1.0,2012-01-01,0.0,,1.0
SUSQUEHANNA,580604,OAKLAND BORO,SUSQUEHANNA COMM S D,1.0,2020-01-01,1.0,2020-01-01,0.0,,1.0
SUSQUEHANNA,580605,OAKLAND TWP,SUSQUEHANNA COMM S D,0.0,,0.0,,0.0,,0.0
SUSQUEHANNA,580204,RUSH TWP,ELK LAKE S D,1.0,,0.5,,0.5,,1.0
SUSQUEHANNA,580411,SILVER LAKE TWP,MONTROSE AREA S D,0.0,,0.0,,0.0,,0.0
SUSQUEHANNA,580205,SPRINGVILLE TWP,ELK LAKE S D,1.0,,0.5,,0.5,,1.0
SUSQUEHANNA,580606,SUSQUEHANNA DEPOT BORO,SUSQUEHANNA COMM S D,0.0,,0.0,,0.0,,0.0
SUSQUEHANNA,580607,THOMPSON BORO,SUSQUEHANNA COMM S D,0.0,,0.0,,0.0,,0.0
SUSQUEHANNA,580608,THOMPSON TWP,SUSQUEHANNA COMM S D,0.0,,0.0,,0.0,,0.0
SUSQUEHANNA,580304,UNIONDALE BORO,FOREST CITY REGN S D,0.5,2012-01-01,0.5,,0.5,2016-01-01,1.0
TIOGA,590203,BLOSS TWP,SOUTHERN TIOGA S D,1.0,2019-01-01,0.5,2019-01-01,1.2,2016-07-01,1.7
TIOGA,590204,BLOSSBURG BORO,SOUTHERN TIOGA S D,1.0,,0.5,,1.2,2016-07-01,1.7
TIOGA,590101,BROOKFIELD TWP,NORTHERN TIOGA S D,1.0,,0.5,,1.2,2016-07-01,1.7
TIOGA,590302,CHARLESTON TWP,WELLSBORO AREA S D,1.0,,0.5,,1.0,2016-07-01,1.5
TIOGA,590102,CHATHAM TWP,NORTHERN TIOGA S D,1.0,,0.5,,1.2,2016-07-01,1.7
TIOGA,590103,CLYMER TWP,NORTHERN TIOGA S D,1.0,2012-01-01,0.5,,1.2,2016-07-01,1.7
TIOGA,590205,COVINGTON TWP,SOUTHERN TIOGA S D,1.0,,0.5,,1.2,2016-07-01,1.7
TIOGA,590104,DEERFIELD TWP,NORTHERN TIOGA S D,1.0,,0.5,,1.2,2016-07-01,1.7
TIOGA,590303,DELMAR TWP,WELLSBORO AREA S D,1.0,,0.5,,1.0,2016-07-01,1.5
TIOGA,590304,DUNCAN TWP,WELLSBORO AREA S D,0.0,,0.5,,1.0,2016-07-01,1.5
TIOGA,530306,ELK TWP,GALETON AREA S D,0.0,,0.0,,0.5,,0.5
TIOGA,590105,ELKLAND BORO,NORTHERN TIOGA S D,1.0,,0.5,,1.2,2016-07-01,1.7
TIOGA,590106,FARMINGTON TWP,NORTHERN TIOGA S D,1.0,2008-01-01,0.5,2008-01-01,1.2,2016-07-01,1.7
TIOGA,530307,GAINES TWP,GALETON AREA S D,1.0,,0.5,,0.5,,1.0
TIOGA,590206,HAMILTON TWP,SOUTHERN TIOGA S D,1.0,2012-01-01,0.5,,1.2,2016-07-01,1.7
TIOGA,590107,JACKSON TWP,NORTHERN TIOGA S D,1.0,,0.5,,1.2,2016-07-01,1.7
TIOGA,590108,KNOXVILLE BORO,NORTHERN TIOGA S D,1.0,,0.5,,1.2,2016-07-01,1.7
TIOGA,590109,LAWRENCE TWP,NORTHERN TIOGA S D,1.0,,0.5,,1.2,2016-07-01,1.7
TIOGA,590110,LAWRENCEVILLE BORO,NORTHERN TIOGA S D,1.0,,0.5,,1.2,2016-07-01,1.7
TIOGA,590207,LIBERTY BORO,SOUTHERN TIOGA S D,1.0,,0.5,,1.2,2016-07-01,1.7
TIOGA,590208,LIBERTY TWP,SOUTHERN TIOGA S D,1.0,2013-01-01,0.5,,1.2,2016-07-01,1.7
TIOGA,590209,MANSFIELD BORO,SOUTHERN TIOGA S D,1.0,,0.5,,1.2,2016-07-01,1.7
TIOGA,590305,MIDDLEBURY TWP,WELLSBORO AREA S D,1.0,1971-01-01,0.5,,1.0,2016-07-01,1.5
TIOGA,590210,MORRIS TWP,SOUTHERN TIOGA S D,1.0,,0.5,,1.2,2016-07-01,1.7
TIOGA,590111,NELSON TWP,NORTHERN TIOGA S D,1.0,2012-01-01,0.5,,1.2,2016-07-01,1.7
TIOGA,590112,OSCEOLA TWP,NORTHERN TIOGA S D,1.0,,0.5,,1.2,2016-07-01,1.7
TIOGA,590211,PUTNAM TWP,SOUTHERN TIOGA S D,1.0,2012-01-01,0.5,,1.2,2016-07-01,1.7
TIOGA,590212,RICHMOND TWP,SOUTHERN TIOGA S D,0.0,,0.5,,1.2,2016-07-01,1.7
TIOGA,590213,ROSEVILLE BORO,SOUTHERN TIOGA S D,1.0,2013-01-01,0.5,,1.2,2016-07-01,1.7
TIOGA,590214,RUTLAND TWP,SOUTHERN TIOGA S D,1.0,,0.5,,1.2,2016-07-01,1.7
TIOGA,590306,SHIPPEN TWP,WELLSBORO AREA S D,0.0,,0.5,,1.0,2016-07-01,1.5
TIOGA,590215,SULLIVAN TWP,SOUTHERN TIOGA S D,0.0,,0.5,,1.2,2016-07-01,1.7
TIOGA,590113,TIOGA BORO,NORTHERN TIOGA S D,1.0,,0.5,,1.2,2016-07-01,1.7
TIOGA,590114,TIOGA TWP,NORTHERN TIOGA S D,1.0,1974-01-01,0.5,1974-01-01,1.2,2016-07-01,1.7
TIOGA,080206,UNION TWP,CANTON AREA S D,0.0,,0.5,,0.5,,1.0
TIOGA,590216,WARD TWP,SOUTHERN TIOGA S D,1.0,,0.5,,1.2,2016-07-01,1.7
TIOGA,590307,WELLSBORO  BORO,WELLSBORO AREA S D,1.0,,0.5,,1.0,2016-07-01,1.5
TIOGA,590115,WESTFIELD BORO,NORTHERN TIOGA S D,1.0,,0.5,,1.2,2016-07-01,1.7
TIOGA,590116,WESTFIELD TWP,NORTHERN TIOGA S D,1.0,,0.5,,1.2,2016-07-01,1.7
UNION,600201,BUFFALO TWP,MIFFLINBURG AREA S D,0.0,,0.5,,1.55,2016-07-01,2.05
UNION,600101,EAST BUFFALO TWP,LEWISBURG AREA S D,0.5,,0.5,,1.5,2016-07-01,2.0
UNION,490608,GREGG TWP,WARRIOR RUN S D,1.0,,0.5,,1.3,2017-07-01,1.8
UNION,600202,HARTLETON BORO,MIFFLINBURG AREA S D,0.0,,0.5,,1.55,2016-07-01,2.05
UNION,600203,HARTLEY TWP,MIFFLINBURG AREA S D,1.0,2005-01-01,0.5,,1.55,2016-07-01,2.05
UNION,600102,KELLY TWP,LEWISBURG AREA S D,1.0,2008-01-20,0.5,2008-01-01,1.5,2016-07-01,2.0
UNION,600204,LEWIS TWP,MIFFLINBURG AREA S D,1.0,,0.5,,1.55,2016-07-01,2.05
UNION,600103,LEWISBURG BORO,LEWISBURG AREA S D,1.0,,0.5,,1.5,2016-07-01,2.0
UNION,600205,LIMESTONE TWP,MIFFLINBURG AREA S D,0.0,,0.5,,1.55,2016-07-01,2.05
UNION,600206,MIFFLINBURG BORO,MIFFLINBURG AREA S D,0.5,1967-01-01,0.5,,1.55,2016-07-01,2.05
UNION,600207,NEW BERLIN BORO,MIFFLINBURG AREA S D,0.0,,0.5,,1.55,2016-07-01,2.05
UNION,600104,UNION TWP,LEWISBURG AREA S D,0.0,,0.5,,1.5,2016-07-01,2.0
UNION,600208,UNION TWP,MIFFLINBURG AREA S D,0.0,,0.5,,1.55,2016-07-01,2.05
UNION,600209,WEST BUFFALO TWP,MIFFLINBURG AREA S D,0.0,,0.5,,1.55,2016-07-01,2.05
UNION,490205,WHITE DEER TWP,MILTON AREA S D,1.0,1970-01-01,0.5,,1.3,2016-07-01,1.8
VENANGO,200506,ALLEGHENY TWP,TITUSVILLE AREA S D,0.0,,0.5,2014-01-01,0.5,2009-07-01,1.0
VENANGO,610201,BARKEYVILLE BORO,FRANKLIN AREA S D,1.0,,0.5,,0.5,1966-07-01,1.0
VENANGO,610202,CANAL TWP,FRANKLIN AREA S D,1.0,,0.5,,0.5,1966-07-01,1.0
VENANGO,200507,CHERRYTREE TWP,TITUSVILLE AREA S D,1.0,2012-01-01,0.5,,0.5,2009-07-01,1.0
VENANGO,610203,CLINTON TWP,FRANKLIN AREA S D,1.0,,0.5,,0.5,1966-07-01,1.0
VENANGO,610204,CLINTONVILLE BORO,FRANKLIN AREA S D,1.0,,0.5,,0.5,1966-07-01,1.0
VENANGO,610401,COOPERSTOWN BORO,VALLEY GROVE S D,0.0,,0.5,,0.5,2006-07-01,1.0
VENANGO,610301,CORNPLANTER TWP,OIL CITY AREA S D,1.0,,0.5,,0.5,,1.0
VENANGO,610101,CRANBERRY TWP,CRANBERRY AREA S D,1.0,,0.5,,0.5,,1.0
VENANGO,160108,EMLENTON BORO,ALLEG.-CLARION VALLEY SD,0.0,,0.5,,0.5,,1.0
VENANGO,610205,FRANKLIN CITY,FRANKLIN AREA S D,1.0,,1.25,,0.5,1966-07-01,1.75
VENANGO,610206,FRENCHCREEK TWP,FRANKLIN AREA S D,1.0,1966-01-01,0.5,1966-01-01,0.5,1966-07-01,1.0
VENANGO,610207,IRWIN TWP,FRANKLIN AREA S D,1.0,,0.5,,0.5,1966-07-01,1.0
VENANGO,610402,JACKSON TWP,VALLEY GROVE S D,1.0,,0.5,,0.5,2006-07-01,1.0
VENANGO,610208,MINERAL TWP,FRANKLIN AREA S D,1.0,,0.5,,0.5,1966-07-01,1.0
VENANGO,610302,OAKLAND TWP,OIL CITY AREA S D,0.0,,0.5,,0.5,,1.0
VENANGO,610303,OIL CITY,OIL CITY AREA S D,1.0,,0.5,2016-01-01,0.5,,1.0
VENANGO,200508,OILCREEK TWP,TITUSVILLE AREA S D,1.0,,0.5,,0.5,2009-07-01,1.0
VENANGO,610102,PINEGROVE TWP,CRANBERRY AREA S D,0.5,,0.5,,0.5,,1.0
VENANGO,200509,PLEASANTVILLE BORO,TITUSVILLE AREA S D,1.0,,0.5,,0.5,2009-07-01,1.0
VENANGO,200419,PLUM  TWP,PENNCREST S D,0.0,,0.5,,0.5,,1.0
VENANGO,610209,POLK BORO,FRANKLIN AREA S D,0.0,,0.5,,0.5,1966-07-01,1.0
VENANGO,270111,PRESIDENT TWP,FOREST AREA S D,0.0,,0.5,,0.5,2014-01-01,1.0
VENANGO,610305,PRESIDENT TWP,OIL CITY AREA S D,0.0,,0.5,,0.5,,1.0
VENANGO,160109,RICHLAND TWP,ALLEG.-CLARION VALLEY SD,0.0,,0.5,,0.5,,1.0
VENANGO,610103,ROCKLAND TWP,CRANBERRY AREA S D,0.0,,0.5,,0.5,,1.0
VENANGO,610304,ROUSEVILLE BORO,OIL CITY AREA S D,1.0,,0.5,,0.5,,1.0
VENANGO,610210,SANDYCREEK TWP,FRANKLIN AREA S D,1.0,,0.5,,0.5,1966-07-01,1.0
VENANGO,160110,SCRUBGRASS TWP,ALLEG.-CLARION VALLEY SD,0.0,,0.5,,0.5,,1.0
VENANGO,610403,SUGARCREEK  BORO,VALLEY GROVE S D,1.0,,0.5,,0.5,2006-07-01,1.0
VENANGO,610211,UTICA BORO,FRANKLIN AREA S D,1.0,1966-01-01,0.5,,0.5,1966-07-01,1.0
VENANGO,610212,VICTORY TWP,FRANKLIN AREA S D,0.0,,0.5,,0.5,1966-07-01,1.0
WARREN,620101,BEAR LAKE BORO,WARREN COUNTY S D,0.0,,0.5,,0.5,,1.0
WARREN,620102,BROKENSTRAW TWP,WARREN COUNTY S D,1.0,2012-01-01,0.5,,0.5,,1.0
WARREN,620103,CHERRY GROVE TWP,WARREN COUNTY S D,1.0,2006-01-01,0.5,,0.5,,1.0
WARREN,620104,CLARENDON BORO,WARREN COUNTY S D,1.0,1967-01-01,0.5,,0.5,,1.0
WARREN,250107,COLUMBUS TWP,CORRY AREA S D,1.0,,0.5,,0.5,,1.0
WARREN,620105,CONEWANGO TWP,WARREN COUNTY S D,1.0,2006-01-01,0.5,,0.5,,1.0
WARREN,620106,DEERFIELD TWP,WARREN COUNTY S D,0.0,,0.5,,0.5,,1.0
WARREN,620107,ELDRED TWP,WARREN COUNTY S D,1.0,2006-01-01,0.5,,0.5,,1.0
WARREN,620108,ELK TWP,WARREN COUNTY S D,1.0,1969-01-01,0.5,1969-01-01,0.5,,1.0
WARREN,620109,FARMINGTON TWP,WARREN COUNTY S D,0.0,,0.5,,0.5,,1.0
WARREN,620110,FREEHOLD TWP,WARREN COUNTY S D,0.0,,0.5,,0.5,,1.0
WARREN,620111,GLADE TWP,WARREN COUNTY S D,1.0,2017-01-01,0.5,,0.5,,1.0
WARREN,620112,LIMESTONE TWP,WARREN COUNTY S D,0.5,2017-01-01,0.5,2017-01-01,0.5,,1.0
WARREN,620113,MEAD TWP,WARREN COUNTY S D,1.0,2012-01-01,0.5,,0.5,,1.0
WARREN,620114,PINE GROVE TWP,WARREN COUNTY S D,1.0,2011-01-01,0.5,,0.5,,1.0
WARREN,620115,PITTSFIELD TWP,WARREN COUNTY S D,1.0,2006-01-09,0.5,,0.5,,1.0
WARREN,620116,PLEASANT TWP,WARREN COUNTY S D,1.0,2017-01-01,0.5,,0.5,,1.0
WARREN,620117,SHEFFIELD TWP,WARREN COUNTY S D,1.0,,0.5,,0.5,,1.0
WARREN,200510,SOUTHWEST TWP,TITUSVILLE AREA S D,0.0,,0.5,,0.5,2009-07-01,1.0
WARREN,250108,SPRING CREEK TWP,CORRY AREA S D,1.0,2006-01-01,0.5,,0.5,,1.0
WARREN,620118,SUGAR GROVE BORO,WARREN COUNTY S D,0.0,,0.5,,0.5,,1.0
WARREN,620119,SUGAR GROVE TWP,WARREN COUNTY S D,1.0,2012-01-01,0.5,,0.5,,1.0
WARREN,620120,TIDIOUTE BORO,WARREN COUNTY S D,0.0,,0.5,,0.5,,1.0
WARREN,620121,TRIUMPH TWP,WARREN COUNTY S D,0.0,,0.5,,0.5,,1.0
WARREN,620122,WARREN CITY,WARREN COUNTY S D,1.0,2006-01-01,2.3,2021-01-01,0.5,,2.8
WARREN,620123,WATSON TWP,WARREN COUNTY S D,0.5,2010-01-01,0.5,2010-01-01,0.5,,1.0
WARREN,620124,YOUNGSVILLE BORO,WARREN COUNTY S D,1.0,2017-01-01,2.0,2012-01-01,0.5,,2.5
WASHINGTON,630501,ALLENPORT BORO,CALIFORNIA A S D,1.0,,0.5,,0.5,,1.0
WASHINGTON,631301,AMWELL TWP,TRINITY AREA S D,1.0,,0.5,,0.5,,1.0
WASHINGTON,630301,BEALLSVILLE BORO,BETHLEHEM-CENTER S D,1.0,,0.5,,0.5,,1.0
WASHINGTON,630201,BENTLEYVILLE BORO,BENTWORTH S D,0.5,1967-03-06,0.5,,0.5,,1.0
WASHINGTON,631001,BLAINE TWP,MCGUFFEY S D,1.0,2012-01-01,0.5,,0.5,,1.0
WASHINGTON,631002,BUFFALO TWP,MCGUFFEY S D,1.0,2012-01-01,0.5,,0.5,,1.0
WASHINGTON,630401,BURGETTSTOWN BORO,BURGETTSTOWN AREA S D,1.0,,0.5,,0.5,,1.0
WASHINGTON,630502,CALIFORNIA BORO,CALIFORNIA A S D,1.0,2012-01-01,0.5,2006-04-13,0.5,,1.0
WASHINGTON,630601,CANONSBURG  BORO,CANON-MCMILLAN S D,1.0,,0.5,,0.5,,1.0
WASHINGTON,631302,CANTON TWP,TRINITY AREA S D,1.0,2012-01-01,0.5,,0.5,,1.0
WASHINGTON,631201,CARROLL TWP,RINGGOLD S D,0.5,,0.5,,0.5,,1.0
WASHINGTON,630602,CECIL TWP,CANON-MCMILLAN S D,1.0,2012-01-01,0.5,,0.5,,1.0
WASHINGTON,630302,CENTERVILLE BORO,BETHLEHEM-CENTER S D,1.0,2012-01-01,0.5,2012-01-01,0.5,,1.0
WASHINGTON,630701,CHARLEROI BORO,CHARLEROI AREA S D,1.0,1958-05-01,0.5,1958-05-01,0.5,1966-07-01,1.0
WASHINGTON,630801,CHARTIERS TWP,CHARTIERS-HOUSTON S D,1.0,,0.5,,0.5,,1.0
WASHINGTON,631003,CLAYSVILLE BORO,MCGUFFEY S D,1.0,2012-01-01,0.5,,0.5,,1.0
WASHINGTON,630503,COAL CENTER BORO,CALIFORNIA A S D,0.5,,0.5,,0.5,,1.0
WASHINGTON,630202,COKEBURG BORO,BENTWORTH S D,0.5,,0.5,,0.5,,1.0
WASHINGTON,630101,CROSS CREEK TWP,AVELLA AREA S D,1.0,1966-01-01,0.5,,0.5,,1.0
WASHINGTON,630303,DEEMSTON BORO,BETHLEHEM-CENTER S D,0.0,,0.5,,0.5,,1.0
WASHINGTON,631004,DONEGAL TWP,MCGUFFEY S D,1.0,2022-01-01,0.5,,0.5,,1.0
WASHINGTON,631202,DONORA BORO,RINGGOLD S D,1.0,2012-01-01,0.5,2012-01-01,0.5,,1.0
WASHINGTON,630702,DUNLEVY BORO,CHARLEROI AREA S D,1.0,,0.5,,0.5,1966-07-01,1.0
WASHINGTON,630304,EAST BETHLEHEM TWP,BETHLEHEM-CENTER S D,1.0,2012-01-01,0.5,1996-01-02,0.5,,1.0
WASHINGTON,631005,EAST FINLEY TWP,MCGUFFEY S D,1.0,,0.5,,0.5,,1.0
WASHINGTON,631401,EAST WASHINGTON BORO,WASHINGTON S D,0.5,,0.5,,0.5,,1.0
WASHINGTON,630504,ELCO BORO,CALIFORNIA A S D,1.0,1961-01-01,0.5,,0.5,,1.0
WASHINGTON,630203,ELLSWORTH BORO,BENTWORTH S D,1.0,2012-01-01,0.5,1968-01-01,0.5,,1.0
WASHINGTON,630703,FALLOWFIELD TWP,CHARLEROI AREA S D,1.0,2011-11-30,0.5,2011-11-30,0.5,1966-07-01,1.0
WASHINGTON,631203,FINLEYVILLE BORO,RINGGOLD S D,1.0,,0.5,,0.5,,1.0
WASHINGTON,631006,GREEN HILLS BORO,MCGUFFEY S D,0.0,,0.5,,0.5,,1.0
WASHINGTON,630402,HANOVER TWP,BURGETTSTOWN AREA S D,1.0,2012-01-01,0.5,,0.5,,1.0
WASHINGTON,630102,HOPEWELL TWP,AVELLA AREA S D,1.0,2009-01-01,0.5,,0.5,,1.0
WASHINGTON,630802,HOUSTON BORO,CHARTIERS-HOUSTON S D,1.0,1967-01-01,0.5,1967-01-01,0.5,,1.0
WASHINGTON,630103,INDEPENDENCE TWP,AVELLA AREA S D,1.0,2012-01-01,0.5,,0.5,,1.0
WASHINGTON,630403,JEFFERSON TWP,BURGETTSTOWN AREA S D,0.5,,0.5,,0.5,,1.0
WASHINGTON,630505,LONG BRANCH BORO,CALIFORNIA A S D,1.0,2016-01-01,0.5,,0.5,,1.0
WASHINGTON,630305,MARIANNA BORO,BETHLEHEM-CENTER S D,1.0,1964-01-01,0.5,,0.5,,1.0
WASHINGTON,630901,MCDONALD BORO,FORT CHERRY S D,1.0,2012-01-01,0.5,,0.5,,1.0
WASHINGTON,630902,MIDWAY BORO,FORT CHERRY S D,0.0,,0.5,,0.5,,1.0
WASHINGTON,631204,MONONGAHELA CITY,RINGGOLD S D,1.0,2012-01-01,0.5,,0.5,,1.0
WASHINGTON,631007,MORRIS TWP,MCGUFFEY S D,1.0,,0.5,,0.5,,1.0
WASHINGTON,630903,MT PLEASANT TWP,FORT CHERRY S D,1.0,1960-01-01,0.5,1960-01-01,0.5,,1.0
WASHINGTON,631205,NEW EAGLE BORO,RINGGOLD S D,1.0,,0.5,,0.5,,1.0
WASHINGTON,630204,NORTH BETHLEHEM TWP,BENTWORTH S D,1.0,2012-01-01,0.5,1966-01-01,0.5,,1.0
WASHINGTON,630704,NORTH CHARLEROI BORO,CHARLEROI AREA S D,1.0,,0.5,,0.5,1966-07-01,1.0
WASHINGTON,631303,NORTH FRANKLIN TWP,TRINITY AREA S D,0.0,,0.5,,0.5,,1.0
WASHINGTON,630603,NORTH STRABANE TWP,CANON-MCMILLAN S D,1.0,2012-01-01,0.5,,0.5,,1.0
WASHINGTON,631206,NOTTINGHAM TWP,RINGGOLD S D,1.0,2011-11-07,0.5,1964-10-15,0.5,,1.0
WASHINGTON,631101,PETERS TWP,PETERS TOWNSHIP S D,1.0,1965-01-01,0.5,1965-01-01,0.5,2012-07-01,1.0
WASHINGTON,630904,ROBINSON TWP,FORT CHERRY S D,1.0,2012-01-01,0.5,,0.5,,1.0
WASHINGTON,630506,ROSCOE BORO,CALIFORNIA A S D,1.0,,0.5,,0.5,,1.0
WASHINGTON,630404,SMITH TWP,BURGETTSTOWN AREA S D,1.0,2011-10-11,0.5,,0.5,,1.0
WASHINGTON,630205,SOMERSET TWP,BENTWORTH S D,1.0,2012-01-02,0.5,,0.5,,1.0
WASHINGTON,631008,SOUTH FRANKLIN TWP,MCGUFFEY S D,1.0,2012-01-01,0.5,,0.5,,1.0
WASHINGTON,631304,SOUTH STRABANE TWP,TRINITY AREA S D,1.0,2012-01-01,0.5,2012-01-01,0.5,,1.0
WASHINGTON,630705,SPEERS BORO,CHARLEROI AREA S D,1.0,,0.5,,0.5,1966-07-01,1.0
WASHINGTON,630706,STOCKDALE BORO,CHARLEROI AREA S D,1.0,2012-01-01,0.5,,0.5,1966-07-01,1.0
WASHINGTON,630707,TWILIGHT BORO,CHARLEROI AREA S D,0.0,,0.5,,0.5,1966-07-01,1.0
WASHINGTON,631207,UNION TWP,RINGGOLD S D,1.0,2011-09-12,0.5,2011-09-12,0.5,,1.0
WASHINGTON,631402,WASHINGTON CITY,WASHINGTON S D,1.2,2020-01-01,0.7,2020-01-01,0.5,,1.2
WASHINGTON,630306,WEST BETHLEHEM TWP,BETHLEHEM-CENTER S D,1.0,,0.5,,0.5,,1.0
WASHINGTON,260205,WEST BROWNSVILLE BORO,BROWNSVILLE AREA S D,1.0,,0.5,,0.5,,1.0
WASHINGTON,630507,WEST BROWNSVILLE BORO,CALIFORNIA A S D,1.0,,0.5,,0.5,,1.0
WASHINGTON,631010,WEST FINLEY TWP,MCGUFFEY S D,1.0,,0.5,,0.5,,1.0
WASHINGTON,630104,WEST MIDDLETOWN BORO,AVELLA AREA S D,1.0,2011-01-01,0.5,,0.5,,1.0
WASHINGTON,630508,WEST PIKE RUN TWP,CALIFORNIA A S D,1.0,,0.5,,0.5,,1.0
WAYNE,640101,BERLIN TWP,WAYNE HIGHLANDS S D,0.0,,0.0,,0.0,,0.0
WAYNE,640102,BETHANY BORO,WAYNE HIGHLANDS S D,0.0,,0.0,,0.0,,0.0
WAYNE,640103,BUCKINGHAM TWP,WAYNE HIGHLANDS S D,0.0,,0.0,,0.0,,0.0
WAYNE,640201,CANAAN TWP,WESTERN WAYNE S D,0.0,,0.0,,0.0,,0.0
WAYNE,640104,CHERRY RIDGE TWP,WAYNE HIGHLANDS S D,0.0,,0.0,,0.0,,0.0
WAYNE,580305,CLINTON TWP,FOREST CITY REGN S D,0.5,2016-01-01,0.5,2016-01-01,0.5,2016-01-01,1.0
WAYNE,640202,CLINTON TWP,WESTERN WAYNE S D,0.5,2016-01-01,0.5,2016-01-01,0.0,,0.5
WAYNE,640105,DAMASCUS TWP,WAYNE HIGHLANDS S D,0.0,,0.0,,0.0,,0.0
WAYNE,520205,DREHER TWP,WALLENPAUPACK AREA S D,1.0,,1.0,,0.0,,1.0
WAYNE,640106,DYBERRY TWP,WAYNE HIGHLANDS S D,0.0,,0.0,,0.0,,0.0
WAYNE,520206,HAWLEY BORO,WALLENPAUPACK AREA S D,0.0,,0.0,,0.0,,0.0
WAYNE,640107,HONESDALE BORO,WAYNE HIGHLANDS S D,0.0,,0.0,,0.0,,0.0
WAYNE,640203,LAKE TWP,WESTERN WAYNE S D,0.5,2010-01-01,0.5,2010-01-01,0.0,,0.5
WAYNE,640108,LEBANON TWP,WAYNE HIGHLANDS S D,0.0,,0.0,,0.0,,0.0
WAYNE,350610,LEHIGH TWP,NORTH POCONO S D,0.5,1965-04-01,0.5,,0.5,,1.0
WAYNE,640109,MANCHESTER TWP,WAYNE HIGHLANDS S D,0.0,,0.0,,0.0,,0.0
WAYNE,580306,MT PLEASANT TWP,FOREST CITY REGN S D,0.0,,0.5,,0.5,2016-01-01,1.0
WAYNE,640110,OREGON TWP,WAYNE HIGHLANDS S D,0.0,,0.0,,0.0,,0.0
WAYNE,520207,PALMYRA TWP,WALLENPAUPACK AREA S D,0.0,,0.0,,0.0,,0.0
WAYNE,520208,PAUPACK TWP,WALLENPAUPACK AREA S D,0.0,,0.0,,0.0,,0.0
WAYNE,640111,PRESTON  TWP,WAYNE HIGHLANDS S D,0.0,,0.0,,0.0,,0.0
WAYNE,640112,PROMPTON  BORO,WAYNE HIGHLANDS S D,0.0,,0.0,,0.0,,0.0
WAYNE,640204,SALEM TWP,WESTERN WAYNE S D,0.5,2009-01-01,0.5,2009-01-01,0.0,,0.5
WAYNE,640113,SCOTT TWP,WAYNE HIGHLANDS S D,0.0,,0.0,,0.0,,0.0
WAYNE,640205,SOUTH CANAAN TWP,WESTERN WAYNE S D,0.0,,0.0,,0.0,,0.0
WAYNE,580609,STARRUCCA BORO,SUSQUEHANNA COMM S D,0.0,,0.0,,0.0,,0.0
WAYNE,640206,STERLING TWP,WESTERN WAYNE S D,1.0,2009-01-01,1.0,2009-01-01,0.0,,1.0
WAYNE,520209,TEXAS TWP,WALLENPAUPACK AREA S D,0.0,,0.0,,0.0,,0.0
WAYNE,640114,TEXAS TWP,WAYNE HIGHLANDS S D,0.0,,0.0,,0.0,,0.0
WAYNE,640207,WAYMART BORO,WESTERN WAYNE S D,0.0,,0.0,,0.0,,0.0
WESTMORELAND,650701,ADAMSBURG BORO,HEMPFIELD AREA S D,0.5,2012-01-01,0.5,,0.5,,1.0
WESTMORELAND,650902,ALLEGHENY TWP,KISKI AREA S D,0.0,,0.5,,0.5,,1.0
WESTMORELAND,651301,ARNOLD CITY,NEW KENSNGTN-ARNLD S D,1.0,2015-01-01,0.5,2015-01-01,0.5,,1.0
WESTMORELAND,651701,ARONA BORO,YOUGH S D,0.0,,0.5,,0.5,,1.0
WESTMORELAND,650903,AVONMORE BORO,KISKI AREA S D,0.0,,0.5,,0.5,,1.0
WESTMORELAND,650904,BELL TWP,KISKI AREA S D,0.0,,0.5,,0.5,,1.0
WESTMORELAND,651001,BOLIVAR BORO,LIGONIER VALLEY S D,0.5,2012-01-01,0.5,,0.5,,1.0
WESTMORELAND,651002,COOK TWP,LIGONIER VALLEY S D,0.5,,0.5,,0.5,,1.0
WESTMORELAND,650401,DELMONT BORO,FRANKLIN REGIONAL S D,1.0,2012-01-01,0.5,,0.5,,1.0
WESTMORELAND,650601,DELMONT BORO,GREENSBURG SALEM S D,1.0,2012-01-01,0.5,,0.5,,1.0
WESTMORELAND,650302,DERRY  TWP,DERRY AREA S D,0.5,2018-03-01,0.5,,0.5,,1.0
WESTMORELAND,650301,DERRY BORO,DERRY AREA S D,1.0,,0.5,,0.5,,1.0
WESTMORELAND,651201,DONEGAL BORO,MT PLEASANT AREA S D,0.5,,0.5,,0.5,,1.0
WESTMORELAND,651202,DONEGAL TWP,MT PLEASANT AREA S D,1.0,2012-01-01,0.5,,0.5,,1.0
WESTMORELAND,651603,EAST HUNTINGDON TWP,SOUTHMORELAND S D,0.5,1965-04-15,0.5,,0.5,,1.0
WESTMORELAND,650905,EAST VANDERGRIFT BORO,KISKI AREA S D,1.0,,0.5,,0.5,,1.0
WESTMORELAND,650402,EXPORT BORO,FRANKLIN REGIONAL S D,0.0,,0.5,,0.5,,1.0
WESTMORELAND,651003,FAIRFIELD TWP,LIGONIER VALLEY S D,1.0,,0.5,,0.5,,1.0
WESTMORELAND,650602,GREENSBURG CITY,GREENSBURG SALEM S D,0.0,,1.15,,0.5,,1.65
WESTMORELAND,650702,GREENSBURG CITY,HEMPFIELD AREA S D,0.0,,1.15,,0.5,,1.65
WESTMORELAND,650703,HEMPFIELD TWP,HEMPFIELD AREA S D,0.5,,0.5,,0.5,,1.0
WESTMORELAND,650704,HUNKER BORO,HEMPFIELD AREA S D,0.5,1949-01-01,0.5,,0.5,,1.0
WESTMORELAND,650906,HYDE PARK BORO,KISKI AREA S D,0.5,2002-01-01,0.5,,0.5,,1.0
WESTMORELAND,651401,IRWIN BORO,NORWIN S D,0.5,1975-01-01,0.5,,0.5,2009-07-01,1.0
WESTMORELAND,650709,JEANNETTE CITY,HEMPFIELD AREA S D,1.0,2020-01-01,0.9,2020-01-01,0.5,,1.4
WESTMORELAND,650801,JEANNETTE CITY,JEANNETTE CITY S D,1.0,2016-01-01,0.9,2020-01-01,0.5,,1.4
WESTMORELAND,651505,JEANNETTE CITY,PENN-TRAFFORD S D,1.0,2016-01-01,0.9,2020-01-01,0.5,,1.4
WESTMORELAND,650501,LATROBE BORO,GREATER LATROBE S D,1.0,2014-01-01,0.9,2014-01-01,0.5,,1.4
WESTMORELAND,651004,LAUREL MOUNTAIN BORO,LIGONIER VALLEY S D,1.0,,0.5,,0.5,,1.0
WESTMORELAND,651005,LIGONIER BORO,LIGONIER VALLEY S D,0.0,,0.5,,0.5,,1.0
WESTMORELAND,651006,LIGONIER TWP,LIGONIER VALLEY S D,0.0,,0.5,1966-11-09,0.5,,1.0
WESTMORELAND,650201,LOWER BURRELL CITY,BURRELL S D,0.0,,0.5,,0.5,,1.0
WESTMORELAND,320107,LOYALHANNA TWP,RIVER VALLEY SD,0.0,,0.5,,0.75,2016-07-01,1.25
WESTMORELAND,651702,MADISON BORO,YOUGH S D,0.0,,0.5,2017-01-01,0.5,,1.0
WESTMORELAND,650705,MANOR BORO,HEMPFIELD AREA S D,0.5,2012-01-01,0.5,,0.5,,1.0
WESTMORELAND,651501,MANOR BORO,PENN-TRAFFORD S D,0.5,2012-01-01,0.5,,0.5,,1.0
WESTMORELAND,651101,MONESSEN CITY,MONESSEN CITY S D,1.0,,0.5,,0.5,,1.0
WESTMORELAND,651203,MT PLEASANT BORO,MT PLEASANT AREA S D,0.5,,0.5,,0.5,,1.0
WESTMORELAND,651204,MT PLEASANT TWP,MT PLEASANT AREA S D,1.0,,0.5,,0.5,,1.0
WESTMORELAND,650403,MURRYSVILLE BORO,FRANKLIN REGIONAL S D,0.0,,0.7,2022-01-01,0.5,,1.2
WESTMORELAND,650303,NEW ALEXANDRIA BORO,DERRY AREA S D,0.0,,0.5,,0.5,,1.0
WESTMORELAND,651007,NEW FLORENCE BORO,LIGONIER VALLEY S D,0.0,,0.5,,0.5,,1.0
WESTMORELAND,651302,NEW KENSINGTON CITY,NEW KENSNGTN-ARNLD S D,0.0,,0.5,,0.5,,1.0
WESTMORELAND,650706,NEW STANTON BORO,HEMPFIELD AREA S D,0.5,,0.5,,0.5,,1.0
WESTMORELAND,650104,NORTH BELLE VERNON BORO,BELLE VERNON AREA S D,1.0,2012-01-01,0.5,,0.5,,1.0
WESTMORELAND,651402,NORTH HUNTINGDON TWP,NORWIN S D,1.0,1967-01-01,0.5,1966-01-01,0.5,2009-07-01,1.0
WESTMORELAND,651403,NORTH IRWIN BORO,NORWIN S D,0.0,,0.5,,0.5,2009-07-01,1.0
WESTMORELAND,650907,OKLAHOMA BORO,KISKI AREA S D,0.0,,0.5,,0.5,,1.0
WESTMORELAND,651502,PENN BORO,PENN-TRAFFORD S D,1.0,,0.5,,0.5,,1.0
WESTMORELAND,651503,PENN TWP,PENN-TRAFFORD S D,0.5,1959-01-01,0.5,1959-01-01,0.5,,1.0
WESTMORELAND,650105,ROSTRAVER TWP,BELLE VERNON AREA S D,1.0,,0.5,,0.5,,1.0
WESTMORELAND,650603,SALEM TWP,GREENSBURG SALEM S D,1.0,1965-04-05,0.5,,0.5,,1.0
WESTMORELAND,651604,SCOTTDALE BORO,SOUTHMORELAND S D,0.5,,0.5,,0.5,,1.0
WESTMORELAND,651008,SEWARD BORO,LIGONIER VALLEY S D,0.5,2012-01-01,0.5,,0.5,,1.0
WESTMORELAND,651703,SEWICKLEY TWP,YOUGH S D,1.0,,0.5,,0.5,,1.0
WESTMORELAND,651704,SMITHTON BORO,YOUGH S D,0.5,1965-01-01,0.5,,0.5,,1.0
WESTMORELAND,650604,SOUTH GREENSBURG BORO,GREENSBURG SALEM S D,0.5,1990-01-01,0.5,1971-01-01,0.5,,1.0
WESTMORELAND,650708,SOUTH GREENSBURG BORO,HEMPFIELD AREA S D,0.5,1990-01-01,0.5,1971-01-01,0.5,,1.0
WESTMORELAND,651705,SOUTH HUNTINGDON TWP,YOUGH S D,0.5,2018-01-01,0.5,,0.5,,1.0
WESTMORELAND,650605,SOUTHWEST GREENSBURG BORO,GREENSBURG SALEM S D,0.0,,0.5,,0.5,,1.0
WESTMORELAND,651009,ST CLAIR TWP,LIGONIER VALLEY S D,0.5,1995-01-01,0.5,,0.5,,1.0
WESTMORELAND,651706,SUTERSVILLE BORO,YOUGH S D,0.5,2012-01-01,0.5,,0.5,,1.0
WESTMORELAND,651504,TRAFFORD BORO,PENN-TRAFFORD S D,1.0,,0.5,,0.5,,1.0
WESTMORELAND,650502,UNITY TWP,GREATER LATROBE S D,0.5,2012-01-01,0.5,,0.5,,1.0
WESTMORELAND,650202,UPPER BURRELL TWP,BURRELL S D,1.0,1994-01-01,0.5,,0.5,,1.0
WESTMORELAND,650908,VANDERGRIFT BORO,KISKI AREA S D,0.0,,0.5,,0.5,,1.0
WESTMORELAND,650909,WASHINGTON TWP,KISKI AREA S D,0.0,,0.5,,0.5,,1.0
WESTMORELAND,030303,WEST LEECHBURG BORO,LEECHBURG AREA S D,1.0,,0.5,,0.5,,1.0
WESTMORELAND,651707,WEST NEWTON BORO,YOUGH S D,0.5,2012-01-01,0.5,,0.5,,1.0
WESTMORELAND,650503,YOUNGSTOWN BORO,GREATER LATROBE S D,0.0,,0.5,,0.5,,1.0
WESTMORELAND,650707,YOUNGWOOD BORO,HEMPFIELD AREA S D,1.0,,0.5,,0.5,,1.0
WYOMING,080711,BRAINTRIM TWP,WYALUSING AREA S D,1.0,,0.5,,0.94,2010-07-01,1.44
WYOMING,660105,CLINTON TWP,LACKAWANNA TRAIL S D,0.0,,0.5,,0.5,,1.0
WYOMING,660201,EATON TWP,TUNKHANNOCK AREA S D,1.0,,0.5,,0.5,,1.0
WYOMING,401006,EXETER TWP,WYOMING AREA S D,0.0,,0.5,,0.5,2009-07-01,1.0
WYOMING,660106,FACTORYVILLE BORO,LACKAWANNA TRAIL S D,0.0,,0.5,1977-01-01,0.5,,1.0
WYOMING,660202,FALLS TWP,TUNKHANNOCK AREA S D,1.0,,0.5,,0.5,,1.0
WYOMING,660203,FORKSTON TWP,TUNKHANNOCK AREA S D,1.0,,0.5,,0.5,,1.0
WYOMING,080712,LACEYVILLE  BORO,WYALUSING AREA S D,0.0,,0.5,2012-01-01,0.94,2010-07-01,1.44
WYOMING,660204,LEMON TWP,TUNKHANNOCK AREA S D,0.0,,0.5,,0.5,,1.0
WYOMING,660205,MEHOOPANY TWP,TUNKHANNOCK AREA S D,1.0,,0.5,1970-01-01,0.5,,1.0
WYOMING,580206,MESHOPPEN BORO,ELK LAKE S D,1.0,,0.5,,0.5,,1.0
WYOMING,580207,MESHOPPEN TWP,ELK LAKE S D,1.0,1979-01-01,0.5,,0.5,,1.0
WYOMING,660206,MONROE TWP,TUNKHANNOCK AREA S D,0.0,,0.5,,0.5,,1.0
WYOMING,660107,NICHOLSON BORO,LACKAWANNA TRAIL S D,1.0,,0.5,,0.5,,1.0
WYOMING,660108,NICHOLSON TWP,LACKAWANNA TRAIL S D,1.0,,0.5,,0.5,,1.0
WYOMING,660207,NORTH BRANCH TWP,TUNKHANNOCK AREA S D,0.5,,0.5,,0.5,,1.0
WYOMING,660208,NORTHMORELAND  TWP,TUNKHANNOCK AREA S D,0.0,,0.5,,0.5,,1.0
WYOMING,400606,NOXEN TWP,LAKE-LEHMAN S D,1.0,,0.5,,0.5,,1.0
WYOMING,660209,OVERFIELD TWP,TUNKHANNOCK AREA S D,1.0,,0.5,,0.5,,1.0
WYOMING,660210,TUNKHANNOCK BORO,TUNKHANNOCK AREA S D,1.0,,0.5,,0.5,,1.0
WYOMING,660211,TUNKHANNOCK TWP,TUNKHANNOCK AREA S D,1.0,,0.5,,0.5,,1.0
WYOMING,660212,WASHINGTON TWP,TUNKHANNOCK AREA S D,1.0,,0.5,1978-08-07,0.5,,1.0
WYOMING,080713,WINDHAM TWP,WYALUSING AREA S D,1.0,,0.5,,0.94,2010-07-01,1.44
WYOMING,660213,WINDHAM TWP,TUNKHANNOCK AREA S D,1.0,,0.5,,0.5,,1.0
YORK,670701,CARROLL TWP,NORTHERN YORK CO S D,1.0,2012-01-01,0.5,,0.75,2016-07-01,1.25
YORK,670801,CHANCEFORD TWP,RED LION AREA S D,1.0,2011-03-01,0.5,,0.5,,1.0
YORK,671101,CODORUS TWP,SOUTHERN YORK CO S D,1.0,2012-01-01,0.5,,0.8,2016-07-01,1.3
YORK,670601,CONEWAGO TWP,NORTHEASTERN YORK CO SD,1.0,2012-01-01,0.5,,0.5,,1.0
YORK,670901,CROSS ROADS BORO,SOUTH EASTERN S D,1.0,2012-01-01,0.5,,0.5,2009-01-01,1.0
YORK,670201,DALLASTOWN BORO,DALLASTOWN AREA S D,1.0,2012-01-01,0.5,,0.5,,1.0
YORK,670902,DELTA BORO,SOUTH EASTERN S D,1.0,2012-01-01,0.5,2012-01-01,0.5,2009-01-01,1.0
YORK,670702,DILLSBURG BORO,NORTHERN YORK CO S D,1.0,1967-07-01,0.5,,0.75,2016-07-01,1.25
YORK,670301,DOVER BORO,DOVER AREA S D,1.0,2012-01-01,0.5,,0.9,2016-07-01,1.4
YORK,670302,DOVER TWP,DOVER AREA S D,1.0,2012-01-01,0.5,,0.9,2016-07-01,1.4
YORK,670903,EAST HOPEWELL TWP,SOUTH EASTERN S D,0.5,,0.5,,0.5,2009-01-01,1.0
YORK,670602,EAST MANCHESTER TWP,NORTHEASTERN YORK CO SD,1.0,1966-01-01,0.5,1966-01-01,0.5,,1.0
YORK,670401,EAST PROSPECT BORO,EASTERN YORK S D,1.0,2012-01-01,0.5,,0.5,,1.0
YORK,210905,FAIRVIEW TWP,WEST SHORE S D,1.0,,0.5,,0.95,2016-07-01,1.45
YORK,670904,FAWN GROVE BORO,SOUTH EASTERN S D,1.0,,0.5,,0.5,2009-01-01,1.0
YORK,670905,FAWN TWP,SOUTH EASTERN S D,1.0,2012-01-01,0.5,2008-01-01,0.5,2009-01-01,1.0
YORK,670802,FELTON BORO,RED LION AREA S D,1.0,2012-01-01,0.5,,0.5,,1.0
YORK,670703,FRANKLIN  TWP,NORTHERN YORK CO S D,1.0,2002-07-01,0.5,,0.75,2016-07-01,1.25
YORK,670704,FRANKLINTOWN BORO,NORTHERN YORK CO S D,0.5,,0.5,,0.75,2016-07-01,1.25
YORK,671102,GLEN ROCK BORO,SOUTHERN YORK CO S D,1.0,2006-01-01,0.5,1967-01-01,0.8,2016-07-01,1.3
YORK,210906,GOLDSBORO BORO,WEST SHORE S D,1.0,1966-01-01,0.5,,0.95,2016-07-01,1.45
YORK,670402,HALLAM BORO,EASTERN YORK S D,1.0,,0.5,,0.5,,1.0
YORK,670501,HANOVER BORO,HANOVER PUBLIC S D,1.0,2012-01-01,0.5,,0.5,,1.0
YORK,671201,HEIDELBERG TWP,SPRING GROVE AREA S D,0.0,,0.5,,0.5,2007-07-01,1.0
YORK,670403,HELLAM TWP,EASTERN YORK S D,1.0,,0.5,,0.5,,1.0
YORK,670906,HOPEWELL TWP,SOUTH EASTERN S D,1.0,2011-11-03,0.5,1968-07-01,0.5,2009-01-01,1.0
YORK,671202,JACKSON TWP,SPRING GROVE AREA S D,1.0,2012-01-01,0.5,,0.5,2007-07-01,1.0
YORK,670202,JACOBUS BORO,DALLASTOWN AREA S D,1.0,2011-11-02,0.5,,0.5,,1.0
YORK,671203,JEFFERSON BORO,SPRING GROVE AREA S D,1.0,2012-01-01,0.5,,0.5,2007-07-01,1.0
YORK,210907,LEWISBERRY BORO,WEST SHORE S D,0.5,2011-01-01,0.5,,0.95,2016-07-01,1.45
YORK,670203,LOGANVILLE BORO,DALLASTOWN AREA S D,1.0,2006-01-02,0.5,,0.5,,1.0
YORK,670803,LOWER CHANCEFORD TWP,RED LION AREA S D,1.0,,0.5,,0.5,,1.0
YORK,670404,LOWER WINDSOR TWP,EASTERN YORK S D,1.0,2006-01-01,0.5,,0.5,,1.0
YORK,670603,MANCHESTER BORO,NORTHEASTERN YORK CO SD,1.0,2012-01-01,0.5,1966-01-01,0.5,,1.0
YORK,670101,MANCHESTER TWP,CENTRAL YORK S D,1.0,2008-01-01,0.5,,0.5,,1.0
YORK,671001,MANHEIM TWP,SOUTH WESTERN S D,1.0,2012-01-01,0.5,,0.5,,1.0
YORK,670705,MONAGHAN TWP,NORTHERN YORK CO S D,1.0,1967-01-01,0.5,,0.75,2016-07-01,1.25
YORK,670604,MT WOLF BORO,NORTHEASTERN YORK CO SD,1.0,2019-01-01,0.5,,0.5,,1.0
YORK,671103,NEW FREEDOM BORO,SOUTHERN YORK CO S D,1.0,2012-01-01,0.5,,0.8,2016-07-01,1.3
YORK,671204,NEW SALEM  BORO,SPRING GROVE AREA S D,1.0,2006-01-01,0.5,,0.5,2007-07-01,1.0
YORK,210908,NEWBERRY TWP,WEST SHORE S D,1.0,,0.5,,0.95,2016-07-01,1.45
YORK,670605,NEWBERRY TWP,NORTHEASTERN YORK CO SD,1.0,,0.5,,0.5,,1.0
YORK,671205,NORTH CODORUS TWP,SPRING GROVE AREA S D,1.0,2012-01-01,0.5,,0.5,2007-07-01,1.0
YORK,670804,NORTH HOPEWELL TWP,RED LION AREA S D,1.0,2012-01-01,0.5,,0.5,,1.0
YORK,670102,NORTH YORK BORO,CENTRAL YORK S D,0.5,,0.5,,0.5,,1.0
YORK,671206,PARADISE TWP,SPRING GROVE AREA S D,1.0,2005-01-01,0.5,,0.5,2007-07-01,1.0
YORK,670907,PEACH BOTTOM TWP,SOUTH EASTERN S D,1.0,,0.5,,0.5,2009-01-01,1.0
YORK,671002,PENN TWP,SOUTH WESTERN S D,1.0,2012-01-01,0.5,1968-01-01,0.5,,1.0
YORK,671104,RAILROAD BORO,SOUTHERN YORK CO S D,1.0,2012-01-01,0.5,,0.8,2016-07-01,1.3
YORK,670805,RED LION BORO,RED LION AREA S D,1.0,2012-01-01,0.5,,0.5,,1.0
YORK,671207,SEVEN VALLEYS BORO,SPRING GROVE AREA S D,1.0,2005-08-01,0.5,,0.5,2007-07-01,1.0
YORK,671105,SHREWSBURY BORO,SOUTHERN YORK CO S D,1.0,2012-01-01,0.5,,0.8,2016-07-01,1.3
YORK,671106,SHREWSBURY TWP,SOUTHERN YORK CO S D,1.0,2012-01-01,0.5,,0.8,2016-07-01,1.3
YORK,671501,SPRING GARDEN TWP,YORK SUBURBAN S D,1.0,,0.5,,0.5,2010-01-01,1.0
YORK,671208,SPRING GROVE BORO,SPRING GROVE AREA S D,1.0,2012-01-01,0.5,,0.5,2007-07-01,1.0
YORK,670103,SPRINGETTSBURY TWP,CENTRAL YORK S D,1.0,,0.5,,0.5,,1.0
YORK,671502,SPRINGETTSBURY TWP,YORK SUBURBAN S D,1.0,,0.5,,0.5,2010-01-01,1.0
YORK,670204,SPRINGFIELD TWP,DALLASTOWN AREA S D,1.0,2005-01-01,0.5,1968-01-01,0.5,,1.0
YORK,670908,STEWARTSTOWN  BORO,SOUTH EASTERN S D,1.0,2012-01-01,0.5,,0.5,2009-01-01,1.0
YORK,670706,WARRINGTON TWP,NORTHERN YORK CO S D,1.0,2006-03-20,0.5,,0.75,2016-07-01,1.25
YORK,670708,WASHINGTON TWP,NORTHERN YORK CO S D,1.0,2006-01-01,0.5,,0.75,2016-07-01,1.25
YORK,670707,WELLSVILLE BORO,NORTHERN YORK CO S D,1.0,2012-01-01,0.5,1967-04-24,0.75,2016-07-01,1.25
YORK,671301,WEST MANCHESTER TWP,WEST YORK AREA S D,1.0,,0.5,,0.5,,1.0
YORK,671003,WEST MANHEIM TWP,SOUTH WESTERN S D,1.0,2015-01-01,0.5,,0.5,,1.0
YORK,671302,WEST YORK BORO,WEST YORK AREA S D,1.0,2012-01-01,0.5,,0.5,,1.0
YORK,670806,WINDSOR BORO,RED LION AREA S D,1.0,2012-01-01,0.5,1966-07-01,0.5,,1.0
YORK,670807,WINDSOR TWP,RED LION AREA S D,1.0,2012-01-01,0.5,,0.5,,1.0
YORK,670808,WINTERSTOWN BORO,RED LION AREA S D,1.0,2012-01-01,0.5,2008-01-01,0.5,,1.0
YORK,670405,WRIGHTSVILLE BORO,EASTERN YORK S D,1.0,2006-01-01,0.5,,0.5,,1.0
YORK,670205,YOE BORO,DALLASTOWN AREA S D,1.0,2012-01-01,0.5,,0.5,,1.0
YORK,671401,YORK CITY,YORK CITY S D,1.25,2015-01-01,0.75,2015-01-01,0.5,,1.25
YORK,670606,YORK HAVEN  BORO,NORTHEASTERN YORK CO SD,1.0,2012-01-01,0.5,,0.5,,1.0
YORK,670206,YORK TWP,DALLASTOWN AREA S D,1.0,1968-01-01,0.5,,0.5,,1.0
YORK,670406,YORKANA BORO,EASTERN YORK S D,0.0,,0.5,,0.5,,1.0
