GEO_ID|B08301_E001|B08301_M001|B08301_E002|B08301_M002|B08301_E003|B08301_M003|B08301_E004|B08301_M004|B08301_E005|B08301_M005|B08301_E006|B08301_M006|B08301_E007|B08301_M007|B08301_E008|B08301_M008|B08301_E009|B08301_M009|B08301_E010|B08301_M010|B08301_E011|B08301_M011|B08301_E012|B08301_M012|B08301_E013|B08301_M013|B08301_E014|B08301_M014|B08301_E015|B08301_M015|B08301_E016|B08301_M016|B08301_E017|B08301_M017|B08301_E018|B08301_M018|B08301_E019|B08301_M019|B08301_E020|B08301_M020|B08301_E021|B08301_M021
0600000US3900108350|274|127|235|112|183|88|52|50|37|32|15|26|0|13|0|13|0|13|0|13|0|13|0|13|0|13|0|13|0|13|0|13|0|13|0|13|0|13|0|13|39|56
0600000US3900109722|617|258|602|255|527|247|75|59|60|57|6|11|9|14|0|13|0|13|0|13|0|13|0|13|0|13|0|13|0|13|0|13|0|13|0|13|0|13|0|13|15|23
0600000US3900128196|426|255|406|254|372|248|34|41|0|13|34|41|0|13|0|13|0|13|0|13|0|13|0|13|0|13|0|13|0|13|0|13|0|13|0|13|0|13|0|13|20|30
0600000US3900131668|181|118|143|102|141|101|2|4|0|13|2|4|0|13|0|13|0|13|26|41|26|41|0|13|0|13|0|13|0|13|0|13|0|13|0|13|0|13|0|13|12|17
0600000US3900138486|112|59|98|54|98|54|0|13|0|13|0|13|0|13|0|13|0|13|14|30|14|30|0|13|0|13|0|13|0|13|0|13|0|13|0|13|0|13|0|13|0|13
0600000US3900143036|733|265|696|254|648|263|48|56|28|45|0|13|20|32|0|13|0|13|0|13|0|13|0|13|0|13|0|13|0|13|0|13|0|13|0|13|0|13|0|13|37|47
0600000US3900147026|738|158|732|160|692|161|40|40|32|34|0|13|8|15|0|13|0|13|0|13|0|13|0|13|0|13|0|13|0|13|0|13|0|13|0|13|0|13|0|13|6|10
0600000US3900148888|1437|199|1286|235|1204|232|82|50|40|31|42|33|0|13|0|13|0|13|0|13|0|13|0|13|0|13|0|13|0|13|79|105|0|13|0|13|9|14|14|16|49|43
0600000US3900151268|227|136|202|122|202|122|0|13|0|13|0|13|0|13|0|13|0|13|0|13|0|13|0|13|0|13|0|13|0|13|0|13|0|13|0|13|0|13|25|37|0|13
0600000US3900158366|346|249|317|242|286|225|31|111|6|21|5|18|7|26|13|47|0|13|0|13|0|13|0|13|0|13|0|13|0|13|0|13|0|13|12|21|0|13|4|18|13|23
0600000US3900171052|787|210|675|158|629|151|46|42|40|42|0|13|6|10|0|13|0|13|25|31|19|30|0|13|6|11|0|13|0|13|0|13|0|13|0|13|20|21|0|13|67|82
0600000US3900174069|828|320|727|274|679|285|48|52|46|52|0|13|0|13|0|13|2|6|0|13|0|13|0|13|0|13|0|13|0|13|0|13|0|13|0|13|51|68|0|13|50|52
0600000US3900176768|1741|236|1594|237|1485|231|109|100|50|71|6|11|53|63|0|18|0|18|10|18|10|18|0|18|0|18|0|18|0|18|0|18|0|18|0|18|27|43|0|18|110|76
0600000US3900182012|639|325|561|282|484|255|77|59|21|28|56|51|0|13|0|13|0|13|0|13|0|13|0|13|0|13|0|13|0|13|0|13|0|13|0|13|0|13|0|13|78|79
0600000US3900185890|1118|263|1034|241|944|229|90|61|75|57|15|18|0|13|0|13|0|13|0|13|0|13|0|13|0|13|0|13|0|13|0|13|0|13|0|13|41|36|0|13|43|44
0600000US3900301602|911|179|755|162|690|165|65|41|65|41|0|13|0|13|0|13|0|13|0|13|0|13|0|13|0|13|0|13|0|13|0|13|96|130|0|13|0|13|0|13|60|48
0600000US3900301756|6314|486|5901|507|5429|487|472|182|457|181|9|10|0|20|6|9|0|20|0|20|0|20|0|20|0|20|0|20|0|20|0|20|0|20|0|20|49|45|49|67|315|112
0600000US3900302988|1405|140|1326|139|1179|192|147|104|134|105|0|13|0|13|0|13|13|20|0|13|0|13|0|13|0|13|0|13|0|13|0|13|0|13|0|13|0|13|3|4|76|56
0600000US3900304206|4541|330|4219|325|3950|325|269|101|161|74|54|60|0|18|54|55|0|18|0|18|0|18|0|18|0|18|0|18|0|18|0|18|0|18|0|18|84|71|1|3|237|88
0600000US3900337646|1399|167|1320|153|1240|172|80|69|25|30|55|69|0|13|0|13|0|13|0|13|0|13|0|13|0|13|0|13|0|13|0|13|0|13|0|13|4|7|16|26|59|43
0600000US3900343554|14186|649|12879|667|11414|641|1465|258|1211|241|106|64|109|91|39|45|0|27|203|102|203|102|0|27|0|27|0|27|0|27|22|25|0|27|141|91|242|100|256|121|443|146
0600000US3900347656|3060|234|2854|242|2593|228|261|103|154|77|107|63|0|18|0|18|0|18|0|18|0|18|0|18|0|18|0|18|0|18|0|18|5|10|11|16|15|23|33|44|142|111
0600000US3900351282|998|183|942|176|823|174|119|78|119|78|0|13|0|13|0|13|0|13|0|13|0|13|0|13|0|13|0|13|0|13|0|13|0|13|0|13|19|27|12|17|25|21
0600000US3900361742|1320|198|1205|189|1009|197|196|116|60|59|0|13|0|13|136|108|0|13|0|13|0|13|0|13|0|13|0|13|0|13|0|13|0|13|0|13|0|13|0|13|115|112
0600000US3900366614|2747|237|2309|237|2091|231|218|112|120|67|57|50|0|18|41|63|0|18|0|18|0|18|0|18|0|18|0|18|0|18|0|18|0|18|0|18|165|91|1|3|272|120
0600000US3900371955|6239|342|5901|382|5477|392|424|154|361|148|63|49|0|20|0|20|0|20|2|11|0|20|2|11|0|20|0|20|0|20|0|20|0|20|0|20|8|15|37|43|291|104
0600000US3900373982|1189|176|1136|170|998|175|138|73|115|68|23|26|0|13|0|13|0|13|17|25|17|25|0|13|0|13|0|13|0|13|0|13|0|13|5|8|0|13|9|12|22|17
0600000US3900375199|857|225|802|221|781|220|21|29|21|29|0|13|0|13|0|13|0|13|0|13|0|13|0|13|0|13|0|13|0|13|0|13|0|13|0|13|29|22|0|13|26|17
0600000US3900502568|9099|439|7794|457|7189|456|605|181|532|185|73|61|0|20|0|20|0|20|9|14|9|14|0|20|0|20|0|20|0|20|62|76|0|20|98|101|400|119|30|36|706|197
0600000US3900515672|1112|269|964|271|854|246|110|71|42|32|33|49|0|13|35|40|0|13|1|2|1|2|0|13|0|13|0|13|0|13|0|13|0|13|0|13|5|6|58|68|84|77
0600000US3900531682|1614|175|1397|183|1265|167|132|70|71|48|43|34|17|18|0|13|1|4|0|13|0|13|0|13|0|13|0|13|0|13|27|40|14|23|0|13|116|50|0|13|60|50
0600000US3900533236|1165|317|1002|316|849|263|153|105|127|103|0|13|8|9|18|29|0|13|1|6|1|6|0|13|0|13|0|13|0|13|0|13|37|41|0|13|59|54|18|33|48|37
0600000US3900537660|1656|269|1363|321|1180|322|183|138|83|68|96|119|4|7|0|13|0|13|0|13|0|13|0|13|0|13|0|13|0|13|0|13|0|13|0|13|30|33|127|145|136|97
0600000US3900541272|176|78|159|73|135|67|24|31|0|13|0|13|9|14|15|19|0|13|0|13|0|13|0|13|0|13|0|13|0|13|0|13|0|13|0|13|0|13|0|13|17|18
0600000US3900550050|715|226|649|234|516|200|133|77|61|65|54|45|0|13|18|26|0|13|0|13|0|13|0|13|0|13|0|13|0|13|0|13|3|5|0|13|0|13|0|13|63|58
0600000US3900550610|943|281|839|271|745|240|94|85|81|83|0|13|13|21|0|13|0|13|0|13|0|13|0|13|0|13|0|13|0|13|0|13|20|24|0|13|25|28|0|13|59|42
0600000US3900551086|1090|226|992|222|899|226|93|52|93|52|0|13|0|13|0|13|0|13|16|16|0|13|16|16|0|13|0|13|0|13|0|13|7|11|3|7|30|42|11|14|31|24
0600000US3900551688|1544|232|1407|226|1377|225|30|30|23|28|7|12|0|13|0|13|0|13|0|13|0|13|0|13|0|13|0|13|0|13|0|13|0|13|0|13|7|13|0|13|130|91
0600000US3900558562|1010|179|955|185|845|185|110|78|82|71|0|13|0|13|17|28|11|17|0|13|0|13|0|13|0|13|0|13|0|13|0|13|0|13|0|13|0|13|21|27|34|36
0600000US3900561756|696|172|610|163|602|163|8|12|8|12|0|13|0|13|0|13|0|13|0|13|0|13|0|13|0|13|0|13|0|13|0|13|12|17|0|13|0|13|0|13|74|75
0600000US3900568966|154|100|113|93|113|93|0|13|0|13|0|13|0|13|0|13|0|13|0|13|0|13|0|13|0|13|0|13|0|13|0|13|0|13|0|13|0|13|0|13|41|42
0600000US3900575357|1179|212|1042|232|911|209|131|96|104|89|0|13|27|34|0|13|0|13|0|13|0|13|0|13|0|13|0|13|0|13|0|13|0|13|0|13|0|13|127|114|10|18
0600000US3900577532|839|411|839|411|839|411|0|13|0|13|0|13|0|13|0|13|0|13|0|13|0|13|0|13|0|13|0|13|0|13|0|13|0|13|0|13|0|13|0|13|0|13
0600000US3900579758|1231|155|1143|155|1108|154|35|51|35|51|0|13|0|13|0|13|0|13|0|13|0|13|0|13|0|13|0|13|0|13|0|13|0|13|4|6|56|69|0|13|28|24
0600000US3900700000|0|13|0|13|0|13|0|13|0|13|0|13|0|13|0|13|0|13|0|13|0|13|0|13|0|13|0|13|0|13|0|13|0|13|0|13|0|13|0|13|0|13
0600000US3900702064|772|218|647|210|610|187|37|53|35|54|2|4|0|13|0|13|0|13|0|13|0|13|0|13|0|13|0|13|0|13|0|13|0|13|0|13|31|24|11|30|83|59
0600000US3900702652|7780|513|7224|493|6297|497|927|185|752|159|48|50|55|40|54|50|18|21|69|63|69|63|0|20|0|20|0|20|0|20|18|25|0|20|37|38|146|88|127|92|159|65
0600000US3900703156|826|196|724|191|682|188|42|40|31|36|11|18|0|13|0|13|0|13|0|13|0|13|0|13|0|13|0|13|0|13|0|13|0|13|0|13|28|9|24|38|50|41
0600000US3900713890|425|193|421|193|326|163|95|109|16|24|70|110|9|14|0|13|0|13|0|13|0|13|0|13|0|13|0|13|0|13|0|13|0|13|0|13|4|9|0|13|0|13
0600000US3900716560|423|192|423|192|327|179|96|61|37|34|24|25|6|13|13|19|16|22|0|13|0|13|0|13|0|13|0|13|0|13|0|13|0|13|0|13|0|13|0|13|0|13
0600000US3900718350|4555|326|4211|320|3740|320|471|197|392|185|0|20|37|48|26|31|16|20|9|13|9|13|0|20|0|20|0|20|0|20|0|20|0|20|0|20|90|67|72|60|173|88
0600000US3900721672|422|187|348|181|332|181|16|25|0|13|16|25|0|13|0|13|0|13|0|13|0|13|0|13|0|13|0|13|0|13|0|13|0|13|0|13|8|14|0|13|66|50
0600000US3900722344|252|157|246|160|176|115|70|101|36|53|34|49|0|13|0|13|0|13|0|13|0|13|0|13|0|13|0|13|0|13|6|9|0|13|0|13|0|13|0|13|0|13
0600000US3900729624|4881|355|4555|354|3937|411|618|240|537|219|66|62|10|15|3|7|2|5|4|6|4|6|0|20|0|20|0|20|0|20|0|20|0|20|0|20|90|99|42|55|190|89
0600000US3900733642|1202|165|1183|164|1030|167|153|103|134|103|0|13|10|15|0|13|9|15|0|13|0|13|0|13|0|13|0|13|0|13|0|13|0|13|0|13|0|13|0|13|19|33
0600000US3900734300|458|150|446|149|396|140|50|62|0|13|50|62|0|13|0|13|0|13|0|13|0|13|0|13|0|13|0|13|0|13|0|13|0|13|0|13|0|13|12|22|0|13
0600000US3900738514|2532|315|2378|330|2169|312|209|150|209|150|0|18|0|18|0|18|0|18|0|18|0|18|0|18|0|18|0|18|0|18|0|18|39|43|0|18|32|37|32|49|51|49
0600000US3900740404|668|190|657|190|542|188|115|87|67|59|48|62|0|13|0|13|0|13|0|13|0|13|0|13|0|13|0|13|0|13|0|13|0|13|0|13|0|13|0|13|11|17
0600000US3900742742|469|97|405|88|387|85|18|26|18|26|0|13|0|13|0|13|0|13|0|13|0|13|0|13|0|13|0|13|0|13|0|13|7|11|0|13|0|13|34|32|23|17
0600000US3900751296|876|288|755|267|709|239|46|61|0|13|46|61|0|13|0|13|0|13|0|13|0|13|0|13|0|13|0|13|0|13|0|13|0|13|0|13|0|13|10|15|111|68
0600000US3900752066|1203|229|1080|216|934|176|146|74|128|73|12|11|0|13|0|13|6|15|2|9|2|9|0|13|0|13|0|13|0|13|0|13|0|13|10|16|12|15|27|27|72|55
0600000US3900754964|566|240|523|255|483|245|40|49|34|47|6|10|0|13|0|13|0|13|0|13|0|13|0|13|0|13|0|13|0|13|0|13|0|13|0|13|0|13|13|21|30|39
0600000US3900756700|1194|152|1078|160|1020|165|58|39|58|39|0|13|0|13|0|13|0|13|0|13|0|13|0|13|0|13|0|13|0|13|0|13|0|13|0|13|18|19|29|45|69|46
0600000US3900758870|1427|171|1178|188|958|170|220|106|100|68|86|86|12|18|5|8|17|26|0|13|0|13|0|13|0|13|0|13|0|13|44|50|0|13|0|13|21|19|55|67|129|71
0600000US3900762568|596|317|596|317|518|290|78|86|0|13|60|86|18|31|0|13|0|13|0|13|0|13|0|13|0|13|0|13|0|13|0|13|0|13|0|13|0|13|0|13|0|13
0600000US3900763772|934|366|774|277|601|232|173|122|173|122|0|13|0|13|0|13|0|13|0|13|0|13|0|13|0|13|0|13|0|13|0|13|0|13|0|13|0|13|20|30|140|179
0600000US3900766796|558|414|558|414|554|414|4|7|4|7|0|13|0|13|0|13|0|13|0|13|0|13|0|13|0|13|0|13|0|13|0|13|0|13|0|13|0|13|0|13|0|13
0600000US3900768224|854|181|822|180|804|179|18|19|18|19|0|13|0|13|0|13|0|13|0|13|0|13|0|13|0|13|0|13|0|13|0|13|0|13|0|13|0|13|5|7|27|19
0600000US3900770646|4264|312|3766|320|3474|337|292|132|207|105|85|72|0|18|0|18|0|18|25|23|25|23|0|18|0|18|0|18|0|18|0|18|52|48|0|18|37|54|96|76|288|110
0600000US3900772053|710|229|618|212|598|205|20|23|10|15|10|17|0|13|0|13|0|13|0|13|0|13|0|13|0|13|0|13|0|13|0|13|0|13|0|13|27|40|16|27|49|44
0600000US3900777686|502|204|488|204|488|204|0|13|0|13|0|13|0|13|0|13|0|13|0|13|0|13|0|13|0|13|0|13|0|13|0|13|0|13|0|13|0|13|0|13|14|21
0600000US3900782040|279|138|257|131|210|105|47|50|47|50|0|13|0|13|0|13|0|13|0|13|0|13|0|13|0|13|0|13|0|13|0|13|0|13|0|13|0|13|0|13|22|29
0600000US3900785372|586|206|495|192|453|192|42|41|33|38|9|14|0|13|0|13|0|13|0|13|0|13|0|13|0|13|0|13|0|13|0|13|0|13|0|13|69|61|0|13|22|34
0600000US3900785988|1013|211|448|256|253|167|195|157|42|56|0|13|57|76|63|69|33|56|0|13|0|13|0|13|0|13|0|13|0|13|441|258|0|13|0|13|58|56|8|13|58|50
0600000US3900901112|1279|154|1071|203|934|196|137|122|137|122|0|13|0|13|0|13|0|13|0|13|0|13|0|13|0|13|0|13|0|13|0|13|0|13|0|13|7|12|24|30|177|90
0600000US3900901770|602|251|563|250|484|227|79|87|55|77|24|33|0|13|0|13|0|13|0|13|0|13|0|13|0|13|0|13|0|13|0|13|0|13|27|36|10|12|0|13|2|4
0600000US3900902750|13812|716|8044|609|7152|534|892|272|886|271|0|24|0|24|6|9|0|24|203|117|203|117|0|24|0|24|0|24|0|24|0|24|8|13|216|97|3024|439|28|47|2289|489
0600000US3900905942|187|97|169|92|148|93|21|23|5|10|0|13|16|21|0|13|0|13|0|13|0|13|0|13|0|13|0|13|0|13|0|13|0|13|0|13|18|28|0|13|0|13
0600000US3900911220|904|233|743|212|705|199|38|39|25|34|13|22|0|13|0|13|0|13|17|28|17|28|0|13|0|13|0|13|0|13|0|13|0|13|0|13|0|13|0|13|144|57
0600000US3900912336|674|214|599|195|535|174|64|67|33|49|31|45|0|13|0|13|0|13|0|13|0|13|0|13|0|13|0|13|0|13|0|13|0|13|12|19|0|13|0|13|63|78
0600000US3900922414|1321|252|1258|245|1166|229|92|65|85|63|7|11|0|13|0|13|0|13|4|6|4|6|0|13|0|13|0|13|0|13|0|13|0|13|0|13|6|7|0|13|53|45
0600000US3900942420|1409|187|1269|195|1204|188|65|59|65|59|0|13|0|13|0|13|0|13|0|13|0|13|0|13|0|13|0|13|0|13|0|13|0|13|0|13|6|8|36|38|98|77
0600000US3900944590|531|221|429|196|338|158|91|65|91|65|0|13|0|13|0|13|0|13|0|13|0|13|0|13|0|13|0|13|0|13|0|13|0|13|0|13|10|16|0|13|92|79
0600000US3900968238|825|265|734|220|687|211|47|54|22|34|25|43|0|13|0|13|0|13|0|13|0|13|0|13|0|13|0|13|0|13|0|13|0|13|0|13|0|13|0|13|91|89
0600000US3900977420|1743|174|1591|177|1424|188|167|80|99|51|57|46|11|12|0|13|0|13|0|13|0|13|0|13|0|13|0|13|0|13|3|5|0|13|0|13|21|15|29|25|99|62
0600000US3900977546|1146|216|1105|217|1015|213|90|54|73|46|5|6|12|15|0|13|0|13|0|13|0|13|0|13|0|13|0|13|0|13|0|13|0|13|0|13|4|5|0|13|37|30
0600000US3900981777|820|254|793|255|719|245|74|99|74|99|0|13|0|13|0|13|0|13|0|13|0|13|0|13|0|13|0|13|0|13|0|13|0|13|0|13|14|22|0|13|13|16
0600000US3900986982|2623|281|2326|279|2187|288|139|65|134|65|5|9|0|18|0|18|0|18|0|18|0|18|0|18|0|18|0|18|0|18|0|18|47|56|0|18|137|65|9|14|104|64
0600000US3901115448|403|154|403|154|381|154|22|31|22|31|0|13|0|13|0|13|0|13|0|13|0|13|0|13|0|13|0|13|0|13|0|13|0|13|0|13|0|13|0|13|0|13
0600000US3901122722|7171|373|6477|377|6051|386|426|218|229|103|176|179|21|35|0|20|0|20|0|20|0|20|0|20|0|20|0|20|0|20|0|20|7|13|8|13|214|137|0|20|465|168
0600000US3901129848|1930|194|1724|203|1647|198|77|55|43|33|34|46|0|13|0|13|0|13|0|13|0|13|0|13|0|13|0|13|0|13|0|13|0|13|6|9|21|22|0|13|179|84
0600000US3901130954|418|132|350|123|334|117|16|21|16|21|0|13|0|13|0|13|0|13|0|13|0|13|0|13|0|13|0|13|0|13|0|13|0|13|0|13|0|13|0|13|68|43
0600000US3901137674|1932|143|1706|127|1657|122|49|38|45|38|4|8|0|13|0|13|0|13|0|13|0|13|0|13|0|13|0|13|0|13|0|13|0|13|63|70|36|25|0|13|127|59
0600000US3901144618|584|140|577|140|532|152|45|56|45|56|0|13|0|13|0|13|0|13|0|13|0|13|0|13|0|13|0|13|0|13|0|13|0|13|0|13|3|4|4|6|0|13
0600000US3901152472|911|194|871|188|806|168|65|52|41|49|24|34|0|13|0|13|0|13|0|13|0|13|0|13|0|13|0|13|0|13|0|13|0|13|0|13|0|13|9|11|31|33
0600000US3901155986|919|207|848|199|773|193|75|51|75|51|0|13|0|13|0|13|0|13|0|13|0|13|0|13|0|13|0|13|0|13|0|13|0|13|0|13|43|53|0|13|28|24
0600000US3901165018|654|213|647|213|604|204|43|44|18|25|25|37|0|13|0|13|0|13|0|13|0|13|0|13|0|13|0|13|0|13|0|13|0|13|0|13|0|13|0|13|7|11
0600000US3901169694|5940|383|5401|428|4753|431|648|226|578|214|39|57|0|20|31|21|0|20|73|96|60|92|0|20|0|20|13|21|0|20|0|20|15|24|71|54|55|49|146|124|179|97
0600000US3901169806|115|77|80|64|80|64|0|13|0|13|0|13|0|13|0|13|0|13|0|13|0|13|0|13|0|13|0|13|0|13|0|13|0|13|0|13|0|13|8|13|27|35
0600000US3901178204|882|191|767|163|752|160|15|20|15|20|0|13|0|13|0|13|0|13|0|13|0|13|0|13|0|13|0|13|0|13|0|13|0|13|0|13|13|18|11|16|91|66
0600000US3901181074|976|155|912|147|857|145|55|29|51|29|2|4|1|3|1|3|0|13|0|13|0|13|0|13|0|13|0|13|0|13|0|13|0|13|0|13|12|8|5|6|47|28
0600000US3901182054|617|148|584|148|532|145|52|41|6|8|42|38|0|13|0|13|4|7|0|13|0|13|0|13|0|13|0|13|0|13|0|13|0|13|0|13|11|13|2|4|20|17
0600000US3901316602|1790|189|1648|203|1585|199|63|47|55|45|0|13|8|14|0|13|0|13|0|13|0|13|0|13|0|13|0|13|0|13|0|13|0|13|0|13|2|4|0|13|140|90
0600000US3901327566|954|180|919|180|910|176|9|16|0|13|9|16|0|13|0|13|0|13|0|13|0|13|0|13|0|13|0|13|0|13|0|13|2|3|0|13|16|15|2|3|15|15
0600000US3901330968|1266|141|1203|144|1177|137|26|25|23|25|1|2|2|3|0|13|0|13|0|13|0|13|0|13|0|13|0|13|0|13|0|13|2|3|0|13|4|7|0|13|57|39
0600000US3901340600|119|88|119|88|105|86|14|27|14|27|0|13|0|13|0|13|0|13|0|13|0|13|0|13|0|13|0|13|0|13|0|13|0|13|0|13|0|13|0|13|0|13
0600000US3901348580|2690|210|2564|230|2277|272|287|147|199|138|45|59|20|23|23|32|0|18|0|18|0|18|0|18|0|18|0|18|0|18|0|18|0|18|0|18|68|72|7|12|51|40
0600000US3901361378|5734|376|5269|375|4882|385|387|167|367|166|2|3|6|9|12|20|0|20|10|15|10|15|0|20|0|20|0|20|0|20|21|36|0|20|0|20|74|58|16|14|344|117
0600000US3901364962|3273|287|3026|312|2833|304|193|111|169|107|0|18|0|18|0|18|24|44|1|4|1|4|0|18|0|18|0|18|0|18|0|18|0|18|0|18|24|20|0|18|222|124
0600000US3901366628|5433|298|4915|318|4625|335|290|129|224|111|15|23|46|65|5|11|0|20|7|14|7|14|0|20|0|20|0|20|0|20|0|20|0|20|0|20|97|70|38|41|376|144
0600000US3901372736|543|188|480|180|458|176|22|28|12|19|10|19|0|13|0|13|0|13|0|13|0|13|0|13|0|13|0|13|0|13|0|13|0|13|0|13|0|13|0|13|63|75
0600000US3901372970|369|173|335|173|335|173|0|13|0|13|0|13|0|13|0|13|0|13|0|13|0|13|0|13|0|13|0|13|0|13|0|13|0|13|0|13|0|13|0|13|34|34
0600000US3901378218|1196|232|1046|215|983|221|63|47|59|45|0|13|0|13|4|11|0|13|0|13|0|13|0|13|0|13|0|13|0|13|0|13|0|13|0|13|66|71|0|13|84|54
0600000US3901380864|2706|282|2561|259|2206|243|355|180|111|81|159|134|85|94|0|18|0|18|0|18|0|18|0|18|0|18|0|18|0|18|0|18|0|18|0|18|59|59|0|18|86|66
0600000US3901381088|168|114|168|114|128|93|40|63|40|63|0|13|0|13|0|13|0|13|0|13|0|13|0|13|0|13|0|13|0|13|0|13|0|13|0|13|0|13|0|13|0|13
0600000US3901382068|235|175|235|175|170|134|65|62|65|62|0|13|0|13|0|13|0|13|0|13|0|13|0|13|0|13|0|13|0|13|0|13|0|13|0|13|0|13|0|13|0|13
0600000US3901384602|747|263|687|266|687|266|0|13|0|13|0|13|0|13|0|13|0|13|0|13|0|13|0|13|0|13|0|13|0|13|0|13|0|13|0|13|0|13|0|13|60|53
0600000US3901386996|941|214|917|214|794|183|123|80|95|67|7|11|21|27|0|13|0|13|0|13|0|13|0|13|0|13|0|13|0|13|0|13|0|13|0|13|12|12|0|13|12|13
0600000US3901510758|219|165|219|165|200|161|19|33|19|33|0|13|0|13|0|13|0|13|0|13|0|13|0|13|0|13|0|13|0|13|0|13|0|13|0|13|0|13|0|13|0|13
0600000US3901515224|1385|144|1103|126|702|259|401|210|226|108|0|13|175|114|0|13|0|13|0|13|0|13|0|13|0|13|0|13|0|13|0|13|0|13|0|13|0|13|34|51|248|97
0600000US3901523072|540|210|517|208|501|200|16|25|16|25|0|13|0|13|0|13|0|13|13|20|13|20|0|13|0|13|0|13|0|13|0|13|0|13|0|13|0|13|0|13|10|16
0600000US3901528210|604|179|527|176|439|147|88|89|79|89|0|13|0|13|9|15|0|13|0|13|0|13|0|13|0|13|0|13|0|13|0|13|0|13|0|13|0|13|13|20|64|38
0600000US3901531696|1413|287|1390|290|1234|282|156|90|156|90|0|13|0|13|0|13|0|13|0|13|0|13|0|13|0|13|0|13|0|13|0|13|0|13|0|13|0|13|10|17|13|24
0600000US3901536834|1034|252|1018|253|887|243|131|56|123|56|0|13|8|12|0|13|0|13|0|13|0|13|0|13|0|13|0|13|0|13|0|13|0|13|0|13|2|5|0|13|14|19
0600000US3901537688|638|206|608|202|567|217|41|47|41|47|0|13|0|13|0|13|0|13|0|13|0|13|0|13|0|13|0|13|0|13|0|13|0|13|0|13|0|13|12|21|18|29
0600000US3901538528|814|217|753|210|732|207|21|38|21|38|0|13|0|13|0|13|0|13|2|4|2|4|0|13|0|13|0|13|0|13|0|13|0|13|9|17|20|30|0|13|30|35
0600000US3901542910|1119|337|995|312|846|258|149|112|80|63|5|10|50|75|0|13|14|25|0|13|0|13|0|13|0|13|0|13|0|13|0|13|0|13|0|13|8|21|0|13|116|144
0600000US3901561770|2540|206|2208|241|2029|246|179|100|162|97|16|17|0|13|0|13|1|3|0|13|0|13|0|13|0|13|0|13|0|13|0|13|0|13|0|13|2|3|51|60|279|131
0600000US3901562596|1816|336|1662|325|1446|314|216|118|216|118|0|13|0|13|0|13|0|13|0|13|0|13|0|13|0|13|0|13|0|13|0|13|0|13|0|13|55|85|0|13|99|67
0600000US3901563212|1938|297|1826|292|1681|313|145|139|145|139|0|18|0|18|0|18|0|18|8|19|8|19|0|18|0|18|0|18|0|18|0|18|0|18|0|18|15|29|0|18|89|87
0600000US3901571066|592|207|555|191|525|186|30|33|30|33|0|13|0|13|0|13|0|13|0|13|0|13|0|13|0|13|0|13|0|13|0|13|0|13|0|13|0|13|0|13|37|47
0600000US3901574559|2416|266|2330|269|1925|352|405|238|394|235|0|13|0|13|11|19|0|13|0|13|0|13|0|13|0|13|0|13|0|13|0|13|0|13|0|13|0|13|17|35|69|64
0600000US3901578232|1053|122|945|118|855|109|90|53|70|52|20|21|0|13|0|13|0|13|49|73|49|73|0|13|0|13|0|13|0|13|0|13|0|13|0|13|11|13|0|13|48|38
0600000US3901581102|826|168|745|174|638|172|107|60|78|46|28|45|0|13|0|13|1|6|0|13|0|13|0|13|0|13|0|13|0|13|0|13|0|13|0|13|0|13|13|22|68|67
0600000US3901725970|22386|944|19842|1033|17959|999|1883|444|1495|394|242|204|28|46|49|51|69|66|28|42|28|42|0|27|0|27|0|27|0|27|26|44|79|105|83|103|201|123|156|110|1971|404
0600000US3901725984|10851|730|9079|736|8570|688|509|259|470|228|0|24|39|77|0|24|0|24|1|3|1|3|0|24|0|24|0|24|0|24|0|24|0|24|20|36|202|149|0|24|1549|426
0600000US3901733012|27575|927|24793|935|21192|971|3601|659|2638|550|772|287|85|73|98|90|8|14|179|125|179|125|0|30|0|30|0|30|0|30|9|16|99|94|74|65|614|201|272|137|1535|309
0600000US3901733250|3350|414|3114|411|2838|410|276|146|209|133|67|64|0|18|0|18|0|18|0|18|0|18|0|18|0|18|0|18|0|18|0|18|0|18|0|18|0|18|0|18|236|107
0600000US3901742672|8934|471|7530|495|6737|527|793|261|702|236|18|29|68|96|0|20|5|8|1|3|1|3|0|20|0|20|0|20|0|20|0|20|47|48|0|20|74|66|0|20|1282|393
0600000US3901743050|22665|867|18215|958|16964|874|1251|412|826|349|360|159|41|44|24|28|0|27|90|63|90|63|0|27|0|27|0|27|0|27|0|27|0|27|0|27|147|102|45|33|4168|535
0600000US3901746340|4264|312|3862|283|3568|265|294|144|165|110|50|57|38|44|41|60|0|18|0|18|0|18|0|18|0|18|0|18|0|18|0|18|0|18|0|18|53|73|14|22|335|132
0600000US3901749840|21016|843|18762|868|16876|835|1886|357|1601|347|231|105|14|26|34|25|6|10|14|18|14|18|0|27|0|27|0|27|0|27|23|34|0|27|26|43|265|175|254|138|1672|332
0600000US3901750162|1783|209|1466|252|1340|253|126|126|28|26|10|15|88|128|0|13|0|13|0|13|0|13|0|13|0|13|0|13|0|13|0|13|0|13|0|13|0|13|0|13|317|192
0600000US3901752080|2849|208|2445|279|2040|337|405|280|375|278|0|18|30|48|0|18|0|18|0|18|0|18|0|18|0|18|0|18|0|18|0|18|0|18|0|18|0|18|0|18|404|192
0600000US3901759241|8541|729|5383|677|4557|616|826|284|788|280|4|8|0|24|0|24|34|36|207|132|192|135|11|18|0|24|4|11|0|24|0|24|0|24|292|197|1330|265|45|39|1284|210
0600000US3901766096|1279|219|1160|253|1058|242|102|80|102|80|0|13|0|13|0|13|0|13|0|13|0|13|0|13|0|13|0|13|0|13|0|13|0|13|0|13|0|13|0|13|119|72
0600000US3901768616|3714|334|3387|318|3149|296|238|161|224|165|13|22|1|3|0|18|0|18|0|18|0|18|0|18|0|18|0|18|0|18|0|18|0|18|0|18|0|18|23|37|304|125
0600000US3901769498|2934|382|2573|277|2224|273|349|131|277|128|72|48|0|18|0|18|0|18|2|4|2|4|0|18|0|18|0|18|0|18|0|18|0|18|0|18|55|57|9|15|295|241
0600000US3901777322|6389|577|5832|497|5341|543|491|236|344|215|129|120|0|20|0|20|18|31|0|20|0|20|0|20|0|20|0|20|0|20|0|20|0|20|59|91|67|103|0|20|431|231
0600000US3901782082|2255|250|1884|254|1750|254|134|86|119|85|0|13|15|23|0|13|0|13|0|13|0|13|0|13|0|13|0|13|0|13|0|13|0|13|0|13|10|12|0|13|361|155
0600000US3901783150|32517|925|26422|1003|24467|1012|1955|364|1287|263|563|269|13|19|92|74|0|30|103|126|103|126|0|30|0|30|0|30|0|30|7|11|23|32|0|30|191|88|360|177|5411|537
0600000US3901903030|739|190|541|149|465|151|76|60|37|40|8|12|9|15|22|26|0|13|0|13|0|13|0|13|0|13|0|13|0|13|34|52|0|13|0|13|4|8|3|5|157|106
0600000US3901909400|3129|340|2578|280|2365|282|213|128|197|127|15|17|0|18|1|4|0|18|1|2|1|2|0|18|0|18|0|18|0|18|112|136|0|18|19|22|132|72|38|42|249|125
0600000US3901912896|2220|262|2000|260|1856|243|144|96|117|85|27|49|0|13|0|13|0|13|0|13|0|13|0|13|0|13|0|13|0|13|0|13|0|13|0|13|165|97|33|45|22|39
0600000US3901923226|195|85|195|85|187|83|8|13|4|8|4|9|0|13|0|13|0|13|0|13|0|13|0|13|0|13|0|13|0|13|0|13|0|13|0|13|0|13|0|13|0|13
0600000US3901928126|489|175|350|124|260|102|90|91|17|29|62|74|11|19|0|13|0|13|0|13|0|13|0|13|0|13|0|13|0|13|16|23|11|18|0|13|0|13|35|59|77|82
0600000US3901933782|1064|253|955|242|919|243|36|34|36|34|0|13|0|13|0|13|0|13|0|13|0|13|0|13|0|13|0|13|0|13|0|13|0|13|0|13|7|10|17|26|85|57
0600000US3901942434|492|202|411|208|294|153|117|138|117|138|0|13|0|13|0|13|0|13|0|13|0|13|0|13|0|13|0|13|0|13|0|13|0|13|0|13|5|10|12|18|64|81
0600000US3901945038|341|149|259|124|212|119|47|44|16|29|0|13|0|13|31|36|0|13|0|13|0|13|0|13|0|13|0|13|0|13|0|13|0|13|0|13|0|13|7|12|75|84
0600000US3901951324|949|294|883|286|817|289|66|50|34|27|31|43|0|13|1|4|0|13|0|13|0|13|0|13|0|13|0|13|0|13|0|13|0|13|0|13|12|18|8|13|46|50
0600000US3901958576|500|146|498|145|490|146|8|9|6|8|2|4|0|13|0|13|0|13|0|13|0|13|0|13|0|13|0|13|0|13|0|13|0|13|0|13|2|3|0|13|0|13
0600000US3901961784|315|122|289|113|264|110|25|32|9|15|16|28|0|13|0|13|0|13|0|13|0|13|0|13|0|13|0|13|0|13|0|13|0|13|0|13|0|13|0|13|26|43
0600000US3901968420|650|147|565|130|541|126|24|27|22|25|0|13|0|13|2|8|0|13|8|13|8|13|0|13|0|13|0|13|0|13|0|13|0|13|0|13|63|79|0|13|14|15
0600000US3901978260|155|77|126|67|126|67|0|13|0|13|0|13|0|13|0|13|0|13|0|13|0|13|0|13|0|13|0|13|0|13|0|13|0|13|0|13|0|13|0|13|29|27
0600000US3901981116|364|159|364|159|364|159|0|13|0|13|0|13|0|13|0|13|0|13|0|13|0|13|0|13|0|13|0|13|0|13|0|13|0|13|0|13|0|13|0|13|0|13
0600000US3902100212|776|315|630|262|630|262|0|13|0|13|0|13|0|13|0|13|0|13|0|13|0|13|0|13|0|13|0|13|0|13|0|13|0|13|0|13|0|13|0|13|146|197
0600000US3902118126|603|248|479|156|439|154|40|37|15|23|15|21|10|18|0|13|0|13|0|13|0|13|0|13|0|13|0|13|0|13|0|13|0|13|0|13|0|13|0|13|124|139
0600000US3902130982|1637|154|1374|120|1149|123|225|100|193|95|32|44|0|13|0|13|0|13|0|13|0|13|0|13|0|13|0|13|0|13|0|13|0|13|14|16|48|37|3|4|198|96
0600000US3902133796|327|145|307|143|302|143|5|9|0|13|5|9|0|13|0|13|0|13|0|13|0|13|0|13|0|13|0|13|0|13|0|13|0|13|0|13|0|13|9|15|11|19
0600000US3902137702|1152|208|1028|181|1008|180|20|28|20|28|0|13|0|13|0|13|0|13|0|13|0|13|0|13|0|13|0|13|0|13|0|13|0|13|0|13|11|17|0|13|113|99
0600000US3902139228|1474|188|1386|200|1166|199|220|153|162|125|44|52|9|16|5|9|0|13|0|13|0|13|0|13|0|13|0|13|0|13|0|13|0|13|0|13|0|13|45|63|43|44
0600000US3902146760|1361|240|1260|227|1103|220|157|102|157|102|0|13|0|13|0|13|0|13|0|13|0|13|0|13|0|13|0|13|0|13|0|13|0|13|0|13|0|13|17|27|84|58
0600000US3902169078|1206|120|1109|120|1062|117|47|27|47|27|0|13|0|13|0|13|0|13|0|13|0|13|0|13|0|13|0|13|0|13|0|13|0|13|0|13|19|22|5|7|73|30
0600000US3902169820|1328|162|1228|169|1159|161|69|55|30|36|39|48|0|13|0|13|0|13|0|13|0|13|0|13|0|13|0|13|0|13|0|13|0|13|0|13|22|21|14|21|64|54
0600000US3902178274|836|261|658|190|515|190|143|134|143|134|0|13|0|13|0|13|0|13|0|13|0|13|0|13|0|13|0|13|0|13|0|13|0|13|0|13|2|4|0|13|176|116
0600000US3902179086|6677|349|5876|360|5115|440|761|307|740|307|21|22|0|20|0|20|0|20|9|14|9|14|0|20|0|20|0|20|0|20|0|20|41|56|11|13|288|111|49|56|403|138
0600000US3902182096|906|194|830|184|781|165|49|48|49|48|0|13|0|13|0|13|0|13|0|13|0|13|0|13|0|13|0|13|0|13|0|13|0|13|0|13|4|7|5|10|67|31
0600000US3902306054|7970|430|7069|448|6113|479|956|240|878|233|8|13|70|69|0|20|0|20|9|19|9|19|0|20|0|20|0|20|0|20|0|20|24|26|10|17|275|156|111|88|472|173
0600000US3902329862|3082|279|2548|286|2365|271|183|98|160|96|0|18|11|18|0|18|12|15|9|14|9|14|0|18|0|18|0|18|0|18|0|18|0|18|0|18|40|40|8|11|477|228
0600000US3902331703|1366|126|1087|140|943|146|144|74|144|74|0|13|0|13|0|13|0|13|0|13|0|13|0|13|0|13|0|13|0|13|0|13|0|13|0|13|32|38|10|18|237|110
0600000US3902333586|1798|191|1549|182|1435|165|114|69|97|70|17|18|0|13|0|13|0|13|0|13|0|13|0|13|0|13|0|13|0|13|0|13|0|13|0|13|7|11|14|16|228|109
0600000US3902346354|1186|121|1071|125|1028|120|43|30|34|28|0|13|9|10|0|13|0|13|0|13|0|13|0|13|0|13|0|13|0|13|0|13|0|13|0|13|48|28|3|4|64|38
0600000US3902346788|5072|401|4513|378|4105|326|408|178|351|155|52|36|0|20|0|20|5|8|14|21|14|21|0|20|0|20|0|20|0|20|0|20|0|20|9|15|25|24|34|35|477|153
0600000US3902351912|5511|479|5086|476|4806|474|280|130|190|109|55|47|35|37|0|20|0|20|0|20|0|20|0|20|0|20|0|20|0|20|0|20|0|20|0|20|8|12|5|9|412|123
0600000US3902362610|1858|214|1447|209|1398|215|49|33|39|29|10|17|0|13|0|13|0|13|0|13|0|13|0|13|0|13|0|13|0|13|0|13|22|36|0|13|10|13|2|4|377|231
0600000US3902363226|1526|137|1404|141|1353|140|51|48|51|48|0|13|0|13|0|13|0|13|0|13|0|13|0|13|0|13|0|13|0|13|0|13|0|13|0|13|1|4|4|8|117|73
0600000US3902374118|23396|790|20916|786|18273|841|2643|416|1799|356|499|211|205|101|117|122|23|24|163|74|163|74|0|30|0|30|0|30|0|30|9|15|0|30|18|23|737|173|61|36|1492|288
0600000US3902374119|5955|345|5345|320|4913|323|432|109|336|92|75|54|0|20|21|22|0|20|55|58|55|58|0|20|0|20|0|20|0|20|0|20|0|20|6|13|0|20|0|20|549|149
0600000US3902504157|12777|696|11278|615|10265|565|1013|280|807|245|177|135|15|25|0|24|14|17|108|90|108|90|0|24|0|24|0|24|0|24|0|24|0|24|0|24|103|52|39|42|1249|360
0600000US3902528224|1468|222|1310|230|1099|185|211|146|194|144|17|22|0|13|0|13|0|13|0|13|0|13|0|13|0|13|0|13|0|13|0|13|0|13|0|13|31|25|10|16|117|64
0600000US3902531010|7832|458|6939|490|6090|475|849|403|498|231|225|300|47|57|26|32|53|129|84|95|21|28|63|89|0|20|0|20|0|20|0|20|0|20|0|20|10|16|25|26|774|181
0600000US3902537716|1740|159|1499|186|1261|197|238|119|238|119|0|13|0|13|0|13|0|13|0|13|0|13|0|13|0|13|0|13|0|13|0|13|0|13|0|13|28|47|0|13|213|105
0600000US3902545108|1180|146|914|148|899|146|15|19|15|19|0|13|0|13|0|13|0|13|0|13|0|13|0|13|0|13|0|13|0|13|0|13|0|13|0|13|5|8|0|13|261|92
0600000US3902549322|22597|700|18353|813|17316|799|1037|303|693|194|36|40|260|212|16|27|32|33|0|27|0|27|0|27|0|27|0|27|0|27|0|27|0|27|0|27|119|109|209|115|3916|479
0600000US3902550176|3253|358|2878|395|2602|404|276|167|255|155|0|18|0|18|21|40|0|18|0|18|0|18|0|18|0|18|0|18|0|18|0|18|0|18|0|18|61|63|0|18|314|133
0600000US3902551338|3646|310|3419|295|3190|317|229|134|184|130|14|24|22|30|9|18|0|18|0|18|0|18|0|18|0|18|0|18|0|18|10|16|0|18|0|18|28|33|50|55|139|89
0600000US3902557960|2327|337|2178|335|1905|282|273|198|243|197|4|7|0|18|26|38|0|18|0|18|0|18|0|18|0|18|0|18|0|18|0|18|0|18|0|18|0|18|0|18|149|70
0600000US3902562540|7511|470|6263|463|5866|493|397|217|339|214|0|20|18|29|25|34|15|25|0|20|0|20|0|20|0|20|0|20|0|20|0|20|0|20|0|20|125|100|17|22|1106|262
0600000US3902574825|2263|336|2041|324|1900|319|141|114|115|96|26|46|0|18|0|18|0|18|0|18|0|18|0|18|0|18|0|18|0|18|0|18|0|18|0|18|0|18|24|38|198|86
0600000US3902576155|4281|295|3681|316|2970|267|711|233|659|241|52|50|0|18|0|18|0|18|0|18|0|18|0|18|0|18|0|18|0|18|0|18|0|18|0|18|112|109|4|8|484|186
0600000US3902578288|26568|897|22883|1019|20824|1017|2059|437|1712|411|200|96|83|101|60|40|4|6|15|19|15|19|0|27|0|27|0|27|0|27|14|17|12|19|8|12|54|46|91|65|3491|475
0600000US3902581130|1069|332|925|272|879|267|46|40|46|40|0|13|0|13|0|13|0|13|15|23|15|23|0|13|0|13|0|13|0|13|0|13|0|13|0|13|1|2|5|10|123|95
0600000US3902582110|2210|219|2070|212|1777|236|293|128|269|128|0|13|24|36|0|13|0|13|0|13|0|13|0|13|0|13|0|13|0|13|0|13|9|13|0|13|32|25|8|12|91|57
0600000US3902585302|2945|336|2730|320|2443|310|287|127|254|122|33|33|0|18|0|18|0|18|0|18|0|18|0|18|0|18|0|18|0|18|0|18|37|40|0|18|8|9|27|33|143|116
0600000US3902700226|1308|376|1180|369|1120|372|60|53|49|57|11|18|0|13|0|13|0|13|18|29|18|29|0|13|0|13|0|13|0|13|0|13|0|13|0|13|0|13|6|10|104|69
0600000US3902713974|1215|311|1099|313|1036|319|63|68|63|68|0|13|0|13|0|13|0|13|0|13|0|13|0|13|0|13|0|13|0|13|0|13|12|20|0|13|0|13|0|13|104|68
0600000US3902715238|1045|272|900|236|817|201|83|65|32|27|51|57|0|13|0|13|0|13|0|13|0|13|0|13|0|13|0|13|0|13|0|13|0|13|0|13|37|58|0|13|108|74
0600000US3902731710|1103|124|1024|133|928|134|96|55|89|54|7|9|0|13|0|13|0|13|0|13|0|13|0|13|0|13|0|13|0|13|0|13|0|13|0|13|9|15|0|13|70|45
0600000US3902738542|788|297|709|276|709|276|0|13|0|13|0|13|0|13|0|13|0|13|0|13|0|13|0|13|0|13|0|13|0|13|0|13|0|13|0|13|15|23|1|3|63|62
0600000US3902743064|390|133|261|94|214|90|47|38|32|31|1|3|14|21|0|13|0|13|30|42|0|13|0|13|0|13|0|13|30|42|18|28|0|13|0|13|0|13|0|13|81|59
0600000US3902747670|2347|250|1884|298|1739|306|145|69|97|54|37|44|11|17|0|18|0|18|0|18|0|18|0|18|0|18|0|18|0|18|0|18|0|18|0|18|169|117|0|18|294|174
0600000US3902766642|1535|165|1456|172|1229|177|227|133|215|131|12|14|0|13|0|13|0|13|0|13|0|13|0|13|0|13|0|13|0|13|0|13|0|13|0|13|19|19|0|13|60|38
0600000US3902778302|1322|197|1132|198|1118|201|14|28|14|28|0|13|0|13|0|13|0|13|0|13|0|13|0|13|0|13|0|13|0|13|0|13|0|13|0|13|8|12|0|13|182|79
0600000US3902779772|1557|180|1455|184|1384|196|71|49|71|49|0|13|0|13|0|13|0|13|0|13|0|13|0|13|0|13|0|13|0|13|0|13|0|13|0|13|0|13|10|18|92|71
0600000US3902781144|874|206|836|202|736|197|100|59|56|50|0|13|12|18|32|30|0|13|0|13|0|13|0|13|0|13|0|13|0|13|0|13|0|13|0|13|0|13|0|13|38|30
0600000US3902782124|271|93|271|93|260|90|11|17|11|17|0|13|0|13|0|13|0|13|0|13|0|13|0|13|0|13|0|13|0|13|0|13|0|13|0|13|0|13|0|13|0|13
0600000US3902785792|5498|361|4782|345|4390|371|392|169|243|134|77|64|72|79|0|20|0|20|17|20|17|20|0|20|0|20|0|20|0|20|39|48|0|20|38|36|266|103|114|73|242|112
0600000US3902785820|245|141|217|120|162|98|55|80|55|80|0|13|0|13|0|13|0|13|0|13|0|13|0|13|0|13|0|13|0|13|0|13|0|13|0|13|0|13|0|13|28|33
0600000US3902910562|1908|204|1498|243|1312|252|186|82|167|78|19|23|0|13|0|13|0|13|2|10|2|10|0|13|0|13|0|13|0|13|0|13|0|13|0|13|121|112|10|14|277|223
0600000US3902912910|2394|216|2188|207|1970|254|218|127|138|79|6|10|10|13|11|14|53|93|0|18|0|18|0|18|0|18|0|18|0|18|0|18|0|18|0|18|79|48|11|21|116|55
0600000US3902923730|3784|451|3493|449|3028|330|465|225|302|175|52|46|23|37|88|124|0|18|41|50|41|50|0|18|0|18|0|18|0|18|38|49|31|49|0|18|91|76|0|18|90|56
0600000US3902924906|1413|287|1386|278|1265|293|121|78|121|78|0|13|0|13|0|13|0|13|0|13|0|13|0|13|0|13|0|13|0|13|0|13|0|13|0|13|0|13|9|13|18|24
0600000US3902925998|4756|376|4311|411|3773|420|538|204|253|117|233|129|51|84|0|18|1|2|0|18|0|18|0|18|0|18|0|18|0|18|0|18|0|18|0|18|85|86|21|34|339|148
0600000US3902928238|340|167|290|145|290|145|0|13|0|13|0|13|0|13|0|13|0|13|0|13|0|13|0|13|0|13|0|13|0|13|0|13|0|13|7|11|0|13|0|13|43|54
0600000US3902933264|1471|204|1155|216|1069|217|86|78|82|77|3|4|0|13|0|13|1|4|0|13|0|13|0|13|0|13|0|13|0|13|0|13|0|13|0|13|28|25|13|17|275|163
0600000US3902940824|1966|239|1829|253|1790|260|39|34|18|23|14|21|7|12|0|13|0|13|0|13|0|13|0|13|0|13|0|13|0|13|0|13|0|13|0|13|41|34|35|52|61|47
0600000US3902944226|1865|270|1780|283|1722|283|58|70|41|67|17|25|0|13|0|13|0|13|18|28|18|28|0|13|0|13|0|13|0|13|27|43|0|13|0|13|13|20|0|13|27|31
0600000US3902946368|1195|219|1129|220|1106|219|23|24|23|24|0|13|0|13|0|13|0|13|0|13|0|13|0|13|0|13|0|13|0|13|0|13|0|13|0|13|25|39|0|13|41|46
0600000US3902949784|1738|214|1615|219|1317|208|298|172|256|167|30|32|12|18|0|13|0|13|0|13|0|13|0|13|0|13|0|13|0|13|0|13|0|13|0|13|10|17|0|13|113|77
0600000US3902961798|7670|587|6843|567|6438|539|405|199|298|177|107|112|0|20|0|20|0|20|1|6|1|6|0|20|0|20|0|20|0|20|0|20|0|20|301|391|213|120|7|14|305|136
0600000US3902969512|3801|412|3467|448|3131|495|336|162|249|142|77|76|10|16|0|18|0|18|21|34|21|34|0|18|0|18|0|18|0|18|107|144|0|18|0|18|17|26|0|18|189|106
0600000US3902969848|2427|178|2230|171|2049|172|181|116|89|67|63|81|29|32|0|18|0|18|0|18|0|18|0|18|0|18|0|18|0|18|0|18|0|18|0|18|28|23|8|14|161|62
0600000US3902978890|4175|322|3784|302|3162|310|622|272|573|274|14|25|31|52|0|18|4|14|0|18|0|18|0|18|0|18|0|18|0|18|0|18|9|14|0|18|146|95|33|27|203|106
0600000US3902981158|785|217|758|210|649|185|109|60|59|45|30|24|6|10|5|7|9|10|0|13|0|13|0|13|0|13|0|13|0|13|0|13|0|13|0|13|17|19|0|13|10|11
0600000US3902982138|519|287|407|289|142|80|265|302|265|302|0|13|0|13|0|13|0|13|0|13|0|13|0|13|0|13|0|13|0|13|0|13|0|13|0|13|0|13|27|38|85|68
0600000US3902982740|1294|209|1260|217|1091|203|169|174|157|172|12|33|0|13|0|13|0|13|0|13|0|13|0|13|0|13|0|13|0|13|0|13|0|13|0|13|0|13|0|13|34|52
0600000US3902982852|1284|220|1188|230|1063|232|125|62|113|59|0|13|0|13|0|13|12|20|0|13|0|13|0|13|0|13|0|13|0|13|0|13|0|13|0|13|0|13|0|13|96|70
0600000US3902986912|792|345|569|234|540|242|29|37|29|37|0|13|0|13|0|13|0|13|0|13|0|13|0|13|0|13|0|13|0|13|0|13|0|13|0|13|149|177|0|13|74|62
0600000US3903100240|426|208|365|165|352|162|13|21|13|21|0|13|0|13|0|13|0|13|0|13|0|13|0|13|0|13|0|13|0|13|0|13|0|13|0|13|0|13|39|57|22|35
0600000US3903104864|404|231|373|213|192|130|181|189|181|189|0|13|0|13|0|13|0|13|0|13|0|13|0|13|0|13|0|13|0|13|0|13|0|13|0|13|0|13|24|38|7|13
0600000US3903106152|507|137|486|138|363|120|123|99|78|95|45|49|0|13|0|13|0|13|0|13|0|13|0|13|0|13|0|13|0|13|0|13|0|13|0|13|0|13|5|9|16|19
0600000US3903115266|263|144|258|143|225|138|33|46|0|13|33|46|0|13|0|13|0|13|0|13|0|13|0|13|0|13|0|13|0|13|0|13|0|13|0|13|5|9|0|13|0|13
0600000US3903118868|4778|366|4154|350|3739|326|415|165|325|154|80|70|0|20|10|14|0|20|4|10|4|10|0|20|0|20|0|20|0|20|101|77|0|20|7|12|93|63|83|76|336|132
0600000US3903119218|735|250|366|135|124|81|242|120|12|16|13|16|66|50|44|34|107|75|0|13|0|13|0|13|0|13|0|13|0|13|91|127|0|13|171|78|11|12|9|14|87|73
0600000US3903128252|466|137|397|122|345|102|52|51|40|47|11|21|0|13|0|13|1|4|0|13|0|13|0|13|0|13|0|13|0|13|0|13|0|13|0|13|24|29|31|41|14|17
0600000US3903137730|537|132|495|127|445|126|50|42|50|42|0|13|0|13|0|13|0|13|0|13|0|13|0|13|0|13|0|13|0|13|0|13|0|13|0|13|0|13|27|34|15|22
0600000US3903138556|673|191|634|191|593|186|41|25|34|25|6|7|0|13|1|3|0|13|0|13|0|13|0|13|0|13|0|13|0|13|0|13|0|13|0|13|7|7|0|13|32|22
0600000US3903139634|686|277|621|267|606|265|15|18|15|18|0|13|0|13|0|13|0|13|0|13|0|13|0|13|0|13|0|13|0|13|0|13|0|13|0|13|24|27|7|13|34|39
0600000US3903141132|2028|159|1898|172|1623|222|275|159|175|106|90|139|0|13|10|17|0|13|8|21|8|21|0|13|0|13|0|13|0|13|0|13|16|24|0|13|24|22|13|15|69|60
0600000US3903143960|266|145|249|143|231|140|18|32|18|32|0|13|0|13|0|13|0|13|0|13|0|13|0|13|0|13|0|13|0|13|0|13|0|13|0|13|17|23|0|13|0|13
0600000US3903150274|400|187|154|75|53|47|101|56|41|24|0|13|41|33|14|15|5|8|0|13|0|13|0|13|0|13|0|13|0|13|51|44|0|13|70|49|0|13|0|13|125|99
0600000US3903151352|296|178|296|178|296|178|0|13|0|13|0|13|0|13|0|13|0|13|0|13|0|13|0|13|0|13|0|13|0|13|0|13|0|13|0|13|0|13|0|13|0|13
0600000US3903154376|126|65|62|53|62|53|0|13|0|13|0|13|0|13|0|13|0|13|0|13|0|13|0|13|0|13|0|13|0|13|0|13|0|13|0|13|0|13|0|13|64|48
0600000US3903159248|564|212|564|212|525|188|39|52|39|52|0|13|0|13|0|13|0|13|0|13|0|13|0|13|0|13|0|13|0|13|0|13|0|13|0|13|0|13|0|13|0|13
0600000US3903161812|80|72|80|72|80|72|0|13|0|13|0|13|0|13|0|13|0|13|0|13|0|13|0|13|0|13|0|13|0|13|0|13|0|13|0|13|0|13|0|13|0|13
0600000US3903162624|290|125|243|115|207|99|36|39|19|29|17|26|0|13|0|13|0|13|0|13|0|13|0|13|0|13|0|13|0|13|45|55|0|13|0|13|0|13|0|13|2|6
0600000US3903176953|157|99|127|100|43|37|84|79|25|28|0|13|0|13|48|58|11|17|0|13|0|13|0|13|0|13|0|13|0|13|0|13|0|13|20|32|0|13|0|13|10|16
0600000US3903177896|439|164|404|165|289|118|115|117|115|117|0|13|0|13|0|13|0|13|0|13|0|13|0|13|0|13|0|13|0|13|2|6|0|13|0|13|0|13|9|15|24|38
0600000US3903180220|177|76|170|75|138|73|32|32|26|31|6|9|0|13|0|13|0|13|0|13|0|13|0|13|0|13|0|13|0|13|0|13|0|13|0|13|0|13|0|13|7|11
0600000US3903181172|330|139|271|124|251|118|20|32|0|13|20|32|0|13|0|13|0|13|0|13|0|13|0|13|0|13|0|13|0|13|0|13|0|13|0|13|0|13|10|15|49|54
0600000US3903184714|642|180|586|176|448|165|138|111|93|83|27|51|0|13|18|32|0|13|0|13|0|13|0|13|0|13|0|13|0|13|21|34|0|13|11|19|0|13|0|13|24|37
0600000US3903302890|339|106|309|103|272|93|37|38|37|38|0|13|0|13|0|13|0|13|0|13|0|13|0|13|0|13|0|13|0|13|0|13|0|13|0|13|11|18|9|13|10|12
0600000US3903310030|5170|284|4766|317|4341|352|425|157|401|155|16|18|0|20|8|15|0|20|19|24|19|24|0|20|0|20|0|20|0|20|0|20|0|20|0|20|135|68|110|81|140|90
0600000US3903310044|370|126|354|119|346|118|8|13|8|13|0|13|0|13|0|13|0|13|0|13|0|13|0|13|0|13|0|13|0|13|0|13|0|13|0|13|0|13|0|13|16|25
0600000US3903313708|143|99|120|97|119|96|1|4|1|4|0|13|0|13|0|13|0|13|5|8|5|8|0|13|0|13|0|13|0|13|0|13|0|13|0|13|0|13|0|13|18|24
0600000US3903319134|717|136|664|132|630|126|34|25|34|25|0|13|0|13|0|13|0|13|2|3|2|3|0|13|0|13|0|13|0|13|0|13|9|15|5|8|24|19|0|13|13|13
0600000US3903319330|2027|229|1765|187|1668|182|97|57|81|52|3|5|0|13|13|19|0|13|0|13|0|13|0|13|0|13|0|13|0|13|0|13|18|30|0|13|42|33|12|15|190|116
0600000US3903319932|235|129|229|128|229|128|0|13|0|13|0|13|0|13|0|13|0|13|0|13|0|13|0|13|0|13|0|13|0|13|0|13|0|13|0|13|0|13|6|9|0|13
0600000US3903329176|4301|363|3833|348|3459|359|374|139|288|137|0|20|0|20|36|52|50|50|0|20|0|20|0|20|0|20|0|20|0|20|0|20|14|25|0|20|34|29|58|46|362|140
0600000US3903335980|780|265|726|255|641|251|85|100|62|91|23|48|0|13|0|13|0|13|0|13|0|13|0|13|0|13|0|13|0|13|0|13|0|13|0|13|0|13|24|33|30|36
0600000US3903337744|206|136|149|82|140|81|9|9|9|9|0|13|0|13|0|13|0|13|0|13|0|13|0|13|0|13|0|13|0|13|0|13|57|69|0|13|0|13|0|13|0|13
0600000US3903338570|690|205|664|202|618|205|46|35|32|36|14|21|0|13|0|13|0|13|0|13|0|13|0|13|0|13|0|13|0|13|0|13|0|13|0|13|10|14|0|13|16|19
0600000US3903343078|620|222|565|217|565|217|0|13|0|13|0|13|0|13|0|13|0|13|0|13|0|13|0|13|0|13|0|13|0|13|0|13|0|13|0|13|10|16|0|13|45|50
0600000US3903345500|357|119|342|121|342|121|0|13|0|13|0|13|0|13|0|13|0|13|0|13|0|13|0|13|0|13|0|13|0|13|0|13|0|13|0|13|9|16|0|13|6|11
0600000US3903364010|942|199|798|216|740|199|58|42|46|40|12|16|0|13|0|13|0|13|0|13|0|13|0|13|0|13|0|13|0|13|0|13|0|13|0|13|13|18|23|25|108|82
0600000US3903370366|324|145|300|132|300|132|0|13|0|13|0|13|0|13|0|13|0|13|0|13|0|13|0|13|0|13|0|13|0|13|0|13|0|13|0|13|0|13|0|13|24|35
0600000US3903376463|51|48|51|48|51|48|0|13|0|13|0|13|0|13|0|13|0|13|0|13|0|13|0|13|0|13|0|13|0|13|0|13|0|13|0|13|0|13|0|13|0|13
0600000US3903376967|329|143|257|122|231|119|26|35|26|35|0|13|0|13|0|13|0|13|0|13|0|13|0|13|0|13|0|13|0|13|0|13|0|13|0|13|0|13|35|53|37|38
0600000US3903379786|406|157|392|158|328|138|64|50|1|2|63|50|0|13|0|13|0|13|0|13|0|13|0|13|0|13|0|13|0|13|0|13|0|13|0|13|14|19|0|13|0|13
0600000US3903384644|811|172|785|173|726|164|59|65|54|63|0|13|0|13|0|13|5|9|0|13|0|13|0|13|0|13|0|13|0|13|0|13|0|13|0|13|2|4|0|13|24|29
0600000US3903500000|0|13|0|13|0|13|0|13|0|13|0|13|0|13|0|13|0|13|0|13|0|13|0|13|0|13|0|13|0|13|0|13|0|13|0|13|0|13|0|13|0|13
0600000US3903504416|7855|361|5698|298|5497|297|201|84|156|74|28|28|10|15|0|20|7|11|28|30|28|30|0|20|0|20|0|20|0|20|0|20|0|20|50|53|76|52|107|76|1896|326
0600000US3903504500|6774|463|5109|439|4408|451|701|347|642|353|20|34|0|20|39|46|0|20|99|67|26|33|17|25|0|20|56|51|0|20|0|20|3|14|33|37|247|174|27|30|1256|394
0600000US3903504878|6331|435|5454|495|5209|534|245|143|145|96|85|104|15|32|0|20|0|20|193|121|182|119|0|20|11|19|0|20|0|20|0|20|0|20|0|20|115|81|12|19|557|196
0600000US3903504920|5346|407|4130|445|3717|425|413|177|413|177|0|20|0|20|0|20|0|20|280|173|280|173|0|20|0|20|0|20|0|20|0|20|0|20|0|20|177|154|81|98|678|406
0600000US3903505550|327|79|270|75|266|74|4|7|4|7|0|13|0|13|0|13|0|13|0|13|0|13|0|13|0|13|0|13|0|13|0|13|0|13|0|13|3|5|4|7|50|19
0600000US3903505690|8801|490|6743|457|6257|489|486|173|457|175|11|12|0|20|4|8|14|24|43|42|37|41|6|11|0|20|0|20|0|20|4|7|6|11|54|60|573|190|17|19|1361|230
0600000US3903508336|741|113|570|106|539|107|31|24|19|19|9|7|0|13|0|13|3|4|8|10|8|10|0|13|0|13|0|13|0|13|0|13|0|13|0|13|10|8|10|11|143|37
0600000US3903508364|7065|377|5507|421|5167|411|340|214|306|203|0|20|0|20|34|36|0|20|33|36|33|36|0|20|0|20|0|20|0|20|0|20|0|20|7|10|70|48|33|32|1415|347
0600000US3903509064|10757|639|8653|700|8284|708|369|163|326|157|26|30|0|20|0|20|17|26|37|36|37|36|0|20|0|20|0|20|0|20|0|20|0|20|0|20|290|263|115|75|1662|441
0600000US3903509246|5895|439|4924|415|4328|379|596|245|568|249|28|33|0|20|0|20|0|20|212|137|200|136|12|19|0|20|0|20|0|20|0|20|0|20|48|70|92|111|33|37|586|186
0600000US3903509274|691|78|568|75|552|72|16|16|6|7|0|13|10|15|0|13|0|13|3|4|3|4|0|13|0|13|0|13|0|13|0|13|0|13|0|13|0|13|3|4|117|32
0600000US3903509288|9043|485|8070|477|7259|451|811|198|624|192|94|61|16|18|18|27|59|50|41|30|22|29|9|13|10|16|0|20|0|20|0|20|103|118|0|20|171|80|58|66|600|148
0600000US3903513372|2112|216|1436|178|1384|186|52|36|34|30|18|22|0|13|0|13|0|13|0|13|0|13|0|13|0|13|0|13|0|13|0|13|0|13|0|13|89|52|20|33|567|138
0600000US3903516000|154328|2486|116456|2629|100983|2416|15473|1065|12766|1010|1502|331|775|413|224|113|206|86|10643|1027|9742|1013|630|238|68|49|181|133|22|25|788|282|31|30|799|236|8127|709|1898|309|15586|912
0600000US3903516014|22276|976|16417|906|14885|889|1532|332|1205|298|252|154|31|31|25|27|19|22|674|205|616|200|21|34|17|29|20|25|0|27|10|16|9|13|247|135|990|246|286|121|3643|404
0600000US3903519806|237|67|207|62|197|58|10|10|10|10|0|13|0|13|0|13|0|13|2|4|2|4|0|13|0|13|0|13|0|13|0|13|0|13|0|13|19|18|0|13|9|9
0600000US3903523380|4515|463|3314|518|2832|494|482|173|273|137|148|92|14|24|0|20|47|69|739|211|739|211|0|20|0|20|0|20|0|20|0|20|0|20|0|20|77|72|92|80|293|106
0600000US3903525704|22886|1018|18249|1025|16189|1003|2060|464|1635|378|129|80|0|27|202|278|94|74|1418|405|1414|404|0|27|0|27|0|27|4|14|0|27|0|27|37|43|319|159|404|266|2459|676
0600000US3903526446|9542|444|7577|489|7140|467|437|162|307|152|20|23|73|55|29|31|8|13|138|70|104|60|34|39|0|20|0|20|0|20|0|20|0|20|34|36|108|78|189|160|1496|243
0600000US3903529428|13018|725|11577|739|10599|796|978|306|750|262|24|54|152|125|26|33|26|37|166|78|166|78|0|24|0|24|0|24|0|24|0|24|0|24|0|24|318|139|98|107|859|225
0600000US3903529498|937|268|796|224|757|224|39|24|35|24|0|13|0|13|4|6|0|13|0|13|0|13|0|13|0|13|0|13|0|13|0|13|0|13|0|13|7|8|3|5|131|65
0600000US3903530632|308|90|247|79|234|75|13|13|13|13|0|13|0|13|0|13|0|13|0|13|0|13|0|13|0|13|0|13|0|13|0|13|2|4|0|13|5|6|0|13|54|30
0600000US3903535252|4133|337|3315|369|2997|351|318|133|286|127|22|31|0|18|10|16|0|18|0|18|0|18|0|18|0|18|0|18|0|18|0|18|0|18|0|18|80|86|12|20|726|195
0600000US3903535255|224|155|208|155|151|92|57|72|48|69|0|13|0|13|0|13|9|17|0|13|0|13|0|13|0|13|0|13|0|13|0|13|0|13|0|13|9|15|0|13|7|9
0600000US3903536918|223|67|160|49|143|45|17|13|17|13|0|13|0|13|0|13|0|13|0|13|0|13|0|13|0|13|0|13|0|13|0|13|0|13|0|13|2|3|1|4|60|43
0600000US3903537240|3891|248|3182|323|2865|307|317|196|165|105|8|11|13|13|131|170|0|18|0|18|0|18|0|18|0|18|0|18|0|18|0|18|0|18|0|18|0|18|42|47|667|199
0600000US3903541664|30164|794|22523|770|20808|766|1715|279|1468|257|153|102|49|39|45|31|0|30|707|191|626|185|71|38|10|18|0|30|0|30|128|163|11|18|154|81|696|178|203|108|5742|583
0600000US3903543918|116|79|105|76|97|74|8|10|8|10|0|13|0|13|0|13|0|13|0|13|0|13|0|13|0|13|0|13|0|13|0|13|0|13|0|13|7|8|4|8|0|13
0600000US3903545556|7239|330|5758|323|5427|347|331|146|237|119|94|86|0|20|0|20|0|20|41|40|20|30|10|17|11|17|0|20|0|20|0|20|0|20|0|20|8|12|51|38|1381|289
0600000US3903547306|9583|677|8385|594|7659|647|726|274|483|177|159|167|60|83|24|46|0|24|362|138|349|137|13|17|0|24|0|24|0|24|0|24|0|24|0|24|131|101|112|87|593|232
0600000US3903548468|1756|195|1425|196|1397|194|28|34|9|14|10|17|9|14|0|13|0|13|5|9|5|9|0|13|0|13|0|13|0|13|0|13|0|13|0|13|0|13|0|13|326|180
0600000US3903548482|10414|525|8280|517|7387|564|893|298|751|288|85|70|11|17|46|40|0|24|234|185|214|185|13|19|0|24|7|12|0|24|0|24|0|24|11|17|170|112|117|100|1602|295
0600000US3903549644|7886|381|6744|425|6345|424|399|143|266|122|56|47|77|56|0|20|0|20|255|212|180|207|26|36|0|20|49|52|0|20|0|20|0|20|6|9|19|30|43|30|819|184
0600000US3903552052|1679|170|1347|178|1283|173|64|51|64|51|0|13|0|13|0|13|0|13|11|18|1|3|0|13|0|13|10|15|0|13|0|13|0|13|0|13|34|37|0|13|287|87
0600000US3903554250|1005|410|947|409|913|407|34|26|34|26|0|13|0|13|0|13|0|13|22|35|22|35|0|13|0|13|0|13|0|13|0|13|0|13|7|11|7|10|5|7|17|19
0600000US3903556882|16276|710|13455|680|12546|677|909|172|634|163|126|70|41|30|85|57|23|28|66|60|66|60|0|27|0|27|0|27|0|27|0|27|9|13|6|9|155|77|120|78|2465|548
0600000US3903556924|433|146|388|141|359|128|29|27|8|13|15|23|6|8|0|13|0|13|29|24|29|24|0|13|0|13|0|13|0|13|0|13|0|13|0|13|7|10|0|13|9|12
0600000US3903557008|15888|560|13382|621|12619|642|763|306|543|247|65|51|145|145|10|22|0|27|90|65|90|65|0|27|0|27|0|27|0|27|20|25|19|33|0|27|126|87|147|99|2104|320
0600000US3903557750|1375|203|1156|261|896|228|260|118|243|115|0|13|17|27|0|13|0|13|0|13|0|13|0|13|0|13|0|13|0|13|0|13|0|13|0|13|0|13|2|5|217|130
0600000US3903558408|7479|508|6350|521|5996|499|354|208|253|163|101|129|0|20|0|20|0|20|22|37|22|37|0|20|0|20|0|20|0|20|0|20|0|20|0|20|0|20|15|21|1092|368
0600000US3903558422|4506|396|3625|331|3494|330|131|58|97|54|34|29|0|18|0|18|0|18|1|3|1|3|0|18|0|18|0|18|0|18|0|18|0|18|0|18|29|24|14|22|837|375
0600000US3903558604|1519|214|1205|180|1158|174|47|46|36|41|0|13|0|13|0|13|11|18|0|13|0|13|0|13|0|13|0|13|0|13|0|13|0|13|0|13|1|3|0|13|313|99
0600000US3903561000|41292|1112|35139|1182|32629|1178|2510|376|1884|321|412|153|144|106|28|38|42|38|539|169|533|170|6|10|0|30|0|30|0|30|16|22|335|413|29|33|541|183|418|141|4275|461
0600000US3903561028|10213|740|8320|634|7646|604|674|198|603|189|25|31|31|35|0|24|15|21|168|115|168|115|0|24|0|24|0|24|0|24|0|24|0|24|17|24|138|83|276|133|1294|314
0600000US3903561686|3418|244|2731|247|2460|245|271|118|181|90|26|27|27|39|37|53|0|18|14|20|7|16|0|18|0|18|7|12|0|18|0|18|0|18|0|18|29|23|12|21|632|144
0600000US3903566894|5148|331|4131|385|3794|394|337|178|221|127|90|133|0|20|26|50|0|20|83|70|83|70|0|20|0|20|0|20|0|20|0|20|8|23|0|20|32|24|119|95|775|209
0600000US3903568056|10993|644|8594|547|7981|560|613|193|474|175|0|24|86|89|53|68|0|24|191|211|191|211|0|24|0|24|0|24|0|24|45|67|0|24|18|23|112|96|39|36|1994|430
0600000US3903571416|5937|426|4962|392|4746|372|216|105|209|103|7|12|0|20|0|20|0|20|17|24|17|24|0|20|0|20|0|20|0|20|0|20|0|20|0|20|43|35|19|27|896|173
0600000US3903571682|14255|657|10683|640|9810|658|873|254|676|211|31|37|110|104|0|24|56|93|614|375|353|345|163|105|16|25|82|50|0|24|31|51|0|24|77|48|187|78|91|56|2572|433
0600000US3903572928|11890|470|9562|532|8971|531|591|177|526|175|27|32|7|12|31|31|0|24|37|38|0|24|0|24|37|38|0|24|0|24|0|24|0|24|8|11|51|34|40|41|2192|324
0600000US3903573264|10952|572|8512|648|7831|651|681|177|467|130|197|120|0|24|7|10|10|15|311|208|301|209|5|8|0|24|5|8|0|24|0|24|0|24|6|13|150|51|117|99|1856|326
0600000US3903575098|22771|804|18081|823|16769|827|1312|333|915|259|255|164|136|114|6|12|0|27|260|195|260|195|0|27|0|27|0|27|0|27|13|16|23|32|19|22|235|102|102|60|4038|460
0600000US3903578932|6812|345|4464|393|4125|382|339|143|253|127|34|28|39|47|0|20|13|15|168|110|141|108|11|18|7|11|9|15|0|20|8|17|0|20|49|37|559|148|41|35|1523|251
0600000US3903579268|899|98|762|91|707|96|55|38|22|16|11|12|0|13|22|30|0|13|0|13|0|13|0|13|0|13|0|13|0|13|0|13|2|4|0|13|10|12|0|13|125|47
0600000US3903580738|1067|331|800|183|756|194|44|45|19|17|25|38|0|13|0|13|0|13|5|8|5|8|0|13|0|13|0|13|0|13|0|13|0|13|0|13|4|6|0|13|258|166
0600000US3903580990|5768|563|4511|551|3998|615|513|262|471|256|42|55|0|20|0|20|0|20|575|360|475|351|92|74|0|20|8|13|0|20|0|20|0|20|0|20|93|74|20|33|569|199
0600000US3903583622|16119|610|12700|630|11833|640|867|298|674|267|72|54|93|89|16|35|12|18|37|29|37|29|0|27|0|27|0|27|0|27|0|27|0|27|9|15|177|102|102|72|3094|451
0600000US3903586394|301|85|202|59|189|55|13|11|13|11|0|13|0|13|0|13|0|13|11|15|7|13|4|6|0|13|0|13|0|13|0|13|0|13|0|13|39|55|6|5|43|36
0600000US3903700254|1405|160|1224|141|1148|136|76|31|68|31|8|9|0|13|0|13|0|13|0|13|0|13|0|13|0|13|0|13|0|13|0|13|0|13|0|13|13|14|33|28|135|92
0600000US3903701294|522|155|506|152|488|151|18|11|16|11|0|13|0|13|2|3|0|13|0|13|0|13|0|13|0|13|0|13|0|13|0|13|0|13|0|13|4|7|0|13|12|17
0600000US3903709414|1052|203|1036|202|851|139|185|156|40|39|145|153|0|13|0|13|0|13|0|13|0|13|0|13|0|13|0|13|0|13|0|13|0|13|6|10|7|8|0|13|3|5
0600000US3903710576|820|214|759|191|673|176|86|104|86|104|0|13|0|13|0|13|0|13|0|13|0|13|0|13|0|13|0|13|0|13|0|13|0|13|1|4|0|13|0|13|60|68
0600000US3903728266|634|179|541|145|521|142|20|24|6|11|14|21|0|13|0|13|0|13|0|13|0|13|0|13|0|13|0|13|0|13|0|13|0|13|0|13|34|44|40|62|19|23
0600000US3903732354|7688|430|7095|432|6283|406|812|230|750|221|17|20|30|35|0|20|15|23|24|28|24|28|0|20|0|20|0|20|0|20|0|20|0|20|5|9|167|97|108|70|289|134
0600000US3903733810|827|174|728|170|700|164|28|31|26|31|0|13|2|4|0|13|0|13|0|13|0|13|0|13|0|13|0|13|0|13|0|13|0|13|0|13|14|12|3|4|82|44
0600000US3903737758|1036|125|907|131|779|135|128|63|82|52|41|30|0|13|5|7|0|13|0|13|0|13|0|13|0|13|0|13|0|13|0|13|0|13|0|13|54|34|6|6|69|57
0600000US3903743092|391|123|366|119|256|93|110|62|110|62|0|13|0|13|0|13|0|13|17|21|17|21|0|13|0|13|0|13|0|13|0|13|7|14|0|13|0|13|0|13|1|3
0600000US3903750960|288|112|230|108|173|78|57|52|41|49|16|19|0|13|0|13|0|13|0|13|0|13|0|13|0|13|0|13|0|13|0|13|0|13|0|13|37|41|0|13|21|21
0600000US3903751366|982|183|880|199|838|181|42|49|42|49|0|13|0|13|0|13|0|13|0|13|0|13|0|13|0|13|0|13|0|13|0|13|0|13|0|13|2|3|2|3|98|72
0600000US3903753732|983|150|890|154|759|152|131|103|129|103|2|3|0|13|0|13|0|13|0|13|0|13|0|13|0|13|0|13|0|13|0|13|8|14|0|13|0|13|22|40|63|42
0600000US3903761168|693|125|573|120|554|121|19|18|1|3|11|11|7|12|0|13|0|13|0|13|0|13|0|13|0|13|0|13|0|13|0|13|0|13|0|13|15|15|1|4|104|93
0600000US3903766656|317|106|249|85|216|80|33|25|23|21|10|15|0|13|0|13|0|13|0|13|0|13|0|13|0|13|0|13|0|13|0|13|0|13|0|13|35|38|11|16|22|24
0600000US3903777980|1946|216|1767|192|1674|187|93|64|71|46|7|11|15|23|0|13|0|13|0|13|0|13|0|13|0|13|0|13|0|13|0|13|0|13|0|13|5|5|10|11|164|93
0600000US3903779380|615|128|560|128|498|130|62|68|56|67|0|13|6|11|0|13|0|13|0|13|0|13|0|13|0|13|0|13|0|13|0|13|0|13|0|13|0|13|39|42|16|17
0600000US3903780248|422|156|419|156|415|156|4|5|4|5|0|13|0|13|0|13|0|13|0|13|0|13|0|13|0|13|0|13|0|13|0|13|0|13|0|13|0|13|0|13|3|4
0600000US3903781186|600|210|537|211|408|142|129|160|129|160|0|13|0|13|0|13|0|13|0|13|0|13|0|13|0|13|0|13|0|13|0|13|0|13|0|13|33|51|0|13|30|21
0600000US3903782152|2358|134|2180|137|2067|130|113|63|75|53|24|35|9|14|5|8|0|13|0|13|0|13|0|13|0|13|0|13|0|13|0|13|0|13|0|13|47|35|13|20|118|76
0600000US3903787010|269|182|251|179|240|180|11|16|11|16|0|13|0|13|0|13|0|13|0|13|0|13|0|13|0|13|0|13|0|13|0|13|0|13|0|13|0|13|0|13|18|20
0600000US3903900268|220|86|203|85|196|83|7|14|7|14|0|13|0|13|0|13|0|13|0|13|0|13|0|13|0|13|0|13|0|13|0|13|0|13|0|13|0|13|0|13|17|21
0600000US3903921322|6369|396|5883|441|5552|435|331|153|309|150|22|25|0|20|0|20|0|20|0|20|0|20|0|20|0|20|0|20|0|20|8|12|0|20|0|20|90|62|16|22|372|139
0600000US3903921420|1051|237|1009|232|893|228|116|71|74|61|13|20|15|23|14|32|0|13|0|13|0|13|0|13|0|13|0|13|0|13|0|13|0|13|28|46|2|3|0|13|12|15
0600000US3903926614|226|112|205|95|205|95|0|13|0|13|0|13|0|13|0|13|0|13|0|13|0|13|0|13|0|13|0|13|0|13|0|13|0|13|0|13|0|13|0|13|21|33
0600000US3903935112|2440|288|2145|340|1779|285|366|257|166|101|0|13|172|238|0|13|28|37|0|13|0|13|0|13|0|13|0|13|0|13|0|13|0|13|0|13|78|49|27|38|190|133
0600000US3903935196|1031|276|977|270|905|272|72|66|72|66|0|13|0|13|0|13|0|13|0|13|0|13|0|13|0|13|0|13|0|13|0|13|0|13|0|13|0|13|0|13|54|55
0600000US3903947852|368|151|344|147|321|146|23|35|23|35|0|13|0|13|0|13|0|13|0|13|0|13|0|13|0|13|0|13|0|13|0|13|0|13|0|13|0|13|0|13|24|27
0600000US3903950190|508|133|444|137|394|126|50|45|38|40|0|13|12|18|0|13|0|13|0|13|0|13|0|13|0|13|0|13|0|13|0|13|0|13|0|13|0|13|0|13|64|64
0600000US3903956014|2717|250|2469|251|2262|260|207|121|173|116|23|26|11|18|0|18|0|18|0|18|0|18|0|18|0|18|0|18|0|18|12|21|17|20|0|18|131|69|19|25|69|50
0600000US3903966670|1372|200|1344|200|1290|193|54|66|54|66|0|13|0|13|0|13|0|13|0|13|0|13|0|13|0|13|0|13|0|13|0|13|0|13|0|13|0|13|4|7|24|28
0600000US3903976772|1213|285|1064|286|1036|270|28|53|28|53|0|13|0|13|0|13|0|13|0|13|0|13|0|13|0|13|0|13|0|13|0|13|0|13|0|13|0|13|0|13|149|101
0600000US3903981200|900|207|789|191|675|188|114|74|108|74|1|5|5|7|0|13|0|13|0|13|0|13|0|13|0|13|0|13|0|13|0|13|0|13|0|13|3|5|0|13|108|86
0600000US3904102582|752|176|696|160|602|141|94|61|76|55|18|27|0|13|0|13|0|13|0|13|0|13|0|13|0|13|0|13|0|13|0|13|0|13|3|6|16|24|9|10|28|21
0600000US3904105774|2858|199|2153|249|1945|235|208|135|200|134|5|10|0|18|3|4|0|18|0|18|0|18|0|18|0|18|0|18|0|18|0|18|0|18|7|10|38|45|16|21|644|223
0600000US3904105788|5355|475|4092|555|4029|553|63|68|63|68|0|18|0|18|0|18|0|18|0|18|0|18|0|18|0|18|0|18|0|18|0|18|0|18|8|13|0|18|0|18|1255|290
0600000US3904109428|292|108|232|90|186|82|46|47|29|38|17|30|0|13|0|13|0|13|0|13|0|13|0|13|0|13|0|13|0|13|0|13|0|13|0|13|0|13|0|13|60|40
0600000US3904118010|4576|509|3581|411|3385|445|196|88|196|88|0|18|0|18|0|18|0|18|30|48|30|48|0|18|0|18|0|18|0|18|0|18|0|18|0|18|90|82|27|46|848|264
0600000US3904118140|5349|328|3525|315|3433|322|92|74|92|74|0|20|0|20|0|20|0|20|0|20|0|20|0|20|0|20|0|20|0|20|0|20|0|20|12|18|0|20|16|26|1796|268
0600000US3904121448|1155|216|975|201|939|185|36|46|26|42|10|16|0|13|0|13|0|13|0|13|0|13|0|13|0|13|0|13|0|13|0|13|0|13|0|13|8|13|0|13|172|84
0600000US3904121469|21270|762|17295|817|15776|778|1519|353|1299|345|121|67|21|24|63|49|15|23|77|53|77|53|0|27|0|27|0|27|0|27|8|13|0|27|37|34|641|174|118|90|3094|536
0600000US3904129694|13519|501|9573|560|9211|558|362|165|263|124|43|46|56|55|0|24|0|24|14|23|14|23|0|24|0|24|0|24|0|24|0|24|0|24|0|24|21|26|86|79|3825|426
0600000US3904133516|2556|196|2074|191|2019|193|55|65|34|54|0|13|0|13|21|36|0|13|0|13|0|13|0|13|0|13|0|13|0|13|0|13|0|13|0|13|0|13|0|13|482|137
0600000US3904140362|1172|201|853|170|725|192|128|97|82|94|46|53|0|13|0|13|0|13|0|13|0|13|0|13|0|13|0|13|0|13|0|13|0|13|0|13|0|13|14|21|305|154
0600000US3904143106|16533|778|12083|835|11548|826|535|180|478|176|26|27|10|16|21|35|0|27|3|5|3|5|0|27|0|27|0|27|0|27|0|27|0|27|45|52|105|88|49|46|4248|516
0600000US3904147908|249|190|231|190|219|192|12|19|12|19|0|13|0|13|0|13|0|13|0|13|0|13|0|13|0|13|0|13|0|13|0|13|0|13|0|13|0|13|0|13|18|30
0600000US3904158618|21209|752|14615|804|13715|770|900|239|642|205|132|78|49|41|77|141|0|27|54|43|30|31|24|37|0|27|0|27|0|27|0|27|11|19|0|27|162|139|115|91|6252|714
0600000US3904159262|489|139|416|130|372|130|44|48|44|48|0|13|0|13|0|13|0|13|0|13|0|13|0|13|0|13|0|13|0|13|0|13|0|13|0|13|0|13|0|13|73|41
0600000US3904164178|1475|355|1104|288|1032|283|72|58|51|48|21|32|0|13|0|13|0|13|0|13|0|13|0|13|0|13|0|13|0|13|0|13|0|13|0|13|6|11|0|13|365|213
0600000US3904165312|645|186|494|180|452|188|42|48|14|22|28|31|0|13|0|13|0|13|0|13|0|13|0|13|0|13|0|13|0|13|0|13|0|13|0|13|0|13|61|67|90|56
0600000US3904170842|2144|207|1669|182|1550|211|119|110|109|109|10|13|0|13|0|13|0|13|17|28|17|28|0|13|0|13|0|13|0|13|0|13|0|13|0|13|11|18|12|14|435|162
0600000US3904171976|465|86|357|69|342|68|15|12|13|11|2|5|0|13|0|13|0|13|0|13|0|13|0|13|0|13|0|13|0|13|0|13|0|13|0|13|7|12|2|5|99|34
0600000US3904175620|3803|362|3044|344|2873|344|171|111|138|103|33|29|0|18|0|18|0|18|3|5|3|5|0|18|0|18|0|18|0|18|0|18|0|18|0|18|11|18|71|69|674|272
0600000US3904176617|406|231|295|150|279|151|16|21|16|21|0|13|0|13|0|13|0|13|0|13|0|13|0|13|0|13|0|13|0|13|0|13|0|13|0|13|0|13|0|13|111|102
0600000US3904177336|1257|266|911|147|881|137|30|27|15|18|6|10|0|13|9|15|0|13|10|17|10|17|0|13|0|13|0|13|0|13|0|13|0|13|0|13|0|13|0|13|336|259
0600000US3904177560|1197|299|1043|286|877|285|166|86|136|76|30|45|0|13|0|13|0|13|0|13|0|13|0|13|0|13|0|13|0|13|0|13|0|13|0|13|0|13|0|13|154|90
0600000US3904181242|1976|198|1522|228|1425|231|97|58|74|51|0|13|0|13|0|13|23|28|0|13|0|13|0|13|0|13|0|13|0|13|0|13|0|13|0|13|0|13|0|13|454|138
0600000US3904183349|4439|386|2989|501|2922|492|67|70|67|70|0|18|0|18|0|18|0|18|0|18|0|18|0|18|0|18|0|18|0|18|0|18|0|18|0|18|0|18|17|28|1433|395
0600000US3904300000|0|13|0|13|0|13|0|13|0|13|0|13|0|13|0|13|0|13|0|13|0|13|0|13|0|13|0|13|0|13|0|13|0|13|0|13|0|13|0|13|0|13
0600000US3904305228|0|13|0|13|0|13|0|13|0|13|0|13|0|13|0|13|0|13|0|13|0|13|0|13|0|13|0|13|0|13|0|13|0|13|0|13|0|13|0|13|0|13
0600000US3904305802|1551|275|1398|297|1318|320|80|62|48|51|23|32|9|13|0|13|0|13|6|11|6|11|0|13|0|13|0|13|0|13|0|13|1|4|0|13|98|107|0|13|48|37
0600000US3904327482|1338|230|1287|232|1236|237|51|66|51|66|0|13|0|13|0|13|0|13|0|13|0|13|0|13|0|13|0|13|0|13|0|13|0|13|0|13|0|13|0|13|51|55
0600000US3904332578|1040|270|960|264|858|209|102|107|102|107|0|13|0|13|0|13|0|13|0|13|0|13|0|13|0|13|0|13|0|13|0|13|17|26|0|13|16|26|0|13|47|58
0600000US3904337030|5069|452|4592|470|4282|402|310|194|251|191|0|20|59|73|0|20|0|20|0|20|0|20|0|20|0|20|0|20|0|20|0|20|12|20|0|20|37|56|0|20|428|140
0600000US3904339662|59|43|30|23|30|23|0|13|0|13|0|13|0|13|0|13|0|13|0|13|0|13|0|13|0|13|0|13|0|13|0|13|0|13|7|11|3|4|0|13|19|24
0600000US3904347572|2695|317|2596|320|2337|332|259|150|158|113|8|10|93|76|0|18|0|18|0|18|0|18|0|18|0|18|0|18|0|18|0|18|0|18|2|3|24|21|1|4|72|35
0600000US3904350148|1480|242|1355|233|1145|209|210|139|210|139|0|13|0|13|0|13|0|13|0|13|0|13|0|13|0|13|0|13|0|13|0|13|0|13|0|13|17|19|4|7|104|69
0600000US3904359276|338|185|338|185|299|159|39|57|39|57|0|13|0|13|0|13|0|13|0|13|0|13|0|13|0|13|0|13|0|13|0|13|0|13|0|13|0|13|0|13|0|13
0600000US3904361714|5703|398|5171|407|4847|379|324|114|228|107|63|61|33|40|0|20|0|20|68|59|22|37|0|20|0|20|0|20|46|50|11|19|0|20|25|35|20|21|26|40|382|167
0600000US3904370380|11269|568|10062|600|8833|653|1229|336|1015|304|70|67|61|40|45|54|38|47|257|151|257|151|0|24|0|24|0|24|0|24|92|91|34|46|15|25|335|141|94|57|380|148
0600000US3904379716|2253|221|2106|219|1930|221|176|107|160|107|0|13|16|30|0|13|0|13|0|13|0|13|0|13|0|13|0|13|0|13|0|13|0|13|0|13|0|13|0|13|147|83
0600000US3904379730|2319|233|2090|270|1840|246|250|269|209|270|25|30|0|13|16|26|0|13|0|13|0|13|0|13|0|13|0|13|0|13|0|13|8|13|0|13|13|20|0|13|208|106
0600000US3904501637|1278|141|1144|156|1127|165|17|24|17|24|0|13|0|13|0|13|0|13|0|13|0|13|0|13|0|13|0|13|0|13|0|13|0|13|0|13|24|29|0|13|110|58
0600000US3904505956|2307|206|2022|210|1910|207|112|58|50|44|53|34|1|2|8|12|0|18|1|2|1|2|0|18|0|18|0|18|0|18|0|18|1|5|0|18|44|38|0|18|239|101
0600000US3904506950|5459|357|4591|366|4322|380|269|119|211|97|48|53|4|6|0|20|6|9|49|49|49|49|0|20|0|20|0|20|0|20|0|20|0|20|0|20|46|42|10|15|763|189
0600000US3904515686|1837|227|1749|236|1586|244|163|70|64|50|71|60|28|23|0|13|0|13|0|13|0|13|0|13|0|13|0|13|0|13|0|13|0|13|0|13|2|5|2|3|84|54
0600000US3904518000|6168|407|5105|405|4525|469|580|214|242|124|266|136|72|106|0|20|0|20|0|20|0|20|0|20|0|20|0|20|0|20|0|20|0|20|0|20|14|28|156|145|893|238
0600000US3904532060|2613|249|2360|230|2240|229|120|86|97|77|23|34|0|18|0|18|0|18|0|18|0|18|0|18|0|18|0|18|0|18|0|18|28|41|26|38|22|30|2|4|175|71
0600000US3904535812|1806|179|1658|173|1528|171|130|96|115|93|15|20|0|13|0|13|0|13|2|4|2|4|0|13|0|13|0|13|0|13|0|13|0|13|0|13|20|23|15|21|111|59
0600000US3904541740|17990|753|15789|801|14220|805|1569|342|1391|327|87|69|91|67|0|27|0|27|22|24|7|11|0|27|0|27|0|27|15|22|70|99|4|7|107|97|496|276|124|103|1378|330
0600000US3904543120|4086|218|3420|224|3227|243|193|86|175|84|18|38|0|18|0|18|0|18|0|18|0|18|0|18|0|18|0|18|0|18|0|18|0|18|0|18|51|42|86|84|529|143
0600000US3904546382|749|164|663|170|604|167|59|65|45|58|0|13|0|13|14|23|0|13|0|13|0|13|0|13|0|13|0|13|0|13|0|13|0|13|0|13|0|13|23|36|63|49
0600000US3904563240|3313|436|2861|436|2748|446|113|61|37|32|21|35|55|45|0|18|0|18|0|18|0|18|0|18|0|18|0|18|0|18|0|18|0|18|0|18|12|17|18|29|422|201
0600000US3904566684|1244|407|1151|410|1106|418|45|39|14|17|31|33|0|13|0|13|0|13|0|13|0|13|0|13|0|13|0|13|0|13|0|13|27|40|0|13|3|6|2|3|61|52
0600000US3904569120|1702|226|1575|232|1373|220|202|101|202|101|0|13|0|13|0|13|0|13|0|13|0|13|0|13|0|13|0|13|0|13|0|13|0|13|8|14|5|8|51|46|63|42
0600000US3904580206|24119|687|19472|608|17939|627|1533|384|1265|353|123|78|130|89|15|25|0|27|39|79|39|79|0|27|0|27|0|27|0|27|0|27|10|16|0|27|137|79|106|115|4355|524
0600000US3904580570|3179|302|2832|313|2708|328|124|75|107|72|4|8|8|9|5|13|0|18|8|14|8|14|0|18|0|18|0|18|0|18|0|18|0|18|0|18|32|29|49|52|258|95
0600000US3904718154|381|164|360|150|320|133|40|34|40|34|0|13|0|13|0|13|0|13|0|13|0|13|0|13|0|13|0|13|0|13|0|13|0|13|0|13|0|13|0|13|21|25
0600000US3904731724|236|165|156|79|156|79|0|13|0|13|0|13|0|13|0|13|0|13|0|13|0|13|0|13|0|13|0|13|0|13|0|13|0|13|0|13|0|13|0|13|80|114
0600000US3904738388|407|115|391|113|365|113|26|25|18|22|8|14|0|13|0|13|0|13|0|13|0|13|0|13|0|13|0|13|0|13|0|13|0|13|0|13|0|13|6|10|10|12
0600000US3904738598|1061|198|997|181|942|176|55|30|49|28|0|13|6|7|0|13|0|13|0|13|0|13|0|13|0|13|0|13|0|13|0|13|0|13|0|13|4|6|3|5|57|44
0600000US3904746396|482|152|436|147|400|144|36|41|8|13|0|13|0|13|28|39|0|13|0|13|0|13|0|13|0|13|0|13|0|13|0|13|0|13|0|13|0|13|0|13|46|41
0600000US3904747684|378|147|338|145|323|143|15|18|8|12|7|13|0|13|0|13|0|13|0|13|0|13|0|13|0|13|0|13|0|13|0|13|0|13|0|13|13|15|0|13|27|35
0600000US3904759486|705|169|624|168|562|170|62|62|26|22|36|53|0|13|0|13|0|13|0|13|0|13|0|13|0|13|0|13|0|13|0|13|0|13|0|13|16|22|12|23|53|33
0600000US3904761826|603|174|557|172|539|172|18|21|0|13|18|21|0|13|0|13|0|13|0|13|0|13|0|13|0|13|0|13|0|13|0|13|0|13|0|13|0|13|0|13|46|44
0600000US3904778316|1664|282|1607|269|1523|272|84|47|76|46|8|13|0|13|0|13|0|13|0|13|0|13|0|13|0|13|0|13|0|13|0|13|0|13|0|13|10|26|0|13|47|48
0600000US3904781718|6484|472|6114|462|5428|481|686|249|557|203|129|158|0|20|0|20|0|20|90|74|39|48|51|55|0|20|0|20|0|20|0|20|0|20|0|20|96|71|6|9|178|89
0600000US3904782166|397|144|397|144|397|144|0|13|0|13|0|13|0|13|0|13|0|13|0|13|0|13|0|13|0|13|0|13|0|13|0|13|0|13|0|13|0|13|0|13|0|13
0600000US3904906278|6319|368|4235|324|3954|348|281|112|222|102|40|37|0|20|10|18|9|14|58|43|58|43|0|20|0|20|0|20|0|20|0|20|6|11|37|34|388|90|0|20|1595|304
0600000US3904906922|5398|385|4187|395|3955|370|232|136|123|56|93|120|3|4|13|21|0|20|58|47|58|47|0|20|0|20|0|20|0|20|42|59|4|6|0|20|37|27|2|4|1068|265
0600000US3904909442|1840|195|1482|199|1422|202|60|51|30|35|30|34|0|13|0|13|0|13|0|13|0|13|0|13|0|13|0|13|0|13|0|13|0|13|0|13|12|17|0|13|346|145
0600000US3904916112|2485|369|2018|291|1706|268|312|127|243|101|15|25|0|13|54|87|0|13|123|108|123|108|0|13|0|13|0|13|0|13|0|13|0|13|23|35|117|113|0|13|204|125
0600000US3904918000|461424|4284|357894|4417|322993|4505|34901|1838|27896|1622|4576|623|1524|398|555|233|350|172|10114|990|10002|980|51|44|0|30|0|30|61|58|1563|352|334|236|1757|277|12047|985|3603|518|74112|2598
0600000US3904928280|4263|355|3506|389|2899|384|607|188|431|160|158|119|15|18|3|5|0|20|49|53|49|53|0|20|0|20|0|20|0|20|0|20|0|20|0|20|119|126|65|53|524|282
0600000US3904931304|5301|363|3909|378|3831|375|78|62|56|57|5|8|4|8|13|22|0|18|37|55|37|55|0|18|0|18|0|18|0|18|0|18|16|27|20|25|45|70|30|29|1244|346
0600000US3904933026|4176|349|3644|361|3283|392|361|198|209|141|115|137|13|20|24|40|0|18|0|18|0|18|0|18|0|18|0|18|0|18|0|18|0|18|0|18|116|166|0|18|416|175
0600000US3904937772|24374|953|20349|900|18541|872|1808|464|1245|400|467|275|73|86|18|29|5|9|57|64|57|64|0|27|0|27|0|27|0|27|0|27|0|27|25|24|284|148|153|102|3506|645
0600000US3904938612|7131|513|5342|520|4968|589|374|263|292|264|58|54|24|26|0|20|0|20|0|20|0|20|0|20|0|20|0|20|0|20|12|20|0|20|0|20|61|58|90|92|1626|324
0600000US3904946410|12586|666|10576|737|9658|686|918|266|685|265|185|157|24|37|0|24|24|38|123|82|108|77|15|26|0|24|0|24|0|24|32|37|62|73|26|33|41|36|20|37|1706|388
0600000US3904947474|542|158|479|152|380|113|99|125|99|125|0|13|0|13|0|13|0|13|0|13|0|13|0|13|0|13|0|13|0|13|0|13|0|13|0|13|4|6|0|13|59|27
0600000US3904950064|19412|701|14714|843|13506|885|1208|395|977|348|107|101|113|95|11|20|0|27|124|82|124|82|0|27|0|27|0|27|0|27|0|27|0|27|13|20|184|106|282|152|4095|547
0600000US3904957344|20699|713|16260|834|15183|870|1077|293|752|214|192|124|123|145|10|16|0|27|54|47|54|47|0|27|0|27|0|27|0|27|0|27|0|27|15|23|160|113|20|18|4190|460
0600000US3904961840|1855|165|1317|236|1252|218|65|58|65|58|0|13|0|13|0|13|0|13|0|13|0|13|0|13|0|13|0|13|0|13|0|13|0|13|0|13|0|13|0|13|538|171
0600000US3904962974|6122|384|4484|443|4268|433|216|111|155|97|61|58|0|20|0|20|0|20|10|17|10|17|0|20|0|20|0|20|0|20|0|20|0|20|0|20|54|46|40|31|1534|334
0600000US3904963254|3393|302|3056|267|2798|262|258|158|256|158|2|4|0|18|0|18|0|18|0|18|0|18|0|18|0|18|0|18|0|18|0|18|0|18|0|18|25|25|24|39|288|122
0600000US3904964570|8720|613|7249|575|6518|586|731|264|677|268|40|40|0|20|14|17|0|20|89|91|89|91|0|20|0|20|0|20|0|20|7|16|0|20|0|20|125|78|36|40|1214|369
0600000US3904971787|8254|318|6512|373|6247|346|265|102|188|87|36|35|18|19|0|20|23|26|6|8|6|8|0|20|0|20|0|20|0|20|0|20|0|20|28|17|103|48|30|26|1575|243
0600000US3904977714|15212|729|12158|811|10760|732|1398|495|1103|403|221|171|43|55|13|23|18|30|193|110|179|109|0|27|0|27|14|21|0|27|9|16|0|27|24|40|212|132|454|359|2162|417
0600000US3904979002|17846|659|12863|575|12297|538|566|189|361|132|156|124|16|20|5|7|28|43|36|29|36|29|0|27|0|27|0|27|0|27|0|27|0|27|163|84|176|84|202|134|4406|490
0600000US3904981242|22302|934|16359|1056|15192|919|1167|416|681|269|433|292|14|23|0|27|39|42|46|41|46|41|0|27|0|27|0|27|0|27|0|27|0|27|0|27|157|85|25|31|5715|862
0600000US3904983342|14752|626|10614|677|10105|630|509|148|424|136|65|51|0|24|16|19|4|9|62|59|62|59|0|24|0|24|0|24|0|24|0|24|17|28|40|39|505|134|110|67|3404|514
0600000US3904984742|9196|526|7656|592|6565|640|1091|297|858|273|155|98|56|64|0|20|22|28|475|188|475|188|0|20|0|20|0|20|0|20|70|56|0|20|35|40|68|39|78|66|814|204
0600000US3905101728|1045|219|989|217|972|212|17|22|17|22|0|13|0|13|0|13|0|13|3|4|0|13|0|13|0|13|0|13|3|4|0|13|0|13|0|13|14|15|3|5|36|24
0600000US3905114072|290|102|268|98|244|96|24|25|0|13|24|25|0|13|0|13|0|13|0|13|0|13|0|13|0|13|0|13|0|13|0|13|0|13|0|13|0|13|0|13|22|24
0600000US3905116126|4571|258|4443|260|4238|264|205|95|162|92|16|24|21|22|2|5|4|6|10|18|10|18|0|18|0|18|0|18|0|18|0|18|0|18|0|18|7|7|19|17|92|56
0600000US3905122442|761|207|704|204|668|198|36|34|36|34|0|13|0|13|0|13|0|13|0|13|0|13|0|13|0|13|0|13|0|13|0|13|0|13|0|13|45|39|0|13|12|19
0600000US3905128294|311|91|289|90|261|85|28|28|28|28|0|13|0|13|0|13|0|13|11|16|0|13|0|13|0|13|11|16|0|13|0|13|0|13|0|13|0|13|0|13|11|15
0600000US3905129036|1557|229|1465|236|1430|227|35|44|35|44|0|13|0|13|0|13|0|13|0|13|0|13|0|13|0|13|0|13|0|13|0|13|0|13|15|21|2|5|15|20|60|40
0600000US3905129876|3158|249|2985|260|2918|263|67|41|51|39|0|18|16|17|0|18|0|18|0|18|0|18|0|18|0|18|0|18|0|18|0|18|19|20|7|13|14|20|9|14|124|62
0600000US3905130940|1063|192|925|190|805|169|120|55|116|54|4|6|0|13|0|13|0|13|0|13|0|13|0|13|0|13|0|13|0|13|0|13|0|13|0|13|112|102|0|13|26|19
0600000US3905162638|763|178|734|178|705|174|29|37|29|37|0|13|0|13|0|13|0|13|0|13|0|13|0|13|0|13|0|13|0|13|0|13|0|13|0|13|0|13|0|13|29|26
0600000US3905168896|785|186|611|168|533|150|78|65|78|65|0|13|0|13|0|13|0|13|0|13|0|13|0|13|0|13|0|13|0|13|0|13|0|13|0|13|129|97|0|13|45|30
0600000US3905175861|4036|313|3754|296|3613|294|141|91|79|57|62|71|0|18|0|18|0|18|0|18|0|18|0|18|0|18|0|18|0|18|0|18|0|18|0|18|28|37|44|45|210|106
0600000US3905187024|2229|182|2043|179|1897|190|146|89|138|88|0|13|8|13|0|13|0|13|8|7|8|7|0|13|0|13|0|13|0|13|0|13|0|13|0|13|10|14|8|12|160|100
0600000US3905300422|772|180|714|175|638|160|76|70|76|70|0|13|0|13|0|13|0|13|0|13|0|13|0|13|0|13|0|13|0|13|0|13|0|13|0|13|49|50|0|13|9|13
0600000US3905313946|432|162|397|160|397|160|0|13|0|13|0|13|0|13|0|13|0|13|18|25|0|13|0|13|0|13|0|13|18|25|0|13|0|13|0|13|1|3|8|14|8|13
0600000US3905315462|538|195|492|189|492|189|0|13|0|13|0|13|0|13|0|13|0|13|0|13|0|13|0|13|0|13|0|13|0|13|0|13|0|13|0|13|0|13|37|40|9|15
0600000US3905329218|1667|210|1408|246|1267|232|141|97|104|80|16|27|21|34|0|13|0|13|36|45|36|45|0|13|0|13|0|13|0|13|0|13|0|13|0|13|63|74|18|24|142|102
0600000US3905331738|2463|242|2241|274|2112|263|129|80|129|80|0|18|0|18|0|18|0|18|0|18|0|18|0|18|0|18|0|18|0|18|0|18|0|18|0|18|0|18|0|18|222|108
0600000US3905332074|39|46|39|46|39|46|0|13|0|13|0|13|0|13|0|13|0|13|0|13|0|13|0|13|0|13|0|13|0|13|0|13|0|13|0|13|0|13|0|13|0|13
0600000US3905332760|680|297|599|289|534|283|65|43|59|43|0|13|6|7|0|13|0|13|0|13|0|13|0|13|0|13|0|13|0|13|0|13|0|13|0|13|4|6|2|3|75|49
0600000US3905333824|313|135|285|130|248|111|37|42|37|42|0|13|0|13|0|13|0|13|0|13|0|13|0|13|0|13|0|13|0|13|0|13|0|13|0|13|0|13|8|14|20|24
0600000US3905336848|681|286|667|287|610|283|57|63|0|13|57|63|0|13|0|13|0|13|0|13|0|13|0|13|0|13|0|13|0|13|0|13|0|13|0|13|10|16|0|13|4|5
0600000US3905352094|463|191|463|191|383|166|80|81|40|61|40|54|0|13|0|13|0|13|0|13|0|13|0|13|0|13|0|13|0|13|0|13|0|13|0|13|0|13|0|13|0|13
0600000US3905357974|333|129|314|129|249|104|65|66|65|66|0|13|0|13|0|13|0|13|0|13|0|13|0|13|0|13|0|13|0|13|0|13|0|13|0|13|0|13|0|13|19|22
0600000US3905361854|711|231|623|207|569|208|54|41|36|33|7|11|11|20|0|13|0|13|0|13|0|13|0|13|0|13|0|13|0|13|0|13|0|13|0|13|54|58|0|13|34|29
0600000US3905365228|1020|279|946|273|861|253|85|51|65|41|14|15|0|13|0|13|6|10|0|13|0|13|0|13|0|13|0|13|0|13|0|13|0|13|0|13|43|29|0|13|31|30
0600000US3905374120|1445|202|1272|229|1242|226|30|33|30|33|0|13|0|13|0|13|0|13|0|13|0|13|0|13|0|13|0|13|0|13|0|13|0|13|0|13|0|13|0|13|173|136
0600000US3905380584|246|156|229|151|201|150|28|31|15|19|0|13|13|20|0|13|0|13|0|13|0|13|0|13|0|13|0|13|0|13|0|13|0|13|0|13|5|9|0|13|12|19
0600000US3905502904|3697|326|3050|337|2964|335|86|85|62|51|0|18|0|18|0|18|24|40|0|18|0|18|0|18|0|18|0|18|0|18|0|18|0|18|0|18|0|18|0|18|647|214
0600000US3905503590|6386|446|4618|481|4314|461|304|123|101|78|141|88|29|43|8|13|25|39|0|20|0|20|0|20|0|20|0|20|0|20|0|20|0|20|22|32|13|20|23|38|1710|290
0600000US3905510464|2103|184|1805|168|1496|203|309|127|121|87|66|67|9|14|78|71|35|33|23|26|23|26|0|13|0|13|0|13|0|13|6|9|0|13|0|13|65|37|40|41|164|97
0600000US3905513554|2354|314|2021|294|1902|304|119|85|34|34|68|64|0|18|17|27|0|18|0|18|0|18|0|18|0|18|0|18|0|18|0|18|0|18|0|18|60|64|0|18|273|161
0600000US3905513561|2028|143|1728|197|1534|156|194|183|167|179|15|23|0|13|12|18|0|13|0|13|0|13|0|13|0|13|0|13|0|13|0|13|0|13|0|13|16|18|0|13|284|138
0600000US3905513988|4826|471|4046|447|3853|439|193|109|101|80|61|49|0|18|11|17|20|24|9|16|0|18|9|16|0|18|0|18|0|18|0|18|0|18|0|18|29|27|0|18|742|195
0600000US3905515168|1630|215|1480|213|1205|204|275|118|198|80|26|31|10|14|11|18|30|34|0|13|0|13|0|13|0|13|0|13|0|13|11|15|0|13|0|13|9|13|11|14|119|64
0600000US3905532914|2669|187|2379|211|2302|201|77|52|77|52|0|13|0|13|0|13|0|13|9|14|9|14|0|13|0|13|0|13|0|13|9|15|0|13|0|13|35|43|0|13|237|108
0600000US3905536918|67|32|64|32|62|31|2|5|0|13|2|5|0|13|0|13|0|13|0|13|0|13|0|13|0|13|0|13|0|13|0|13|0|13|0|13|0|13|0|13|3|7
0600000US3905536946|1413|269|1051|169|627|200|424|107|160|61|46|31|37|32|118|71|63|50|13|19|13|19|0|13|0|13|0|13|0|13|90|75|0|13|0|13|33|32|20|19|206|135
0600000US3905549700|1468|154|1414|157|1294|168|120|83|92|80|0|13|20|30|0|13|8|12|16|27|16|27|0|13|0|13|0|13|0|13|0|13|0|13|0|13|18|19|0|13|20|23
0600000US3905549714|1964|190|1398|206|607|163|791|180|217|91|104|78|122|65|279|85|69|54|0|13|0|13|0|13|0|13|0|13|0|13|208|123|0|13|48|67|172|92|62|60|76|48
0600000US3905551842|1088|166|984|178|945|175|39|36|29|34|0|13|10|15|0|13|0|13|0|13|0|13|0|13|0|13|0|13|0|13|0|13|13|16|0|13|0|13|3|5|88|57
0600000US3905553340|3693|305|2903|340|2737|332|166|117|109|103|0|18|57|66|0|18|0|18|0|18|0|18|0|18|0|18|0|18|0|18|0|18|0|18|0|18|9|12|0|18|781|246
0600000US3905554292|2665|258|2367|278|2096|268|271|105|271|105|0|18|0|18|0|18|0|18|0|18|0|18|0|18|0|18|0|18|0|18|0|18|0|18|0|18|0|18|0|18|298|91
0600000US3905559948|1875|272|1451|256|578|164|873|232|132|82|186|94|101|60|321|142|133|70|168|174|168|174|0|13|0|13|0|13|0|13|137|103|0|13|0|13|16|19|0|13|103|60
0600000US3905569232|2809|315|2124|356|2019|345|105|89|105|89|0|18|0|18|0|18|0|18|3|6|3|6|0|18|0|18|0|18|0|18|0|18|0|18|0|18|258|165|0|18|424|160
0600000US3905573684|1959|175|1618|188|1577|186|41|46|41|46|0|13|0|13|0|13|0|13|7|14|0|13|0|13|0|13|7|14|0|13|0|13|0|13|0|13|0|13|5|9|329|93
0600000US3905576628|1103|131|917|123|886|120|31|30|31|30|0|13|0|13|0|13|0|13|27|43|27|43|0|13|0|13|0|13|0|13|0|13|0|13|0|13|25|22|0|13|134|81
0600000US3905577574|1426|163|1167|135|823|165|344|113|53|41|114|79|69|61|42|29|66|59|0|13|0|13|0|13|0|13|0|13|0|13|4|6|0|13|0|13|84|84|50|41|121|52
0600000US3905704220|20293|812|17604|842|16008|875|1596|378|1498|382|21|19|34|50|29|29|14|24|261|137|261|137|0|27|0|27|0|27|0|27|5|10|14|17|84|77|622|186|198|142|1505|310
0600000US3905704724|27845|692|23084|802|21333|884|1751|393|1289|319|283|116|6|10|153|129|20|25|146|115|57|52|19|23|70|105|0|30|0|30|0|30|14|22|12|18|189|96|166|103|4234|527
0600000US3905705102|3683|295|3018|317|2716|303|302|126|279|110|23|33|0|18|0|18|0|18|0|18|0|18|0|18|0|18|0|18|0|18|9|15|0|18|0|18|0|18|54|62|602|256
0600000US3905710856|704|240|579|239|557|239|22|23|22|23|0|13|0|13|0|13|0|13|0|13|0|13|0|13|0|13|0|13|0|13|0|13|0|13|0|13|6|10|0|13|119|55
0600000US3905712798|2547|283|1576|220|1430|246|146|67|88|42|44|60|0|18|14|20|0|18|2|5|2|5|0|18|0|18|0|18|0|18|10|22|0|18|66|30|675|179|8|10|210|75
0600000US3905721000|0|13|0|13|0|13|0|13|0|13|0|13|0|13|0|13|0|13|0|13|0|13|0|13|0|13|0|13|0|13|0|13|0|13|0|13|0|13|0|13|0|13
0600000US3905738626|553|119|456|105|446|104|10|14|10|14|0|13|0|13|0|13|0|13|0|13|0|13|0|13|0|13|0|13|0|13|0|13|0|13|0|13|31|35|18|18|48|36
0600000US3905740040|311|130|241|105|241|105|0|13|0|13|0|13|0|13|0|13|0|13|0|13|0|13|0|13|0|13|0|13|0|13|0|13|0|13|0|13|0|13|0|13|70|67
0600000US3905749336|2340|200|1745|206|1695|202|50|33|36|29|10|16|0|13|2|4|2|4|0|13|0|13|0|13|0|13|0|13|0|13|0|13|12|21|68|68|96|76|20|19|399|110
0600000US3905754810|1113|145|880|189|796|170|84|61|57|43|27|44|0|13|0|13|0|13|0|13|0|13|0|13|0|13|0|13|0|13|0|13|0|13|10|16|12|19|0|13|211|102
0600000US3905768630|298|132|282|130|267|128|15|18|0|13|9|14|0|13|6|11|0|13|0|13|0|13|0|13|0|13|0|13|0|13|0|13|0|13|0|13|0|13|0|13|16|24
0600000US3905772473|1786|202|1599|215|1466|209|133|83|126|81|7|11|0|13|0|13|0|13|0|13|0|13|0|13|0|13|0|13|0|13|0|13|0|13|0|13|16|20|14|22|157|66
0600000US3905774223|1234|170|1072|168|964|170|108|72|99|73|9|10|0|13|0|13|0|13|0|13|0|13|0|13|0|13|0|13|0|13|0|13|0|13|2|3|21|19|2|4|137|54
0600000US3905775201|5080|404|4110|376|3503|305|607|208|539|211|36|40|32|43|0|18|0|18|0|18|0|18|0|18|0|18|0|18|0|18|26|42|0|18|0|18|21|25|10|17|913|249
0600000US3905786772|11215|547|10356|581|9676|575|680|189|600|188|24|26|56|58|0|24|0|24|52|49|52|49|0|24|0|24|0|24|0|24|0|24|0|24|81|68|106|64|36|38|584|137
0600000US3905786786|2867|319|2203|280|2031|254|172|89|172|89|0|18|0|18|0|18|0|18|8|14|8|14|0|18|0|18|0|18|0|18|13|19|0|18|7|18|347|147|23|25|266|103
0600000US3905900282|1033|293|997|299|985|299|12|26|4|9|8|18|0|13|0|13|0|13|0|13|0|13|0|13|0|13|0|13|0|13|0|13|0|13|0|13|0|13|0|13|36|45
0600000US3905911003|6071|370|5725|391|5235|413|490|167|179|93|108|87|126|114|63|71|14|22|7|11|7|11|0|20|0|20|0|20|0|20|38|59|0|20|0|20|83|60|8|13|210|92
0600000US3905912938|689|213|633|221|482|123|151|156|42|47|107|158|2|4|0|13|0|13|0|13|0|13|0|13|0|13|0|13|0|13|0|13|0|13|0|13|10|15|0|13|46|45
0600000US3905937786|2047|166|1944|186|1645|188|299|101|221|91|78|63|0|18|0|18|0|18|0|18|0|18|0|18|0|18|0|18|0|18|0|18|0|18|0|18|0|18|5|8|98|90
0600000US3905938640|38|45|38|45|33|48|5|8|5|8|0|13|0|13|0|13|0|13|0|13|0|13|0|13|0|13|0|13|0|13|0|13|0|13|0|13|0|13|0|13|0|13
0600000US3905940838|110|80|95|75|95|75|0|13|0|13|0|13|0|13|0|13|0|13|0|13|0|13|0|13|0|13|0|13|0|13|0|13|0|13|0|13|0|13|0|13|15|26
0600000US3905943134|378|157|358|153|328|142|30|48|30|48|0|13|0|13|0|13|0|13|0|13|0|13|0|13|0|13|0|13|0|13|0|13|0|13|0|13|0|13|0|13|20|24
0600000US3905944716|168|88|160|86|160|86|0|13|0|13|0|13|0|13|0|13|0|13|0|13|0|13|0|13|0|13|0|13|0|13|0|13|0|13|0|13|8|12|0|13|0|13
0600000US3905946424|572|229|511|216|406|170|105|100|105|100|0|13|0|13|0|13|0|13|0|13|0|13|0|13|0|13|0|13|0|13|0|13|0|13|0|13|11|19|50|75|0|13
0600000US3905950568|464|119|405|108|276|84|129|59|19|22|60|44|19|19|31|41|0|13|0|13|0|13|0|13|0|13|0|13|0|13|0|13|0|13|0|13|4|5|41|47|14|18
0600000US3905951380|279|188|270|186|240|185|30|35|17|26|0|13|13|23|0|13|0|13|0|13|0|13|0|13|0|13|0|13|0|13|0|13|0|13|0|13|0|13|9|16|0|13
0600000US3905959290|210|100|192|93|157|91|35|31|11|18|11|17|0|13|13|20|0|13|0|13|0|13|0|13|0|13|0|13|0|13|0|13|0|13|0|13|0|13|18|30|0|13
0600000US3905966698|673|142|635|144|520|121|115|93|75|86|2|3|17|23|21|31|0|13|0|13|0|13|0|13|0|13|0|13|0|13|0|13|0|13|0|13|1|3|9|16|28|22
0600000US3905973986|413|138|349|117|286|107|63|33|56|33|7|9|0|13|0|13|0|13|0|13|0|13|0|13|0|13|0|13|0|13|11|16|0|13|0|13|4|7|1|2|48|42
0600000US3905979156|1170|365|1152|366|1101|365|51|46|35|27|15|22|1|2|0|13|0|13|0|13|0|13|0|13|0|13|0|13|0|13|0|13|0|13|0|13|2|3|0|13|16|14
0600000US3905981256|232|139|232|139|202|124|30|37|30|37|0|13|0|13|0|13|0|13|0|13|0|13|0|13|0|13|0|13|0|13|0|13|0|13|0|13|0|13|0|13|0|13
0600000US3905983664|992|237|959|236|938|239|21|23|21|23|0|13|0|13|0|13|0|13|0|13|0|13|0|13|0|13|0|13|0|13|0|13|0|13|0|13|0|13|0|13|33|34
0600000US3905984616|145|76|104|62|104|62|0|13|0|13|0|13|0|13|0|13|0|13|0|13|0|13|0|13|0|13|0|13|0|13|21|32|0|13|0|13|8|15|0|13|12|19
0600000US3905985708|602|179|545|165|494|149|51|41|10|13|23|25|4|7|0|13|14|21|4|7|4|7|0|13|0|13|0|13|0|13|0|13|0|13|0|13|5|7|0|13|48|41
0600000US3906101672|1775|207|1402|209|1285|222|117|87|101|87|7|12|9|14|0|13|0|13|0|13|0|13|0|13|0|13|0|13|0|13|0|13|0|13|0|13|11|16|22|24|340|123
0600000US3906101980|22013|600|17266|670|15916|717|1350|302|1137|290|162|101|26|32|25|36|0|27|184|103|155|76|0|27|0|27|0|27|29|40|0|27|0|27|0|27|173|94|460|369|3930|399
0600000US3906102428|461|148|413|138|304|91|109|80|67|70|22|24|13|18|0|13|7|13|6|10|6|10|0|13|0|13|0|13|0|13|0|13|3|5|0|13|39|29|0|13|0|13
0600000US3906107300|7019|463|5444|424|5009|454|435|201|266|134|144|126|23|37|2|5|0|20|20|23|13|21|7|12|0|20|0|20|0|20|3|8|8|14|0|20|46|45|67|68|1431|282
0600000US3906114128|4347|372|3587|476|3286|508|301|169|276|162|25|39|0|18|0|18|0|18|51|56|51|56|0|18|0|18|0|18|0|18|0|18|0|18|0|18|22|36|32|31|655|309
0600000US3906115000|152477|2072|112448|2206|100964|1885|11484|1098|9192|947|1534|489|465|178|190|99|103|85|8683|945|8639|946|11|19|0|30|33|27|0|30|642|249|88|58|398|171|8082|858|1941|464|20195|1190
0600000US3906116616|29196|994|24348|1115|22010|1191|2338|539|1704|457|339|180|158|116|74|119|63|50|303|171|303|171|0|30|0|30|0|30|0|30|63|63|0|30|0|30|373|215|273|128|3836|623
0600000US3906116882|2242|232|1584|234|1412|215|172|159|172|159|0|13|0|13|0|13|0|13|32|36|32|36|0|13|0|13|0|13|0|13|0|13|0|13|18|28|68|100|83|70|457|207
0600000US3906119470|3533|310|2925|380|2518|289|407|240|335|239|0|18|0|18|72|62|0|18|0|18|0|18|0|18|0|18|0|18|0|18|0|18|0|18|0|18|0|18|23|36|585|186
0600000US3906121266|3351|243|2820|282|2603|359|217|172|217|172|0|18|0|18|0|18|0|18|21|24|21|24|0|18|0|18|0|18|0|18|0|18|0|18|0|18|36|31|0|18|474|173
0600000US3906121504|14749|667|12993|575|11427|650|1566|384|1275|264|250|215|0|24|41|45|0|24|46|35|46|35|0|24|0|24|0|24|0|24|0|24|0|24|0|24|251|204|92|70|1367|341
0600000US3906125186|703|232|523|189|434|187|89|74|65|66|24|39|0|13|0|13|0|13|122|151|122|151|0|13|0|13|0|13|0|13|0|13|0|13|0|13|0|13|0|13|58|58
0600000US3906125802|1136|117|846|115|800|112|46|32|28|21|11|15|0|13|7|10|0|13|0|13|0|13|0|13|0|13|0|13|0|13|0|13|0|13|13|14|6|9|23|17|248|66
0600000US3906125942|921|130|766|115|708|111|58|24|39|18|3|4|9|9|7|10|0|13|0|13|0|13|0|13|0|13|0|13|0|13|0|13|0|13|0|13|6|7|10|15|139|59
0600000US3906125970|0|13|0|13|0|13|0|13|0|13|0|13|0|13|0|13|0|13|0|13|0|13|0|13|0|13|0|13|0|13|0|13|0|13|0|13|0|13|0|13|0|13
0600000US3906127706|10834|681|9452|739|8014|746|1438|518|1178|463|230|176|0|20|2|6|28|46|242|178|242|178|0|20|0|20|0|20|0|20|101|159|0|20|0|20|142|105|55|53|842|277
0600000US3906130380|991|200|794|169|771|170|23|22|3|5|20|22|0|13|0|13|0|13|0|13|0|13|0|13|0|13|0|13|0|13|0|13|0|13|0|13|15|16|7|11|175|57
0600000US3906130786|1849|241|1434|218|1334|198|100|101|100|101|0|13|0|13|0|13|0|13|232|205|232|205|0|13|0|13|0|13|0|13|0|13|0|13|0|13|0|13|14|24|169|92
0600000US3906131752|29446|835|25402|963|23506|912|1896|384|1373|307|350|179|65|51|65|55|43|48|166|171|166|171|0|30|0|30|0|30|0|30|12|19|0|30|0|30|115|78|190|103|3561|475
0600000US3906132158|1716|287|1466|281|1322|275|144|79|140|79|4|8|0|13|0|13|0|13|13|17|13|17|0|13|0|13|0|13|0|13|11|17|0|13|0|13|0|13|0|13|226|95
0600000US3906133852|7738|480|6903|385|6471|440|432|193|364|172|0|20|0|20|68|95|0|20|19|27|19|27|0|20|0|20|0|20|0|20|0|20|11|19|0|20|35|36|9|25|761|238
0600000US3906143722|688|277|667|273|646|275|21|30|21|30|0|13|0|13|0|13|0|13|0|13|0|13|0|13|0|13|0|13|0|13|0|13|0|13|0|13|0|13|0|13|21|34
0600000US3906144366|1637|247|1445|275|1296|261|149|98|136|95|12|19|0|13|0|13|1|3|0|13|0|13|0|13|0|13|0|13|0|13|0|13|10|15|0|13|27|40|61|77|94|60
0600000US3906145108|4824|570|3948|531|3762|518|186|119|166|104|20|33|0|18|0|18|0|18|19|29|19|29|0|18|0|18|0|18|0|18|0|18|0|18|0|18|40|85|101|124|716|185
0600000US3906146312|4431|314|3173|414|3079|411|94|73|44|44|50|61|0|18|0|18|0|18|0|18|0|18|0|18|0|18|0|18|0|18|0|18|0|18|0|18|26|46|0|18|1232|520
0600000US3906147600|1582|167|1251|159|1217|150|34|43|8|15|0|13|26|42|0|13|0|13|14|24|14|24|0|13|0|13|0|13|0|13|0|13|0|13|0|13|10|17|7|10|300|104
0600000US3906149364|7389|370|6373|343|5903|362|470|141|306|96|70|65|64|83|19|19|11|17|10|13|10|13|0|20|0|20|0|20|0|20|10|15|0|20|12|19|51|34|3|4|930|272
0600000US3906150176|15|18|15|18|15|18|0|13|0|13|0|13|0|13|0|13|0|13|0|13|0|13|0|13|0|13|0|13|0|13|0|13|0|13|0|13|0|13|0|13|0|13
0600000US3906151716|4924|349|3766|389|3600|373|166|89|112|57|38|36|0|20|0|20|16|19|8|12|8|12|0|20|0|20|0|20|0|20|0|20|0|20|0|20|41|43|104|74|1005|190
0600000US3906152752|3001|362|2628|328|2205|347|423|272|178|122|245|260|0|18|0|18|0|18|14|22|14|22|0|18|0|18|0|18|0|18|0|18|0|18|0|18|71|43|41|54|247|113
0600000US3906155678|1362|173|1037|176|924|176|113|73|111|72|2|5|0|13|0|13|0|13|0|13|0|13|0|13|0|13|0|13|0|13|0|13|20|25|0|13|27|23|4|7|274|86
0600000US3906156322|4426|582|3818|585|3041|571|777|469|393|258|171|199|0|18|204|192|9|15|379|186|379|186|0|18|0|18|0|18|0|18|0|18|0|18|0|18|0|18|11|19|218|113
0600000US3906157386|10525|594|8200|601|7210|562|990|239|857|232|92|67|20|22|21|22|0|20|403|192|378|189|25|40|0|20|0|20|0|20|0|20|0|20|16|27|389|130|35|52|1482|254
0600000US3906165732|5704|534|4720|550|4395|556|325|148|267|119|20|30|29|48|9|13|0|20|25|40|25|40|0|20|0|20|0|20|0|20|0|20|0|20|0|20|20|24|12|16|927|290
0600000US3906169470|2328|204|2017|218|1881|215|136|76|125|73|11|18|0|13|0|13|0|13|57|62|57|62|0|13|0|13|0|13|0|13|29|34|0|13|0|13|83|84|20|33|122|73
0600000US3906171892|6209|453|5436|452|5276|466|160|82|112|64|14|25|34|42|0|20|0|20|0|20|0|20|0|20|0|20|0|20|0|20|0|20|0|20|0|20|116|125|16|25|641|197
0600000US3906172522|2504|321|2074|308|1948|351|126|117|126|117|0|13|0|13|0|13|0|13|40|47|40|47|0|13|0|13|0|13|0|13|0|13|49|46|26|43|30|45|26|51|259|125
0600000US3906174104|4644|582|4018|561|3467|482|551|362|275|200|46|55|40|59|190|303|0|20|56|69|56|69|0|20|0|20|0|20|0|20|0|20|0|20|0|20|63|84|138|142|369|154
0600000US3906174121|16095|851|13503|892|11689|837|1814|434|1382|368|306|227|11|18|115|173|0|27|60|62|60|62|0|27|0|27|0|27|0|27|49|57|0|27|77|121|113|112|52|75|2241|460
0600000US3906175973|8984|527|7256|515|6858|557|398|202|333|171|65|64|0|20|0|20|0|20|97|49|74|46|23|23|0|20|0|20|0|20|0|20|0|20|16|22|60|53|119|80|1436|258
0600000US3906176028|7804|522|5754|605|5561|585|193|99|104|58|23|37|17|27|49|44|0|20|67|70|67|70|0|20|0|20|0|20|0|20|0|20|0|20|10|16|78|82|59|91|1836|398
0600000US3906176428|971|107|644|92|631|93|13|16|13|16|0|13|0|13|0|13|0|13|9|8|9|8|0|13|0|13|0|13|0|13|0|13|4|5|11|13|3|5|4|6|296|58
0600000US3906176582|2582|364|2001|303|1922|294|79|61|68|65|0|18|11|16|0|18|0|18|0|18|0|18|0|18|0|18|0|18|0|18|0|18|0|18|0|18|21|29|29|32|531|172
0600000US3906184938|2967|265|2720|294|2248|293|472|159|349|159|103|156|20|34|0|18|0|18|0|18|0|18|0|18|0|18|0|18|0|18|0|18|0|18|0|18|43|39|32|36|172|104
0600000US3906186366|2381|272|1945|239|1680|224|265|200|251|196|14|26|0|13|0|13|0|13|2|5|2|5|0|13|0|13|0|13|0|13|0|13|0|13|0|13|5|9|77|68|352|141
0600000US3906186730|3876|289|2966|255|2854|252|112|63|62|51|50|45|0|18|0|18|0|18|12|19|12|19|0|18|0|18|0|18|0|18|0|18|0|18|14|23|19|22|15|19|850|197
0600000US3906301308|1566|184|1440|200|1382|193|58|48|54|47|2|3|2|3|0|13|0|13|0|13|0|13|0|13|0|13|0|13|0|13|0|13|0|13|0|13|41|45|3|5|82|59
0600000US3906301644|490|132|431|125|400|121|31|21|31|21|0|13|0|13|0|13|0|13|0|13|0|13|0|13|0|13|0|13|0|13|0|13|0|13|0|13|7|8|0|13|52|37
0600000US3906302400|629|132|565|120|552|119|13|11|6|7|4|7|0|13|3|6|0|13|0|13|0|13|0|13|0|13|0|13|0|13|0|13|0|13|0|13|7|9|0|13|57|38
0600000US3906306362|518|152|445|118|441|117|4|7|4|7|0|13|0|13|0|13|0|13|0|13|0|13|0|13|0|13|0|13|0|13|0|13|0|13|0|13|2|4|4|9|67|64
0600000US3906306838|505|94|415|125|378|115|37|38|37|38|0|13|0|13|0|13|0|13|0|13|0|13|0|13|0|13|0|13|0|13|0|13|0|13|0|13|0|13|0|13|90|77
0600000US3906312392|652|288|471|171|471|171|0|13|0|13|0|13|0|13|0|13|0|13|0|13|0|13|0|13|0|13|0|13|0|13|0|13|0|13|0|13|0|13|17|27|164|155
0600000US3906321462|595|198|519|169|490|161|29|29|29|29|0|13|0|13|0|13|0|13|0|13|0|13|0|13|0|13|0|13|0|13|0|13|0|13|0|13|0|13|28|36|48|64
0600000US3906323086|602|353|525|324|510|325|15|23|15|23|0|13|0|13|0|13|0|13|0|13|0|13|0|13|0|13|0|13|0|13|0|13|0|13|0|13|15|23|0|13|62|89
0600000US3906327048|19391|749|16816|797|15174|815|1642|367|1363|334|166|126|12|20|93|69|8|12|0|27|0|27|0|27|0|27|0|27|0|27|16|19|0|27|123|105|605|212|153|131|1678|382
0600000US3906337800|253|140|178|122|139|82|39|56|0|13|39|56|0|13|0|13|0|13|0|13|0|13|0|13|0|13|0|13|0|13|0|13|0|13|0|13|0|13|16|23|59|44
0600000US3906343148|3873|336|3389|361|3113|364|276|137|205|121|55|67|16|25|0|18|0|18|24|40|24|40|0|18|0|18|0|18|0|18|0|18|0|18|0|18|0|18|33|36|427|183
0600000US3906346438|634|327|634|327|634|327|0|13|0|13|0|13|0|13|0|13|0|13|0|13|0|13|0|13|0|13|0|13|0|13|0|13|0|13|0|13|0|13|0|13|0|13
0600000US3906347698|1558|245|1390|245|1311|266|79|58|79|58|0|13|0|13|0|13|0|13|0|13|0|13|0|13|0|13|0|13|0|13|0|13|9|16|11|17|0|13|0|13|148|74
0600000US3906358632|363|132|330|120|287|116|43|36|10|16|0|13|33|32|0|13|0|13|0|13|0|13|0|13|0|13|0|13|0|13|0|13|0|13|0|13|15|23|0|13|18|27
0600000US3906363268|1101|230|1070|224|938|215|132|103|61|33|4|7|67|96|0|13|0|13|0|13|0|13|0|13|0|13|0|13|0|13|0|13|0|13|0|13|14|17|4|6|13|16
0600000US3906364066|314|138|314|138|250|134|64|38|34|31|30|31|0|13|0|13|0|13|0|13|0|13|0|13|0|13|0|13|0|13|0|13|0|13|0|13|0|13|0|13|0|13
0600000US3906378330|1161|302|1077|297|939|314|138|93|99|78|20|30|19|28|0|13|0|13|0|13|0|13|0|13|0|13|0|13|0|13|0|13|0|13|0|13|51|80|0|13|33|37
0600000US3906379408|573|172|485|159|430|146|55|36|13|14|34|35|8|12|0|13|0|13|0|13|0|13|0|13|0|13|0|13|0|13|0|13|0|13|0|13|2|3|0|13|86|59
0600000US3906381284|2015|206|1952|187|1764|196|188|79|175|74|13|20|0|13|0|13|0|13|2|4|2|4|0|13|0|13|0|13|0|13|8|12|0|13|0|13|5|7|0|13|48|51
0600000US3906506866|812|138|757|138|717|136|40|20|40|20|0|13|0|13|0|13|0|13|0|13|0|13|0|13|0|13|0|13|0|13|2|5|0|13|0|13|0|13|5|7|48|32
0600000US3906509848|677|200|584|185|557|185|27|29|20|26|7|11|0|13|0|13|0|13|0|13|0|13|0|13|0|13|0|13|0|13|0|13|0|13|0|13|81|62|12|17|0|13
0600000US3906513316|143|79|135|80|131|80|4|8|4|8|0|13|0|13|0|13|0|13|0|13|0|13|0|13|0|13|0|13|0|13|0|13|0|13|0|13|0|13|0|13|8|12
0600000US3906522736|847|217|591|197|584|197|7|13|7|13|0|13|0|13|0|13|0|13|0|13|0|13|0|13|0|13|0|13|0|13|0|13|0|13|0|13|13|19|91|102|152|114
0600000US3906531024|298|177|298|177|298|177|0|13|0|13|0|13|0|13|0|13|0|13|0|13|0|13|0|13|0|13|0|13|0|13|0|13|0|13|0|13|0|13|0|13|0|13
0600000US3906532837|738|129|700|124|635|119|65|42|65|42|0|13|0|13|0|13|0|13|0|13|0|13|0|13|0|13|0|13|0|13|0|13|0|13|0|13|3|6|8|10|27|15
0600000US3906537814|1161|199|1108|191|1005|159|103|89|43|35|6|11|54|72|0|13|0|13|0|13|0|13|0|13|0|13|0|13|0|13|0|13|0|13|0|13|3|5|5|8|45|24
0600000US3906543162|3388|295|2742|279|2471|248|271|112|217|110|28|33|0|18|11|21|15|24|0|18|0|18|0|18|0|18|0|18|0|18|0|18|0|18|0|18|420|141|0|18|226|100
0600000US3906545598|271|121|235|116|223|115|12|18|12|18|0|13|0|13|0|13|0|13|0|13|0|13|0|13|0|13|0|13|0|13|0|13|10|15|0|13|0|13|0|13|26|19
0600000US3906545920|297|120|253|115|246|111|7|11|0|13|7|11|0|13|0|13|0|13|0|13|0|13|0|13|0|13|0|13|0|13|0|13|0|13|0|13|44|34|0|13|0|13
0600000US3906547712|883|198|824|190|755|193|69|39|65|36|4|9|0|13|0|13|0|13|0|13|0|13|0|13|0|13|0|13|0|13|0|13|0|13|0|13|16|26|0|13|43|27
0600000US3906563282|3123|400|2902|431|2666|410|236|128|169|111|51|40|16|26|0|18|0|18|0|18|0|18|0|18|0|18|0|18|0|18|0|18|0|18|0|18|132|81|0|18|89|66
0600000US3906568784|499|224|499|224|397|156|102|103|102|103|0|13|0|13|0|13|0|13|0|13|0|13|0|13|0|13|0|13|0|13|0|13|0|13|0|13|0|13|0|13|0|13
0600000US3906576198|332|104|317|102|274|95|43|33|43|33|0|13|0|13|0|13|0|13|0|13|0|13|0|13|0|13|0|13|0|13|0|13|0|13|0|13|0|13|15|20|0|13
0600000US3906581298|383|126|350|121|336|121|14|14|14|14|0|13|0|13|0|13|0|13|0|13|0|13|0|13|0|13|0|13|0|13|0|13|0|13|0|13|0|13|6|9|27|24
0600000US3906702358|59|47|59|47|48|43|11|17|11|17|0|13|0|13|0|13|0|13|0|13|0|13|0|13|0|13|0|13|0|13|0|13|0|13|0|13|0|13|0|13|0|13
0600000US3906702764|137|52|137|52|132|51|5|8|0|13|0|13|5|8|0|13|0|13|0|13|0|13|0|13|0|13|0|13|0|13|0|13|0|13|0|13|0|13|0|13|0|13
0600000US3906710814|1208|169|1083|175|1072|173|11|21|0|13|11|21|0|13|0|13|0|13|0|13|0|13|0|13|0|13|0|13|0|13|0|13|0|13|0|13|18|26|15|23|92|70
0600000US3906728308|140|58|137|58|119|50|18|19|16|19|2|3|0|13|0|13|0|13|0|13|0|13|0|13|0|13|0|13|0|13|0|13|0|13|0|13|0|13|0|13|3|6
0600000US3906728812|465|92|444|92|408|87|36|27|35|27|0|13|0|13|1|3|0|13|0|13|0|13|0|13|0|13|0|13|0|13|0|13|0|13|0|13|4|6|0|13|17|25
0600000US3906729890|158|64|156|64|149|61|7|13|0|13|7|13|0|13|0|13|0|13|0|13|0|13|0|13|0|13|0|13|0|13|0|13|0|13|0|13|0|13|0|13|2|4
0600000US3906731766|700|186|601|168|568|161|33|30|29|29|2|4|0|13|2|4|0|13|0|13|0|13|0|13|0|13|0|13|0|13|0|13|0|13|0|13|35|28|38|56|26|17
0600000US3906751394|403|117|391|118|352|106|39|38|27|35|0|13|1|2|0|13|11|16|0|13|0|13|0|13|0|13|0|13|0|13|0|13|0|13|2|5|10|9|0|13|0|13
0600000US3906751940|213|94|201|95|195|94|6|9|6|9|0|13|0|13|0|13|0|13|0|13|0|13|0|13|0|13|0|13|0|13|0|13|0|13|0|13|0|13|0|13|12|17
0600000US3906756084|646|183|575|177|447|159|128|84|63|63|0|13|35|39|0|13|30|34|0|13|0|13|0|13|0|13|0|13|0|13|0|13|1|3|0|13|41|37|0|13|29|42
0600000US3906757456|40|35|40|35|40|35|0|13|0|13|0|13|0|13|0|13|0|13|0|13|0|13|0|13|0|13|0|13|0|13|0|13|0|13|0|13|0|13|0|13|0|13
0600000US3906768994|692|195|580|168|532|155|48|47|26|25|2|4|17|24|0|13|3|4|0|13|0|13|0|13|0|13|0|13|0|13|0|13|0|13|0|13|14|15|19|23|79|46
0600000US3906772361|475|163|455|163|440|163|15|22|15|22|0|13|0|13|0|13|0|13|0|13|0|13|0|13|0|13|0|13|0|13|0|13|0|13|0|13|0|13|0|13|20|14
0600000US3906774724|89|83|36|35|36|35|0|13|0|13|0|13|0|13|0|13|0|13|0|13|0|13|0|13|0|13|0|13|0|13|0|13|0|13|0|13|0|13|0|13|53|73
0600000US3906781312|138|70|122|62|90|40|32|48|0|13|0|13|32|48|0|13|0|13|0|13|0|13|0|13|0|13|0|13|0|13|0|13|0|13|0|13|0|13|0|13|16|22
0600000US3906904052|1259|161|1157|158|891|149|266|123|74|36|96|78|26|34|0|13|70|73|17|21|17|21|0|13|0|13|0|13|0|13|0|13|0|13|0|13|11|12|0|13|74|41
0600000US3906920016|845|169|725|147|662|140|63|41|63|41|0|13|0|13|0|13|0|13|0|13|0|13|0|13|0|13|0|13|0|13|0|13|0|13|0|13|2|3|7|12|111|62
0600000US3906927342|430|118|346|100|289|88|57|47|21|21|35|40|0|13|0|13|1|3|0|13|0|13|0|13|0|13|0|13|0|13|0|13|0|13|0|13|0|13|0|13|84|77
0600000US3906928700|531|155|524|154|466|141|58|35|26|29|11|16|21|29|0|13|0|13|0|13|0|13|0|13|0|13|0|13|0|13|0|13|0|13|0|13|0|13|0|13|7|12
0600000US3906933866|761|206|686|191|655|190|31|28|31|28|0|13|0|13|0|13|0|13|0|13|0|13|0|13|0|13|0|13|0|13|0|13|7|14|0|13|0|13|0|13|68|68
0600000US3906943176|1070|226|966|219|881|205|85|48|68|46|3|5|0|13|9|13|5|8|0|13|0|13|0|13|0|13|0|13|0|13|0|13|0|13|7|12|41|37|0|13|56|43
0600000US3906947726|567|147|544|147|508|144|36|24|30|23|3|4|0|13|3|6|0|13|0|13|0|13|0|13|0|13|0|13|0|13|0|13|9|11|1|3|11|11|0|13|2|3
0600000US3906951408|530|123|496|126|461|124|35|28|29|27|4|6|2|4|0|13|0|13|0|13|0|13|0|13|0|13|0|13|0|13|0|13|0|13|0|13|4|5|8|12|22|24
0600000US3906953564|4829|264|4648|271|4321|307|327|145|279|140|26|30|10|16|11|18|1|4|0|18|0|18|0|18|0|18|0|18|0|18|0|18|0|18|18|31|41|37|12|31|110|78
0600000US3906963296|956|160|917|161|876|153|41|26|24|22|10|10|7|10|0|13|0|13|0|13|0|13|0|13|0|13|0|13|0|13|0|13|0|13|0|13|9|11|6|9|24|20
0600000US3906966502|140|70|130|65|130|65|0|13|0|13|0|13|0|13|0|13|0|13|0|13|0|13|0|13|0|13|0|13|0|13|0|13|0|13|0|13|0|13|0|13|10|16
0600000US3906967062|482|177|398|167|372|160|26|28|0|13|0|13|0|13|26|28|0|13|0|13|0|13|0|13|0|13|0|13|0|13|0|13|0|13|0|13|20|21|0|13|64|67
0600000US3906981326|1042|216|937|199|887|191|50|39|24|25|16|24|10|15|0|13|0|13|0|13|0|13|0|13|0|13|0|13|0|13|0|13|0|13|0|13|19|19|0|13|86|75
0600000US3907109736|444|183|407|177|335|166|72|62|20|24|41|53|11|19|0|13|0|13|0|13|0|13|0|13|0|13|0|13|0|13|0|13|0|13|26|29|3|7|0|13|8|12
0600000US3907115476|820|198|808|195|728|186|80|64|46|46|34|47|0|13|0|13|0|13|0|13|0|13|0|13|0|13|0|13|0|13|0|13|0|13|0|13|0|13|0|13|12|20
0600000US3907118168|366|150|292|132|269|128|23|36|23|36|0|13|0|13|0|13|0|13|0|13|0|13|0|13|0|13|0|13|0|13|0|13|0|13|8|12|0|13|0|13|66|67
0600000US3907122204|1216|182|1165|208|1115|205|50|48|47|48|3|5|0|13|0|13|0|13|0|13|0|13|0|13|0|13|0|13|0|13|0|13|0|13|0|13|0|13|0|13|51|74
0600000US3907126026|1840|141|1749|159|1596|168|153|66|102|58|51|38|0|13|0|13|0|13|0|13|0|13|0|13|0|13|0|13|0|13|0|13|0|13|0|13|10|15|0|13|81|59
0600000US3907132970|145|76|137|76|137|76|0|13|0|13|0|13|0|13|0|13|0|13|1|2|1|2|0|13|0|13|0|13|0|13|0|13|0|13|0|13|0|13|1|3|6|10
0600000US3907137828|281|196|278|194|207|148|71|107|71|107|0|13|0|13|0|13|0|13|0|13|0|13|0|13|0|13|0|13|0|13|0|13|0|13|0|13|0|13|0|13|3|7
0600000US3907143190|4464|376|4111|372|3549|401|562|178|482|179|80|75|0|20|0|20|0|20|9|16|0|20|0|20|0|20|0|20|9|16|0|20|0|20|0|20|74|76|42|38|228|127
0600000US3907146452|2965|314|2757|321|2352|349|405|186|317|166|18|28|49|46|0|18|21|33|0|18|0|18|0|18|0|18|0|18|0|18|0|18|0|18|0|18|69|49|30|36|109|70
0600000US3907148034|338|152|250|133|179|116|71|72|58|66|0|13|13|24|0|13|0|13|0|13|0|13|0|13|0|13|0|13|0|13|0|13|0|13|64|78|0|13|11|17|13|16
0600000US3907155048|1122|336|986|272|846|268|140|111|115|107|13|21|12|20|0|13|0|13|0|13|0|13|0|13|0|13|0|13|0|13|0|13|0|13|0|13|0|13|28|44|108|124
0600000US3907159500|1660|253|1468|228|1209|240|259|132|152|94|6|10|41|43|60|51|0|13|0|13|0|13|0|13|0|13|0|13|0|13|0|13|0|13|6|12|8|13|48|60|130|92
0600000US3907161588|994|394|810|291|782|284|28|41|0|13|0|13|28|41|0|13|0|13|0|13|0|13|0|13|0|13|0|13|0|13|0|13|0|13|0|13|20|28|0|13|164|146
0600000US3907169862|174|89|163|88|123|69|40|40|22|33|13|20|5|8|0|13|0|13|0|13|0|13|0|13|0|13|0|13|0|13|0|13|0|13|0|13|0|13|0|13|11|16
0600000US3907178344|893|299|789|292|789|292|0|13|0|13|0|13|0|13|0|13|0|13|0|13|0|13|0|13|0|13|0|13|0|13|0|13|0|13|0|13|24|39|0|13|80|75
0600000US3907181340|483|198|369|176|325|153|44|60|11|17|32|57|0|13|0|13|1|3|1|3|1|3|0|13|0|13|0|13|0|13|0|13|0|13|0|13|0|13|0|13|113|90
0600000US3907184826|701|206|639|193|549|166|90|101|59|90|31|44|0|13|0|13|0|13|0|13|0|13|0|13|0|13|0|13|0|13|0|13|0|13|25|35|4|7|18|19|15|15
0600000US3907305578|567|241|522|242|522|242|0|13|0|13|0|13|0|13|0|13|0|13|0|13|0|13|0|13|0|13|0|13|0|13|0|13|0|13|0|13|0|13|20|30|25|29
0600000US3907326488|5574|422|5175|402|4530|409|645|190|446|170|181|108|3|6|15|22|0|20|3|8|3|8|0|20|0|20|0|20|0|20|8|13|0|20|19|27|56|61|49|44|264|104
0600000US3907330842|621|198|594|184|587|186|7|11|7|11|0|13|0|13|0|13|0|13|0|13|0|13|0|13|0|13|0|13|0|13|0|13|0|13|0|13|0|13|3|6|24|31
0600000US3907331780|1287|169|1123|172|1010|164|113|59|63|42|50|39|0|13|0|13|0|13|5|10|5|10|0|13|0|13|0|13|0|13|0|13|0|13|0|13|54|43|55|63|50|37
0600000US3907342056|335|211|322|206|322|206|0|13|0|13|0|13|0|13|0|13|0|13|0|13|0|13|0|13|0|13|0|13|0|13|0|13|0|13|0|13|0|13|0|13|13|20
0600000US3907347740|1169|343|981|359|950|360|31|39|26|31|0|13|5|10|0|13|0|13|0|13|0|13|0|13|0|13|0|13|0|13|0|13|0|13|0|13|0|13|0|13|188|143
0600000US3907361868|843|222|677|189|582|173|95|71|85|70|0|13|10|17|0|13|0|13|0|13|0|13|0|13|0|13|0|13|0|13|0|13|0|13|0|13|0|13|0|13|166|101
0600000US3907370142|386|171|386|171|341|157|45|55|34|52|0|13|0|13|0|13|11|17|0|13|0|13|0|13|0|13|0|13|0|13|0|13|0|13|0|13|0|13|0|13|0|13
0600000US3907374405|598|208|573|199|573|199|0|13|0|13|0|13|0|13|0|13|0|13|0|13|0|13|0|13|0|13|0|13|0|13|0|13|0|13|0|13|0|13|0|13|25|29
0600000US3907380780|452|127|430|125|390|118|40|47|40|47|0|13|0|13|0|13|0|13|0|13|0|13|0|13|0|13|0|13|0|13|0|13|0|13|0|13|2|3|0|13|20|21
0600000US3907381354|561|225|559|226|485|205|74|63|74|63|0|13|0|13|0|13|0|13|0|13|0|13|0|13|0|13|0|13|0|13|0|13|0|13|0|13|0|13|0|13|2|6
0600000US3907505830|2162|312|1154|225|836|226|318|104|193|85|29|33|28|28|37|32|31|29|0|13|0|13|0|13|0|13|0|13|0|13|34|35|0|13|664|315|171|70|23|27|116|56
0600000US3907515280|1968|187|895|192|371|149|524|160|108|74|121|90|41|37|117|82|137|68|0|13|0|13|0|13|0|13|0|13|0|13|22|30|0|13|604|178|179|116|0|13|268|83
0600000US3907533460|2917|255|2658|277|2372|304|286|121|194|101|35|32|35|31|22|35|0|18|13|21|13|21|0|18|0|18|0|18|0|18|0|18|0|18|0|18|137|85|8|12|101|73
0600000US3907540194|1188|266|1083|250|945|236|138|63|105|56|22|20|0|13|0|13|11|15|13|19|13|19|0|13|0|13|0|13|0|13|0|13|0|13|0|13|49|49|15|16|28|23
0600000US3907540852|861|381|824|372|751|360|73|76|73|76|0|13|0|13|0|13|0|13|0|13|0|13|0|13|0|13|0|13|0|13|0|13|0|13|0|13|19|31|0|13|18|29
0600000US3907548692|1256|175|922|166|481|191|441|121|49|38|51|31|173|154|96|60|72|56|20|20|8|12|0|13|0|13|12|18|0|13|9|14|0|13|128|72|119|79|15|23|43|33
0600000US3907551422|728|244|660|206|569|198|91|81|66|78|0|13|25|39|0|13|0|13|0|13|0|13|0|13|0|13|0|13|0|13|0|13|0|13|0|13|0|13|0|13|68|87
0600000US3907559514|2244|191|1210|218|422|117|788|169|195|78|120|57|225|102|139|57|109|78|27|41|27|41|0|13|0|13|0|13|0|13|146|112|0|13|217|93|347|142|14|17|283|159
0600000US3907564584|1208|186|1030|166|646|201|384|112|133|96|63|49|109|62|79|56|0|13|0|13|0|13|0|13|0|13|0|13|0|13|0|13|0|13|46|51|22|31|19|19|91|56
0600000US3907566712|442|145|404|129|307|91|97|70|44|33|53|60|0|13|0|13|0|13|0|13|0|13|0|13|0|13|0|13|0|13|0|13|0|13|0|13|3|4|0|13|35|38
0600000US3907567286|998|229|839|229|685|256|154|113|24|26|0|13|96|92|4|9|30|43|0|13|0|13|0|13|0|13|0|13|0|13|0|13|0|13|0|13|8|12|0|13|151|98
0600000US3907570156|1801|186|955|234|367|151|588|179|142|81|137|83|135|72|67|50|107|66|8|12|8|12|0|13|0|13|0|13|0|13|65|51|7|11|371|129|179|113|75|48|141|89
0600000US3907580626|1696|264|799|197|607|191|192|70|55|43|22|24|56|41|39|34|20|19|10|17|10|17|0|13|0|13|0|13|0|13|17|19|0|13|589|235|112|55|0|13|169|150
0600000US3907581368|795|267|700|249|558|213|142|124|142|124|0|13|0|13|0|13|0|13|0|13|0|13|0|13|0|13|0|13|0|13|0|13|0|13|0|13|6|9|0|13|89|84
0600000US3907705228|1796|264|1698|258|1556|248|142|92|121|88|21|30|0|13|0|13|0|13|0|13|0|13|0|13|0|13|0|13|0|13|0|13|16|19|0|13|19|23|0|13|63|50
0600000US3907709148|773|245|644|193|579|176|65|60|15|24|0|13|50|57|0|13|0|13|0|13|0|13|0|13|0|13|0|13|0|13|0|13|0|13|0|13|32|27|0|13|97|90
0600000US3907715364|879|331|853|329|840|328|13|15|0|13|13|15|0|13|0|13|0|13|0|13|0|13|0|13|0|13|0|13|0|13|0|13|0|13|0|13|0|13|0|13|26|35
0600000US3907726040|468|126|391|119|367|114|24|22|15|18|7|7|2|3|0|13|0|13|0|13|0|13|0|13|0|13|0|13|0|13|0|13|24|34|9|14|14|18|0|13|30|18
0600000US3907727216|347|155|338|153|338|153|0|13|0|13|0|13|0|13|0|13|0|13|0|13|0|13|0|13|0|13|0|13|0|13|0|13|0|13|0|13|0|13|0|13|9|14
0600000US3907732102|695|207|627|199|608|200|19|26|0|13|0|13|19|26|0|13|0|13|0|13|0|13|0|13|0|13|0|13|0|13|0|13|0|13|0|13|0|13|28|33|40|34
0600000US3907732368|602|152|588|151|531|146|57|50|37|47|20|19|0|13|0|13|0|13|0|13|0|13|0|13|0|13|0|13|0|13|0|13|0|13|0|13|0|13|1|7|13|11
0600000US3907732382|632|212|565|213|452|162|113|121|113|121|0|13|0|13|0|13|0|13|0|13|0|13|0|13|0|13|0|13|0|13|0|13|0|13|32|43|15|19|0|13|20|27
0600000US3907734258|506|185|415|161|302|120|113|96|88|86|0|13|0|13|25|40|0|13|17|28|17|28|0|13|0|13|0|13|0|13|0|13|0|13|0|13|37|35|0|13|37|28
0600000US3907745514|548|225|487|196|458|189|29|31|29|31|0|13|0|13|0|13|0|13|32|46|32|46|0|13|0|13|0|13|0|13|0|13|0|13|0|13|9|14|0|13|20|24
0600000US3907754712|1115|260|982|214|863|182|119|77|64|48|52|57|0|13|0|13|3|4|31|71|31|71|0|13|0|13|0|13|0|13|0|13|0|13|0|13|45|61|0|13|57|48
0600000US3907754922|1296|143|1114|168|985|171|129|66|104|64|22|25|3|5|0|13|0|13|0|13|0|13|0|13|0|13|0|13|0|13|0|13|0|13|0|13|67|46|58|68|57|45
0600000US3907757302|7780|517|7209|475|6429|450|780|210|689|202|79|68|0|20|0|20|12|20|1|2|1|2|0|20|0|20|0|20|0|20|0|20|0|20|0|20|62|50|74|61|434|179
0600000US3907757316|1909|165|1771|180|1738|179|33|28|33|28|0|13|0|13|0|13|0|13|7|13|7|13|0|13|0|13|0|13|0|13|0|13|0|13|0|13|34|44|15|25|82|60
0600000US3907757358|404|109|355|122|328|116|27|29|0|13|19|27|8|13|0|13|0|13|0|13|0|13|0|13|0|13|0|13|0|13|0|13|0|13|0|13|31|43|18|26|0|13
0600000US3907762246|387|183|378|181|353|177|25|22|16|19|9|13|0|13|0|13|0|13|0|13|0|13|0|13|0|13|0|13|0|13|0|13|0|13|0|13|0|13|0|13|9|14
0600000US3907766810|477|168|456|164|408|161|48|42|48|42|0|13|0|13|0|13|0|13|0|13|0|13|0|13|0|13|0|13|0|13|0|13|0|13|9|15|12|20|0|13|0|13
0600000US3907767006|1052|214|938|197|870|194|68|47|20|19|44|42|4|6|0|13|0|13|6|10|6|10|0|13|0|13|0|13|0|13|0|13|0|13|0|13|0|13|0|13|108|85
0600000US3907767300|448|114|403|119|370|110|33|33|33|33|0|13|0|13|0|13|0|13|0|13|0|13|0|13|0|13|0|13|0|13|0|13|0|13|6|10|9|13|13|20|17|23
0600000US3907772193|173|70|137|60|129|56|8|13|8|13|0|13|0|13|0|13|0|13|0|13|0|13|0|13|0|13|0|13|0|13|0|13|0|13|0|13|6|11|0|13|30|30
0600000US3907777158|757|210|678|197|635|195|43|61|43|61|0|13|0|13|0|13|0|13|0|13|0|13|0|13|0|13|0|13|0|13|0|13|0|13|0|13|10|17|0|13|69|63
0600000US3907780472|1293|185|1227|181|1195|187|32|26|24|24|8|15|0|13|0|13|0|13|0|13|0|13|0|13|0|13|0|13|0|13|0|13|0|13|0|13|9|13|0|13|57|48
0600000US3907785232|2723|222|2599|239|2239|261|360|164|177|109|106|82|0|18|77|55|0|18|0|18|0|18|0|18|0|18|0|18|0|18|0|18|0|18|0|18|56|57|12|24|56|60
0600000US3907907090|551|295|551|295|551|295|0|13|0|13|0|13|0|13|0|13|0|13|0|13|0|13|0|13|0|13|0|13|0|13|0|13|0|13|0|13|0|13|0|13|0|13
0600000US3907916336|796|288|778|287|775|287|3|5|3|5|0|13|0|13|0|13|0|13|0|13|0|13|0|13|0|13|0|13|0|13|0|13|2|3|0|13|2|4|0|13|14|23
0600000US3907928322|825|301|733|314|628|276|105|74|76|60|18|28|0|13|11|18|0|13|0|13|0|13|0|13|0|13|0|13|0|13|0|13|0|13|0|13|0|13|0|13|92|81
0600000US3907933040|262|192|165|116|165|116|0|13|0|13|0|13|0|13|0|13|0|13|13|22|13|22|0|13|0|13|0|13|0|13|0|13|0|13|0|13|40|55|0|13|44|52
0600000US3907937842|2822|300|2448|275|2211|297|237|160|213|159|14|24|8|14|2|6|0|18|0|18|0|18|0|18|0|18|0|18|0|18|0|18|0|18|0|18|201|106|29|48|144|104
0600000US3907937856|299|179|280|177|275|178|5|10|5|10|0|13|0|13|0|13|0|13|0|13|0|13|0|13|0|13|0|13|0|13|0|13|0|13|0|13|0|13|0|13|19|32
0600000US3907938654|1442|198|1165|185|1088|191|77|47|50|33|0|13|0|13|19|34|8|14|23|31|23|31|0|13|0|13|0|13|0|13|0|13|0|13|10|17|111|112|0|13|133|103
0600000US3907943204|931|287|782|284|749|279|33|41|17|31|0|13|0|13|16|26|0|13|9|17|9|17|0|13|0|13|0|13|0|13|0|13|0|13|0|13|0|13|0|13|140|97
0600000US3907943442|1095|186|915|208|809|157|106|99|106|99|0|13|0|13|0|13|0|13|0|13|0|13|0|13|0|13|0|13|0|13|0|13|0|13|0|13|53|63|8|14|119|97
0600000US3907946466|1050|378|1005|378|953|368|52|60|4|6|48|59|0|13|0|13|0|13|0|13|0|13|0|13|0|13|0|13|0|13|0|13|0|13|0|13|2|6|1|5|42|47
0600000US3907950624|133|126|133|126|118|119|15|26|15|26|0|13|0|13|0|13|0|13|0|13|0|13|0|13|0|13|0|13|0|13|0|13|0|13|0|13|0|13|0|13|0|13
0600000US3907970856|939|431|939|431|788|373|151|124|31|50|0|13|52|58|0|13|68|94|0|13|0|13|0|13|0|13|0|13|0|13|0|13|0|13|0|13|0|13|0|13|0|13
0600000US3907981382|253|114|245|116|219|111|26|32|26|32|0|13|0|13|0|13|0|13|0|13|0|13|0|13|0|13|0|13|0|13|0|13|0|13|0|13|0|13|0|13|8|12
0600000US3907982712|2285|366|2079|381|1863|370|216|120|168|102|48|62|0|18|0|18|0|18|0|18|0|18|0|18|0|18|0|18|0|18|0|18|0|18|15|26|85|69|61|69|45|41
0600000US3908109750|223|126|212|126|188|109|24|22|24|22|0|13|0|13|0|13|0|13|0|13|0|13|0|13|0|13|0|13|0|13|0|13|0|13|0|13|0|13|0|13|11|9
0600000US3908119484|3292|313|2865|308|2766|294|99|75|94|74|3|4|0|18|0|18|2|4|0|18|0|18|0|18|0|18|0|18|0|18|0|18|0|18|0|18|10|15|7|9|410|137
0600000US3908137534|4582|378|4136|356|3902|375|234|135|71|45|131|116|0|20|0|20|32|46|0|20|0|20|0|20|0|20|0|20|0|20|0|20|0|20|0|20|173|210|0|20|273|147
0600000US3908140866|1988|192|1845|199|1724|201|121|69|90|60|18|29|0|13|5|8|8|10|0|13|0|13|0|13|0|13|0|13|0|13|3|5|0|13|0|13|39|32|10|15|91|46
0600000US3908152990|897|205|803|195|793|197|10|8|10|8|0|13|0|13|0|13|0|13|0|13|0|13|0|13|0|13|0|13|0|13|0|13|0|13|0|13|73|72|0|13|21|15
0600000US3908168644|221|121|221|121|190|118|31|25|0|13|10|14|0|13|21|20|0|13|0|13|0|13|0|13|0|13|0|13|0|13|0|13|0|13|0|13|0|13|0|13|0|13
0600000US3908169876|1285|232|1053|184|1000|177|53|37|53|37|0|13|0|13|0|13|0|13|0|13|0|13|0|13|0|13|0|13|0|13|0|13|0|13|0|13|78|69|2|5|152|126
0600000US3908170086|596|138|560|141|550|141|10|10|10|10|0|13|0|13|0|13|0|13|0|13|0|13|0|13|0|13|0|13|0|13|0|13|0|13|0|13|0|13|0|13|36|26
0600000US3908172767|1152|148|1068|161|1010|154|58|50|35|33|0|13|0|13|0|13|23|35|0|13|0|13|0|13|0|13|0|13|0|13|0|13|0|13|0|13|0|13|7|10|77|71
0600000US3908174122|795|174|775|177|692|173|83|59|79|59|2|3|0|13|2|4|0|13|0|13|0|13|0|13|0|13|0|13|0|13|0|13|0|13|0|13|5|6|0|13|15|11
0600000US3908174608|7826|400|6066|404|5417|421|649|186|520|159|103|93|14|16|6|10|6|10|90|60|90|60|0|20|0|20|0|20|0|20|13|25|0|20|0|20|609|161|77|91|971|290
0600000US3908174615|1614|288|1575|287|1462|289|113|69|92|74|14|21|7|13|0|13|0|13|0|13|0|13|0|13|0|13|0|13|0|13|0|13|0|13|0|13|0|13|0|13|39|39
0600000US3908180878|1647|133|1510|143|1444|150|66|36|50|29|7|10|0|13|3|4|6|8|13|13|13|13|0|13|0|13|0|13|0|13|0|13|0|13|0|13|54|36|5|7|65|33
0600000US3908182180|796|199|754|205|740|203|14|21|14|21|0|13|0|13|0|13|0|13|0|13|0|13|0|13|0|13|0|13|0|13|0|13|0|13|0|13|6|10|0|13|36|40
0600000US3908182698|1036|259|940|251|877|231|63|48|45|41|18|25|0|13|0|13|0|13|0|13|0|13|0|13|0|13|0|13|0|13|0|13|0|13|0|13|37|56|0|13|59|40
0600000US3908305844|938|341|788|310|651|298|137|127|99|104|19|28|0|13|0|13|19|29|0|13|0|13|0|13|0|13|0|13|0|13|0|13|0|13|0|13|0|13|0|13|150|118
0600000US3908309470|827|241|550|193|388|150|162|128|78|93|78|85|0|13|0|13|6|17|0|13|0|13|0|13|0|13|0|13|0|13|0|13|0|13|0|13|11|18|52|72|214|140
0600000US3908310590|418|242|199|145|114|98|85|92|85|92|0|13|0|13|0|13|0|13|0|13|0|13|0|13|0|13|0|13|0|13|0|13|0|13|10|18|100|78|0|13|109|83
0600000US3908315504|803|303|554|296|550|296|4|10|4|10|0|13|0|13|0|13|0|13|0|13|0|13|0|13|0|13|0|13|0|13|0|13|0|13|0|13|76|95|36|66|137|97
0600000US3908316140|1457|184|1327|202|1178|215|149|78|141|78|8|16|0|13|0|13|0|13|0|13|0|13|0|13|0|13|0|13|0|13|0|13|0|13|0|13|0|13|0|13|130|78
0600000US3908316686|986|157|457|151|331|128|126|139|5|11|38|62|83|128|0|13|0|13|0|13|0|13|0|13|0|13|0|13|0|13|0|13|0|13|3|8|386|140|0|13|140|92
0600000US3908328658|1375|189|1247|201|1104|195|143|82|99|62|0|13|0|13|44|52|0|13|0|13|0|13|0|13|0|13|0|13|0|13|0|13|20|32|0|13|3|6|0|13|105|49
0600000US3908333880|264|129|239|125|239|125|0|13|0|13|0|13|0|13|0|13|0|13|0|13|0|13|0|13|0|13|0|13|0|13|0|13|0|13|0|13|0|13|0|13|25|29
0600000US3908335462|1796|170|1496|189|1477|190|19|15|14|15|5|8|0|13|0|13|0|13|15|18|15|18|0|13|0|13|0|13|0|13|0|13|0|13|0|13|0|13|3|5|282|113
0600000US3908336526|2822|262|2488|303|2236|304|252|155|199|149|53|73|0|18|0|18|0|18|1|6|1|6|0|18|0|18|0|18|0|18|0|18|0|18|0|18|0|18|22|39|311|171
0600000US3908337870|321|145|300|144|285|141|15|28|15|28|0|13|0|13|0|13|0|13|0|13|0|13|0|13|0|13|0|13|0|13|0|13|0|13|0|13|21|33|0|13|0|13
0600000US3908338668|367|129|270|112|180|89|90|75|43|53|36|39|0|13|11|17|0|13|0|13|0|13|0|13|0|13|0|13|0|13|0|13|0|13|0|13|23|26|0|13|74|83
0600000US3908343218|789|267|639|218|516|177|123|90|114|86|0|13|9|24|0|13|0|13|0|13|0|13|0|13|0|13|0|13|0|13|0|13|0|13|0|13|0|13|17|31|133|91
0600000US3908349658|626|242|472|219|416|198|56|57|47|56|0|13|9|16|0|13|0|13|0|13|0|13|0|13|0|13|0|13|0|13|0|13|0|13|0|13|30|26|0|13|124|123
0600000US3908350204|772|199|680|214|635|213|45|54|45|54|0|13|0|13|0|13|0|13|0|13|0|13|0|13|0|13|0|13|0|13|0|13|0|13|0|13|2|9|0|13|90|79
0600000US3908350330|595|272|549|266|537|271|12|19|0|13|0|13|12|19|0|13|0|13|0|13|0|13|0|13|0|13|0|13|0|13|0|13|0|13|0|13|11|20|0|13|35|39
0600000US3908351436|1033|335|959|333|901|324|58|58|39|40|0|13|15|24|4|8|0|13|37|60|37|60|0|13|0|13|0|13|0|13|0|13|0|13|0|13|18|27|0|13|19|22
0600000US3908352108|388|148|370|144|370|144|0|13|0|13|0|13|0|13|0|13|0|13|18|31|18|31|0|13|0|13|0|13|0|13|0|13|0|13|0|13|0|13|0|13|0|13
0600000US3908352290|1197|384|1036|331|991|318|45|49|45|49|0|13|0|13|0|13|0|13|0|13|0|13|0|13|0|13|0|13|0|13|0|13|0|13|0|13|0|13|0|13|161|119
0600000US3908353102|8005|526|6753|532|6303|511|450|176|311|159|85|59|16|26|0|20|38|55|54|64|54|64|0|20|0|20|0|20|0|20|0|20|0|20|9|17|292|134|84|57|813|252
0600000US3908362652|677|268|589|256|546|251|43|40|43|40|0|13|0|13|0|13|0|13|0|13|0|13|0|13|0|13|0|13|0|13|0|13|0|13|0|13|32|40|36|34|20|22
0600000US3908363310|891|412|772|362|751|364|21|31|21|31|0|13|0|13|0|13|0|13|0|13|0|13|0|13|0|13|0|13|0|13|0|13|0|13|0|13|5|12|7|13|107|116
0600000US3908378358|1125|275|909|260|779|229|130|67|85|59|9|14|4|6|32|29|0|13|0|13|0|13|0|13|0|13|0|13|0|13|0|13|0|13|0|13|59|54|105|109|52|45
0600000US3908382194|364|185|322|174|322|174|0|13|0|13|0|13|0|13|0|13|0|13|0|13|0|13|0|13|0|13|0|13|0|13|0|13|0|13|0|13|0|13|0|13|42|46
0600000US3908500000|0|13|0|13|0|13|0|13|0|13|0|13|0|13|0|13|0|13|0|13|0|13|0|13|0|13|0|13|0|13|0|13|0|13|0|13|0|13|0|13|0|13
0600000US3908518196|9904|443|8111|506|7459|470|652|196|590|180|38|47|24|30|0|20|0|20|7|11|7|11|0|20|0|20|0|20|0|20|0|20|0|20|0|20|2|6|115|89|1669|352
0600000US3908523618|9018|472|7894|447|7158|453|736|238|677|231|59|55|0|20|0|20|0|20|16|25|16|25|0|20|0|20|0|20|0|20|17|27|0|20|0|20|221|135|47|37|823|236
0600000US3908540642|3428|233|2709|277|2474|286|235|119|120|77|58|53|57|73|0|18|0|18|0|18|0|18|0|18|0|18|0|18|0|18|0|18|13|19|0|18|20|31|50|66|636|159
0600000US3908540670|319|82|270|77|262|76|8|10|8|10|0|13|0|13|0|13|0|13|0|13|0|13|0|13|0|13|0|13|0|13|0|13|0|13|0|13|0|13|13|14|36|19
0600000US3908541398|104|33|82|29|64|25|18|19|18|19|0|13|0|13|0|13|0|13|0|13|0|13|0|13|0|13|0|13|0|13|0|13|0|13|0|13|0|13|4|6|18|11
0600000US3908542812|1896|285|1833|286|1756|303|77|57|70|56|0|13|7|11|0|13|0|13|0|13|0|13|0|13|0|13|0|13|0|13|0|13|0|13|0|13|21|32|0|13|42|30
0600000US3908546494|9192|574|8162|563|7282|577|880|315|755|293|107|108|8|14|0|20|10|17|22|24|22|24|0|20|0|20|0|20|0|20|0|20|0|20|0|20|19|28|61|65|928|274
0600000US3908549056|24435|829|20693|839|19406|809|1287|315|1088|318|123|80|66|78|10|16|0|27|147|84|147|84|0|27|0|27|0|27|0|27|0|27|8|14|28|45|191|118|159|90|3209|485
0600000US3908549098|3838|357|3521|359|3320|338|201|142|138|108|15|24|19|30|29|79|0|18|7|11|7|11|0|18|0|18|0|18|0|18|0|18|0|18|0|18|79|53|23|28|208|113
0600000US3908559416|8744|599|7399|682|6292|645|1107|263|771|229|268|153|13|20|34|53|21|36|145|103|145|103|0|24|0|24|0|24|0|24|0|24|0|24|34|55|360|218|25|29|781|237
0600000US3908559430|10588|645|9057|633|8177|652|880|322|829|327|51|54|0|24|0|24|0|24|124|118|124|118|0|24|0|24|0|24|0|24|0|24|82|99|18|24|52|55|123|82|1132|289
0600000US3908561896|4625|272|4112|252|3818|270|294|103|226|94|38|30|30|39|0|18|0|18|52|40|52|40|0|18|0|18|0|18|0|18|0|18|6|10|0|18|90|104|37|29|328|66
0600000US3908576834|329|86|271|79|251|74|20|18|9|9|0|13|0|13|11|17|0|13|10|11|10|11|0|13|0|13|0|13|0|13|0|13|0|13|0|13|3|6|0|13|45|24
0600000US3908580402|209|60|129|44|125|44|4|6|4|6|0|13|0|13|0|13|0|13|0|13|0|13|0|13|0|13|0|13|0|13|0|13|0|13|0|13|0|13|20|21|60|30
0600000US3908585036|6637|383|5955|427|5621|414|334|113|207|89|84|79|32|33|7|10|4|7|20|23|20|23|0|20|0|20|0|20|0|20|0|20|0|20|36|32|40|29|8|14|578|201
0600000US3908585484|12067|568|9995|650|8846|645|1149|397|968|383|82|57|2|4|70|92|27|24|81|73|81|73|0|24|0|24|0|24|0|24|0|24|0|24|12|20|81|57|95|85|1803|324
0600000US3908585512|5698|438|4668|426|4273|384|395|254|377|255|8|13|10|16|0|18|0|18|0|18|0|18|0|18|0|18|0|18|0|18|0|18|0|18|5|8|0|18|2|6|1023|264
0600000US3908585638|7825|444|6369|399|6057|408|312|111|296|109|5|11|11|17|0|20|0|20|54|32|54|32|0|20|0|20|0|20|0|20|0|20|23|25|0|20|153|118|29|33|1197|292
0600000US3908700562|68|70|55|50|47|44|8|14|8|14|0|13|0|13|0|13|0|13|0|13|0|13|0|13|0|13|0|13|0|13|0|13|0|13|0|13|0|13|0|13|13|29
0600000US3908721084|294|95|294|95|280|94|14|19|14|19|0|13|0|13|0|13|0|13|0|13|0|13|0|13|0|13|0|13|0|13|0|13|0|13|0|13|0|13|0|13|0|13
0600000US3908724822|1051|200|972|185|925|182|47|40|18|21|0|13|29|35|0|13|0|13|7|15|7|15|0|13|0|13|0|13|0|13|0|13|0|13|0|13|0|13|46|40|26|32
0600000US3908726782|3775|409|3465|421|3153|474|312|164|258|161|34|48|20|40|0|18|0|18|0|18|0|18|0|18|0|18|0|18|0|18|0|18|0|18|31|53|41|50|46|78|192|119
0600000US3908733054|576|169|536|159|530|159|6|9|6|9|0|13|0|13|0|13|0|13|0|13|0|13|0|13|0|13|0|13|0|13|0|13|0|13|0|13|0|13|0|13|40|36
0600000US3908742154|937|240|920|238|816|281|104|131|100|135|0|13|0|13|4|16|0|13|0|13|0|13|0|13|0|13|0|13|0|13|0|13|0|13|0|13|0|13|9|17|8|14
0600000US3908748174|219|133|214|133|209|133|5|10|0|13|5|10|0|13|0|13|0|13|0|13|0|13|0|13|0|13|0|13|0|13|0|13|0|13|0|13|0|13|5|10|0|13
0600000US3908761910|2533|331|2416|328|2324|329|92|51|92|51|0|18|0|18|0|18|0|18|11|15|11|15|0|18|0|18|0|18|0|18|0|18|0|18|0|18|9|14|22|24|75|53
0600000US3908768280|3871|349|3513|363|3288|385|225|114|189|102|0|18|36|56|0|18|0|18|0|18|0|18|0|18|0|18|0|18|0|18|0|18|0|18|0|18|57|84|0|18|301|158
0600000US3908776031|104|57|77|42|77|42|0|13|0|13|0|13|0|13|0|13|0|13|0|13|0|13|0|13|0|13|0|13|0|13|0|13|0|13|0|13|0|13|0|13|27|27
0600000US3908778372|3585|350|3390|351|3034|335|356|156|271|141|21|33|5|8|0|18|59|53|0|18|0|18|0|18|0|18|0|18|0|18|0|18|2|4|13|10|37|39|33|43|110|65
0600000US3908778974|5687|386|5257|387|4875|377|382|161|364|152|7|10|0|20|11|23|0|20|0|20|0|20|0|20|0|20|0|20|0|20|0|20|0|20|6|9|96|50|97|73|231|139
0600000US3908781396|50|38|34|30|34|30|0|13|0|13|0|13|0|13|0|13|0|13|0|13|0|13|0|13|0|13|0|13|0|13|0|13|0|13|0|13|0|13|0|13|16|24
0600000US3908786002|611|196|558|189|519|176|39|52|39|52|0|13|0|13|0|13|0|13|0|13|0|13|0|13|0|13|0|13|0|13|0|13|0|13|0|13|53|61|0|13|0|13
0600000US3908905494|624|217|579|204|579|204|0|13|0|13|0|13|0|13|0|13|0|13|0|13|0|13|0|13|0|13|0|13|0|13|0|13|0|13|0|13|0|13|0|13|45|52
0600000US3908907944|1000|325|777|317|740|322|37|45|37|45|0|13|0|13|0|13|0|13|0|13|0|13|0|13|0|13|0|13|0|13|0|13|0|13|0|13|0|13|20|32|203|137
0600000US3908910366|708|245|676|225|676|225|0|13|0|13|0|13|0|13|0|13|0|13|0|13|0|13|0|13|0|13|0|13|0|13|0|13|0|13|0|13|0|13|0|13|32|51
0600000US3908924332|882|361|808|347|808|347|0|13|0|13|0|13|0|13|0|13|0|13|0|13|0|13|0|13|0|13|0|13|0|13|0|13|0|13|0|13|0|13|0|13|74|76
0600000US3908925690|9359|516|7047|492|6367|480|680|215|640|209|13|13|12|21|15|26|0|20|24|31|12|14|12|19|0|20|0|20|0|20|13|18|9|18|0|20|111|105|132|110|2023|431
0600000US3908926530|297|170|284|171|270|171|14|24|14|24|0|13|0|13|0|13|0|13|0|13|0|13|0|13|0|13|0|13|0|13|0|13|0|13|0|13|0|13|0|13|13|23
0600000US3908928336|976|283|863|274|786|250|77|76|50|61|27|46|0|13|0|13|0|13|0|13|0|13|0|13|0|13|0|13|0|13|0|13|0|13|0|13|0|13|0|13|113|74
0600000US3908931416|4788|361|3146|345|3055|330|91|66|64|59|4|8|0|20|0|20|23|31|0|20|0|20|0|20|0|20|0|20|0|20|16|20|0|20|5|11|710|131|9|14|902|216
0600000US3908933299|1546|162|1400|158|1336|160|64|34|35|23|16|17|13|15|0|13|0|13|0|13|0|13|0|13|0|13|0|13|0|13|0|13|0|13|0|13|0|13|0|13|146|71
0600000US3908933894|4141|321|3226|316|2969|315|257|119|244|118|13|18|0|18|0|18|0|18|0|18|0|18|0|18|0|18|0|18|0|18|0|18|0|18|0|18|35|36|0|18|880|200
0600000US3908934188|1230|463|986|400|948|406|38|36|38|36|0|13|0|13|0|13|0|13|0|13|0|13|0|13|0|13|0|13|0|13|0|13|0|13|0|13|0|13|0|13|244|200
0600000US3908934748|4956|311|4222|322|4020|326|202|123|169|120|28|31|5|11|0|20|0|20|24|30|24|30|0|20|0|20|0|20|0|20|0|20|0|20|0|20|34|31|34|38|642|166
0600000US3908936316|488|174|331|101|277|88|54|35|43|31|11|17|0|13|0|13|0|13|0|13|0|13|0|13|0|13|0|13|0|13|0|13|17|28|0|13|0|13|13|18|127|156
0600000US3908939102|1521|329|1338|394|1249|412|89|61|48|59|41|41|0|13|0|13|0|13|0|13|0|13|0|13|0|13|0|13|0|13|0|13|0|13|0|13|0|13|21|30|162|101
0600000US3908943232|1542|277|1329|294|1104|310|225|168|153|120|72|116|0|13|0|13|0|13|0|13|0|13|0|13|0|13|0|13|0|13|0|13|0|13|0|13|52|49|0|13|161|101
0600000US3908943456|2156|218|1764|233|1636|234|128|96|50|50|0|13|41|49|37|46|0|13|0|13|0|13|0|13|0|13|0|13|0|13|0|13|0|13|0|13|52|77|39|60|301|139
0600000US3908946116|812|282|668|263|608|270|60|67|16|23|44|64|0|13|0|13|0|13|0|13|0|13|0|13|0|13|0|13|0|13|0|13|0|13|0|13|20|31|0|13|124|100
0600000US3908946508|1458|206|1325|218|1219|193|106|102|29|36|10|16|25|47|42|60|0|13|0|13|0|13|0|13|0|13|0|13|0|13|0|13|0|13|0|13|44|52|0|13|89|49
0600000US3908948132|1015|368|942|345|886|351|56|66|56|66|0|13|0|13|0|13|0|13|0|13|0|13|0|13|0|13|0|13|0|13|0|13|0|13|0|13|0|13|0|13|73|80
0600000US3908951450|4314|314|3592|303|3354|320|238|130|112|82|16|21|110|101|0|18|0|18|60|79|60|79|0|18|0|18|0|18|0|18|0|18|0|18|0|18|28|35|25|29|609|185
0600000US3908954040|22739|907|19290|927|17661|932|1629|372|1269|280|269|194|25|30|25|26|41|40|57|41|57|41|0|30|0|30|0|30|0|30|0|30|27|43|44|38|526|204|482|191|2313|365
0600000US3908954054|892|247|693|218|671|213|22|27|22|27|0|13|0|13|0|13|0|13|0|13|0|13|0|13|0|13|0|13|0|13|0|13|0|13|0|13|0|13|11|18|188|114
0600000US3908955580|1335|183|1069|161|1030|160|39|35|25|28|0|13|0|13|0|13|14|20|0|13|0|13|0|13|0|13|0|13|0|13|19|26|0|13|0|13|10|11|33|52|204|109
0600000US3908961112|9051|456|7549|463|6839|525|710|262|577|258|63|67|21|30|49|68|0|20|18|30|0|20|0|20|0|20|18|30|0|20|23|42|0|20|3|9|57|53|55|51|1346|296
0600000US3908961924|665|353|605|343|500|322|105|96|47|74|58|65|0|13|0|13|0|13|0|13|0|13|0|13|0|13|0|13|0|13|0|13|0|13|0|13|14|25|0|13|46|56
0600000US3908966396|524|254|471|226|343|175|128|81|102|84|26|42|0|13|0|13|0|13|0|13|0|13|0|13|0|13|0|13|0|13|0|13|0|13|0|13|0|13|21|37|32|49
0600000US3908969456|1242|103|959|105|921|116|38|28|38|28|0|13|0|13|0|13|0|13|0|13|0|13|0|13|0|13|0|13|0|13|0|13|0|13|0|13|5|5|41|38|237|122
0600000US3908978400|4840|392|4015|418|3645|464|370|191|202|128|168|152|0|18|0|18|0|18|13|21|0|18|13|21|0|18|0|18|0|18|0|18|0|18|20|30|60|58|78|79|654|153
0600000US3908981410|1307|175|1194|175|1090|180|104|71|75|54|19|30|10|16|0|13|0|13|0|13|0|13|0|13|0|13|0|13|0|13|0|13|0|13|0|13|12|14|10|19|91|51
0600000US3909107118|234|160|133|99|133|99|0|13|0|13|0|13|0|13|0|13|0|13|0|13|0|13|0|13|0|13|0|13|0|13|0|13|0|13|0|13|0|13|0|13|101|106
0600000US3909107552|816|184|780|187|704|175|76|43|45|30|25|24|0|13|6|9|0|13|0|13|0|13|0|13|0|13|0|13|0|13|0|13|0|13|0|13|3|3|2|4|31|20
0600000US3909133908|922|290|872|287|841|281|31|31|31|31|0|13|0|13|0|13|0|13|0|13|0|13|0|13|0|13|0|13|0|13|0|13|0|13|0|13|14|19|0|13|36|39
0600000US3909138682|1531|213|1139|212|945|195|194|131|128|106|65|83|0|13|1|2|0|13|11|18|11|18|0|13|0|13|0|13|0|13|0|13|17|27|0|13|84|102|0|13|280|139
0600000US3909141286|5884|463|5418|480|4704|519|714|245|586|203|18|30|110|130|0|20|0|20|21|41|21|41|0|20|0|20|0|20|0|20|9|14|34|52|0|20|124|97|82|71|196|122
0600000US3909143246|1741|265|1530|274|1210|242|320|263|307|264|13|15|0|13|0|13|0|13|0|13|0|13|0|13|0|13|0|13|0|13|0|13|5|10|0|13|45|47|0|13|161|64
0600000US3909145682|694|146|626|143|566|141|60|37|60|37|0|13|0|13|0|13|0|13|0|13|0|13|0|13|0|13|0|13|0|13|0|13|0|13|0|13|2|4|0|13|66|60
0600000US3909149378|1091|316|1009|277|900|249|109|67|73|53|36|45|0|13|0|13|0|13|0|13|0|13|0|13|0|13|0|13|0|13|0|13|0|13|0|13|5|8|14|15|63|73
0600000US3909151464|1009|295|837|249|720|234|117|119|94|115|0|13|0|13|23|36|0|13|0|13|0|13|0|13|0|13|0|13|0|13|0|13|26|41|4|7|63|91|1|3|78|77
0600000US3909161938|426|182|372|178|372|178|0|13|0|13|0|13|0|13|0|13|0|13|0|13|0|13|0|13|0|13|0|13|0|13|0|13|0|13|0|13|0|13|0|13|54|67
0600000US3909163324|614|285|505|212|473|207|32|50|32|50|0|13|0|13|0|13|0|13|0|13|0|13|0|13|0|13|0|13|0|13|0|13|0|13|0|13|0|13|51|76|58|77
0600000US3909166740|1142|151|1081|147|1012|149|69|58|55|55|6|8|6|9|0|13|2|4|0|13|0|13|0|13|0|13|0|13|0|13|0|13|0|13|0|13|11|10|6|10|44|30
0600000US3909169134|798|183|736|180|699|172|37|23|23|17|14|19|0|13|0|13|0|13|0|13|0|13|0|13|0|13|0|13|0|13|0|13|6|9|0|13|6|6|0|13|50|35
0600000US3909174780|1877|234|1615|212|1526|208|89|54|89|54|0|13|0|13|0|13|0|13|0|13|0|13|0|13|0|13|0|13|0|13|0|13|3|6|0|13|18|27|4|7|237|118
0600000US3909178414|225|92|185|76|175|70|10|15|10|15|0|13|0|13|0|13|0|13|0|13|0|13|0|13|0|13|0|13|0|13|0|13|0|13|0|13|0|13|0|13|40|42
0600000US3909181424|1581|169|1471|179|1341|198|130|78|112|69|0|13|18|23|0|13|0|13|0|13|0|13|0|13|0|13|0|13|0|13|0|13|0|13|0|13|39|40|13|22|58|53
0600000US3909188042|599|222|471|195|452|190|19|30|19|30|0|13|0|13|0|13|0|13|0|13|0|13|0|13|0|13|0|13|0|13|0|13|0|13|0|13|0|13|0|13|128|136
0600000US3909300000|0|13|0|13|0|13|0|13|0|13|0|13|0|13|0|13|0|13|0|13|0|13|0|13|0|13|0|13|0|13|0|13|0|13|0|13|0|13|0|13|0|13
0600000US3909301798|6490|511|5808|536|5183|587|625|191|460|150|134|119|31|32|0|20|0|20|14|21|1|5|0|20|0|20|0|20|13|21|0|20|0|20|0|20|48|40|25|30|595|169
0600000US3909301812|3301|245|2750|253|2485|235|265|120|190|119|39|31|36|35|0|18|0|18|0|18|0|18|0|18|0|18|0|18|0|18|0|18|0|18|0|18|54|54|72|54|425|120
0600000US3909303352|12675|518|9879|634|9633|633|246|192|91|79|150|175|0|24|0|24|5|10|3|7|3|7|0|24|0|24|0|24|0|24|0|24|0|24|0|24|77|66|0|24|2716|517
0600000US3909303464|12857|561|10207|688|9707|646|500|181|301|160|93|65|66|80|40|58|0|24|47|49|47|49|0|24|0|24|0|24|0|24|14|22|0|24|9|14|73|55|249|117|2258|368
0600000US3909308770|404|164|395|163|222|94|173|136|173|136|0|13|0|13|0|13|0|13|0|13|0|13|0|13|0|13|0|13|0|13|0|13|0|13|0|13|0|13|0|13|9|15
0600000US3909309568|3564|375|3244|411|2738|385|506|211|450|185|47|63|9|16|0|18|0|18|2|4|2|4|0|18|0|18|0|18|0|18|0|18|0|18|0|18|8|14|25|35|285|135
0600000US3909311010|509|154|488|153|397|141|91|85|91|85|0|13|0|13|0|13|0|13|0|13|0|13|0|13|0|13|0|13|0|13|0|13|0|13|0|13|5|7|3|7|13|13
0600000US3909312140|3220|279|2900|295|2755|290|145|76|133|74|6|9|0|18|0|18|6|10|20|22|20|22|0|18|0|18|0|18|0|18|0|18|0|18|0|18|31|37|0|18|269|95
0600000US3909316910|3800|303|3086|297|2902|298|184|119|177|119|0|18|0|18|0|18|7|12|37|52|37|52|0|18|0|18|0|18|0|18|0|18|7|11|0|18|5|9|51|43|614|181
0600000US3909324220|2747|328|2471|342|2398|322|73|67|64|66|9|14|0|18|0|18|0|18|0|18|0|18|0|18|0|18|0|18|0|18|0|18|0|18|0|18|0|18|31|42|245|92
0600000US3909325256|24285|934|22278|967|19577|935|2701|547|2124|484|466|205|97|90|12|21|2|4|71|55|71|55|0|30|0|30|0|30|0|30|2|7|10|16|15|23|436|187|154|98|1319|279
0600000US3909325270|1436|167|1317|154|1230|147|87|74|87|74|0|13|0|13|0|13|0|13|7|12|7|12|0|13|0|13|0|13|0|13|0|13|0|13|0|13|9|13|5|7|98|54
0600000US3909331150|1321|174|1152|179|1055|176|97|56|77|57|0|18|14|22|6|10|0|18|24|38|24|38|0|18|0|18|0|18|0|18|0|18|0|18|8|8|8|13|38|40|91|39
0600000US3909331164|1826|224|1665|198|1624|204|41|68|0|13|41|68|0|13|0|13|0|13|0|13|0|13|0|13|0|13|0|13|0|13|0|13|0|13|0|13|0|13|0|13|161|95
0600000US3909334972|871|196|792|194|674|158|118|105|118|105|0|13|0|13|0|13|0|13|3|6|3|6|0|13|0|13|0|13|0|13|0|13|0|13|6|9|10|11|6|8|54|36
0600000US3909336876|763|206|647|205|613|209|34|38|10|15|0|13|0|13|24|35|0|13|0|13|0|13|0|13|0|13|0|13|0|13|0|13|0|13|0|13|0|13|32|35|84|100
0600000US3909341244|3297|239|3037|225|2930|199|107|65|78|56|29|36|0|18|0|18|0|18|14|21|14|21|0|18|0|18|0|18|0|18|0|18|0|18|0|18|13|15|64|51|169|94
0600000US3909344856|26108|1045|23915|1039|20505|1041|3410|589|2422|510|474|239|383|261|90|73|41|66|86|65|86|65|0|30|0|30|0|30|0|30|37|49|0|30|29|44|176|92|569|277|1296|261
0600000US3909355446|944|210|869|207|805|182|64|44|42|36|0|13|22|32|0|13|0|13|19|36|19|36|0|13|0|13|0|13|0|13|0|13|0|13|0|13|26|37|0|13|30|23
0600000US3909356966|17994|826|15101|788|13679|733|1422|468|808|242|214|110|305|436|95|116|0|27|52|46|44|45|0|27|0|27|8|12|0|27|69|107|0|27|0|27|284|237|88|55|2400|436
0600000US3909357834|3492|262|1822|254|1601|280|221|108|117|49|31|39|73|106|0|18|0|18|68|58|26|24|0|18|36|56|6|10|0|18|0|18|10|15|94|81|1051|235|55|64|392|130
0600000US3909361532|737|249|718|249|710|251|8|13|8|13|0|13|0|13|0|13|0|13|0|13|0|13|0|13|0|13|0|13|0|13|0|13|0|13|0|13|8|14|4|9|7|16
0600000US3909362960|525|147|487|147|464|146|23|20|23|20|0|13|0|13|0|13|0|13|1|2|1|2|0|13|0|13|0|13|0|13|0|13|0|13|0|13|13|15|0|13|24|22
0600000US3909367776|368|154|321|148|276|144|45|45|30|41|0|13|0|13|15|21|0|13|0|13|0|13|0|13|0|13|0|13|0|13|0|13|0|13|0|13|8|15|0|13|39|34
0600000US3909372060|2099|205|1793|220|1691|202|102|76|85|74|8|14|0|13|9|13|0|13|15|22|15|22|0|13|0|13|0|13|0|13|0|13|0|13|0|13|13|18|0|13|278|120
0600000US3909372067|1753|252|1606|230|1483|215|123|79|123|79|0|13|0|13|0|13|0|13|6|8|0|13|6|8|0|13|0|13|0|13|0|13|0|13|0|13|0|13|21|22|120|75
0600000US3909372088|4863|520|4482|494|4224|476|258|114|258|114|0|18|0|18|0|18|0|18|0|18|0|18|0|18|0|18|0|18|0|18|0|18|0|18|0|18|10|16|27|41|344|181
0600000US3909382656|2860|578|2610|543|2499|497|111|122|52|75|59|89|0|18|0|18|0|18|26|61|26|61|0|18|0|18|0|18|0|18|0|18|0|18|0|18|21|26|21|34|182|103
0600000US3909533376|55|46|55|46|44|34|11|18|11|18|0|13|0|13|0|13|0|13|0|13|0|13|0|13|0|13|0|13|0|13|0|13|0|13|0|13|0|13|0|13|0|13
0600000US3909533418|508|216|448|155|302|128|146|116|146|116|0|13|0|13|0|13|0|13|0|13|0|13|0|13|0|13|0|13|0|13|0|13|0|13|0|13|0|13|0|13|60|85
0600000US3909539116|1369|210|1248|220|1141|236|107|60|60|47|16|25|0|13|31|35|0|13|0|13|0|13|0|13|0|13|0|13|0|13|0|13|0|13|0|13|29|37|0|13|92|65
0600000US3909548342|7366|337|6778|340|6453|361|325|150|243|141|55|54|0|20|21|21|6|9|17|22|17|22|0|20|0|20|0|20|0|20|0|20|0|20|0|20|38|34|49|51|484|113
0600000US3909551156|6494|591|5581|578|5389|549|192|147|131|118|21|41|0|20|40|47|0|20|0|20|0|20|0|20|0|20|0|20|0|20|0|20|0|20|0|20|7|12|30|35|876|240
0600000US3909558730|9807|573|9159|579|8163|559|996|298|887|286|54|48|0|20|20|25|35|45|19|21|0|20|0|20|10|16|9|14|0|20|26|42|0|20|0|20|120|129|47|48|436|145
0600000US3909559010|2054|192|1750|220|1597|213|153|100|119|75|34|48|0|13|0|13|0|13|0|13|0|13|0|13|0|13|0|13|0|13|0|13|0|13|9|13|11|17|0|13|284|115
0600000US3909564836|1714|221|1512|247|1462|250|50|39|50|39|0|13|0|13|0|13|0|13|0|13|0|13|0|13|0|13|0|13|0|13|0|13|7|15|0|13|8|12|0|13|187|87
0600000US3909566516|714|162|585|107|574|105|11|11|5|7|0|13|0|13|0|13|6|8|0|13|0|13|0|13|0|13|0|13|0|13|0|13|0|13|0|13|0|13|8|8|121|118
0600000US3909567752|2818|273|2497|240|2338|284|159|116|150|117|9|13|0|18|0|18|0|18|18|30|18|30|0|18|0|18|0|18|0|18|0|18|0|18|0|18|13|22|57|53|233|97
0600000US3909573990|587|155|522|140|510|139|12|14|12|14|0|13|0|13|0|13|0|13|0|13|0|13|0|13|0|13|0|13|0|13|0|13|0|13|0|13|4|6|0|13|61|49
0600000US3909574123|13747|638|12554|689|11509|684|1045|247|810|218|86|73|123|101|24|36|2|5|0|24|0|24|0|24|0|24|0|24|0|24|13|20|0|24|17|21|60|41|26|34|1077|272
0600000US3909575903|1590|221|1435|192|1399|190|36|49|33|42|0|13|3|30|0|13|0|13|64|73|64|73|0|13|0|13|0|13|0|13|0|13|0|13|0|13|12|15|13|20|66|54
0600000US3909576025|24894|694|20613|681|19619|774|994|265|823|245|68|60|54|52|36|32|13|21|138|105|138|105|0|30|0|30|0|30|0|30|0|30|21|30|45|48|236|103|111|82|3730|545
0600000US3909577000|117032|1988|104186|2023|91129|1942|13057|1019|10530|815|1145|317|843|303|419|208|120|68|1597|316|1565|312|0|30|0|30|0|30|32|48|211|103|119|85|305|91|2809|550|1082|294|6723|561
0600000US3909581438|1452|221|1220|217|1128|207|92|53|92|53|0|13|0|13|0|13|0|13|0|13|0|13|0|13|0|13|0|13|0|13|0|13|0|13|0|13|0|13|19|31|213|127
0600000US3909581872|3346|267|2995|270|2813|258|182|98|168|100|0|18|14|22|0|18|0|18|28|41|28|41|0|18|0|18|0|18|0|18|0|18|17|23|0|18|2|3|13|24|291|150
0600000US3909711234|1366|149|1111|146|1046|150|65|47|56|45|9|13|0|13|0|13|0|13|0|13|0|13|0|13|0|13|0|13|0|13|0|13|0|13|0|13|30|28|15|24|210|88
0600000US3909720142|2133|207|1713|207|1572|201|141|77|83|55|11|18|36|41|0|13|11|19|0|13|0|13|0|13|0|13|0|13|0|13|0|13|6|9|0|13|43|38|0|13|371|137
0600000US3909721154|358|105|342|102|318|100|24|27|24|27|0|13|0|13|0|13|0|13|0|13|0|13|0|13|0|13|0|13|0|13|0|13|4|6|0|13|0|13|0|13|12|16
0600000US3909726068|928|326|872|300|757|281|115|82|77|68|0|13|38|56|0|13|0|13|0|13|0|13|0|13|0|13|0|13|0|13|0|13|0|13|0|13|0|13|0|13|56|61
0600000US3909738696|3760|333|3179|275|2818|283|361|126|361|126|0|18|0|18|0|18|0|18|39|44|39|44|0|18|0|18|0|18|0|18|0|18|0|18|0|18|0|18|19|26|523|155
0600000US3909744674|4827|407|4058|381|3660|333|398|195|398|195|0|20|0|20|0|20|0|20|3|18|3|18|0|20|0|20|0|20|0|20|0|20|0|20|0|20|113|70|63|63|590|180
0600000US3909751478|584|127|528|122|490|130|38|36|38|36|0|13|0|13|0|13|0|13|0|13|0|13|0|13|0|13|0|13|0|13|0|13|0|13|0|13|0|13|6|10|50|35
0600000US3909757708|353|169|286|129|240|96|46|58|46|58|0|13|0|13|0|13|0|13|0|13|0|13|0|13|0|13|0|13|0|13|0|13|0|13|0|13|9|15|0|13|58|86
0600000US3909759528|393|156|259|134|259|134|0|13|0|13|0|13|0|13|0|13|0|13|0|13|0|13|0|13|0|13|0|13|0|13|0|13|0|13|0|13|0|13|0|13|134|103
0600000US3909762666|248|151|206|149|196|146|10|14|10|14|0|13|0|13|0|13|0|13|0|13|0|13|0|13|0|13|0|13|0|13|0|13|0|13|0|13|31|24|0|13|11|15
0600000US3909763338|1466|177|1349|161|1258|166|91|52|60|42|0|13|0|13|20|21|11|14|3|6|3|6|0|13|0|13|0|13|0|13|0|13|0|13|0|13|13|15|0|13|101|53
0600000US3909765480|357|101|296|84|247|76|49|52|2|3|47|52|0|13|0|13|0|13|14|22|14|22|0|13|0|13|0|13|0|13|0|13|0|13|0|13|1|3|0|13|46|31
0600000US3909772960|1858|223|1639|210|1559|203|80|63|80|63|0|13|0|13|0|13|0|13|0|13|0|13|0|13|0|13|0|13|0|13|0|13|0|13|0|13|2|13|0|13|217|95
0600000US3909774784|332|101|294|89|268|84|26|21|21|19|5|7|0|13|0|13|0|13|0|13|0|13|0|13|0|13|0|13|0|13|0|13|0|13|0|13|0|13|8|9|30|26
0600000US3909778428|638|199|514|174|484|176|30|36|30|36|0|18|0|18|0|18|0|18|0|18|0|18|0|18|0|18|0|18|0|18|0|18|0|18|0|18|0|18|0|18|124|106
0600000US3909903198|17967|806|16699|864|15466|956|1233|466|961|383|152|125|120|177|0|27|0|27|56|38|56|38|0|27|0|27|0|27|0|27|0|27|15|24|0|27|25|53|165|109|1007|274
0600000US3909904668|2931|347|2535|313|2279|343|256|148|229|148|0|18|27|33|0|18|0|18|3|6|3|6|0|18|0|18|0|18|0|18|0|18|0|18|0|18|11|18|11|20|371|164
0600000US3909905858|843|233|804|233|777|222|27|36|27|36|0|13|0|13|0|13|0|13|0|13|0|13|0|13|0|13|0|13|0|13|0|13|0|13|0|13|21|24|10|15|8|12
0600000US3909907468|20117|623|17699|621|16536|634|1163|304|979|285|80|71|62|63|34|36|8|13|104|67|87|67|17|26|0|27|0|27|0|27|0|27|0|27|0|27|185|162|199|113|1930|380
0600000US3909911066|2992|226|2482|305|2076|269|406|150|346|131|22|23|38|50|0|18|0|18|10|20|10|20|0|18|0|18|0|18|0|18|60|80|0|18|0|18|0|18|126|97|314|263
0600000US3909911374|7312|555|6294|580|6008|582|286|165|190|132|96|93|0|20|0|20|0|20|2|4|2|4|0|20|0|20|0|20|0|20|0|20|18|30|0|20|14|22|15|25|969|275
0600000US3909916476|426|114|349|109|323|104|26|28|10|11|16|26|0|13|0|13|0|13|12|17|12|17|0|13|0|13|0|13|0|13|13|20|0|13|0|13|12|18|8|10|32|28
0600000US3909925088|834|196|762|197|637|170|125|72|62|47|23|26|11|18|29|43|0|13|1|4|1|4|0|13|0|13|0|13|0|13|0|13|0|13|0|13|13|20|20|22|38|26
0600000US3909925998|596|478|390|273|390|273|0|13|0|13|0|13|0|13|0|13|0|13|0|13|0|13|0|13|0|13|0|13|0|13|0|13|0|13|0|13|0|13|0|13|206|212
0600000US3909931038|1336|185|1199|163|1097|154|102|80|92|77|0|13|0|13|0|13|10|15|10|15|10|15|0|13|0|13|0|13|0|13|0|13|55|91|0|13|37|45|11|18|24|37
0600000US3909931794|1566|185|1364|157|1217|189|147|110|128|101|12|16|7|11|0|13|0|13|0|13|0|13|0|13|0|13|0|13|0|13|0|13|0|13|0|13|17|28|13|20|172|127
0600000US3909937884|808|167|708|150|649|137|59|56|55|56|4|7|0|13|0|13|0|13|4|4|4|4|0|13|0|13|0|13|0|13|0|13|0|13|0|13|24|22|0|13|72|50
0600000US3909945178|504|88|466|92|464|92|2|3|2|3|0|13|0|13|0|13|0|13|0|13|0|13|0|13|0|13|0|13|0|13|0|13|0|13|0|13|0|13|5|8|33|27
0600000US3909950638|1476|157|1257|193|1180|182|77|44|66|43|11|14|0|13|0|13|0|13|0|13|0|13|0|13|0|13|0|13|0|13|0|13|0|13|0|13|95|97|3|5|121|59
0600000US3909955118|742|145|694|139|654|137|40|23|36|23|4|6|0|13|0|13|0|13|0|13|0|13|0|13|0|13|0|13|0|13|0|13|0|13|0|13|4|8|10|12|34|20
0600000US3909961798|0|13|0|13|0|13|0|13|0|13|0|13|0|13|0|13|0|13|0|13|0|13|0|13|0|13|0|13|0|13|0|13|0|13|0|13|0|13|0|13|0|13
0600000US3909963968|6960|406|5926|479|5636|484|290|104|240|102|14|16|32|28|0|20|4|7|16|27|0|20|0|20|0|20|0|20|16|27|0|20|0|20|0|20|0|20|43|40|975|221
0600000US3909971220|1585|178|1488|187|1318|162|170|122|170|122|0|13|0|13|0|13|0|13|0|13|0|13|0|13|0|13|0|13|0|13|0|13|14|22|0|13|0|13|10|16|73|78
0600000US3909972740|2128|221|1917|226|1826|238|91|85|91|85|0|13|0|13|0|13|0|13|0|13|0|13|0|13|0|13|0|13|0|13|0|13|0|13|0|13|13|21|9|12|189|78
0600000US3909974124|2801|335|2522|334|2421|335|101|58|99|57|2|8|0|18|0|18|0|18|0|18|0|18|0|18|0|18|0|18|0|18|0|18|0|18|0|18|29|31|12|18|238|95
0600000US3909975126|4975|347|4390|367|3973|344|417|203|374|184|43|46|0|18|0|18|0|18|60|39|60|39|0|18|0|18|0|18|0|18|0|18|7|11|0|18|5|8|82|82|431|169
0600000US3909988000|20646|888|16850|803|14827|817|2023|351|1699|327|225|138|79|47|8|12|12|21|858|305|858|305|0|30|0|30|0|30|0|30|21|30|19|20|85|78|719|187|629|170|1465|284
0600000US3910106348|327|160|306|155|272|149|34|45|34|45|0|13|0|13|0|13|0|13|0|13|0|13|0|13|0|13|0|13|0|13|0|13|0|13|0|13|0|13|0|13|21|22
0600000US3910107958|170|83|163|83|139|73|24|25|24|25|0|13|0|13|0|13|0|13|0|13|0|13|0|13|0|13|0|13|0|13|0|13|0|13|0|13|0|13|0|13|7|12
0600000US3910115196|1519|215|1362|247|1169|234|193|136|179|132|14|20|0|13|0|13|0|13|0|13|0|13|0|13|0|13|0|13|0|13|0|13|0|13|0|13|0|13|2|5|155|116
0600000US3910131178|256|252|256|252|256|252|0|13|0|13|0|13|0|13|0|13|0|13|0|13|0|13|0|13|0|13|0|13|0|13|0|13|0|13|0|13|0|13|0|13|0|13
0600000US3910131192|533|136|463|136|435|125|28|42|28|42|0|13|0|13|0|13|0|13|17|30|17|30|0|13|0|13|0|13|0|13|0|13|0|13|0|13|0|13|0|13|53|55
0600000US3910131962|830|371|816|374|804|374|12|15|12|15|0|13|0|13|0|13|0|13|0|13|0|13|0|13|0|13|0|13|0|13|0|13|0|13|0|13|4|7|10|22|0|13
0600000US3910147768|16207|756|14867|750|13196|746|1671|333|1251|300|295|182|31|29|94|57|0|27|131|93|131|93|0|27|0|27|0|27|0|27|29|45|21|26|0|27|154|97|184|118|821|195
0600000US3910151730|981|207|798|190|766|189|32|24|29|23|3|4|0|13|0|13|0|13|0|13|0|13|0|13|0|13|0|13|0|13|0|13|0|13|0|13|68|72|5|6|110|87
0600000US3910163352|2124|237|1974|228|1649|288|325|173|303|175|0|13|15|24|7|16|0|13|0|13|0|13|0|13|0|13|0|13|0|13|0|13|0|13|0|13|0|13|0|13|150|101
0600000US3910164794|922|199|856|183|818|186|38|39|38|39|0|13|0|13|0|13|0|13|0|13|0|13|0|13|0|13|0|13|0|13|0|13|0|13|0|13|7|8|24|33|35|41
0600000US3910166754|878|317|779|277|757|268|22|31|0|13|22|31|0|13|0|13|0|13|0|13|0|13|0|13|0|13|0|13|0|13|0|13|0|13|0|13|0|13|0|13|99|91
0600000US3910170240|300|139|293|137|278|134|15|15|11|14|0|13|4|7|0|13|0|13|0|13|0|13|0|13|0|13|0|13|0|13|0|13|0|13|0|13|3|5|2|5|2|4
0600000US3910171073|240|117|211|108|181|116|30|44|30|44|0|13|0|13|0|13|0|13|0|13|0|13|0|13|0|13|0|13|0|13|0|13|0|13|0|13|0|13|0|13|29|44
0600000US3910177742|215|114|198|104|198|104|0|13|0|13|0|13|0|13|0|13|0|13|0|13|0|13|0|13|0|13|0|13|0|13|0|13|0|13|0|13|0|13|0|13|17|27
0600000US3910180514|660|193|610|188|513|156|97|91|94|91|3|5|0|13|0|13|0|13|0|13|0|13|0|13|0|13|0|13|0|13|0|13|0|13|0|13|11|14|0|13|39|34
0600000US3910309680|19113|594|16927|678|15794|695|1133|262|861|252|158|113|60|50|1|2|53|82|49|44|49|44|0|27|0|27|0|27|0|27|0|27|0|27|0|27|51|52|120|73|1966|325
0600000US3910309708|6177|355|4985|433|4502|405|483|178|374|149|96|110|0|20|0|20|13|16|14|22|14|22|0|20|0|20|0|20|0|20|13|22|0|20|0|20|114|103|0|20|1051|247
0600000US3910311276|53|33|48|32|48|32|0|13|0|13|0|13|0|13|0|13|0|13|0|13|0|13|0|13|0|13|0|13|0|13|0|13|0|13|0|13|0|13|0|13|5|6
0600000US3910313750|1186|179|1094|182|905|191|189|94|120|62|44|42|25|36|0|13|0|13|5|7|5|7|0|13|0|13|0|13|0|13|0|13|0|13|0|13|6|10|13|19|68|36
0600000US3910314254|423|124|367|103|354|101|13|14|3|5|10|13|0|13|0|13|0|13|0|13|0|13|0|13|0|13|0|13|0|13|0|13|0|13|4|7|0|13|7|10|45|36
0600000US3910330660|275|120|257|119|237|115|20|14|17|12|3|4|0|13|0|13|0|13|0|13|0|13|0|13|0|13|0|13|0|13|0|13|0|13|0|13|0|13|6|9|12|9
0600000US3910331374|2512|203|1905|224|1857|227|48|36|37|33|11|17|0|13|0|13|0|13|0|13|0|13|0|13|0|13|0|13|0|13|0|13|0|13|0|13|23|34|9|15|575|176
0600000US3910332676|1698|240|1383|250|1317|249|66|59|55|56|11|18|0|13|0|13|0|13|0|13|0|13|0|13|0|13|0|13|0|13|0|13|0|13|0|13|14|22|28|33|273|125
0600000US3910334104|898|230|750|203|681|210|69|37|42|30|6|9|0|13|14|16|7|10|0|13|0|13|0|13|0|13|0|13|0|13|0|13|0|13|0|13|8|12|0|13|140|83
0600000US3910335644|3694|391|3028|376|2905|378|123|78|64|45|59|72|0|18|0|18|0|18|0|18|0|18|0|18|0|18|0|18|0|18|0|18|0|18|0|18|16|19|26|41|624|209
0600000US3910336078|739|269|656|270|644|271|12|20|12|20|0|13|0|13|0|13|0|13|0|13|0|13|0|13|0|13|0|13|0|13|0|13|0|13|0|13|26|39|0|13|57|58
0600000US3910341174|3031|176|2622|207|2545|219|77|60|68|59|9|13|0|18|0|18|0|18|0|18|0|18|0|18|0|18|0|18|0|18|18|20|0|18|0|18|11|18|52|38|328|99
0600000US3910344072|1594|144|1419|164|1248|186|171|152|28|36|127|168|0|13|16|24|0|13|0|13|0|13|0|13|0|13|0|13|0|13|0|13|0|13|0|13|2|4|14|22|159|85
0600000US3910344240|2781|217|2344|248|2094|268|250|115|188|100|48|50|0|18|14|24|0|18|0|18|0|18|0|18|0|18|0|18|0|18|0|18|0|18|0|18|21|33|100|87|316|131
0600000US3910344604|1443|201|1343|208|1155|170|188|157|188|157|0|13|0|13|0|13|0|13|0|13|0|13|0|13|0|13|0|13|0|13|0|13|0|13|0|13|51|77|8|14|41|37
0600000US3910348804|4163|282|3117|274|2997|256|120|72|119|71|0|18|0|18|0|18|1|5|0|18|0|18|0|18|0|18|0|18|0|18|0|18|0|18|0|18|20|19|37|33|989|227
0600000US3910348808|13244|589|11194|591|10645|593|549|169|427|149|67|52|35|58|20|30|0|24|27|34|27|34|0|24|0|24|0|24|0|24|0|24|44|55|78|92|227|145|203|107|1471|280
0600000US3910351856|7290|431|5800|428|5354|409|446|164|372|154|39|58|13|16|9|14|13|20|18|30|18|30|0|20|0|20|0|20|0|20|0|20|0|20|8|14|27|30|145|88|1292|311
0600000US3910367356|0|13|0|13|0|13|0|13|0|13|0|13|0|13|0|13|0|13|0|13|0|13|0|13|0|13|0|13|0|13|0|13|0|13|0|13|0|13|0|13|0|13
0600000US3910371488|929|168|810|151|778|149|32|36|32|36|0|13|0|13|0|13|0|13|0|13|0|13|0|13|0|13|0|13|0|13|0|13|0|13|0|13|11|18|16|26|92|43
0600000US3910371801|2639|295|2237|286|2137|289|100|80|100|80|0|18|0|18|0|18|0|18|0|18|0|18|0|18|0|18|0|18|0|18|0|18|0|18|0|18|1|3|13|21|388|152
0600000US3910373992|265|72|241|65|220|62|21|18|14|17|0|13|0|13|7|7|0|13|0|13|0|13|0|13|0|13|0|13|0|13|0|13|0|13|0|13|13|13|0|13|11|10
0600000US3910373999|1028|297|979|300|938|298|41|42|41|42|0|13|0|13|0|13|0|13|0|13|0|13|0|13|0|13|0|13|0|13|0|13|0|13|0|13|0|13|0|13|49|32
0600000US3910380304|12753|534|10399|651|9682|665|717|217|546|210|160|101|0|24|0|24|11|18|5|6|5|6|0|24|0|24|0|24|0|24|0|24|0|24|0|24|271|142|100|88|1978|492
0600000US3910380318|2607|302|2240|289|2083|306|157|139|61|51|96|133|0|13|0|13|0|13|0|13|0|13|0|13|0|13|0|13|0|13|34|52|0|13|0|13|0|13|14|23|319|139
0600000US3910383426|1461|168|1333|197|1164|202|169|154|168|154|0|13|0|13|0|13|1|3|1|5|1|5|0|13|0|13|0|13|0|13|0|13|0|13|0|13|0|13|8|11|119|68
0600000US3910383468|541|121|438|109|410|103|28|20|8|8|20|20|0|13|0|13|0|13|1|2|0|13|0|13|0|13|0|13|1|2|0|13|0|13|0|13|16|13|1|3|85|35
0600000US3910387052|1993|181|1670|197|1506|159|164|112|141|109|0|13|2|4|21|23|0|13|7|12|7|12|0|13|0|13|0|13|0|13|0|13|0|13|0|13|26|27|30|30|260|107
0600000US3910504906|560|178|515|180|413|149|102|93|102|93|0|13|0|13|0|13|0|13|0|13|0|13|0|13|0|13|0|13|0|13|0|13|0|13|0|13|10|18|0|13|35|37
0600000US3910514016|848|234|793|231|697|216|96|71|42|45|27|34|0|13|0|13|27|44|0|13|0|13|0|13|0|13|0|13|0|13|0|13|0|13|0|13|0|13|4|6|51|37
0600000US3910516924|553|249|517|240|469|202|48|63|48|63|0|13|0|13|0|13|0|13|0|13|0|13|0|13|0|13|0|13|0|13|0|13|0|13|0|13|0|13|0|13|36|46
0600000US3910542336|264|156|264|156|264|156|0|13|0|13|0|13|0|13|0|13|0|13|0|13|0|13|0|13|0|13|0|13|0|13|0|13|0|13|0|13|0|13|0|13|0|13
0600000US3910542868|361|178|290|154|232|135|58|68|8|13|0|13|50|67|0|13|0|13|0|13|0|13|0|13|0|13|0|13|0|13|0|13|0|13|0|13|0|13|0|13|71|99
0600000US3910558282|656|166|645|166|541|165|104|89|104|89|0|13|0|13|0|13|0|13|0|13|0|13|0|13|0|13|0|13|0|13|0|13|0|13|0|13|0|13|11|18|0|13
0600000US3910558646|351|162|341|159|341|159|0|13|0|13|0|13|0|13|0|13|0|13|0|13|0|13|0|13|0|13|0|13|0|13|0|13|0|13|0|13|0|13|0|13|10|16
0600000US3910569372|786|251|756|251|680|223|76|88|65|84|0|13|0|13|0|13|11|17|0|13|0|13|0|13|0|13|0|13|0|13|0|13|0|13|0|13|0|13|0|13|30|39
0600000US3910569904|208|123|177|111|177|111|0|13|0|13|0|13|0|13|0|13|0|13|0|13|0|13|0|13|0|13|0|13|0|13|0|13|0|13|0|13|0|13|0|13|31|43
0600000US3910570114|2160|258|2079|268|1861|231|218|152|163|146|18|19|0|18|37|36|0|18|4|6|4|6|0|18|0|18|0|18|0|18|0|18|0|18|0|18|32|27|10|13|35|27
0600000US3910570996|374|136|335|129|335|129|0|13|0|13|0|13|0|13|0|13|0|13|0|13|0|13|0|13|0|13|0|13|0|13|0|13|0|13|0|13|0|13|0|13|39|38
0600000US3910575847|1095|196|1050|202|1025|202|25|26|7|12|18|23|0|13|0|13|0|13|0|13|0|13|0|13|0|13|0|13|0|13|0|13|0|13|0|13|0|13|0|13|45|30
0600000US3910706586|396|206|389|209|389|209|0|13|0|13|0|13|0|13|0|13|0|13|0|13|0|13|0|13|0|13|0|13|0|13|0|13|0|13|0|13|0|13|0|13|7|11
0600000US3910710604|3075|260|2945|262|2606|269|339|194|322|195|17|20|0|18|0|18|0|18|2|4|2|4|0|18|0|18|0|18|0|18|0|18|0|18|33|43|37|40|0|18|58|41
0600000US3910712952|661|190|590|189|590|189|0|13|0|13|0|13|0|13|0|13|0|13|0|13|0|13|0|13|0|13|0|13|0|13|0|13|0|13|0|13|23|36|0|13|48|43
0600000US3910722708|859|263|784|247|723|245|61|34|55|32|3|4|3|4|0|13|0|13|0|13|0|13|0|13|0|13|0|13|0|13|0|13|0|13|2|3|20|19|3|5|50|42
0600000US3910728350|1142|138|1058|133|1010|144|48|43|48|43|0|13|0|13|0|13|0|13|0|13|0|13|0|13|0|13|0|13|0|13|0|13|0|13|0|13|0|13|19|25|65|45
0600000US3910730058|1288|205|1241|207|1142|204|99|48|66|37|26|34|7|10|0|13|0|13|0|13|0|13|0|13|0|13|0|13|0|13|0|13|0|13|0|13|13|14|0|13|34|17
0600000US3910731430|2273|163|2067|212|1914|222|153|66|113|58|2|3|16|21|22|32|0|13|0|13|0|13|0|13|0|13|0|13|0|13|0|13|0|13|0|13|68|63|18|28|120|60
0600000US3910736344|365|122|356|122|327|121|29|35|0|13|29|35|0|13|0|13|0|13|0|13|0|13|0|13|0|13|0|13|0|13|0|13|0|13|0|13|0|13|0|13|9|15
0600000US3910738724|6876|375|6598|386|6172|422|426|172|379|169|26|35|21|24|0|20|0|20|14|23|14|23|0|20|0|20|0|20|0|20|0|20|9|13|24|28|108|65|10|16|113|67
0600000US3910743260|499|195|481|194|449|193|32|36|6|11|0|13|13|17|0|13|13|23|0|13|0|13|0|13|0|13|0|13|0|13|0|13|0|13|8|13|10|15|0|13|0|13
0600000US3910747782|1889|159|1632|171|1569|177|63|64|63|64|0|13|0|13|0|13|0|13|0|13|0|13|0|13|0|13|0|13|0|13|0|13|0|13|2|3|41|36|2|4|212|122
0600000US3910765781|902|176|847|170|809|158|38|35|19|20|0|13|14|16|5|7|0|13|5|8|5|8|0|13|0|13|0|13|0|13|0|13|0|13|0|13|28|27|0|13|22|26
0600000US3910778442|500|107|467|100|431|102|36|26|27|24|0|13|3|4|0|13|6|10|0|13|0|13|0|13|0|13|0|13|0|13|0|13|7|10|0|13|0|13|0|13|26|21
0600000US3910781452|509|151|468|147|468|147|0|13|0|13|0|13|0|13|0|13|0|13|0|13|0|13|0|13|0|13|0|13|0|13|0|13|0|13|0|13|0|13|11|18|30|25
0600000US3910782206|74|104|74|104|38|54|36|50|0|13|36|50|0|13|0|13|0|13|0|13|0|13|0|13|0|13|0|13|0|13|0|13|0|13|0|13|0|13|0|13|0|13
0600000US3910906110|2283|314|1895|333|1684|364|211|141|197|139|0|13|0|13|14|25|0|13|26|42|26|42|0|13|0|13|0|13|0|13|0|13|0|13|0|13|69|82|24|39|269|166
0600000US3910909498|957|216|871|208|825|206|46|39|30|34|16|19|0|13|0|13|0|13|0|13|0|13|0|13|0|13|0|13|0|13|0|13|0|13|0|13|3|5|42|35|41|32
0600000US3910918224|15437|681|13377|629|12323|636|1054|284|850|273|76|64|75|77|12|18|41|37|34|35|34|35|0|27|0|27|0|27|0|27|61|88|0|27|161|132|117|91|55|65|1632|347
0600000US3910924836|931|371|827|362|768|355|59|54|59|54|0|13|0|13|0|13|0|13|11|16|11|16|0|13|0|13|0|13|0|13|0|13|0|13|0|13|44|58|0|13|49|33
0600000US3910936610|2821|295|2281|331|2119|330|162|119|55|70|77|65|30|47|0|18|0|18|0|18|0|18|0|18|0|18|0|18|0|18|0|18|0|18|0|18|19|28|0|18|521|230
0600000US3910944968|779|204|721|198|685|198|36|25|29|23|0|13|0|13|7|10|0|13|0|13|0|13|0|13|0|13|0|13|0|13|0|13|0|13|0|13|0|13|6|9|52|33
0600000US3910951492|8226|406|7288|425|6861|438|427|204|315|160|68|72|44|72|0|20|0|20|1|3|1|3|0|20|0|20|0|20|0|20|0|20|22|25|0|20|170|143|29|34|716|172
0600000US3910954138|3134|245|2712|227|2560|227|152|55|132|50|20|24|0|18|0|18|0|18|16|23|0|18|16|23|0|18|0|18|0|18|0|18|0|18|0|18|27|36|80|50|299|114
0600000US3910955594|1560|190|1382|187|1162|183|220|156|78|54|119|147|23|32|0|13|0|13|0|13|0|13|0|13|0|13|0|13|0|13|0|13|0|13|0|13|59|56|8|11|111|46
0600000US3910962848|10180|658|9129|748|8204|626|925|319|714|262|193|166|18|31|0|24|0|24|0|24|0|24|0|24|0|24|0|24|0|24|0|24|34|43|20|32|227|118|149|147|621|244
0600000US3910974097|1029|236|947|211|916|205|31|23|31|23|0|13|0|13|0|13|0|13|0|13|0|13|0|13|0|13|0|13|0|13|0|13|0|13|0|13|0|13|21|18|61|71
0600000US3910974475|1074|285|1034|288|1034|288|0|13|0|13|0|13|0|13|0|13|0|13|0|13|0|13|0|13|0|13|0|13|0|13|0|13|15|18|0|13|0|13|0|13|25|31
0600000US3910978456|4411|321|4089|291|3806|344|283|156|259|155|24|22|0|18|0|18|0|18|2|3|2|3|0|18|0|18|0|18|0|18|12|18|0|18|0|18|16|20|3|4|289|158
0600000US3910978470|48|76|48|76|48|76|0|13|0|13|0|13|0|13|0|13|0|13|0|13|0|13|0|13|0|13|0|13|0|13|0|13|0|13|0|13|0|13|0|13|0|13
0600000US3910981466|675|256|455|172|431|165|24|39|24|39|0|13|0|13|0|13|0|13|43|65|43|65|0|13|0|13|0|13|0|13|0|13|0|13|0|13|0|13|25|43|152|102
0600000US3911100296|196|114|196|114|188|114|8|15|0|13|8|15|0|13|0|13|0|13|0|13|0|13|0|13|0|13|0|13|0|13|0|13|0|13|0|13|0|13|0|13|0|13
0600000US3911105606|176|167|176|167|170|167|6|11|0|13|6|11|0|13|0|13|0|13|0|13|0|13|0|13|0|13|0|13|0|13|0|13|0|13|0|13|0|13|0|13|0|13
0600000US3911106124|90|46|90|46|90|46|0|13|0|13|0|13|0|13|0|13|0|13|0|13|0|13|0|13|0|13|0|13|0|13|0|13|0|13|0|13|0|13|0|13|0|13
0600000US3911112966|1215|162|1070|156|923|153|147|65|121|60|12|17|10|15|4|7|0|13|0|13|0|13|0|13|0|13|0|13|0|13|0|13|0|13|0|13|54|36|9|14|82|72
0600000US3911128357|240|106|237|106|237|106|0|13|0|13|0|13|0|13|0|13|0|13|0|13|0|13|0|13|0|13|0|13|0|13|0|13|0|13|0|13|3|5|0|13|0|13
0600000US3911131808|95|62|95|62|95|62|0|13|0|13|0|13|0|13|0|13|0|13|0|13|0|13|0|13|0|13|0|13|0|13|0|13|0|13|0|13|0|13|0|13|0|13
0600000US3911137898|244|114|244|114|226|109|18|30|18|30|0|13|0|13|0|13|0|13|0|13|0|13|0|13|0|13|0|13|0|13|0|13|0|13|0|13|0|13|0|13|0|13
0600000US3911142448|183|120|183|120|183|120|0|13|0|13|0|13|0|13|0|13|0|13|0|13|0|13|0|13|0|13|0|13|0|13|0|13|0|13|0|13|0|13|0|13|0|13
0600000US3911146928|395|135|360|129|332|130|28|22|12|19|0|13|6|9|10|11|0|13|0|13|0|13|0|13|0|13|0|13|0|13|0|13|0|13|0|13|0|13|11|16|24|27
0600000US3911157988|274|119|256|120|197|100|59|51|59|51|0|13|0|13|0|13|0|13|0|13|0|13|0|13|0|13|0|13|0|13|0|13|0|13|0|13|0|13|0|13|18|20
0600000US3911161952|205|92|205|92|194|91|11|18|11|18|0|13|0|13|0|13|0|13|0|13|0|13|0|13|0|13|0|13|0|13|0|13|0|13|0|13|0|13|0|13|0|13
0600000US3911169918|399|120|362|116|335|115|27|32|27|32|0|13|0|13|0|13|0|13|0|13|0|13|0|13|0|13|0|13|0|13|0|13|0|13|0|13|9|10|13|19|15|26
0600000US3911171349|124|73|124|73|61|50|63|60|31|44|0|13|32|47|0|13|0|13|0|13|0|13|0|13|0|13|0|13|0|13|0|13|0|13|0|13|0|13|0|13|0|13
0600000US3911175497|251|107|221|85|203|80|18|26|17|26|0|13|0|13|0|13|1|3|0|13|0|13|0|13|0|13|0|13|0|13|0|13|0|13|0|13|0|13|0|13|30|40
0600000US3911175686|583|178|441|157|425|157|16|14|16|14|0|13|0|13|0|13|0|13|0|13|0|13|0|13|0|13|0|13|0|13|0|13|0|13|0|13|42|47|9|12|91|79
0600000US3911175945|137|92|137|92|137|92|0|13|0|13|0|13|0|13|0|13|0|13|0|13|0|13|0|13|0|13|0|13|0|13|0|13|0|13|0|13|0|13|0|13|0|13
0600000US3911181480|210|81|209|81|151|65|58|46|58|46|0|13|0|13|0|13|0|13|0|13|0|13|0|13|0|13|0|13|0|13|0|13|0|13|0|13|0|13|0|13|1|2
0600000US3911182208|346|191|346|191|334|185|12|17|0|13|12|17|0|13|0|13|0|13|0|13|0|13|0|13|0|13|0|13|0|13|0|13|0|13|0|13|0|13|0|13|0|13
0600000US3911310618|3831|335|3275|313|3173|314|102|55|83|51|19|22|0|18|0|18|0|18|0|18|0|18|0|18|0|18|0|18|0|18|0|18|0|18|0|18|84|100|0|18|472|161
0600000US3911315518|3975|426|3567|339|3324|337|243|123|195|113|43|31|0|18|0|18|5|7|0|18|0|18|0|18|0|18|0|18|0|18|0|18|8|11|93|93|51|73|35|42|221|93
0600000US3911315644|6435|390|5860|418|5119|474|741|278|659|245|44|68|13|22|20|34|5|6|29|27|29|27|0|20|0|20|0|20|0|20|0|20|13|21|0|20|0|20|75|69|458|133
0600000US3911321000|56597|1503|45809|1611|40311|1642|5498|696|3987|633|918|264|327|126|196|104|70|67|2087|412|2067|413|20|27|0|30|0|30|0|30|93|78|29|35|136|83|2963|581|526|169|4954|626
0600000US3911325396|5869|326|5077|330|4688|348|389|167|199|120|122|113|0|20|68|41|0|20|15|22|15|22|0|20|0|20|0|20|0|20|0|20|0|20|8|12|56|68|24|42|689|196
0600000US3911329904|4116|269|3522|275|3318|307|204|151|140|87|28|45|36|46|0|18|0|18|0|18|0|18|0|18|0|18|0|18|0|18|0|18|31|42|0|18|95|81|26|25|442|181
0600000US3911333922|9858|639|8361|768|7244|773|1117|322|780|286|298|215|24|28|0|24|15|23|380|202|380|202|0|24|0|24|0|24|0|24|42|50|0|24|0|24|487|450|47|68|541|204
0600000US3911336610|18348|775|16350|740|14990|700|1360|342|978|311|193|99|0|27|71|68|118|88|149|102|140|100|0|27|9|16|0|27|0|27|0|27|0|27|8|12|220|174|78|60|1543|363
0600000US3911337912|2602|298|2284|267|2156|254|128|66|111|61|5|8|6|10|3|5|3|5|0|18|0|18|0|18|0|18|0|18|0|18|2|4|0|18|0|18|13|24|17|19|286|124
0600000US3911338738|2417|305|1984|269|1891|250|93|81|15|17|26|29|52|76|0|18|0|18|47|46|47|46|0|18|0|18|0|18|0|18|0|18|0|18|0|18|36|50|0|18|350|174
0600000US3911340040|28509|603|24377|670|22159|674|2218|438|1802|366|192|123|91|106|87|61|46|59|419|205|412|205|7|13|0|30|0|30|0|30|0|30|33|26|76|46|323|127|89|53|3192|355
0600000US3911349392|25059|804|21706|803|20156|781|1550|361|1250|312|178|130|108|71|0|30|14|23|64|64|64|64|0|30|0|30|0|30|0|30|23|39|20|21|17|20|297|125|195|110|2737|440
0600000US3911352010|3007|401|2615|378|2307|385|308|178|258|173|17|19|33|32|0|18|0|18|1|5|1|5|0|18|0|18|0|18|0|18|0|18|0|18|0|18|127|150|41|46|223|96
0600000US3911357764|4987|356|3977|388|3735|386|242|132|236|131|6|14|0|18|0|18|0|18|0|18|0|18|0|18|0|18|0|18|0|18|0|18|0|18|67|86|116|76|38|41|789|224
0600000US3911361966|2810|355|2390|348|2176|291|214|223|214|223|0|18|0|18|0|18|0|18|0|18|0|18|0|18|0|18|0|18|0|18|0|18|0|18|0|18|0|18|0|18|420|239
0600000US3911367468|11600|573|10348|518|9264|562|1084|318|900|303|153|111|31|28|0|24|0|24|27|30|27|30|0|24|0|24|0|24|0|24|0|24|24|19|9|14|127|120|23|32|1042|365
0600000US3911377504|9648|616|8402|588|7275|576|1127|352|725|197|179|204|4|7|191|248|28|46|372|242|372|242|0|24|0|24|0|24|0|24|0|24|0|24|0|24|89|58|49|47|736|193
0600000US3911378625|3344|415|3189|412|3047|391|142|86|112|88|0|18|30|47|0|18|0|18|0|18|0|18|0|18|0|18|0|18|0|18|0|18|0|18|0|18|0|18|2|3|153|84
0600000US3911379492|8191|544|7339|578|6715|625|624|211|409|144|130|114|0|20|81|109|4|9|4|10|4|10|0|20|0|20|0|20|0|20|0|20|38|43|0|20|109|119|39|56|662|204
0600000US3911381494|30003|830|24201|815|22788|807|1413|374|1217|369|151|98|0|30|38|36|7|11|63|57|63|57|0|30|0|30|0|30|0|30|0|30|21|29|36|54|303|159|232|131|5147|560
0600000US3911382222|0|13|0|13|0|13|0|13|0|13|0|13|0|13|0|13|0|13|0|13|0|13|0|13|0|13|0|13|0|13|0|13|0|13|0|13|0|13|0|13|0|13
0600000US3911383090|6638|445|5707|469|5046|468|661|255|562|243|71|70|26|38|2|4|0|20|0|20|0|20|0|20|0|20|0|20|0|20|0|20|6|13|0|20|52|50|0|20|873|270
0600000US3911506964|471|166|456|165|441|164|15|18|15|18|0|13|0|13|0|13|0|13|0|13|0|13|0|13|0|13|0|13|0|13|0|13|0|13|0|13|0|13|0|13|15|25
0600000US3911508910|57|50|57|50|57|50|0|13|0|13|0|13|0|13|0|13|0|13|0|13|0|13|0|13|0|13|0|13|0|13|0|13|0|13|0|13|0|13|0|13|0|13
0600000US3911512980|133|92|68|61|63|66|5|25|5|25|0|13|0|13|0|13|0|13|0|13|0|13|0|13|0|13|0|13|0|13|0|13|0|13|0|13|0|13|6|30|59|64
0600000US3911521182|240|117|240|117|230|116|10|16|1|6|0|13|9|16|0|13|0|13|0|13|0|13|0|13|0|13|0|13|0|13|0|13|0|13|0|13|0|13|0|13|0|13
0600000US3911536092|325|149|302|135|290|133|12|15|8|13|4|7|0|13|0|13|0|13|0|13|0|13|0|13|0|13|0|13|0|13|0|13|0|13|0|13|0|13|0|13|23|37
0600000US3911546984|580|136|487|107|407|108|80|47|72|43|8|22|0|13|0|13|0|13|0|13|0|13|0|13|0|13|0|13|0|13|0|13|0|13|0|13|4|8|0|13|89|67
0600000US3911547040|97|92|97|92|97|92|0|13|0|13|0|13|0|13|0|13|0|13|0|13|0|13|0|13|0|13|0|13|0|13|0|13|0|13|0|13|0|13|0|13|0|13
0600000US3911547796|428|109|403|108|307|97|96|81|27|19|66|82|3|5|0|13|0|13|0|13|0|13|0|13|0|13|0|13|0|13|0|13|0|13|0|13|0|13|0|13|25|29
0600000US3911548930|641|201|599|200|573|199|26|37|0|13|26|37|0|13|0|13|0|13|0|13|0|13|0|13|0|13|0|13|0|13|0|13|0|13|0|13|0|13|8|12|34|37
0600000US3911552122|1092|186|970|190|909|181|61|35|46|29|15|18|0|13|0|13|0|13|0|13|0|13|0|13|0|13|0|13|0|13|0|13|0|13|0|13|49|34|6|10|67|63
0600000US3911561602|108|114|108|114|99|115|9|14|9|14|0|13|0|13|0|13|0|13|0|13|0|13|0|13|0|13|0|13|0|13|0|13|0|13|0|13|0|13|0|13|0|13
0600000US3911578484|353|148|324|131|263|130|61|50|61|50|0|13|0|13|0|13|0|13|0|13|0|13|0|13|0|13|0|13|0|13|0|13|0|13|0|13|0|13|0|13|29|43
0600000US3911586016|705|168|684|163|606|163|78|42|48|39|24|23|0|13|0|13|6|10|0|13|0|13|0|13|0|13|0|13|0|13|0|13|0|13|0|13|5|6|0|13|16|19
0600000US3911587066|255|164|255|164|255|164|0|13|0|13|0|13|0|13|0|13|0|13|0|13|0|13|0|13|0|13|0|13|0|13|0|13|0|13|0|13|0|13|0|13|0|13
0600000US3911705508|1594|138|1470|133|1432|139|38|40|21|32|13|22|2|4|2|3|0|13|0|13|0|13|0|13|0|13|0|13|0|13|0|13|0|13|0|13|0|13|9|13|115|88
0600000US3911711248|459|243|314|202|314|202|0|13|0|13|0|13|0|13|0|13|0|13|10|17|10|17|0|13|0|13|0|13|0|13|0|13|0|13|0|13|10|16|10|15|115|146
0600000US3911712098|1477|246|1331|256|1245|242|86|46|86|46|0|13|0|13|0|13|0|13|2|4|2|4|0|13|0|13|0|13|0|13|0|13|2|5|6|10|0|13|8|14|128|63
0600000US3911714030|843|273|788|265|659|236|129|138|1|2|33|57|0|13|95|125|0|13|0|13|0|13|0|13|0|13|0|13|0|13|0|13|0|13|0|13|2|3|22|33|31|30
0600000US3911718294|1597|253|1399|244|1183|218|216|229|216|229|0|13|0|13|0|13|0|13|0|13|0|13|0|13|0|13|0|13|0|13|0|13|0|13|23|34|0|13|0|13|175|109
0600000US3911728378|684|221|507|204|393|186|114|113|16|29|75|98|0|13|23|30|0|13|0|13|0|13|0|13|0|13|0|13|0|13|6|12|0|13|0|13|134|119|12|20|25|21
0600000US3911729162|0|13|0|13|0|13|0|13|0|13|0|13|0|13|0|13|0|13|0|13|0|13|0|13|0|13|0|13|0|13|0|13|0|13|0|13|0|13|0|13|0|13
0600000US3911730128|2779|269|2277|307|2095|303|182|106|156|103|26|31|0|18|0|18|0|18|12|18|12|18|0|18|0|18|0|18|0|18|0|18|16|25|0|18|59|52|41|60|374|222
0600000US3911733600|1403|183|1174|177|1050|180|124|72|95|67|16|25|13|20|0|13|0|13|0|13|0|13|0|13|0|13|0|13|0|13|0|13|0|13|0|13|5|9|0|13|224|123
0600000US3911743680|1187|406|1085|380|993|378|92|86|84|86|6|7|0|13|2|4|0|13|0|13|0|13|0|13|0|13|0|13|0|13|0|13|0|13|0|13|0|13|2|4|100|84
0600000US3911756224|831|243|802|242|769|228|33|49|33|49|0|13|0|13|0|13|0|13|0|13|0|13|0|13|0|13|0|13|0|13|0|13|0|13|0|13|0|13|0|13|29|34
0600000US3911761980|881|328|612|259|394|190|218|104|143|98|13|20|29|37|20|30|13|20|12|22|12|22|0|13|0|13|0|13|0|13|0|13|0|13|0|13|0|13|129|102|128|103
0600000US3911762260|731|252|635|222|591|217|44|53|13|19|0|13|31|49|0|13|0|13|0|13|0|13|0|13|0|13|0|13|0|13|0|13|0|13|0|13|16|26|14|22|66|65
0600000US3911773061|412|154|364|148|353|147|11|11|5|8|0|13|0|13|6|8|0|13|0|13|0|13|0|13|0|13|0|13|0|13|0|13|0|13|0|13|5|8|0|13|43|45
0600000US3911777602|577|188|433|180|396|181|37|40|37|40|0|13|0|13|0|13|0|13|3|5|0|13|0|13|0|13|0|13|3|5|0|13|0|13|3|6|33|35|25|36|80|82
0600000US3911781508|738|248|499|172|485|171|14|25|14|25|0|13|0|13|0|13|0|13|0|13|0|13|0|13|0|13|0|13|0|13|0|13|0|13|0|13|0|13|0|13|239|197
0600000US3911783454|471|223|417|226|293|186|124|142|124|142|0|13|0|13|0|13|0|13|0|13|0|13|0|13|0|13|0|13|0|13|0|13|0|13|0|13|0|13|35|48|19|28
0600000US3911900310|176|122|139|95|121|83|18|28|18|28|0|13|0|13|0|13|0|13|0|13|0|13|0|13|0|13|0|13|0|13|5|9|0|13|0|13|0|13|0|13|32|50
0600000US3911907398|316|143|316|143|255|119|61|62|26|30|0|13|35|55|0|13|0|13|0|13|0|13|0|13|0|13|0|13|0|13|0|13|0|13|0|13|0|13|0|13|0|13
0600000US3911909757|583|230|553|229|518|226|35|34|30|32|5|9|0|13|0|13|0|13|0|13|0|13|0|13|0|13|0|13|0|13|0|13|0|13|0|13|0|13|0|13|30|31
0600000US3911912406|686|272|653|264|637|261|16|21|16|21|0|13|0|13|0|13|0|13|0|13|0|13|0|13|0|13|0|13|0|13|0|13|0|13|0|13|10|17|0|13|23|28
0600000US3911915532|565|198|516|183|429|169|87|70|45|44|39|60|3|6|0|13|0|13|10|16|10|16|0|13|0|13|0|13|0|13|0|13|0|13|0|13|0|13|0|13|39|48
0600000US3911926502|4320|400|3904|475|3721|476|183|110|174|105|0|18|0|18|9|16|0|18|0|18|0|18|0|18|0|18|0|18|0|18|0|18|0|18|0|18|0|18|21|33|395|212
0600000US3911933936|817|226|815|226|766|211|49|35|43|34|6|8|0|13|0|13|0|13|0|13|0|13|0|13|0|13|0|13|0|13|0|13|0|13|0|13|0|13|0|13|2|3
0600000US3911935238|232|113|220|116|220|116|0|13|0|13|0|13|0|13|0|13|0|13|0|13|0|13|0|13|0|13|0|13|0|13|0|13|0|13|0|13|0|13|0|13|12|18
0600000US3911936372|1731|200|1686|204|1533|235|153|102|132|97|21|38|0|13|0|13|0|13|0|13|0|13|0|13|0|13|0|13|0|13|0|13|0|13|0|13|0|13|0|13|45|39
0600000US3911937926|858|192|751|182|676|177|75|51|75|51|0|13|0|13|0|13|0|13|0|13|0|13|0|13|0|13|0|13|0|13|0|13|0|13|0|13|8|13|7|13|92|62
0600000US3911938752|873|223|819|215|758|195|61|43|53|41|8|8|0|13|0|13|0|13|0|13|0|13|0|13|0|13|0|13|0|13|0|13|0|13|5|8|4|7|0|13|45|40
0600000US3911943470|1287|348|1092|336|1012|315|80|85|51|62|29|27|0|13|0|13|0|13|0|13|0|13|0|13|0|13|0|13|0|13|0|13|0|13|0|13|0|13|0|13|195|84
0600000US3911946536|352|217|352|217|274|204|78|65|16|25|38|51|0|13|24|26|0|13|0|13|0|13|0|13|0|13|0|13|0|13|0|13|0|13|0|13|0|13|0|13|0|13
0600000US3911948916|44|46|44|46|32|34|12|18|0|13|12|18|0|13|0|13|0|13|0|13|0|13|0|13|0|13|0|13|0|13|0|13|0|13|0|13|0|13|0|13|0|13
0600000US3911951506|297|189|297|189|212|125|85|112|10|15|34|54|41|60|0|13|0|13|0|13|0|13|0|13|0|13|0|13|0|13|0|13|0|13|0|13|0|13|0|13|0|13
0600000US3911953438|2137|293|2072|289|1896|291|176|106|176|106|0|13|0|13|0|13|0|13|0|13|0|13|0|13|0|13|0|13|0|13|0|13|0|13|0|13|0|13|0|13|65|51
0600000US3911955608|2237|283|2107|279|2009|276|98|53|98|53|0|18|0|18|0|18|0|18|9|14|9|14|0|18|0|18|0|18|0|18|0|18|0|18|0|18|29|28|0|18|92|62
0600000US3911961994|1496|255|1430|251|1366|253|64|51|64|51|0|13|0|13|0|13|0|13|0|13|0|13|0|13|0|13|0|13|0|13|0|13|0|13|0|13|0|13|0|13|66|56
0600000US3911966600|167|105|144|98|144|98|0|13|0|13|0|13|0|13|0|13|0|13|0|13|0|13|0|13|0|13|0|13|0|13|0|13|0|13|0|13|0|13|0|13|23|19
0600000US3911969932|411|180|400|168|386|168|14|16|14|16|0|13|0|13|0|13|0|13|0|13|0|13|0|13|0|13|0|13|0|13|0|13|0|13|0|13|0|13|0|13|11|18
0600000US3911970170|343|154|343|154|292|143|51|48|51|48|0|13|0|13|0|13|0|13|0|13|0|13|0|13|0|13|0|13|0|13|0|13|0|13|0|13|0|13|0|13|0|13
0600000US3911974125|2625|245|2516|248|2311|238|205|109|160|102|33|32|12|20|0|18|0|18|7|11|7|11|0|18|0|18|0|18|0|18|0|18|0|18|0|18|31|35|0|18|71|55
0600000US3911978498|2078|177|1626|173|1472|156|154|105|43|24|98|109|13|13|0|13|0|13|6|10|0|13|6|10|0|13|0|13|0|13|0|13|0|13|0|13|265|87|23|30|158|76
0600000US3911981522|1804|274|1608|252|1410|256|198|130|176|127|12|14|0|13|0|13|10|17|0|13|0|13|0|13|0|13|0|13|0|13|0|13|0|13|0|13|0|13|9|14|187|131
0600000US3911982236|2278|276|2209|282|2028|299|181|134|113|81|0|13|0|13|0|13|68|104|0|13|0|13|0|13|0|13|0|13|0|13|0|13|0|13|0|13|20|32|0|13|49|74
0600000US3911988084|9762|637|9003|659|7662|637|1341|406|1067|346|162|120|38|51|63|56|11|19|12|21|12|21|0|24|0|24|0|24|0|24|13|21|0|24|10|19|299|164|20|26|405|158
0600000US3912104682|281|119|205|96|183|98|22|22|3|4|0|13|0|13|19|22|0|13|0|13|0|13|0|13|0|13|0|13|0|13|0|13|0|13|0|13|15|18|6|11|55|81
0600000US3912109162|16|18|16|18|11|16|5|8|0|13|0|13|5|8|0|13|0|13|0|13|0|13|0|13|0|13|0|13|0|13|0|13|0|13|0|13|0|13|0|13|0|13
0600000US3912110142|327|163|308|161|276|139|32|35|32|35|0|13|0|13|0|13|0|13|0|13|0|13|0|13|0|13|0|13|0|13|0|13|0|13|0|13|0|13|19|30|0|13
0600000US3912112994|578|254|558|257|549|258|9|8|9|8|0|13|0|13|0|13|0|13|0|13|0|13|0|13|0|13|0|13|0|13|0|13|0|13|0|13|18|27|2|4|0|13
0600000US3912124878|48|40|48|40|46|40|2|5|2|5|0|13|0|13|0|13|0|13|0|13|0|13|0|13|0|13|0|13|0|13|0|13|0|13|0|13|0|13|0|13|0|13
0600000US3912125438|139|114|139|114|134|114|5|8|5|8|0|13|0|13|0|13|0|13|0|13|0|13|0|13|0|13|0|13|0|13|0|13|0|13|0|13|0|13|0|13|0|13
0600000US3912137940|63|37|60|37|60|37|0|13|0|13|0|13|0|13|0|13|0|13|0|13|0|13|0|13|0|13|0|13|0|13|0|13|0|13|0|13|0|13|0|13|3|6
0600000US3912138766|96|54|96|54|96|54|0|13|0|13|0|13|0|13|0|13|0|13|0|13|0|13|0|13|0|13|0|13|0|13|0|13|0|13|0|13|0|13|0|13|0|13
0600000US3912147810|154|83|109|49|106|48|3|5|1|3|0|13|2|3|0|13|0|13|35|50|35|50|0|13|0|13|0|13|0|13|0|13|0|13|0|13|8|13|0|13|2|3
0600000US3912156028|575|172|524|175|514|174|10|14|10|14|0|13|0|13|0|13|0|13|0|13|0|13|0|13|0|13|0|13|0|13|0|13|19|28|0|13|1|2|0|13|31|27
0600000US3912158310|1589|215|1469|205|1409|203|60|48|38|37|0|18|1|2|0|18|21|31|0|18|0|18|0|18|0|18|0|18|0|18|0|18|0|18|0|18|65|55|0|18|55|70
0600000US3912171352|158|84|143|74|75|59|68|75|68|75|0|13|0|13|0|13|0|13|0|13|0|13|0|13|0|13|0|13|0|13|0|13|0|13|0|13|0|13|0|13|15|23
0600000US3912171826|102|84|77|69|74|69|3|6|2|5|0|13|1|3|0|13|0|13|0|13|0|13|0|13|0|13|0|13|0|13|0|13|0|13|0|13|10|15|0|13|15|24
0600000US3912174728|98|94|98|94|58|43|40|60|40|60|0|13|0|13|0|13|0|13|0|13|0|13|0|13|0|13|0|13|0|13|0|13|0|13|0|13|0|13|0|13|0|13
0600000US3912182250|92|58|92|58|64|47|28|42|26|42|0|13|2|3|0|13|0|13|0|13|0|13|0|13|0|13|0|13|0|13|0|13|0|13|0|13|0|13|0|13|0|13
0600000US3912301322|1808|181|1666|185|1570|177|96|56|61|41|35|47|0|13|0|13|0|13|0|13|0|13|0|13|0|13|0|13|0|13|0|13|0|13|0|13|33|34|0|13|109|66
0600000US3912304304|524|152|469|153|469|153|0|13|0|13|0|13|0|13|0|13|0|13|12|19|12|19|0|13|0|13|0|13|0|13|0|13|0|13|0|13|16|24|13|22|14|18
0600000US3912305620|1245|255|1055|221|969|207|86|94|84|93|0|13|0|13|2|4|0|13|0|13|0|13|0|13|0|13|0|13|0|13|0|13|0|13|0|13|17|29|146|149|27|29
0600000US3912312266|1339|222|1314|221|1256|229|58|52|39|54|19|33|0|13|0|13|0|13|0|13|0|13|0|13|0|13|0|13|0|13|0|13|0|13|0|13|0|13|0|13|25|29
0600000US3912312588|1453|139|1167|130|1159|130|8|12|8|12|0|13|0|13|0|13|0|13|0|13|0|13|0|13|0|13|0|13|0|13|0|13|0|13|0|13|24|25|5|9|257|75
0600000US3912315546|2321|156|2116|151|2028|157|88|48|77|49|6|10|5|8|0|13|0|13|0|13|0|13|0|13|0|13|0|13|0|13|0|13|0|13|0|13|34|35|35|38|136|67
0600000US3912320058|1899|204|1635|200|1570|198|65|49|65|49|0|13|0|13|0|13|0|13|3|3|3|3|0|13|0|13|0|13|0|13|0|13|0|13|0|13|38|30|34|39|189|68
0600000US3912325578|647|241|619|235|589|230|30|32|16|27|0|13|14|17|0|13|0|13|13|19|13|19|0|13|0|13|0|13|0|13|0|13|0|13|0|13|0|13|15|23|0|13
0600000US3912333726|1381|110|1255|115|1155|111|100|74|85|71|15|20|0|13|0|13|0|13|0|13|0|13|0|13|0|13|0|13|0|13|0|13|0|13|0|13|8|9|0|13|118|62
0600000US3912364080|554|245|549|245|520|226|29|41|29|41|0|13|0|13|0|13|0|13|0|13|0|13|0|13|0|13|0|13|0|13|0|13|0|13|0|13|0|13|0|13|5|7
0600000US3912364150|2647|286|2315|271|2112|266|203|124|182|119|21|37|0|18|0|18|0|18|27|43|27|43|0|18|0|18|0|18|0|18|0|18|18|28|5|12|57|47|43|35|182|103
0600000US3912365046|418|105|291|80|279|76|12|13|12|13|0|13|0|13|0|13|0|13|22|16|0|13|0|13|0|13|0|13|22|16|0|13|0|13|19|20|3|3|72|72|11|8
0600000US3912369946|2440|229|2175|242|1981|220|194|88|103|59|71|58|20|27|0|18|0|18|0|18|0|18|0|18|0|18|0|18|0|18|0|18|0|18|0|18|11|16|45|49|209|98
0600000US3912503002|537|173|486|156|423|141|63|55|42|47|0|13|21|31|0|13|0|13|0|13|0|13|0|13|0|13|0|13|0|13|0|13|0|13|0|13|14|25|0|13|37|44
0600000US3912505634|592|180|559|182|478|161|81|64|81|64|0|13|0|13|0|13|0|13|0|13|0|13|0|13|0|13|0|13|0|13|0|13|0|13|0|13|0|13|0|13|33|24
0600000US3912507370|418|89|364|79|355|77|9|10|9|10|0|13|0|13|0|13|0|13|0|13|0|13|0|13|0|13|0|13|0|13|0|13|0|13|0|13|41|49|0|13|13|14
0600000US3912509512|978|206|947|204|739|157|208|169|38|25|31|57|139|154|0|13|0|13|0|13|0|13|0|13|0|13|0|13|0|13|0|13|0|13|0|13|8|12|4|6|19|22
0600000US3912512308|1377|131|1277|130|1217|131|60|34|50|32|6|8|4|6|0|13|0|13|0|13|0|13|0|13|0|13|0|13|0|13|0|13|0|13|0|13|28|31|21|24|51|42
0600000US3912519176|707|172|705|173|686|170|19|22|19|22|0|13|0|13|0|13|0|13|0|13|0|13|0|13|0|13|0|13|0|13|0|13|0|13|0|13|0|13|0|13|2|4
0600000US3912525298|187|91|187|91|177|88|10|16|10|16|0|13|0|13|0|13|0|13|0|13|0|13|0|13|0|13|0|13|0|13|0|13|0|13|0|13|0|13|0|13|0|13
0600000US3912533950|588|128|548|118|499|111|49|33|44|34|5|8|0|13|0|13|0|13|0|13|0|13|0|13|0|13|0|13|0|13|0|13|0|13|0|13|3|6|0|13|37|32
0600000US3912537954|787|200|761|201|700|193|61|54|36|48|25|29|0|13|0|13|0|13|0|13|0|13|0|13|0|13|0|13|0|13|0|13|0|13|0|13|26|39|0|13|0|13
0600000US3912542000|407|136|391|135|389|136|2|4|2|4|0|13|0|13|0|13|0|13|0|13|0|13|0|13|0|13|0|13|0|13|0|13|0|13|0|13|12|13|0|13|4|8
0600000US3912561266|1730|156|1577|183|1505|174|72|65|70|65|0|13|0|13|0|13|2|4|0|13|0|13|0|13|0|13|0|13|0|13|0|13|0|13|0|13|46|37|0|13|107|66
0600000US3912581536|363|142|288|124|274|122|14|20|14|20|0|13|0|13|0|13|0|13|0|13|0|13|0|13|0|13|0|13|0|13|0|13|0|13|0|13|52|69|0|13|23|25
0600000US3912704584|1136|416|1080|394|991|385|89|61|80|62|0|13|9|14|0|13|0|13|14|21|14|21|0|13|0|13|0|13|0|13|0|13|0|13|0|13|0|13|0|13|42|52
0600000US3912715658|339|162|327|160|300|159|27|33|0|13|16|26|11|18|0|13|0|13|0|13|0|13|0|13|0|13|0|13|0|13|0|13|0|13|0|13|0|13|0|13|12|19
0600000US3912716350|424|162|406|159|372|158|34|27|27|24|7|9|0|13|0|13|0|13|0|13|0|13|0|13|0|13|0|13|0|13|0|13|0|13|0|13|2|4|0|13|16|19
0600000US3912733964|1999|231|1875|219|1758|211|117|54|86|46|12|12|19|26|0|18|0|18|0|18|0|18|0|18|0|18|0|18|0|18|0|18|0|18|0|18|55|42|0|18|69|47
0600000US3912736386|1347|186|1236|170|1068|209|168|114|75|81|84|94|9|15|0|13|0|13|0|13|0|13|0|13|0|13|0|13|0|13|0|13|0|13|0|13|74|65|0|13|37|34
0600000US3912737968|1064|182|905|211|859|197|46|37|29|27|0|13|17|27|0|13|0|13|0|13|0|13|0|13|0|13|0|13|0|13|0|13|0|13|0|13|9|14|89|96|61|61
0600000US3912746550|702|236|696|235|566|249|130|124|130|124|0|13|0|13|0|13|0|13|0|13|0|13|0|13|0|13|0|13|0|13|0|13|0|13|0|13|0|13|0|13|6|10
0600000US3912751198|281|125|252|129|252|129|0|13|0|13|0|13|0|13|0|13|0|13|0|13|0|13|0|13|0|13|0|13|0|13|0|13|0|13|0|13|0|13|0|13|29|40
0600000US3912751520|486|184|460|182|395|178|65|39|32|24|28|29|0|13|0|13|5|7|0|13|0|13|0|13|0|13|0|13|0|13|0|13|0|13|0|13|16|24|0|13|10|16
0600000US3912762680|2658|318|2561|324|2430|315|131|83|97|78|34|39|0|18|0|18|0|18|26|36|26|36|0|18|0|18|0|18|0|18|0|18|0|18|0|18|13|19|26|39|32|41
0600000US3912763366|358|147|342|147|320|138|22|26|11|17|0|13|0|13|11|19|0|13|0|13|0|13|0|13|0|13|0|13|0|13|0|13|0|13|0|13|0|13|16|23|0|13
0600000US3912765760|1660|219|1528|205|1481|195|47|41|43|40|1|4|0|13|3|5|0|13|5|6|5|6|0|13|0|13|0|13|0|13|0|13|0|13|0|13|10|12|0|13|117|86
0600000US3912770226|453|192|424|186|334|162|90|65|81|62|9|14|0|13|0|13|0|13|0|13|0|13|0|13|0|13|0|13|0|13|0|13|0|13|0|13|1|3|0|13|28|34
0600000US3912776659|2114|308|1847|299|1669|332|178|110|151|107|27|26|0|13|0|13|0|13|0|13|0|13|0|13|0|13|0|13|0|13|0|13|0|13|0|13|4|7|0|13|263|92
0600000US3912915070|5580|429|5084|414|4298|472|786|277|746|280|40|43|0|20|0|20|0|20|11|4|11|4|0|20|0|20|0|20|0|20|0|20|0|20|0|20|126|58|53|42|306|116
0600000US3912915077|1335|149|1122|170|1066|164|56|64|8|13|0|13|36|59|12|18|0|13|0|13|0|13|0|13|0|13|0|13|0|13|0|13|0|13|0|13|0|13|0|13|213|100
0600000US3912920156|1455|178|1304|184|1063|203|241|124|241|124|0|13|0|13|0|13|0|13|0|13|0|13|0|13|0|13|0|13|0|13|0|13|0|13|0|13|11|17|27|40|113|64
0600000US3912921168|929|200|793|184|772|188|21|14|21|14|0|13|0|13|0|13|0|13|3|6|3|6|0|13|0|13|0|13|0|13|0|13|12|17|0|13|9|10|0|13|112|74
0600000US3912933978|4171|419|3632|398|3341|372|291|201|208|131|25|29|0|18|0|18|58|90|18|29|18|29|0|18|0|18|0|18|0|18|0|18|0|18|0|18|27|42|9|16|485|170
0600000US3912937982|330|155|322|155|270|146|52|41|52|41|0|13|0|13|0|13|0|13|0|13|0|13|0|13|0|13|0|13|0|13|0|13|0|13|0|13|0|13|0|13|8|14
0600000US3912946564|785|254|700|252|659|250|41|52|41|52|0|13|0|13|0|13|0|13|0|13|0|13|0|13|0|13|0|13|0|13|0|13|0|13|0|13|12|19|0|13|73|79
0600000US3912951534|665|194|594|168|524|164|70|65|70|65|0|13|0|13|0|13|0|13|0|13|0|13|0|13|0|13|0|13|0|13|0|13|0|13|0|13|0|13|0|13|71|76
0600000US3912953256|519|250|502|250|424|228|78|95|78|95|0|13|0|13|0|13|0|13|0|13|0|13|0|13|0|13|0|13|0|13|0|13|0|13|0|13|0|13|0|13|17|23
0600000US3912962008|596|159|526|149|493|144|33|32|33|32|0|13|0|13|0|13|0|13|0|13|0|13|0|13|0|13|0|13|0|13|0|13|0|13|0|13|23|36|4|5|43|36
0600000US3912962484|971|322|822|310|764|298|58|45|58|45|0|13|0|13|0|13|0|13|0|13|0|13|0|13|0|13|0|13|0|13|0|13|0|13|0|13|36|54|0|13|113|82
0600000US3912970184|1438|190|1284|183|1178|179|106|74|77|68|9|14|20|30|0|13|0|13|1|4|1|4|0|13|0|13|0|13|0|13|0|13|0|13|0|13|25|29|0|13|128|96
0600000US3912970870|4069|280|3217|303|2617|286|600|250|451|232|137|133|12|23|0|20|0|20|0|20|0|20|0|20|0|20|0|20|0|20|0|20|0|20|0|20|31|38|53|52|768|233
0600000US3912980598|1194|305|884|270|837|258|47|40|34|37|0|13|13|23|0|13|0|13|1|2|1|2|0|13|0|13|0|13|0|13|0|13|0|13|0|13|0|13|0|13|309|115
0600000US3912981550|1695|209|1454|248|1362|240|92|62|72|53|20|32|0|13|0|13|0|13|0|13|0|13|0|13|0|13|0|13|0|13|0|13|0|13|0|13|0|13|0|13|241|119
0600000US3912982264|264|145|230|143|230|143|0|13|0|13|0|13|0|13|0|13|0|13|0|13|0|13|0|13|0|13|0|13|0|13|0|13|0|13|0|13|0|13|0|13|34|33
0600000US3913104710|609|329|557|310|404|212|153|156|151|157|0|13|0|13|0|13|2|4|0|13|0|13|0|13|0|13|0|13|0|13|0|13|0|13|0|13|50|77|0|13|2|4
0600000US3913105648|449|179|380|179|363|174|17|30|17|30|0|13|0|13|0|13|0|13|0|13|0|13|0|13|0|13|0|13|0|13|0|13|0|13|0|13|0|13|0|13|69|48
0600000US3913111122|512|259|481|260|481|260|0|13|0|13|0|13|0|13|0|13|0|13|1|3|1|3|0|13|0|13|0|13|0|13|0|13|0|13|0|13|0|13|0|13|30|37
0600000US3913137996|228|143|228|143|228|143|0|13|0|13|0|13|0|13|0|13|0|13|0|13|0|13|0|13|0|13|0|13|0|13|0|13|0|13|0|13|0|13|0|13|0|13
0600000US3913147824|399|155|350|142|350|142|0|13|0|13|0|13|0|13|0|13|0|13|0|13|0|13|0|13|0|13|0|13|0|13|0|13|0|13|0|13|2|4|0|13|47|49
0600000US3913150078|459|200|354|177|296|166|58|62|0|13|58|62|0|13|0|13|0|13|0|13|0|13|0|13|0|13|0|13|0|13|0|13|0|13|20|38|26|52|0|13|59|58
0600000US3913155622|628|265|524|229|512|230|12|22|12|22|0|13|0|13|0|13|0|13|0|13|0|13|0|13|0|13|0|13|0|13|0|13|0|13|0|13|0|13|0|13|104|117
0600000US3913161392|1092|319|1047|317|1042|317|5|10|0|13|5|10|0|13|0|13|0|13|0|13|0|13|0|13|0|13|0|13|0|13|0|13|0|13|0|13|0|13|7|17|38|39
0600000US3913161434|2939|285|2671|284|2450|304|221|102|194|99|7|11|20|34|0|18|0|18|6|9|6|9|0|18|0|18|0|18|0|18|0|18|0|18|0|18|32|45|0|18|230|138
0600000US3913162022|178|135|178|135|171|136|7|12|0|13|0|13|0|13|0|13|7|12|0|13|0|13|0|13|0|13|0|13|0|13|0|13|0|13|0|13|0|13|0|13|0|13
0600000US3913170884|247|202|247|202|231|192|16|29|0|13|16|29|0|13|0|13|0|13|0|13|0|13|0|13|0|13|0|13|0|13|0|13|0|13|0|13|0|13|0|13|0|13
0600000US3913171171|1153|209|1097|198|1093|198|4|7|4|7|0|13|0|13|0|13|0|13|0|13|0|13|0|13|0|13|0|13|0|13|0|13|0|13|0|13|0|13|12|21|44|48
0600000US3913175637|781|296|720|273|674|266|46|62|7|15|39|60|0|13|0|13|0|13|0|13|0|13|0|13|0|13|0|13|0|13|0|13|0|13|0|13|38|55|0|13|23|36
0600000US3913178512|448|199|448|199|448|199|0|13|0|13|0|13|0|13|0|13|0|13|0|13|0|13|0|13|0|13|0|13|0|13|0|13|0|13|0|13|0|13|0|13|0|13
0600000US3913302862|1146|241|1093|234|1054|238|39|41|34|38|0|13|5|18|0|13|0|13|0|13|0|13|0|13|0|13|0|13|0|13|0|13|0|13|0|13|0|13|0|13|53|50
0600000US3913303086|8010|502|6288|512|5904|470|384|203|223|123|135|127|26|46|0|20|0|20|39|44|23|36|16|25|0|20|0|20|0|20|0|20|0|20|0|20|98|101|144|105|1441|339
0600000US3913308840|6224|406|4897|547|4594|515|303|188|270|151|0|20|0|20|33|60|0|20|20|31|20|31|0|20|0|20|0|20|0|20|0|20|0|20|0|20|167|150|0|20|1140|373
0600000US3913313610|1131|288|1035|289|903|237|132|159|28|32|99|154|5|8|0|13|0|13|4|6|4|6|0|13|0|13|0|13|0|13|0|13|0|13|5|7|5|8|8|13|74|60
0600000US3913321210|1332|175|1150|187|1130|185|20|23|20|23|0|13|0|13|0|13|0|13|0|13|0|13|0|13|0|13|0|13|0|13|0|13|0|13|0|13|30|45|10|16|142|81
0600000US3913324584|1427|220|1296|219|1234|219|62|35|62|35|0|13|0|13|0|13|0|13|0|13|0|13|0|13|0|13|0|13|0|13|0|13|0|13|0|13|10|11|0|13|121|57
0600000US3913328392|3540|369|2786|436|2502|398|284|202|271|203|0|18|0|18|13|20|0|18|315|233|315|233|0|18|0|18|0|18|0|18|0|18|14|23|8|12|68|67|56|54|293|113
0600000US3913328742|1378|132|1299|135|1275|133|24|29|24|29|0|13|0|13|0|13|0|13|0|13|0|13|0|13|0|13|0|13|0|13|0|13|0|13|0|13|0|13|0|13|79|49
0600000US3913329442|1297|268|1193|251|1055|228|138|77|76|49|57|62|0|13|5|8|0|13|0|13|0|13|0|13|0|13|0|13|0|13|0|13|0|13|0|13|25|37|0|13|79|44
0600000US3913335658|583|149|317|114|299|111|18|15|18|15|0|13|0|13|0|13|0|13|0|13|0|13|0|13|0|13|0|13|0|13|0|13|0|13|0|13|109|67|0|13|157|50
0600000US3913335672|1085|211|848|148|741|134|107|61|33|38|53|51|0|13|15|19|6|9|0|13|0|13|0|13|0|13|0|13|0|13|0|13|0|13|0|13|15|16|0|13|222|168
0600000US3913339872|12640|754|8903|776|8143|730|760|337|708|332|52|42|0|24|0|24|0|24|103|97|103|97|0|24|0|24|0|24|0|24|0|24|0|24|114|69|1181|328|146|111|2193|421
0600000US3913347180|354|116|332|113|305|109|27|21|20|19|4|8|3|5|0|13|0|13|0|13|0|13|0|13|0|13|0|13|0|13|0|13|0|13|0|13|0|13|0|13|22|18
0600000US3913347194|2708|245|2407|278|2263|292|144|151|144|151|0|13|0|13|0|13|0|13|0|13|0|13|0|13|0|13|0|13|0|13|0|13|0|13|0|13|1|3|0|13|300|201
0600000US3913351058|457|174|448|173|433|173|15|19|15|19|0|13|0|13|0|13|0|13|0|13|0|13|0|13|0|13|0|13|0|13|0|13|0|13|0|13|0|13|9|15|0|13
0600000US3913353858|1494|330|1176|456|878|406|298|292|0|13|208|277|75|78|15|22|0|13|2|1|2|1|0|13|0|13|0|13|0|13|14|22|0|13|0|13|31|50|130|134|141|103
0600000US3913359668|1573|168|1471|153|1420|160|51|56|51|56|0|13|0|13|0|13|0|13|0|13|0|13|0|13|0|13|0|13|0|13|0|13|0|13|0|13|0|13|0|13|102|65
0600000US3913359822|701|150|655|165|627|164|28|38|28|38|0|13|0|13|0|13|0|13|0|13|0|13|0|13|0|13|0|13|0|13|0|13|0|13|0|13|24|27|0|13|22|19
0600000US3913365452|2621|236|2158|343|2110|343|48|70|23|41|0|18|25|41|0|18|0|18|0|18|0|18|0|18|0|18|0|18|0|18|0|18|0|18|0|18|108|131|0|18|355|198
0600000US3913365592|5278|351|4728|331|4220|349|508|196|421|188|55|61|28|32|0|20|4|7|44|59|44|59|0|20|0|20|0|20|0|20|0|20|0|20|0|20|42|28|105|105|359|192
0600000US3913365606|4800|423|3866|532|3598|537|268|126|268|126|0|18|0|18|0|18|0|18|0|18|0|18|0|18|0|18|0|18|0|18|0|18|0|18|0|18|71|77|64|54|799|303
0600000US3913368392|4523|332|3983|304|3633|292|350|115|258|107|39|31|43|47|10|16|0|18|9|14|9|14|0|18|0|18|0|18|0|18|0|18|0|18|0|18|70|81|0|18|461|180
0600000US3913371731|2411|328|2257|316|2128|290|129|87|129|87|0|18|0|18|0|18|0|18|0|18|0|18|0|18|0|18|0|18|0|18|0|18|0|18|0|18|71|77|0|18|83|63
0600000US3913375014|9321|492|7614|582|6805|625|809|332|761|330|23|26|0|20|25|32|0|20|0|20|0|20|0|20|0|20|0|20|0|20|0|20|0|20|0|20|19|35|10|17|1678|452
0600000US3913375189|2762|342|2400|306|2310|304|90|58|81|54|0|18|0|18|0|18|9|14|0|18|0|18|0|18|0|18|0|18|0|18|0|18|0|18|0|18|9|16|24|38|329|173
0600000US3913375196|161|86|85|40|75|39|10|11|9|10|1|2|0|13|0|13|0|13|0|13|0|13|0|13|0|13|0|13|0|13|0|13|0|13|0|13|0|13|4|8|72|80
0600000US3913376106|149|123|120|90|120|90|0|13|0|13|0|13|0|13|0|13|0|13|0|13|0|13|0|13|0|13|0|13|0|13|0|13|0|13|0|13|0|13|0|13|29|44
0600000US3913385946|634|180|571|158|458|127|113|64|98|51|13|20|0|13|2|4|0|13|0|13|0|13|0|13|0|13|0|13|0|13|0|13|14|21|0|13|37|48|0|13|12|16
0600000US3913385960|822|236|686|186|586|169|100|77|62|43|0|13|0|13|38|58|0|13|0|13|0|13|0|13|0|13|0|13|0|13|0|13|0|13|0|13|0|13|54|49|82|65
0600000US3913522106|162|96|162|96|131|69|31|34|31|34|0|13|0|13|0|13|0|13|0|13|0|13|0|13|0|13|0|13|0|13|0|13|0|13|0|13|0|13|0|13|0|13
0600000US3913524234|3925|342|3642|366|3255|403|387|176|175|119|118|96|87|96|7|12|0|18|3|7|3|7|0|18|0|18|0|18|0|18|0|18|0|18|0|18|104|99|19|25|157|73
0600000US3913529484|2118|182|1995|206|1896|215|99|84|91|82|0|13|8|16|0|13|0|13|0|13|0|13|0|13|0|13|0|13|0|13|0|13|0|13|0|13|0|13|5|10|118|65
0600000US3913531486|2207|195|1908|237|1866|226|42|67|42|67|0|13|0|13|0|13|0|13|0|13|0|13|0|13|0|13|0|13|0|13|0|13|0|13|0|13|66|62|0|13|233|122
0600000US3913533992|2120|143|1981|145|1797|150|184|71|108|51|69|56|7|8|0|13|0|13|0|13|0|13|0|13|0|13|0|13|0|13|0|13|4|6|0|13|16|21|12|14|107|50
0600000US3913537590|384|136|308|119|294|117|14|18|5|11|9|15|0|13|0|13|0|13|3|6|3|6|0|13|0|13|0|13|0|13|0|13|0|13|0|13|23|22|0|13|50|36
0600000US3913538010|570|166|505|146|481|128|24|37|24|37|0|13|0|13|0|13|0|13|0|13|0|13|0|13|0|13|0|13|0|13|0|13|0|13|0|13|0|13|3|5|62|50
0600000US3913538780|1538|176|1383|185|1265|183|118|70|96|65|22|22|0|13|0|13|0|13|0|13|0|13|0|13|0|13|0|13|0|13|0|13|10|15|0|13|3|6|9|13|133|72
0600000US3913541846|1608|166|1363|160|1256|160|107|66|88|61|0|13|13|33|6|9|0|13|0|13|0|13|0|13|0|13|0|13|0|13|0|13|0|13|6|9|58|58|7|10|174|107
0600000US3913551548|1164|164|1110|162|951|130|159|74|65|29|86|71|4|5|4|8|0|13|0|13|0|13|0|13|0|13|0|13|0|13|0|13|0|13|0|13|14|13|2|3|38|25
0600000US3913572964|1649|195|1527|211|1367|213|160|89|144|86|15|19|1|5|0|13|0|13|0|13|0|13|0|13|0|13|0|13|0|13|0|13|0|13|0|13|23|27|6|11|93|88
0600000US3913577994|1382|128|1209|157|1150|162|59|33|48|31|6|13|5|11|0|13|0|13|0|13|0|13|0|13|0|13|0|13|0|13|0|13|0|13|0|13|70|45|2|4|101|48
0600000US3913581564|809|176|756|170|704|170|52|47|31|32|0|13|0|13|21|33|0|13|0|13|0|13|0|13|0|13|0|13|0|13|0|13|0|13|0|13|25|25|0|13|28|26
0600000US3913706880|423|90|408|90|392|91|16|18|16|18|0|13|0|13|0|13|0|13|0|13|0|13|0|13|0|13|0|13|0|13|0|13|0|13|0|13|0|13|0|13|15|18
0600000US3913732228|610|187|569|172|543|165|26|30|19|26|5|8|0|13|0|13|2|3|5|13|5|13|0|13|0|13|0|13|0|13|0|13|0|13|0|13|0|13|0|13|36|42
0600000US3913738024|413|114|396|110|387|111|9|12|0|13|6|8|0|13|3|5|0|13|0|13|0|13|0|13|0|13|0|13|0|13|0|13|0|13|0|13|0|13|0|13|17|17
0600000US3913738976|1003|155|895|145|868|142|27|21|19|18|6|8|2|3|0|13|0|13|0|13|0|13|0|13|0|13|0|13|0|13|0|13|0|13|0|13|4|4|0|13|104|45
0600000US3913743288|876|195|859|194|827|190|32|13|19|12|8|8|0|13|1|2|4|5|0|13|0|13|0|13|0|13|0|13|0|13|0|13|0|13|0|13|1|2|0|13|16|14
0600000US3913751562|953|209|883|203|789|175|94|96|72|84|0|13|22|36|0|13|0|13|11|18|11|18|0|13|0|13|0|13|0|13|0|13|0|13|0|13|6|7|13|21|40|36
0600000US3913751660|1134|182|1083|176|1031|162|52|41|29|19|23|35|0|13|0|13|0|13|0|13|0|13|0|13|0|13|0|13|0|13|0|13|0|13|7|12|8|12|6|8|30|27
0600000US3913758996|4121|227|3825|242|3686|234|139|73|112|65|27|24|0|18|0|18|0|18|0|18|0|18|0|18|0|18|0|18|0|18|0|18|0|18|0|18|44|48|20|30|232|106
0600000US3913759612|604|168|555|169|525|165|30|23|19|16|5|8|6|9|0|13|0|13|0|13|0|13|0|13|0|13|0|13|0|13|0|13|0|13|0|13|19|23|0|13|30|32
0600000US3913762036|314|95|309|96|280|88|29|24|29|24|0|13|0|13|0|13|0|13|0|13|0|13|0|13|0|13|0|13|0|13|0|13|0|13|0|13|2|4|0|13|3|4
0600000US3913763380|1653|103|1454|133|1360|145|94|71|64|56|22|25|8|12|0|13|0|13|0|13|0|13|0|13|0|13|0|13|0|13|0|13|0|13|0|13|26|25|2|5|171|125
0600000US3913767174|1233|180|1103|189|1020|176|83|46|72|43|4|6|7|10|0|13|0|13|0|13|0|13|0|13|0|13|0|13|0|13|0|13|0|13|0|13|51|38|0|13|79|39
0600000US3913775206|474|163|452|161|444|164|8|13|0|13|8|13|0|13|0|13|0|13|0|13|0|13|0|13|0|13|0|13|0|13|0|13|0|13|0|13|0|13|11|16|11|18
0600000US3913778526|1688|149|1537|155|1503|153|34|29|34|29|0|13|0|13|0|13|0|13|0|13|0|13|0|13|0|13|0|13|0|13|0|13|0|13|0|13|60|83|0|13|91|46
0600000US3913779450|1287|122|1127|139|879|152|248|95|135|70|64|50|49|48|0|13|0|13|12|25|12|25|0|13|0|13|0|13|0|13|0|13|0|13|0|13|41|49|26|30|81|52
0600000US3913907230|398|148|314|141|259|127|55|38|55|38|0|13|0|13|0|13|0|13|0|13|0|13|0|13|0|13|0|13|0|13|0|13|0|13|10|15|13|22|0|13|61|44
0600000US3913910646|573|193|368|153|357|152|11|17|0|13|0|13|11|17|0|13|0|13|0|13|0|13|0|13|0|13|0|13|0|13|18|30|0|13|37|54|49|62|20|35|81|49
0600000US3913912420|716|155|513|156|423|150|90|46|85|46|3|4|0|13|2|4|0|13|0|13|0|13|0|13|0|13|0|13|0|13|0|13|0|13|76|54|38|43|2|4|87|54
0600000US3913928406|685|251|662|251|541|229|121|136|48|70|73|76|0|13|0|13|0|13|0|13|0|13|0|13|0|13|0|13|0|13|0|13|0|13|0|13|0|13|0|13|23|33
0600000US3913938038|1753|242|1638|246|1531|226|107|90|84|85|0|13|0|13|0|13|23|37|0|13|0|13|0|13|0|13|0|13|0|13|0|13|0|13|0|13|0|13|0|13|115|89
0600000US3913938794|2281|302|2095|306|1801|345|294|128|181|97|32|35|70|106|11|19|0|13|0|13|0|13|0|13|0|13|0|13|0|13|0|13|0|13|0|13|0|13|33|52|153|92
0600000US3913946578|4791|387|4551|407|4240|411|311|118|160|84|121|91|30|27|0|20|0|20|10|16|10|16|0|20|0|20|0|20|0|20|56|79|0|20|0|20|25|23|49|35|100|58
0600000US3913947138|17484|871|15956|892|13930|763|2026|506|1801|479|180|107|5|8|40|49|0|27|249|117|230|110|11|19|0|27|0|27|8|13|62|62|0|27|21|23|261|99|33|44|902|244
0600000US3913950092|3067|401|2990|397|2714|411|276|164|238|146|38|55|0|18|0|18|0|18|4|9|4|9|0|18|0|18|0|18|0|18|0|18|0|18|0|18|0|18|12|19|61|61
0600000US3913951576|1519|195|1400|192|1191|202|209|115|93|98|47|52|52|75|2|3|15|26|0|13|0|13|0|13|0|13|0|13|0|13|0|13|0|13|0|13|0|13|0|13|119|85
0600000US3913962050|387|161|332|141|314|129|18|30|18|30|0|13|0|13|0|13|0|13|0|13|0|13|0|13|0|13|0|13|0|13|0|13|0|13|0|13|28|39|0|13|27|40
0600000US3913963814|741|147|645|125|582|119|63|39|56|38|7|8|0|13|0|13|0|13|0|13|0|13|0|13|0|13|0|13|0|13|0|13|0|13|0|13|11|17|9|15|76|54
0600000US3913970394|397|230|377|223|377|223|0|13|0|13|0|13|0|13|0|13|0|13|0|13|0|13|0|13|0|13|0|13|0|13|0|13|0|13|0|13|0|13|0|13|20|33
0600000US3913971830|3830|339|3568|326|3431|324|137|91|106|83|0|18|0|18|0|18|31|36|1|2|1|2|0|18|0|18|0|18|0|18|0|18|0|18|23|36|17|25|9|15|212|119
0600000US3913974128|5692|512|5383|481|4795|554|588|250|555|249|0|20|33|41|0|20|0|20|0|20|0|20|0|20|0|20|0|20|0|20|0|20|0|20|0|20|87|95|48|71|174|106
0600000US3913977616|3516|366|3283|369|3062|388|221|114|221|114|0|18|0|18|0|18|0|18|0|18|0|18|0|18|0|18|0|18|0|18|0|18|0|18|0|18|12|22|0|18|221|130
0600000US3913981578|3138|282|2896|305|2701|302|195|98|116|73|65|59|0|18|14|20|0|18|0|18|0|18|0|18|0|18|0|18|0|18|0|18|0|18|0|18|28|35|0|18|214|111
0600000US3913982628|969|245|800|202|724|211|76|68|34|36|0|13|21|28|21|29|0|13|8|12|8|12|0|13|0|13|0|13|0|13|0|13|0|13|12|19|22|27|127|143|0|13
0600000US3913986618|1414|142|1309|155|1172|158|137|80|71|42|29|31|3|7|0|13|34|51|0|13|0|13|0|13|0|13|0|13|0|13|0|13|0|13|0|13|44|51|0|13|61|35
0600000US3914110016|726|191|688|190|652|182|36|43|36|43|0|13|0|13|0|13|0|13|0|13|0|13|0|13|0|13|0|13|0|13|0|13|0|13|0|13|2|3|0|13|36|37
0600000US3914116630|880|309|814|289|686|227|128|142|96|131|32|48|0|13|0|13|0|13|0|13|0|13|0|13|0|13|0|13|0|13|0|13|0|13|0|13|0|13|0|13|66|64
0600000US3914118238|2202|263|2162|262|1947|290|215|127|136|68|79|107|0|13|0|13|0|13|1|3|1|3|0|13|0|13|0|13|0|13|0|13|0|13|0|13|0|13|0|13|39|42
0600000US3914121224|592|380|579|380|409|281|170|126|170|126|0|13|0|13|0|13|0|13|0|13|0|13|0|13|0|13|0|13|0|13|0|13|0|13|0|13|10|13|0|13|3|6
0600000US3914128420|562|225|562|225|418|190|144|118|52|86|92|87|0|13|0|13|0|13|0|13|0|13|0|13|0|13|0|13|0|13|0|13|0|13|0|13|0|13|0|13|0|13
0600000US3914131822|2548|289|2413|290|2194|297|219|119|148|102|67|64|0|18|4|8|0|18|0|18|0|18|0|18|0|18|0|18|0|18|0|18|0|18|0|18|0|18|0|18|135|84
0600000US3914134006|468|167|421|164|421|164|0|13|0|13|0|13|0|13|0|13|0|13|0|13|0|13|0|13|0|13|0|13|0|13|0|13|0|13|0|13|0|13|0|13|47|47
0600000US3914136890|2694|437|2534|450|2185|431|349|173|280|163|27|47|23|39|19|32|0|18|0|18|0|18|0|18|0|18|0|18|0|18|0|18|0|18|0|18|14|20|0|18|146|101
0600000US3914138808|689|263|689|263|667|258|22|38|22|38|0|13|0|13|0|13|0|13|0|13|0|13|0|13|0|13|0|13|0|13|0|13|0|13|0|13|0|13|0|13|0|13
0600000US3914143302|1237|252|1209|247|1152|260|57|75|18|29|39|68|0|13|0|13|0|13|0|13|0|13|0|13|0|13|0|13|0|13|0|13|0|13|0|13|13|22|0|13|15|22
0600000US3914159542|301|125|286|120|249|110|37|41|15|25|22|34|0|13|0|13|0|13|0|13|0|13|0|13|0|13|0|13|0|13|0|13|0|13|0|13|0|13|0|13|15|24
0600000US3914161308|436|142|412|136|401|133|11|14|1|3|10|14|0|13|0|13|0|13|3|6|3|6|0|13|0|13|0|13|0|13|0|13|0|13|0|13|10|12|2|5|9|9
0600000US3914170898|11361|655|10309|606|9288|648|1021|355|690|268|176|227|32|49|59|68|64|13|29|29|29|29|0|24|0|24|0|24|0|24|0|24|0|24|0|24|366|144|75|77|582|214
0600000US3914174129|1363|194|1266|172|1140|178|126|97|126|97|0|13|0|13|0|13|0|13|0|13|0|13|0|13|0|13|0|13|0|13|0|13|0|13|0|13|0|13|40|44|57|63
0600000US3914178008|1351|204|1314|201|1205|206|109|82|58|48|0|13|51|68|0|13|0|13|0|13|0|13|0|13|0|13|0|13|0|13|0|13|0|13|0|13|0|13|0|13|37|30
0600000US3914178540|3867|359|3608|339|3044|426|564|218|346|130|206|160|12|18|0|20|0|20|0|20|0|20|0|20|0|20|0|20|0|20|0|20|0|20|0|20|0|20|0|20|259|122
0600000US3914303730|2856|224|2707|234|2561|234|146|109|117|103|6|13|0|18|0|18|23|25|0|18|0|18|0|18|0|18|0|18|0|18|0|18|0|18|0|18|6|12|0|18|143|55
0600000US3914305228|1881|198|1711|186|1498|189|213|136|195|130|18|29|0|13|0|13|0|13|0|13|0|13|0|13|0|13|0|13|0|13|0|13|0|13|8|13|80|88|47|59|35|31
0600000US3914316308|2792|426|2619|452|2496|452|123|113|48|79|61|74|0|18|14|23|0|18|0|18|0|18|0|18|0|18|0|18|0|18|0|18|0|18|0|18|123|123|50|99|0|18
0600000US3914328826|6760|468|6195|466|5674|483|521|186|503|184|10|15|8|14|0|20|0|20|36|39|36|39|0|20|0|20|0|20|0|20|0|20|0|20|15|20|210|108|190|146|114|74
0600000US3914331990|1886|169|1780|178|1540|214|240|124|175|100|0|13|47|69|18|31|0|13|0|13|0|13|0|13|0|13|0|13|0|13|0|13|0|13|8|12|30|45|0|13|68|58
0600000US3914332256|291|102|267|94|236|77|31|31|25|27|0|13|0|13|6|12|0|13|0|13|0|13|0|13|0|13|0|13|0|13|0|13|0|13|0|13|0|13|0|13|24|28
0600000US3914338052|589|131|551|129|452|113|99|61|51|30|0|13|0|13|46|53|2|3|0|13|0|13|0|13|0|13|0|13|0|13|0|13|0|13|10|15|6|7|0|13|22|24
0600000US3914346592|1760|126|1626|135|1511|135|115|46|82|40|33|26|0|13|0|13|0|13|0|13|0|13|0|13|0|13|0|13|0|13|0|13|0|13|0|13|30|32|17|19|87|56
0600000US3914366460|540|148|531|149|492|147|39|38|39|38|0|13|0|13|0|13|0|13|0|13|0|13|0|13|0|13|0|13|0|13|0|13|0|13|0|13|4|16|0|13|5|11
0600000US3914367188|476|154|462|154|430|154|32|41|6|11|0|13|26|39|0|13|0|13|0|13|0|13|0|13|0|13|0|13|0|13|0|13|0|13|0|13|7|12|0|13|7|11
0600000US3914370408|1674|211|1577|219|1409|214|168|103|140|93|28|42|0|13|0|13|0|13|0|13|0|13|0|13|0|13|0|13|0|13|0|13|0|13|38|34|11|16|32|43|16|21
0600000US3914371087|661|211|630|207|606|209|24|23|14|16|0|13|10|15|0|13|0|13|0|13|0|13|0|13|0|13|0|13|0|13|0|13|0|13|0|13|0|13|0|13|31|41
0600000US3914377162|825|224|746|212|735|215|11|18|0|13|11|18|0|13|0|13|0|13|0|13|0|13|0|13|0|13|0|13|0|13|0|13|0|13|0|13|20|23|0|13|59|49
0600000US3914381592|1243|235|1131|207|1083|208|48|34|30|22|18|25|0|13|0|13|0|13|0|13|0|13|0|13|0|13|0|13|0|13|0|13|0|13|0|13|3|4|5|11|104|87
0600000US3914386506|1688|144|1535|170|1415|169|120|68|104|65|13|16|3|5|0|13|0|13|0|13|0|13|0|13|0|13|0|13|0|13|0|13|0|13|0|13|0|13|0|13|153|78
0600000US3914387080|1189|296|1126|285|1092|283|34|30|34|30|0|13|0|13|0|13|0|13|0|13|0|13|0|13|0|13|0|13|0|13|0|13|0|13|0|13|0|13|18|29|45|37
0600000US3914506992|1052|169|1000|174|932|179|68|69|60|68|0|13|8|14|0|13|0|13|0|13|0|13|0|13|0|13|0|13|0|13|0|13|0|13|0|13|6|13|9|13|37|36
0600000US3914509764|552|309|544|308|512|301|32|36|32|36|0|13|0|13|0|13|0|13|0|13|0|13|0|13|0|13|0|13|0|13|0|13|0|13|0|13|0|13|0|13|8|13
0600000US3914515560|1324|268|1212|258|1119|260|93|62|93|62|0|13|0|13|0|13|0|13|0|13|0|13|0|13|0|13|0|13|0|13|0|13|0|13|0|13|0|13|0|13|112|81
0600000US3914531836|1623|260|1544|248|1495|250|49|46|31|35|0|13|0|13|18|29|0|13|0|13|0|13|0|13|0|13|0|13|0|13|0|13|16|26|0|13|0|13|0|13|63|47
0600000US3914534020|1441|217|1342|222|1290|208|52|45|10|16|16|21|21|28|5|11|0|13|0|13|0|13|0|13|0|13|0|13|0|13|0|13|0|13|0|13|15|24|13|18|71|51
0600000US3914538815|1036|212|894|192|739|180|155|82|155|82|0|13|0|13|0|13|0|13|0|13|0|13|0|13|0|13|0|13|0|13|0|13|0|13|0|13|0|13|0|13|142|94
0600000US3914546606|1460|232|1292|236|1278|237|14|24|0|13|14|24|0|13|0|13|0|13|0|13|0|13|0|13|0|13|0|13|0|13|0|13|0|13|0|13|9|15|69|85|90|61
0600000US3914552150|800|324|782|324|718|296|64|81|38|65|0|13|26|35|0|13|0|13|0|13|0|13|0|13|0|13|0|13|0|13|0|13|0|13|0|13|0|13|18|32|0|13
0600000US3914554166|615|170|536|162|499|151|37|30|23|27|14|19|0|13|0|13|0|13|0|13|0|13|0|13|0|13|0|13|0|13|0|13|0|13|0|13|63|82|16|27|0|13
0600000US3914555902|658|214|612|211|605|211|7|11|0|13|7|11|0|13|0|13|0|13|0|13|0|13|0|13|0|13|0|13|0|13|0|13|0|13|0|13|16|19|0|13|30|29
0600000US3914564206|4272|362|3924|343|3595|380|329|151|216|120|46|50|67|54|0|18|0|18|3|6|3|6|0|18|0|18|0|18|0|18|0|18|0|18|0|18|52|56|0|18|293|172
0600000US3914564304|5985|476|5345|478|4682|441|663|179|556|173|36|53|13|20|45|34|13|18|19|26|4|8|0|20|0|20|0|20|15|25|17|30|0|20|24|28|235|97|23|28|322|104
0600000US3914565522|258|142|258|142|257|142|1|4|1|4|0|13|0|13|0|13|0|13|0|13|0|13|0|13|0|13|0|13|0|13|0|13|0|13|0|13|0|13|0|13|0|13
0600000US3914569092|1130|194|1060|206|1048|207|12|20|12|20|0|13|0|13|0|13|0|13|0|13|0|13|0|13|0|13|0|13|0|13|0|13|0|13|0|13|0|13|0|13|70|70
0600000US3914578554|964|282|883|283|829|282|54|55|54|55|0|13|0|13|0|13|0|13|0|13|0|13|0|13|0|13|0|13|0|13|0|13|0|13|0|13|5|9|0|13|76|55
0600000US3914579170|949|193|854|171|768|177|86|71|56|66|0|13|18|25|0|13|12|21|0|13|0|13|0|13|0|13|0|13|0|13|0|13|0|13|0|13|12|21|0|13|83|80
0600000US3914579828|797|250|752|253|694|243|58|53|30|37|28|44|0|13|0|13|0|13|0|13|0|13|0|13|0|13|0|13|0|13|0|13|10|17|0|13|0|13|0|13|35|32
0600000US3914581606|2302|261|2235|266|2148|249|87|79|49|43|38|61|0|18|0|18|0|18|0|18|0|18|0|18|0|18|0|18|0|18|0|18|0|18|0|18|0|18|0|18|67|66
0600000US3914700324|688|238|620|232|588|225|32|38|32|38|0|13|0|13|0|13|0|13|0|13|0|13|0|13|0|13|0|13|0|13|0|13|11|17|0|13|40|28|0|13|17|19
0600000US3914706432|733|129|690|122|650|118|40|25|19|18|6|10|0|13|2|4|13|19|5|6|5|6|0|13|0|13|0|13|0|13|0|13|0|13|0|13|19|20|0|13|19|12
0600000US3914707006|817|133|765|137|650|122|115|58|95|50|20|21|0|13|0|13|0|13|0|13|0|13|0|13|0|13|0|13|0|13|0|13|0|13|0|13|4|7|17|20|31|26
0600000US3914716154|1830|212|1726|214|1646|209|80|60|51|48|29|34|0|13|0|13|0|13|0|13|0|13|0|13|0|13|0|13|0|13|0|13|0|13|0|13|34|41|0|13|70|46
0600000US3914724346|893|238|834|221|821|221|13|21|13|21|0|13|0|13|0|13|0|13|0|13|0|13|0|13|0|13|0|13|0|13|0|13|0|13|0|13|8|13|0|13|51|76
0600000US3914728014|3827|346|3504|361|2938|345|566|207|547|209|0|18|0|18|0|18|19|27|17|28|17|28|0|18|0|18|0|18|0|18|51|54|0|18|23|33|106|83|26|29|100|77
0600000US3914732256|349|112|315|109|274|98|41|41|41|41|0|13|0|13|0|13|0|13|0|13|0|13|0|13|0|13|0|13|0|13|3|4|9|15|0|13|2|4|7|11|13|16
0600000US3914736400|1393|184|1234|176|1105|186|129|100|107|93|0|13|22|35|0|13|0|13|0|13|0|13|0|13|0|13|0|13|0|13|0|13|0|13|0|13|39|37|11|18|109|86
0600000US3914738066|405|104|404|104|363|100|41|32|37|33|0|13|4|6|0|13|0|13|0|13|0|13|0|13|0|13|0|13|0|13|0|13|0|13|0|13|1|4|0|13|0|13
0600000US3914743316|920|168|872|171|838|166|34|32|26|31|4|9|0|13|4|6|0|13|0|13|0|13|0|13|0|13|0|13|0|13|0|13|0|13|3|4|6|6|0|13|39|26
0600000US3914745052|1237|229|1176|224|1130|226|46|48|46|48|0|13|0|13|0|13|0|13|0|13|0|13|0|13|0|13|0|13|0|13|0|13|21|28|0|13|0|13|0|13|40|35
0600000US3914763394|602|199|522|191|465|182|57|52|50|51|7|11|0|13|0|13|0|13|12|21|12|21|0|13|0|13|0|13|0|13|0|13|0|13|0|13|12|12|0|13|56|39
0600000US3914765942|372|127|352|126|317|118|35|39|0|13|35|39|0|13|0|13|0|13|0|13|0|13|0|13|0|13|0|13|0|13|0|13|0|13|0|13|0|13|15|23|5|8
0600000US3914771024|716|165|649|161|621|154|28|28|27|27|0|13|1|3|0|13|0|13|0|13|0|13|0|13|0|13|0|13|0|13|0|13|0|13|0|13|5|6|24|23|38|32
0600000US3914771355|1014|185|927|161|822|152|105|59|80|54|6|7|19|26|0|13|0|13|6|11|1|10|5|7|0|13|0|13|0|13|0|13|3|5|0|13|47|55|2|3|29|24
0600000US3914776632|659|203|598|194|550|171|48|65|48|65|0|13|0|13|0|13|0|13|0|13|0|13|0|13|0|13|0|13|0|13|0|13|0|13|0|13|28|37|0|13|33|34
0600000US3914776778|8983|417|7437|440|6870|473|567|185|442|164|60|59|48|49|17|26|0|20|11|21|11|21|0|20|0|20|0|20|0|20|10|16|42|53|12|20|731|258|123|77|617|197
0600000US3914779674|811|225|733|228|692|220|41|37|36|37|5|5|0|13|0|13|0|13|2|4|2|4|0|13|0|13|0|13|0|13|0|13|0|13|0|13|28|19|0|13|48|30
0600000US3914916168|9297|522|8669|557|7355|622|1314|333|1063|342|109|94|68|96|23|38|51|58|38|37|38|37|0|24|0|24|0|24|0|24|16|26|0|24|121|131|85|62|27|32|341|189
0600000US3914919834|1295|327|1151|329|1151|329|0|13|0|13|0|13|0|13|0|13|0|13|2|5|2|5|0|13|0|13|0|13|0|13|0|13|0|13|0|13|0|13|0|13|142|108
0600000US3914922050|1773|137|1692|152|1592|162|100|44|54|38|43|25|3|4|0|13|0|13|0|13|0|13|0|13|0|13|0|13|0|13|0|13|0|13|4|6|7|7|0|13|70|45
0600000US3914928434|1860|187|1760|177|1646|194|114|82|114|82|0|13|0|13|0|13|0|13|0|13|0|13|0|13|0|13|0|13|0|13|0|13|0|13|3|5|0|13|4|6|93|65
0600000US3914931850|432|169|424|168|421|169|3|6|3|6|0|13|0|13|0|13|0|13|0|13|0|13|0|13|0|13|0|13|0|13|0|13|0|13|0|13|0|13|0|13|8|10
0600000US3914938080|1157|157|1114|152|976|149|138|57|131|56|7|7|0|13|0|13|0|13|0|13|0|13|0|13|0|13|0|13|0|13|0|13|0|13|5|7|7|8|6|9|25|18
0600000US3914944884|1198|113|1108|102|1059|102|49|31|47|29|0|13|2|6|0|13|0|13|2|4|0|13|2|4|0|13|0|13|0|13|0|13|0|13|2|4|2|5|4|7|80|42
0600000US3914946172|1535|161|1395|182|1239|157|156|132|137|132|17|21|0|13|2|5|0|13|0|13|0|13|0|13|0|13|0|13|0|13|0|13|2|4|3|5|11|15|4|6|120|66
0600000US3914958660|486|191|471|191|371|149|100|129|100|129|0|13|0|13|0|13|0|13|0|13|0|13|0|13|0|13|0|13|0|13|0|13|0|13|0|13|0|13|0|13|15|22
0600000US3914962064|709|312|663|307|552|200|111|132|21|27|3|7|0|13|0|13|87|131|9|15|9|15|0|13|0|13|0|13|0|13|0|13|0|13|0|13|11|21|18|29|8|12
0600000US3914969960|910|172|883|171|819|166|64|54|43|51|21|21|0|13|0|13|0|13|0|13|0|13|0|13|0|13|0|13|0|13|0|13|0|13|8|11|0|13|0|13|19|19
0600000US3914977854|540|148|510|149|499|146|11|21|11|21|0|13|0|13|0|13|0|13|0|13|0|13|0|13|0|13|0|13|0|13|0|13|0|13|0|13|0|13|0|13|30|25
0600000US3914979464|1197|215|1096|217|1055|212|41|33|12|15|21|25|8|11|0|13|0|13|4|5|4|5|0|13|0|13|0|13|0|13|0|13|2|3|14|15|18|18|16|23|47|47
0600000US3914981620|780|208|766|208|683|192|83|74|59|68|22|26|0|13|2|4|0|13|2|4|2|4|0|13|0|13|0|13|0|13|0|13|0|13|0|13|0|13|0|13|12|17
0600000US3915101420|9637|726|8134|655|7169|683|965|221|796|226|138|95|22|20|0|24|9|17|114|68|114|68|0|24|0|24|0|24|0|24|6|9|0|24|39|38|431|182|156|96|757|203
0600000US3915106180|2481|218|2053|288|1924|298|129|77|103|69|17|21|5|7|0|18|4|6|3|5|3|5|0|18|0|18|0|18|0|18|0|18|0|18|0|18|112|82|124|142|189|77
0600000US3915112000|29071|938|24709|1021|22366|964|2343|482|1898|447|292|156|67|84|74|60|12|17|838|322|838|322|0|30|0|30|0|30|0|30|151|109|0|30|99|75|593|158|472|161|2209|424
0600000US3915112014|5655|384|5135|508|4780|454|355|152|215|125|106|75|5|9|29|37|0|20|5|6|5|6|0|20|0|20|0|20|0|20|0|20|0|20|0|20|0|20|18|27|497|305
0600000US3915138094|21523|685|17736|654|16605|669|1131|330|999|320|24|27|69|83|26|28|13|19|231|148|167|134|0|27|19|31|0|27|45|63|0|27|20|33|0|27|105|75|126|83|3305|583
0600000US3915141314|14339|613|12487|731|11617|701|870|251|651|217|152|133|17|28|12|19|38|42|24|30|24|30|0|27|0|27|0|27|0|27|0|27|14|23|15|24|108|68|7|12|1684|379
0600000US3915142168|6783|408|5939|433|5656|422|283|182|260|183|23|25|0|20|0|20|0|20|0|20|0|20|0|20|0|20|0|20|0|20|0|20|0|20|0|20|66|49|120|118|658|249
0600000US3915143022|2286|278|2070|287|1986|291|84|77|84|77|0|13|0|13|0|13|0|13|64|74|64|74|0|13|0|13|0|13|0|13|0|13|0|13|0|13|17|28|0|13|135|103
0600000US3915145094|4502|391|3742|422|3514|436|228|119|183|107|14|17|30|41|0|18|1|3|26|38|26|38|0|18|0|18|0|18|0|18|0|18|11|23|0|18|174|131|29|50|520|186
0600000US3915147936|2051|193|1780|185|1627|187|153|89|120|74|5|7|21|33|0|13|7|12|0|13|0|13|0|13|0|13|0|13|0|13|0|13|0|13|0|13|78|70|0|13|193|92
0600000US3915148244|15480|597|13343|623|12304|610|1039|293|737|234|136|108|100|128|41|46|25|47|125|82|125|82|0|27|0|27|0|27|0|27|0|27|0|27|44|50|301|135|415|226|1252|255
0600000US3915155944|4611|384|4095|403|3842|404|253|114|222|113|26|29|0|18|5|10|0|18|0|18|0|18|0|18|0|18|0|18|0|18|0|18|0|18|0|18|19|30|0|18|497|189
0600000US3915158926|2459|276|2231|283|2149|280|82|47|40|25|40|37|0|18|0|18|2|4|6|9|6|9|0|18|0|18|0|18|0|18|0|18|0|18|0|18|8|13|9|13|205|139
0600000US3915159850|2913|299|2726|312|2561|302|165|87|111|68|54|63|0|18|0|18|0|18|2|8|2|8|0|18|0|18|0|18|0|18|0|18|11|17|0|18|48|39|15|18|111|53
0600000US3915162078|14329|685|12395|706|11464|725|931|204|678|190|180|100|46|41|26|32|1|2|67|74|67|74|0|24|0|24|0|24|0|24|0|24|0|24|0|24|83|80|132|101|1652|372
0600000US3915162694|1800|183|1677|182|1592|188|85|48|78|46|7|8|0|13|0|13|0|13|8|14|8|14|0|13|0|13|0|13|0|13|0|13|0|13|10|16|34|37|0|13|71|42
0600000US3915162988|27193|1037|22948|946|21391|965|1557|368|1272|340|201|111|67|65|15|24|2|5|40|39|26|32|0|30|0|30|0|30|14|23|130|132|12|19|0|30|127|78|165|105|3771|534
0600000US3915170436|1544|171|1227|150|1171|143|56|31|37|23|16|23|3|4|0|13|0|13|74|67|74|67|0|13|0|13|0|13|0|13|0|13|0|13|0|13|28|27|68|54|147|62
0600000US3915175208|2750|243|2317|336|2239|325|78|50|25|18|26|32|27|28|0|18|0|18|0|18|0|18|0|18|0|18|0|18|0|18|0|18|0|18|0|18|102|60|16|24|315|156
0600000US3915177910|3041|274|2638|267|2427|280|211|163|187|143|24|35|0|18|0|18|0|18|0|18|0|18|0|18|0|18|0|18|0|18|0|18|0|18|0|18|94|58|57|47|252|112
0600000US3915181634|2345|240|2251|246|2002|229|249|126|228|127|0|13|21|23|0|13|0|13|0|13|0|13|0|13|0|13|0|13|0|13|0|13|0|13|0|13|22|23|9|13|63|38
0600000US3915301000|87247|1525|74307|1712|64799|1631|9508|900|7668|785|1055|338|500|223|191|159|94|65|1885|415|1848|407|0|30|0|30|37|54|0|30|116|110|31|37|116|72|1444|226|957|276|8391|863
0600000US3915303828|10742|625|9736|569|8752|596|984|261|727|233|149|91|72|85|24|32|12|18|36|35|36|35|0|24|0|24|0|24|0|24|0|24|6|12|11|16|219|108|61|66|673|165
0600000US3915304248|4818|452|3584|394|3472|408|112|88|62|72|24|37|26|44|0|18|0|18|1|2|1|2|0|18|0|18|0|18|0|18|0|18|0|18|0|18|0|18|25|31|1208|293
0600000US3915307776|671|111|522|83|499|80|23|17|23|17|0|13|0|13|0|13|0|13|0|13|0|13|0|13|0|13|0|13|0|13|0|13|0|13|0|13|14|11|13|15|122|55
0600000US3915307790|677|111|546|100|519|101|27|20|18|14|9|14|0|13|0|13|0|13|0|13|0|13|0|13|0|13|0|13|0|13|0|13|6|9|0|13|3|4|4|5|118|38
0600000US3915316182|571|106|470|95|451|93|19|15|16|14|0|13|0|13|3|5|0|13|3|5|3|5|0|13|0|13|0|13|0|13|0|13|0|13|0|13|2|4|43|52|53|20
0600000US3915318658|9715|518|8078|551|7757|568|321|172|286|163|17|28|0|20|0|20|18|30|13|20|13|20|0|20|0|20|0|20|0|20|0|20|0|20|0|20|40|39|71|78|1513|254
0600000US3915319036|5486|447|4952|473|4644|466|308|160|291|158|17|26|0|20|0|20|0|20|9|16|9|16|0|20|0|20|0|20|0|20|0|20|0|20|0|20|7|10|48|45|470|171
0600000US3915319778|27679|857|23943|808|22049|795|1894|423|1426|331|221|104|160|133|0|30|87|73|85|68|60|61|0|30|0|30|0|30|25|37|14|21|39|45|0|30|247|140|165|126|3186|436
0600000US3915326166|4243|291|3317|363|3069|412|248|160|239|158|0|18|0|18|0|18|9|20|6|7|6|7|0|18|0|18|0|18|0|18|0|18|0|18|0|18|21|35|0|18|899|289
0600000US3915331860|13717|548|11399|567|11003|587|396|193|352|191|44|45|0|24|0|24|0|24|56|67|56|67|0|24|0|24|0|24|0|24|0|24|26|41|0|24|150|131|65|80|2021|414
0600000US3915336651|11266|419|8110|481|7883|480|227|108|121|57|55|69|44|44|7|11|0|24|9|13|9|13|0|24|0|24|0|24|0|24|0|24|0|24|20|20|135|88|109|79|2883|309
0600000US3915341454|1387|179|1228|164|1170|180|58|57|58|57|0|13|0|13|0|13|0|13|0|13|0|13|0|13|0|13|0|13|0|13|0|13|0|13|0|13|0|13|17|27|142|97
0600000US3915345976|6302|506|5388|497|5075|507|313|146|256|125|44|72|0|20|0|20|13|22|0|20|0|20|0|20|0|20|0|20|0|20|0|20|0|20|0|20|0|20|98|90|816|240
0600000US3915351058|1560|174|1196|134|1095|147|101|71|92|72|0|13|9|15|0|13|0|13|17|26|17|26|0|13|0|13|0|13|0|13|0|13|9|15|10|17|0|13|0|13|328|208
0600000US3915353312|2193|250|1966|267|1713|269|253|143|190|133|41|64|22|27|0|18|0|18|1|3|1|3|0|18|0|18|0|18|0|18|0|18|0|18|0|18|0|18|12|25|214|102
0600000US3915354562|7318|513|6372|514|5861|522|511|142|388|142|42|32|66|60|15|18|0|20|4|6|4|6|0|20|0|20|0|20|0|20|0|20|18|27|0|20|86|127|42|33|796|202
0600000US3915356448|1919|163|1650|173|1445|194|205|118|149|95|56|81|0|13|0|13|0|13|0|13|0|13|0|13|0|13|0|13|0|13|0|13|0|13|0|13|3|5|0|13|266|104
0600000US3915356490|3152|327|2412|493|2228|484|184|151|184|151|0|18|0|18|0|18|0|18|0|18|0|18|0|18|0|18|0|18|0|18|0|18|0|18|0|18|1|5|40|58|699|293
0600000US3915357260|6160|368|5225|352|5006|348|219|93|207|87|12|19|0|20|0|20|0|20|5|11|5|11|0|20|0|20|0|20|0|20|0|20|18|21|38|62|50|36|20|23|804|238
0600000US3915366152|2770|258|2220|302|2175|295|45|41|14|23|31|49|0|18|0|18|0|18|47|63|47|63|0|18|0|18|0|18|0|18|0|18|0|18|0|18|0|18|0|18|503|185
0600000US3915366544|3269|342|2557|348|2495|340|62|48|62|48|0|18|0|18|0|18|0|18|0|18|0|18|0|18|0|18|0|18|0|18|0|18|0|18|0|18|15|24|8|17|689|169
0600000US3915369428|5380|415|4418|421|4298|435|120|92|120|92|0|20|0|20|0|20|0|20|0|20|0|20|0|20|0|20|0|20|0|20|0|20|0|20|58|60|18|30|0|20|886|220
0600000US3915372494|1291|179|1092|186|1043|191|49|31|40|27|0|13|9|13|0|13|0|13|4|8|4|8|0|13|0|13|0|13|0|13|0|13|0|13|0|13|14|20|0|13|181|64
0600000US3915374130|6664|476|5943|477|5271|459|672|240|554|199|102|100|0|20|0|20|16|26|5|8|5|8|0|20|0|20|0|20|0|20|0|20|13|14|0|20|100|72|40|47|563|166
0600000US3915374944|17497|614|14270|588|13256|660|1014|266|843|236|169|178|0|27|0|27|2|5|17|18|17|18|0|27|0|27|0|27|0|27|31|38|0|27|30|29|281|92|139|90|2729|404
0600000US3915376106|8779|546|7611|562|7121|552|490|214|407|202|50|45|9|18|0|20|24|34|79|98|79|98|0|20|0|20|0|20|0|20|34|41|19|32|0|20|55|45|40|46|941|246
0600000US3915378050|10674|450|8532|465|7827|454|705|270|617|245|27|36|61|79|0|20|0|20|36|41|36|41|0|20|0|20|0|20|0|20|0|20|0|20|0|20|98|85|72|63|1936|364
0600000US3915378064|1750|214|1357|218|1272|219|85|65|85|65|0|13|0|13|0|13|0|13|0|13|0|13|0|13|0|13|0|13|0|13|0|13|0|13|0|13|26|30|11|23|356|150
0600000US3915504444|2869|301|2792|308|2541|308|251|182|232|179|0|18|19|32|0|18|0|18|13|20|0|18|0|18|13|20|0|18|0|18|0|18|0|18|0|18|0|18|13|21|51|54
0600000US3915507160|518|138|412|120|236|104|176|72|45|28|15|16|13|14|63|48|40|39|0|13|0|13|0|13|0|13|0|13|0|13|30|32|0|13|0|13|18|25|15|19|43|40
0600000US3915508056|761|158|663|161|644|162|19|22|12|18|7|15|0|13|0|13|0|13|34|40|34|40|0|13|0|13|0|13|0|13|0|13|0|13|0|13|16|25|0|13|48|40
0600000US3915508938|1335|225|1220|202|1006|240|214|93|56|53|62|51|0|13|96|94|0|13|12|18|12|18|0|13|0|13|0|13|0|13|0|13|0|13|0|13|23|37|0|13|80|65
0600000US3915509190|3687|293|3290|316|3096|322|194|105|137|90|52|51|5|10|0|18|0|18|1|2|1|2|0|18|0|18|0|18|0|18|0|18|20|35|0|18|9|14|76|74|291|125
0600000US3915513470|4316|326|3657|408|3434|405|223|112|184|102|20|30|19|21|0|18|0|18|12|25|12|25|0|18|0|18|0|18|0|18|84|134|0|18|0|18|49|37|75|75|439|218
0600000US3915518812|3228|275|2884|320|2615|326|269|143|153|107|50|59|42|60|24|37|0|18|0|18|0|18|0|18|0|18|0|18|0|18|0|18|0|18|0|18|0|18|8|15|336|159
0600000US3915526684|1157|112|841|192|420|120|421|129|53|32|34|27|74|42|147|72|113|61|0|13|0|13|0|13|0|13|0|13|0|13|242|184|0|13|1|3|15|15|9|15|49|36
0600000US3915528098|1305|503|1237|504|1224|505|13|20|13|20|0|13|0|13|0|13|0|13|0|13|0|13|0|13|0|13|0|13|0|13|0|13|0|13|0|13|38|40|0|13|30|29
0600000US3915532046|316|163|279|147|234|140|45|36|17|28|10|16|0|13|18|22|0|13|0|13|0|13|0|13|0|13|0|13|0|13|0|13|0|13|0|13|15|25|0|13|22|20
0600000US3915532732|366|142|316|130|305|126|11|17|11|17|0|13|0|13|0|13|0|13|0|13|0|13|0|13|0|13|0|13|0|13|0|13|0|13|0|13|17|26|0|13|33|39
0600000US3915534230|691|163|590|140|550|141|40|32|40|32|0|13|0|13|0|13|0|13|0|13|0|13|0|13|0|13|0|13|0|13|0|13|0|13|34|49|18|21|0|13|49|35
0600000US3915536554|8767|515|8039|500|7538|449|501|177|440|169|17|20|2|8|14|23|28|36|31|46|31|46|0|20|0|20|0|20|0|20|17|27|0|20|14|20|66|66|74|63|526|177
0600000US3915536596|6362|435|5679|459|5267|445|412|156|292|135|64|47|0|20|0|20|56|61|15|15|15|15|0|20|0|20|0|20|0|20|0|20|0|20|0|20|26|39|0|20|642|222
0600000US3915539298|764|264|647|204|599|194|48|52|22|33|0|13|12|19|14|21|0|13|0|13|0|13|0|13|0|13|0|13|0|13|0|13|0|13|0|13|8|12|0|13|109|112
0600000US3915540502|701|150|665|154|662|154|3|5|3|5|0|13|0|13|0|13|0|13|0|13|0|13|0|13|0|13|0|13|0|13|0|13|0|13|0|13|0|13|0|13|36|34
0600000US3915543344|9359|654|8643|651|8197|614|446|241|218|129|80|52|148|193|0|24|0|24|46|43|46|43|0|24|0|24|0|24|0|24|0|24|0|24|24|37|153|171|21|32|472|190
0600000US3915544912|1393|209|1257|215|1122|214|135|90|135|90|0|13|0|13|0|13|0|13|17|27|0|13|0|13|17|27|0|13|0|13|0|13|0|13|0|13|30|48|0|13|89|50
0600000US3915545934|1553|197|1518|195|1439|188|79|67|79|67|0|13|0|13|0|13|0|13|0|13|0|13|0|13|0|13|0|13|0|13|0|13|0|13|0|13|0|13|0|13|35|31
0600000US3915548678|880|313|794|316|775|315|19|18|19|18|0|13|0|13|0|13|0|13|0|13|0|13|0|13|0|13|0|13|0|13|0|13|0|13|0|13|10|18|0|13|76|79
0600000US3915549210|1116|179|507|152|188|74|319|114|40|28|14|13|38|24|133|63|94|46|5|7|5|7|0|13|0|13|0|13|0|13|265|149|6|9|0|13|140|167|59|39|134|119
0600000US3915555636|3470|350|3131|375|2912|366|219|196|108|112|95|162|10|15|6|10|0|18|0|18|0|18|0|18|0|18|0|18|0|18|0|18|0|18|0|18|63|59|0|18|276|262
0600000US3915558674|109|37|101|35|92|34|9|8|9|8|0|13|0|13|0|13|0|13|0|13|0|13|0|13|0|13|0|13|0|13|0|13|0|13|0|13|5|9|0|13|3|5
0600000US3915573397|1684|190|1467|193|1298|209|169|104|95|76|43|33|23|27|8|15|0|13|5|10|5|10|0|13|0|13|0|13|0|13|0|13|0|13|0|13|0|13|35|52|177|132
0600000US3915579856|580|171|544|172|503|156|41|39|41|39|0|13|0|13|0|13|0|13|0|13|0|13|0|13|0|13|0|13|0|13|0|13|0|13|0|13|21|30|0|13|15|22
0600000US3915580052|1980|212|1761|201|1601|206|160|84|140|77|0|13|20|35|0|13|0|13|3|7|3|7|0|13|0|13|0|13|0|13|0|13|0|13|0|13|80|95|34|37|102|62
0600000US3915580892|13038|806|11851|818|10082|787|1769|407|1158|299|596|344|0|27|15|22|0|27|243|153|243|153|0|27|0|27|0|27|0|27|8|13|0|27|21|35|194|92|107|99|614|177
0600000US3915580906|1786|241|1679|224|1511|228|168|81|164|79|4|8|0|13|0|13|0|13|0|13|0|13|0|13|0|13|0|13|0|13|0|13|8|14|0|13|32|38|19|22|48|38
0600000US3915582446|10998|568|10370|576|9525|614|845|276|753|265|81|68|7|12|0|24|4|8|39|39|39|39|0|24|0|24|0|24|0|24|34|55|0|24|18|21|62|45|63|56|412|171
0600000US3915588000|0|13|0|13|0|13|0|13|0|13|0|13|0|13|0|13|0|13|0|13|0|13|0|13|0|13|0|13|0|13|0|13|0|13|0|13|0|13|0|13|0|13
0600000US3915702918|454|134|313|103|249|87|64|57|3|6|14|20|23|22|0|13|24|33|0|13|0|13|0|13|0|13|0|13|0|13|0|13|0|13|28|40|75|75|32|48|6|12
0600000US3915709988|797|254|617|212|508|170|109|62|82|58|5|7|3|5|10|12|9|11|0|13|0|13|0|13|0|13|0|13|0|13|11|16|0|13|33|32|29|39|69|86|38|37
0600000US3915715574|1146|365|1023|353|1002|352|21|20|13|17|0|13|7|12|0|13|1|3|0|13|0|13|0|13|0|13|0|13|0|13|0|13|0|13|0|13|0|13|10|15|113|72
0600000US3915722456|5652|540|4959|452|4498|440|461|238|461|238|0|20|0|20|0|20|0|20|0|20|0|20|0|20|0|20|0|20|0|20|0|20|0|20|0|20|149|91|186|203|358|158
0600000US3915722470|2037|212|1903|209|1788|218|115|76|106|73|0|13|0|13|9|15|0|13|0|13|0|13|0|13|0|13|0|13|0|13|0|13|0|13|0|13|0|13|0|13|134|91
0600000US3915726082|767|233|691|218|636|203|55|69|55|69|0|13|0|13|0|13|0|13|0|13|0|13|0|13|0|13|0|13|0|13|0|13|0|13|0|13|0|13|0|13|76|76
0600000US3915728462|1995|271|1810|273|1618|250|192|108|111|74|45|65|0|13|36|37|0|13|0|13|0|13|0|13|0|13|0|13|0|13|0|13|0|13|0|13|22|16|62|72|101|70
0600000US3915731066|2337|191|2139|193|2032|189|107|49|93|50|8|10|6|9|0|18|0|18|0|18|0|18|0|18|0|18|0|18|0|18|0|18|0|18|83|84|0|18|0|18|115|56
0600000US3915738836|328|131|172|59|171|59|1|3|0|13|1|3|0|13|0|13|0|13|0|13|0|13|0|13|0|13|0|13|0|13|0|13|0|13|0|13|14|21|131|130|11|13
0600000US3915742182|3064|200|2728|192|2593|185|135|63|124|62|2|4|0|18|9|15|0|18|0|18|0|18|0|18|0|18|0|18|0|18|0|18|0|18|0|18|52|54|0|18|284|97
0600000US3915750232|4200|303|3770|300|3411|276|359|127|335|127|7|12|8|13|6|10|3|9|1|3|1|3|0|18|0|18|0|18|0|18|0|18|13|22|0|18|75|67|9|14|332|124
0600000US3915755216|8472|470|7526|511|7280|532|246|110|144|75|30|40|7|11|53|62|12|15|1|3|1|3|0|20|0|20|0|20|0|20|19|24|0|20|55|61|162|129|109|89|600|216
0600000US3915759304|1637|279|1502|271|1367|275|135|90|120|85|15|26|0|13|0|13|0|13|0|13|0|13|0|13|0|13|0|13|0|13|0|13|0|13|0|13|12|20|7|10|116|71
0600000US3915762092|59|48|59|48|50|44|9|13|9|13|0|13|0|13|0|13|0|13|0|13|0|13|0|13|0|13|0|13|0|13|0|13|0|13|0|13|0|13|0|13|0|13
0600000US3915769106|516|273|469|222|423|211|46|43|30|39|16|21|0|13|0|13|0|13|0|13|0|13|0|13|0|13|0|13|0|13|0|13|0|13|0|13|0|13|0|13|47|73
0600000US3915769974|808|289|748|283|711|280|37|43|37|43|0|13|0|13|0|13|0|13|0|13|0|13|0|13|0|13|0|13|0|13|0|13|18|28|0|13|8|10|0|13|34|26
0600000US3915770443|1030|290|889|280|811|262|78|73|78|73|0|13|0|13|0|13|0|13|0|13|0|13|0|13|0|13|0|13|0|13|0|13|0|13|0|13|25|28|0|13|116|76
0600000US3915775217|2179|220|1704|226|1394|240|310|167|149|137|77|79|63|72|21|32|0|13|0|13|0|13|0|13|0|13|0|13|0|13|0|13|0|13|144|92|133|65|37|29|161|94
0600000US3915778568|519|154|468|142|449|134|19|28|0|13|19|28|0|13|0|13|0|13|0|13|0|13|0|13|0|13|0|13|0|13|0|13|0|13|0|13|0|13|2|3|49|52
0600000US3915780920|359|146|298|141|268|140|30|48|30|48|0|13|0|13|0|13|0|13|0|13|0|13|0|13|0|13|0|13|0|13|0|13|0|13|0|13|0|13|0|13|61|58
0600000US3915781060|1210|208|1127|200|1056|200|71|61|71|61|0|13|0|13|0|13|0|13|0|13|0|13|0|13|0|13|0|13|0|13|0|13|0|13|0|13|7|11|0|13|76|53
0600000US3915781648|272|126|227|121|223|121|4|7|4|7|0|13|0|13|0|13|0|13|0|13|0|13|0|13|0|13|0|13|0|13|0|13|0|13|0|13|6|11|0|13|39|51
0600000US3915782292|1065|357|931|355|827|356|104|65|52|46|13|21|27|31|12|21|0|13|0|13|0|13|0|13|0|13|0|13|0|13|0|13|0|13|74|69|0|13|12|21|48|43
0600000US3915787094|520|156|469|143|405|122|64|53|64|53|0|13|0|13|0|13|0|13|0|13|0|13|0|13|0|13|0|13|0|13|0|13|0|13|0|13|11|17|0|13|40|42
0600000US3915901336|1545|149|1247|153|1241|151|6|9|6|9|0|13|0|13|0|13|0|13|10|18|0|13|0|13|0|13|0|13|10|18|0|13|18|32|0|13|8|13|5|8|257|105
0600000US3915915112|1740|205|1625|191|1503|194|122|83|102|80|20|19|0|13|0|13|0|13|21|21|21|21|0|13|0|13|0|13|0|13|0|13|0|13|9|15|6|11|0|13|79|48
0600000US3915920170|1147|114|888|156|834|152|54|40|54|40|0|13|0|13|0|13|0|13|0|13|0|13|0|13|0|13|0|13|0|13|0|13|0|13|0|13|0|13|2|3|257|96
0600000US3915922484|1484|175|1379|158|1334|161|45|33|9|16|21|22|15|21|0|13|0|13|0|13|0|13|0|13|0|13|0|13|0|13|0|13|0|13|0|13|4|8|0|13|101|84
0600000US3915938108|429|108|390|92|358|92|32|28|32|28|0|13|0|13|0|13|0|13|0|13|0|13|0|13|0|13|0|13|0|13|0|13|19|31|0|13|0|13|0|13|20|23
0600000US3915939046|5360|320|3612|383|3397|367|215|166|215|166|0|18|0|18|0|18|0|18|0|18|0|18|0|18|0|18|0|18|0|18|0|18|0|18|0|18|8|15|55|48|1685|272
0600000US3915942490|1017|219|858|214|666|162|192|119|191|119|0|13|0|13|0|13|1|3|0|13|0|13|0|13|0|13|0|13|0|13|0|13|0|13|0|13|0|13|0|13|159|91
0600000US3915943358|1064|261|909|244|818|213|91|76|47|58|44|52|0|13|0|13|0|13|0|13|0|13|0|13|0|13|0|13|0|13|0|13|0|13|0|13|14|17|0|13|141|66
0600000US3915950288|956|359|517|137|500|138|17|30|17|30|0|13|0|13|0|13|0|13|79|107|0|13|79|107|0|13|0|13|0|13|0|13|0|13|0|13|0|13|14|23|346|205
0600000US3915959864|13916|591|10744|735|9970|760|774|195|665|197|78|69|21|38|10|17|0|24|106|106|106|106|0|24|0|24|0|24|0|24|43|54|8|15|14|23|88|82|245|218|2668|681
0600000US3915976194|776|201|686|181|663|175|23|26|14|23|9|14|0|13|0|13|0|13|0|13|0|13|0|13|0|13|0|13|0|13|0|13|0|13|0|13|4|7|6|8|80|47
0600000US3915978582|887|146|752|123|644|105|108|62|98|57|10|15|0|13|0|13|0|13|0|13|0|13|0|13|0|13|0|13|0|13|0|13|0|13|0|13|0|13|14|16|121|84
0600000US3915981242|2086|289|1382|298|1255|298|127|93|104|68|23|37|0|13|0|13|0|13|0|13|0|13|0|13|0|13|0|13|0|13|0|13|0|13|0|13|20|29|18|27|666|164
0600000US3915981662|588|247|566|246|459|219|107|115|96|112|11|18|0|13|0|13|0|13|0|13|0|13|0|13|0|13|0|13|0|13|0|13|0|13|0|13|0|13|0|13|22|34
0600000US3915987122|322|131|285|120|268|119|17|18|6|10|0|13|0|13|11|16|0|13|0|13|0|13|0|13|0|13|0|13|0|13|0|13|0|13|0|13|6|10|0|13|31|25
0600000US3916134034|566|129|548|129|482|128|66|37|42|31|24|23|0|13|0|13|0|13|0|13|0|13|0|13|0|13|0|13|0|13|0|13|0|13|0|13|0|13|0|13|18|21
0600000US3916135756|286|115|257|107|257|107|0|13|0|13|0|13|0|13|0|13|0|13|0|13|0|13|0|13|0|13|0|13|0|13|0|13|0|13|0|13|0|13|0|13|29|43
0600000US3916138122|348|137|317|133|243|100|74|65|74|65|0|13|0|13|0|13|0|13|0|13|0|13|0|13|0|13|0|13|0|13|0|13|0|13|0|13|12|17|0|13|19|19
0600000US3916138990|266|106|257|104|216|89|41|39|41|39|0|13|0|13|0|13|0|13|0|13|0|13|0|13|0|13|0|13|0|13|0|13|0|13|0|13|9|13|0|13|0|13
0600000US3916143372|678|151|625|144|502|113|123|74|111|74|0|13|0|13|6|10|6|9|0|13|0|13|0|13|0|13|0|13|0|13|0|13|3|5|0|13|10|12|34|40|6|12
0600000US3916163408|5104|317|4718|332|4367|332|351|150|206|94|95|104|0|20|48|42|2|6|12|19|12|19|0|20|0|20|0|20|0|20|0|20|13|12|22|20|159|85|52|49|128|81
0600000US3916166978|1501|196|1340|171|1119|166|221|112|135|86|43|39|43|60|0|13|0|13|0|13|0|13|0|13|0|13|0|13|0|13|0|13|0|13|13|20|21|32|22|33|105|70
0600000US3916177756|918|170|856|163|826|161|30|27|28|26|2|4|0|13|0|13|0|13|0|13|0|13|0|13|0|13|0|13|0|13|0|13|0|13|0|13|7|8|12|16|43|39
0600000US3916178596|367|146|365|147|296|106|69|65|61|64|0|13|8|13|0|13|0|13|0|13|0|13|0|13|0|13|0|13|0|13|0|13|0|13|0|13|2|6|0|13|0|13
0600000US3916181676|2841|212|2649|218|2525|234|124|99|86|91|37|41|0|18|1|3|0|18|0|18|0|18|0|18|0|18|0|18|0|18|0|18|0|18|0|18|29|43|9|15|154|101
0600000US3916185750|553|130|525|123|473|122|52|31|29|24|0|13|5|6|18|17|0|13|0|13|0|13|0|13|0|13|0|13|0|13|0|13|0|13|0|13|13|16|0|13|15|17
0600000US3916187136|348|160|347|161|339|160|8|10|8|10|0|13|0|13|0|13|0|13|0|13|0|13|0|13|0|13|0|13|0|13|0|13|0|13|0|13|0|13|1|2|0|13
0600000US3916309526|109|86|109|86|97|73|12|20|12|20|0|13|0|13|0|13|0|13|0|13|0|13|0|13|0|13|0|13|0|13|0|13|0|13|0|13|0|13|0|13|0|13
0600000US3916316210|529|129|474|129|435|127|39|24|34|22|0|13|0|13|0|13|5|7|3|5|3|5|0|13|0|13|0|13|0|13|0|13|0|13|0|13|0|13|0|13|52|47
0600000US3916323100|284|174|284|174|253|165|31|40|12|31|0|13|0|13|19|28|0|13|0|13|0|13|0|13|0|13|0|13|0|13|0|13|0|13|0|13|0|13|0|13|0|13
0600000US3916324892|1478|170|1308|180|1183|191|125|80|105|70|12|20|8|15|0|13|0|13|0|13|0|13|0|13|0|13|0|13|0|13|0|13|0|13|0|13|51|52|0|13|119|74
0600000US3916334048|319|155|255|132|255|132|0|13|0|13|0|13|0|13|0|13|0|13|0|13|0|13|0|13|0|13|0|13|0|13|0|13|0|13|0|13|0|13|0|13|64|95
0600000US3916338136|217|133|186|120|186|120|0|13|0|13|0|13|0|13|0|13|0|13|0|13|0|13|0|13|0|13|0|13|0|13|0|13|0|13|0|13|0|13|0|13|31|42
0600000US3916340880|323|145|277|148|277|148|0|13|0|13|0|13|0|13|0|13|0|13|0|13|0|13|0|13|0|13|0|13|0|13|0|13|0|13|0|13|7|14|0|13|39|36
0600000US3916346620|262|149|168|89|165|89|3|6|3|6|0|13|0|13|0|13|0|13|0|13|0|13|0|13|0|13|0|13|0|13|0|13|0|13|0|13|0|13|0|13|94|92
0600000US3916366768|685|262|616|226|616|226|0|13|0|13|0|13|0|13|0|13|0|13|0|13|0|13|0|13|0|13|0|13|0|13|0|13|0|13|0|13|6|9|0|13|63|71
0600000US3916375854|323|151|296|149|296|149|0|13|0|13|0|13|0|13|0|13|0|13|0|13|0|13|0|13|0|13|0|13|0|13|0|13|0|13|0|13|0|13|0|13|27|33
0600000US3916380192|212|101|197|91|107|69|90|63|76|55|14|21|0|13|0|13|0|13|0|13|0|13|0|13|0|13|0|13|0|13|0|13|0|13|0|13|0|13|0|13|15|25
0600000US3916385204|389|119|373|119|368|117|5|8|5|8|0|13|0|13|0|13|0|13|0|13|0|13|0|13|0|13|0|13|0|13|0|13|0|13|0|13|0|13|0|13|16|20
0600000US3916515700|17892|783|14547|819|13301|836|1246|439|820|330|326|274|60|53|17|30|23|37|0|27|0|27|0|27|0|27|0|27|0|27|10|15|0|27|0|27|213|136|33|45|3089|416
0600000US3916521238|22755|896|17421|935|16437|927|984|327|773|261|89|76|45|70|77|112|0|27|92|96|92|96|0|27|0|27|0|27|0|27|80|80|14|21|84|72|159|90|177|139|4728|492
0600000US3916528490|16052|662|14558|657|13137|664|1421|451|1103|370|171|152|89|90|44|52|14|20|30|31|30|31|0|27|0|27|0|27|0|27|0|27|0|27|26|52|149|101|152|136|1137|251
0600000US3916533068|16591|1009|13145|1066|12296|1045|849|377|640|356|160|140|11|18|38|61|0|27|166|170|166|170|0|27|0|27|0|27|0|27|0|27|0|27|0|27|223|239|49|45|3008|602
0600000US3916533474|2331|267|1875|265|1751|241|124|91|124|91|0|18|0|18|0|18|0|18|0|18|0|18|0|18|0|18|0|18|0|18|0|18|0|18|0|18|53|38|8|13|395|130
0600000US3916542364|10406|721|9080|716|8030|751|1050|285|838|252|171|155|22|34|19|16|0|24|0|24|0|24|0|24|0|24|0|24|0|24|70|100|0|24|0|24|152|112|37|51|1067|318
0600000US3916545108|549|195|458|175|458|175|0|13|0|13|0|13|0|13|0|13|0|13|0|13|0|13|0|13|0|13|0|13|0|13|0|13|0|13|0|13|0|13|0|13|91|84
0600000US3916548188|18172|953|14084|1145|13169|1166|915|319|642|221|259|209|0|27|14|28|0|27|68|65|68|65|0|27|0|27|0|27|0|27|51|70|0|27|0|27|19|29|62|45|3888|486
0600000US3916548216|664|190|577|178|525|171|52|43|52|43|0|13|0|13|0|13|0|13|0|13|0|13|0|13|0|13|0|13|0|13|0|13|0|13|0|13|7|11|0|13|80|46
0600000US3916569988|2277|175|1760|178|1639|186|121|66|94|58|27|30|0|18|0|18|0|18|0|18|0|18|0|18|0|18|0|18|0|18|0|18|0|18|0|18|4|6|18|28|495|132
0600000US3916577868|6016|407|4735|401|4408|434|327|214|129|77|187|208|0|20|11|18|0|20|0|20|0|20|0|20|0|20|0|20|0|20|45|66|0|20|0|20|81|72|5|8|1150|295
0600000US3916578610|3093|354|2839|349|2719|361|120|88|108|78|12|23|0|18|0|18|0|18|0|18|0|18|0|18|0|18|0|18|0|18|0|18|0|18|0|18|0|18|36|45|218|147
0600000US3916581690|1659|188|1437|199|1392|196|45|35|45|35|0|13|0|13|0|13|0|13|0|13|0|13|0|13|0|13|0|13|0|13|0|13|0|13|0|13|0|13|69|105|153|76
0600000US3916582306|4269|313|3735|367|3408|364|327|164|272|146|55|36|0|18|0|18|0|18|0|18|0|18|0|18|0|18|0|18|0|18|0|18|0|18|0|18|25|30|0|18|509|170
0600000US3916700338|464|144|430|130|414|127|16|12|16|12|0|13|0|13|0|13|0|13|0|13|0|13|0|13|0|13|0|13|0|13|0|13|0|13|0|13|0|13|0|13|34|40
0600000US3916703072|139|118|137|118|137|118|0|13|0|13|0|13|0|13|0|13|0|13|0|13|0|13|0|13|0|13|0|13|0|13|0|13|0|13|0|13|0|13|0|13|2|3
0600000US3916703898|956|308|796|256|789|253|7|16|0|13|7|16|0|13|0|13|0|13|0|13|0|13|0|13|0|13|0|13|0|13|0|13|0|13|0|13|0|13|0|13|160|176
0600000US3916705424|3176|341|2827|348|2633|368|194|118|140|109|9|16|0|18|33|35|12|19|0|18|0|18|0|18|0|18|0|18|0|18|0|18|0|18|0|18|12|19|0|18|337|134
0600000US3916705438|1817|237|1598|278|1529|277|69|47|69|47|0|13|0|13|0|13|0|13|0|13|0|13|0|13|0|13|0|13|0|13|0|13|0|13|0|13|0|13|0|13|219|90
0600000US3916721098|325|142|242|133|242|133|0|13|0|13|0|13|0|13|0|13|0|13|0|13|0|13|0|13|0|13|0|13|0|13|0|13|0|13|0|13|62|88|21|36|0|13
0600000US3916722918|1221|157|1123|162|1096|160|27|43|0|13|27|43|0|13|0|13|0|13|0|13|0|13|0|13|0|13|0|13|0|13|0|13|0|13|0|13|0|13|0|13|98|93
0600000US3916726096|319|143|319|143|319|143|0|13|0|13|0|13|0|13|0|13|0|13|0|13|0|13|0|13|0|13|0|13|0|13|0|13|0|13|0|13|0|13|0|13|0|13
0600000US3916726810|542|214|499|205|463|197|36|35|36|35|0|13|0|13|0|13|0|13|0|13|0|13|0|13|0|13|0|13|0|13|0|13|0|13|0|13|0|13|0|13|43|49
0600000US3916731276|455|124|415|120|359|107|56|41|38|36|0|13|7|12|11|17|0|13|0|13|0|13|0|13|0|13|0|13|0|13|0|13|0|13|0|13|11|16|0|13|29|29
0600000US3916737268|82|60|68|54|55|44|13|20|13|20|0|13|0|13|0|13|0|13|0|13|0|13|0|13|0|13|0|13|0|13|0|13|0|13|0|13|0|13|14|28|0|13
0600000US3916742196|344|130|322|135|247|106|75|98|75|98|0|13|0|13|0|13|0|13|0|13|0|13|0|13|0|13|0|13|0|13|0|13|0|13|0|13|0|13|0|13|22|31
0600000US3916743386|98|84|98|84|27|37|71|76|71|76|0|13|0|13|0|13|0|13|0|13|0|13|0|13|0|13|0|13|0|13|0|13|0|13|0|13|0|13|0|13|0|13
0600000US3916745360|183|121|158|107|117|91|41|57|41|57|0|13|0|13|0|13|0|13|0|13|0|13|0|13|0|13|0|13|0|13|0|13|0|13|0|13|0|13|0|13|25|37
0600000US3916747628|5911|273|4911|319|4235|375|676|186|524|162|137|108|0|20|0|20|15|22|8|11|8|11|0|20|0|20|0|20|0|20|0|20|7|13|63|52|406|113|17|17|499|158
0600000US3916747642|1734|226|1628|225|1465|224|163|90|132|84|31|35|0|13|0|13|0|13|11|16|1|2|0|13|0|13|0|13|10|15|0|13|0|13|0|13|0|13|0|13|95|61
0600000US3916753452|1995|195|1787|187|1691|174|96|57|73|55|15|16|0|13|8|13|0|13|33|47|33|47|0|13|0|13|0|13|0|13|0|13|0|13|0|13|0|13|22|23|153|57
0600000US3916755356|1031|281|984|287|941|291|43|59|43|59|0|13|0|13|0|13|0|13|0|13|0|13|0|13|0|13|0|13|0|13|0|13|0|13|0|13|9|15|23|30|15|24
0600000US3916759626|592|230|548|222|465|210|83|57|64|51|19|26|0|13|0|13|0|13|44|41|44|41|0|13|0|13|0|13|0|13|0|13|0|13|0|13|0|13|0|13|0|13
0600000US3916770002|612|311|525|279|490|275|35|43|6|9|29|43|0|13|0|13|0|13|0|13|0|13|0|13|0|13|0|13|0|13|0|13|0|13|0|13|17|23|0|13|70|81
0600000US3916780934|1921|166|1763|168|1560|177|203|92|120|79|51|48|25|34|7|11|0|13|34|50|34|50|0|13|0|13|0|13|0|13|0|13|0|13|0|13|10|15|0|13|114|59
0600000US3916781774|1549|183|1405|185|1314|194|91|58|91|58|0|13|0|13|0|13|0|13|0|13|0|13|0|13|0|13|0|13|0|13|0|13|0|13|0|13|12|15|27|28|105|86
0600000US3916781844|531|167|434|139|427|138|7|12|0|13|0|13|7|12|0|13|0|13|0|13|0|13|0|13|0|13|0|13|0|13|0|13|0|13|0|13|0|13|0|13|97|71
0600000US3916782838|345|177|306|174|275|166|31|40|31|40|0|13|0|13|0|13|0|13|0|13|0|13|0|13|0|13|0|13|0|13|0|13|0|13|0|13|39|57|0|13|0|13
0600000US3916904276|2171|143|1916|151|1761|156|155|68|108|46|10|10|3|6|34|51|0|13|0|13|0|13|0|13|0|13|0|13|0|13|0|13|0|13|0|13|101|41|15|18|139|57
0600000US3916911276|2360|223|2106|214|1996|203|110|55|65|37|33|30|5|7|0|18|7|11|0|18|0|18|0|18|0|18|0|18|0|18|0|18|0|18|0|18|20|26|20|17|214|79
0600000US3916914044|1493|165|1322|166|1067|185|255|116|231|112|0|13|0|13|24|28|0|13|7|17|7|17|0|13|0|13|0|13|0|13|0|13|0|13|0|13|33|42|0|13|131|69
0600000US3916914240|4647|344|4312|356|4100|343|212|99|149|91|32|40|0|18|0|18|31|31|18|27|0|18|0|18|0|18|0|18|18|27|0|18|0|18|0|18|53|48|46|72|218|103
0600000US3916916224|1562|199|1337|198|1176|188|161|74|93|57|35|33|6|6|27|22|0|13|0|13|0|13|0|13|0|13|0|13|0|13|0|13|0|13|0|13|127|85|0|13|98|69
0600000US3916918322|1822|247|1603|263|1506|255|97|56|78|55|9|10|10|15|0|13|0|13|0|13|0|13|0|13|0|13|0|13|0|13|0|13|0|13|0|13|86|91|42|33|91|49
0600000US3916924136|3049|296|1934|278|1563|229|371|131|192|97|120|96|15|17|34|24|10|17|0|18|0|18|0|18|0|18|0|18|0|18|46|45|24|29|452|285|278|126|182|110|133|60
0600000US3916928504|1940|210|1574|213|1079|241|495|139|69|43|90|75|119|79|90|62|127|115|7|11|7|11|0|13|0|13|0|13|0|13|38|44|0|13|44|37|65|67|0|13|212|103
0600000US3916931878|6007|349|5494|317|4807|299|687|208|571|169|57|46|54|75|5|7|0|20|0|20|0|20|0|20|0|20|0|20|0|20|13|22|0|20|53|45|112|93|95|95|240|84
0600000US3916950666|1303|152|1189|172|1145|167|44|27|44|27|0|13|0|13|0|13|0|13|0|13|0|13|0|13|0|13|0|13|0|13|0|13|0|13|0|13|68|41|13|20|33|22
0600000US3916957260|0|13|0|13|0|13|0|13|0|13|0|13|0|13|0|13|0|13|0|13|0|13|0|13|0|13|0|13|0|13|0|13|0|13|0|13|0|13|0|13|0|13
0600000US3916959556|1206|182|569|132|233|80|336|103|83|56|129|83|43|33|8|14|73|49|0|13|0|13|0|13|0|13|0|13|0|13|30|28|0|13|63|39|147|58|148|85|249|139
0600000US3916962995|1496|173|1369|186|1276|184|93|47|46|43|6|11|10|15|31|32|0|13|0|13|0|13|0|13|0|13|0|13|0|13|0|13|0|13|9|15|34|27|17|27|67|43
0600000US3916967356|2728|281|2419|288|2196|268|223|103|166|89|35|59|0|18|22|36|0|18|17|25|17|25|0|18|0|18|0|18|0|18|0|18|0|18|9|15|43|38|28|39|212|98
0600000US3916970198|2151|188|1313|221|594|177|719|139|270|94|109|65|159|74|130|66|51|33|49|72|49|72|0|13|0|13|0|13|0|13|55|55|0|13|185|112|281|116|139|95|129|65
0600000US3916975231|3087|242|2600|256|2330|264|270|73|133|52|28|16|55|41|54|39|0|18|0|18|0|18|0|18|0|18|0|18|0|18|5|9|7|11|40|26|85|50|137|90|213|68
0600000US3916982320|1765|258|1558|291|1382|293|176|110|168|110|8|13|0|13|0|13|0|13|0|13|0|13|0|13|0|13|0|13|0|13|0|13|17|26|0|13|31|50|17|21|142|93
0600000US3916986548|13168|633|11041|722|9803|741|1238|473|952|271|120|101|23|34|0|24|143|212|0|24|0|24|0|24|0|24|0|24|0|24|0|24|15|24|67|51|1004|196|25|24|1016|288
0600000US3916986562|1987|297|1774|292|1742|289|32|35|32|35|0|13|0|13|0|13|0|13|0|13|0|13|0|13|0|13|0|13|0|13|0|13|0|13|0|13|0|13|0|13|213|121
0600000US3917108140|1143|164|1090|155|1047|152|43|25|43|25|0|13|0|13|0|13|0|13|6|9|6|9|0|13|0|13|0|13|0|13|0|13|4|8|11|18|0|13|3|15|29|24
0600000US3917108630|779|204|711|193|602|165|109|67|66|70|0|13|0|13|43|50|0|13|0|13|0|13|0|13|0|13|0|13|0|13|0|13|0|13|0|13|13|15|0|13|55|60
0600000US3917109792|4098|378|3760|337|3397|321|363|170|265|133|39|46|33|28|26|45|0|18|65|81|65|81|0|18|0|18|0|18|0|18|0|18|0|18|29|33|131|101|0|18|113|72
0600000US3917113008|1391|153|1391|153|1266|157|125|83|77|69|0|13|48|62|0|13|0|13|0|13|0|13|0|13|0|13|0|13|0|13|0|13|0|13|0|13|0|13|0|13|0|13
0600000US3917127530|1056|187|994|181|893|158|101|60|64|41|33|48|4|6|0|13|0|13|0|13|0|13|0|13|0|13|0|13|0|13|0|13|0|13|2|4|21|14|4|6|35|27
0600000US3917138864|771|222|751|216|738|217|13|20|0|13|13|20|0|13|0|13|0|13|6|9|6|9|0|13|0|13|0|13|0|13|0|13|0|13|0|13|0|13|0|13|14|19
0600000US3917146634|440|178|440|178|428|173|12|20|12|20|0|13|0|13|0|13|0|13|0|13|0|13|0|13|0|13|0|13|0|13|0|13|0|13|0|13|0|13|0|13|0|13
0600000US3917150302|306|147|283|123|274|123|9|2|9|2|0|13|0|13|0|13|0|13|0|13|0|13|0|13|0|13|0|13|0|13|0|13|0|13|0|13|0|13|0|13|23|35
0600000US3917151772|1578|160|1516|149|1416|145|100|58|92|57|8|12|0|13|0|13|0|13|0|13|0|13|0|13|0|13|0|13|0|13|0|13|0|13|10|16|27|38|0|13|25|25
0600000US3917157162|756|292|740|293|691|292|49|43|49|43|0|13|0|13|0|13|0|13|0|13|0|13|0|13|0|13|0|13|0|13|0|13|0|13|0|13|0|13|0|13|16|24
0600000US3917162834|564|130|511|124|474|119|37|28|25|18|12|22|0|13|0|13|0|13|0|13|0|13|0|13|0|13|0|13|0|13|0|13|0|13|13|21|19|19|0|13|21|22
0600000US3917164920|1161|245|1056|230|926|195|130|82|99|57|0|13|0|13|31|43|0|13|0|13|0|13|0|13|0|13|0|13|0|13|0|13|0|13|11|18|52|52|8|13|34|45
0600000US3917169638|1315|133|1221|125|1133|135|88|49|64|41|24|28|0|13|0|13|0|13|26|38|26|38|0|13|0|13|0|13|0|13|0|13|0|13|8|12|20|18|3|6|37|39
0600000US3917174131|1272|141|1204|144|1085|137|119|63|79|46|31|39|9|13|0|13|0|13|0|13|0|13|0|13|0|13|0|13|0|13|0|13|0|13|0|13|22|29|3|5|43|34
0600000US3917175819|628|189|615|192|568|186|47|39|32|32|10|16|0|13|5|7|0|13|0|13|0|13|0|13|0|13|0|13|0|13|0|13|0|13|0|13|0|13|13|17|0|13
0600000US3917307020|1252|97|1216|92|1076|103|140|55|130|53|9|19|1|3|0|13|0|13|0|13|0|13|0|13|0|13|0|13|0|13|0|13|0|13|0|13|4|6|4|5|28|16
0600000US3917307972|14913|743|11940|728|10903|725|1037|310|674|258|326|194|37|33|0|27|0|27|104|106|59|79|0|27|0|27|0|27|45|69|15|24|0|27|41|41|1279|301|54|64|1480|423
0600000US3917313015|528|182|515|184|503|175|12|23|1|14|11|18|0|13|0|13|0|13|0|13|0|13|0|13|0|13|0|13|0|13|0|13|0|13|0|13|0|13|0|13|13|19
0600000US3917328014|547|147|484|141|325|126|159|93|149|94|10|14|0|13|0|13|0|13|0|13|0|13|0|13|0|13|0|13|0|13|0|13|0|13|0|13|59|76|0|13|4|7
0600000US3917328756|1212|131|1087|151|1031|151|56|41|27|26|25|32|0|13|0|13|4|6|1|3|1|3|0|13|0|13|0|13|0|13|0|13|0|13|0|13|3|5|3|5|118|87
0600000US3917331220|1071|209|998|208|827|125|171|184|13|14|147|180|2|3|0|13|9|13|0|13|0|13|0|13|0|13|0|13|0|13|0|13|0|13|0|13|10|11|0|13|63|36
0600000US3917334986|1609|194|1508|195|1298|208|210|100|162|92|0|13|0|13|0|13|48|50|0|13|0|13|0|13|0|13|0|13|0|13|0|13|0|13|0|13|40|47|16|23|45|37
0600000US3917338164|309|82|302|81|274|84|28|23|22|22|6|9|0|13|0|13|0|13|0|13|0|13|0|13|0|13|0|13|0|13|0|13|0|13|0|13|0|13|7|10|0|13
0600000US3917341328|5727|377|5383|375|5108|383|275|111|169|81|96|77|10|17|0|20|0|20|0|20|0|20|0|20|0|20|0|20|0|20|0|20|0|20|10|16|78|60|21|24|235|101
0600000US3917343400|806|179|791|180|671|167|120|75|63|43|43|56|14|21|0|13|0|13|0|13|0|13|0|13|0|13|0|13|0|13|0|13|0|13|0|13|0|13|0|13|15|14
0600000US3917349812|2878|292|2507|310|2462|307|45|46|37|40|8|14|0|18|0|18|0|18|0|18|0|18|0|18|0|18|0|18|0|18|0|18|0|18|0|18|4|8|0|18|367|138
0600000US3917350680|583|130|555|125|514|120|41|25|33|27|8|9|0|13|0|13|0|13|0|13|0|13|0|13|0|13|0|13|0|13|0|13|0|13|0|13|0|13|0|13|28|25
0600000US3917351744|1912|158|1822|162|1660|169|162|68|106|52|33|31|0|13|23|17|0|13|11|17|0|13|0|13|0|13|0|13|11|17|0|13|0|13|0|13|37|28|0|13|42|28
0600000US3917357190|2807|280|2620|291|2524|324|96|104|68|97|0|18|28|34|0|18|0|18|0|18|0|18|0|18|0|18|0|18|0|18|0|18|0|18|0|18|0|18|80|104|107|96
0600000US3917362106|545|140|507|138|504|137|3|6|3|6|0|13|0|13|0|13|0|13|0|13|0|13|0|13|0|13|0|13|0|13|0|13|0|13|0|13|1|2|0|13|37|33
0600000US3917362148|12550|446|10319|526|9822|569|497|178|347|135|22|35|35|48|56|87|37|31|6|11|6|11|0|24|0|24|0|24|0|24|0|24|21|33|13|23|58|59|36|50|2097|412
0600000US3917362162|7131|446|6193|452|5866|447|327|162|286|157|13|22|28|33|0|20|0|20|0|20|0|20|0|20|0|20|0|20|0|20|0|20|33|62|0|20|115|121|51|61|739|230
0600000US3917363002|619|200|600|198|567|184|33|36|33|36|0|13|0|13|0|13|0|13|0|13|0|13|0|13|0|13|0|13|0|13|0|13|0|13|0|13|0|13|0|13|19|19
0600000US3917364122|791|161|741|156|652|162|89|65|58|58|31|36|0|13|0|13|0|13|4|8|4|8|0|13|0|13|0|13|0|13|0|13|0|13|0|13|0|13|4|7|42|31
0600000US3917368686|3535|299|3167|284|2910|288|257|119|144|102|113|77|0|18|0|18|0|18|0|18|0|18|0|18|0|18|0|18|0|18|0|18|72|77|0|18|87|81|0|18|209|103
0600000US3917377630|2072|201|1910|197|1787|205|123|79|102|76|4|6|17|24|0|13|0|13|0|13|0|13|0|13|0|13|0|13|0|13|0|13|0|13|0|13|3|4|32|43|127|60
0600000US3917381704|867|197|817|196|773|194|44|33|31|29|13|16|0|13|0|13|0|13|0|13|0|13|0|13|0|13|0|13|0|13|0|13|0|13|0|13|1|2|4|6|45|34
0600000US3917382544|741|176|707|165|682|166|25|29|25|29|0|13|0|13|0|13|0|13|0|13|0|13|0|13|0|13|0|13|0|13|0|13|0|13|0|13|0|13|0|13|34|37
0600000US3917383986|1176|242|1117|237|1013|217|104|76|91|76|13|10|0|13|0|13|0|13|0|13|0|13|0|13|0|13|0|13|0|13|0|13|0|13|0|13|9|10|5|7|45|33
0600000US3917502190|603|130|588|128|546|128|42|36|35|35|7|10|0|13|0|13|0|13|0|13|0|13|0|13|0|13|0|13|0|13|0|13|0|13|8|12|0|13|0|13|7|9
0600000US3917519190|3746|232|3494|254|3234|255|260|107|199|93|19|21|39|48|0|18|3|9|16|22|16|22|0|18|0|18|0|18|0|18|0|18|0|18|0|18|82|62|9|14|145|69
0600000US3917519246|2348|203|2263|210|2104|216|159|87|154|86|5|7|0|13|0|13|0|13|4|9|4|9|0|13|0|13|0|13|0|13|0|13|0|13|0|13|0|13|0|13|81|64
0600000US3917524360|409|132|378|131|352|130|26|21|23|20|3|7|0|13|0|13|0|13|0|13|0|13|0|13|0|13|0|13|0|13|0|13|0|13|0|13|17|17|2|4|12|13
0600000US3917538178|122|54|120|52|120|52|0|13|0|13|0|13|0|13|0|13|0|13|0|13|0|13|0|13|0|13|0|13|0|13|0|13|0|13|0|13|2|8|0|13|0|13
0600000US3917548006|235|94|219|93|200|85|19|15|3|7|0|13|16|13|0|13|0|13|0|13|0|13|0|13|0|13|0|13|0|13|0|13|0|13|0|13|7|11|0|13|9|13
0600000US3917550106|318|121|289|97|289|97|0|13|0|13|0|13|0|13|0|13|0|13|0|13|0|13|0|13|0|13|0|13|0|13|0|13|0|13|0|13|0|13|0|13|29|41
0600000US3917562904|464|142|464|142|443|139|21|18|12|14|9|11|0|13|0|13|0|13|0|13|0|13|0|13|0|13|0|13|0|13|0|13|0|13|0|13|0|13|0|13|0|13
0600000US3917566782|443|122|394|120|367|118|27|20|19|17|8|9|0|13|0|13|0|13|0|13|0|13|0|13|0|13|0|13|0|13|0|13|0|13|10|15|23|22|0|13|16|18
0600000US3917566992|309|136|302|137|302|137|0|13|0|13|0|13|0|13|0|13|0|13|0|13|0|13|0|13|0|13|0|13|0|13|0|13|0|13|0|13|0|13|0|13|7|10
0600000US3917570016|377|174|366|171|332|164|34|48|34|48|0|13|0|13|0|13|0|13|0|13|0|13|0|13|0|13|0|13|0|13|0|13|0|13|0|13|0|13|0|13|11|18
0600000US3917575987|611|141|595|140|554|139|41|38|38|38|2|4|1|4|0|13|0|13|3|6|0|13|0|13|0|13|2|3|1|4|0|13|0|13|0|13|5|7|2|4|6|6
0600000US3917578141|674|190|448|148|438|147|10|17|10|17|0|13|0|13|0|13|0|13|0|13|0|13|0|13|0|13|0|13|0|13|0|13|0|13|0|13|105|129|20|30|101|100
1600000US3900142|436|129|431|130|346|128|85|45|85|45|0|13|0|13|0|13|0|13|0|13|0|13|0|13|0|13|0|13|0|13|0|13|0|13|0|13|2|5|0|13|3|5
1600000US3900198|2253|342|1697|296|1513|268|184|104|157|98|12|23|0|13|0|13|15|24|0|13|0|13|0|13|0|13|0|13|0|13|0|13|0|13|0|13|366|126|0|13|190|94
1600000US3900380|203|160|192|146|188|146|4|6|4|6|0|13|0|13|0|13|0|13|0|13|0|13|0|13|0|13|0|13|0|13|0|13|0|13|0|13|0|13|0|13|11|18
1600000US3900436|303|114|260|110|221|84|39|42|0|13|33|42|6|9|0|13|0|13|10|13|10|13|0|13|0|13|0|13|0|13|0|13|0|13|0|13|0|13|0|13|33|30
1600000US3900450|144|78|135|75|127|72|8|10|4|7|4|7|0|13|0|13|0|13|0|13|0|13|0|13|0|13|0|13|0|13|0|13|0|13|0|13|0|13|0|13|9|10
1600000US3900464|228|66|219|66|216|65|3|6|3|6|0|13|0|13|0|13|0|13|0|13|0|13|0|13|0|13|0|13|0|13|0|13|0|13|0|13|0|13|0|13|9|8
1600000US3900541|254|158|254|158|229|150|25|39|25|39|0|13|0|13|0|13|0|13|0|13|0|13|0|13|0|13|0|13|0|13|0|13|0|13|0|13|0|13|0|13|0|13
1600000US3901000|87247|1525|74307|1712|64799|1631|9508|900|7668|785|1055|338|500|223|191|159|94|65|1885|415|1848|407|0|30|0|30|37|54|0|30|116|110|31|37|116|72|1444|226|957|276|8391|863
1600000US3901042|420|123|363|107|332|97|31|35|31|35|0|13|0|13|0|13|0|13|0|13|0|13|0|13|0|13|0|13|0|13|0|13|0|13|0|13|6|8|17|19|34|30
1600000US3901154|281|85|203|64|185|61|18|17|18|17|0|13|0|13|0|13|0|13|0|13|0|13|0|13|0|13|0|13|0|13|0|13|0|13|0|13|5|5|18|22|55|29
1600000US3901210|297|90|272|84|237|76|35|27|31|22|4|9|0|13|0|13|0|13|0|13|0|13|0|13|0|13|0|13|0|13|0|13|0|13|0|13|16|26|0|13|9|8
1600000US3901420|9662|731|8159|660|7194|686|965|221|796|226|138|95|22|20|0|24|9|17|114|68|114|68|0|24|0|24|0|24|0|24|6|9|0|24|39|38|431|182|156|96|757|203
1600000US3901588|66|57|66|57|57|56|9|2|9|2|0|13|0|13|0|13|0|13|0|13|0|13|0|13|0|13|0|13|0|13|0|13|0|13|0|13|0|13|0|13|0|13
1600000US3901630|282|105|216|83|216|83|0|13|0|13|0|13|0|13|0|13|0|13|0|13|0|13|0|13|0|13|0|13|0|13|0|13|0|13|0|13|24|29|0|13|42|33
1600000US3901672|1775|207|1402|209|1285|222|117|87|101|87|7|12|9|14|0|13|0|13|0|13|0|13|0|13|0|13|0|13|0|13|0|13|0|13|0|13|11|16|22|24|340|123
1600000US3901742|6292|611|5479|635|4975|578|504|297|387|236|59|91|18|29|25|34|15|25|39|60|39|60|0|20|0|20|0|20|0|20|0|20|0|20|0|20|109|95|0|20|665|224
1600000US3901784|66|38|54|34|48|33|6|10|6|10|0|13|0|13|0|13|0|13|0|13|0|13|0|13|0|13|0|13|0|13|0|13|0|13|0|13|10|12|0|13|2|4
1600000US3901798|6490|511|5808|536|5183|587|625|191|460|150|134|119|31|32|0|20|0|20|14|21|1|5|0|20|0|20|0|20|13|21|0|20|0|20|0|20|48|40|25|30|595|169
1600000US3901938|183|57|174|56|164|54|10|8|10|8|0|13|0|13|0|13|0|13|0|13|0|13|0|13|0|13|0|13|0|13|0|13|0|13|0|13|1|3|0|13|8|8
1600000US3902022|194|90|176|82|143|71|33|32|21|28|12|17|0|13|0|13|0|13|0|13|0|13|0|13|0|13|0|13|0|13|0|13|0|13|0|13|0|13|0|13|18|18
1600000US3902050|279|123|221|105|219|105|2|4|0|13|2|4|0|13|0|13|0|13|0|13|0|13|0|13|0|13|0|13|0|13|0|13|0|13|0|13|31|24|0|13|27|29
1600000US3902092|874|159|814|153|760|134|54|40|54|40|0|13|0|13|0|13|0|13|0|13|0|13|0|13|0|13|0|13|0|13|0|13|0|13|7|7|3|4|4|6|46|36
1600000US3902120|553|116|537|114|517|109|20|22|20|22|0|13|0|13|0|13|0|13|0|13|0|13|0|13|0|13|0|13|0|13|0|13|0|13|6|10|7|8|0|13|3|5
1600000US3902148|14|14|14|14|14|14|0|13|0|13|0|13|0|13|0|13|0|13|0|13|0|13|0|13|0|13|0|13|0|13|0|13|0|13|0|13|0|13|0|13|0|13
1600000US3902204|849|138|799|129|749|125|50|29|40|27|6|8|4|6|0|13|0|13|0|13|0|13|0|13|0|13|0|13|0|13|0|13|0|13|0|13|14|24|21|24|15|15
1600000US3902232|530|130|453|114|420|104|33|23|22|20|8|8|0|13|3|6|0|13|0|13|0|13|0|13|0|13|0|13|0|13|0|13|0|13|0|13|20|21|18|27|39|22
1600000US3902266|2484|333|2187|347|2019|343|168|144|115|126|53|73|0|18|0|18|0|18|1|6|1|6|0|18|0|18|0|18|0|18|0|18|0|18|0|18|0|18|22|39|274|158
1600000US3902274|104|40|101|40|76|34|25|17|25|17|0|13|0|13|0|13|0|13|0|13|0|13|0|13|0|13|0|13|0|13|0|13|0|13|0|13|0|13|2|3|1|2
1600000US3902316|307|96|292|92|286|91|6|7|6|7|0|13|0|13|0|13|0|13|0|13|0|13|0|13|0|13|0|13|0|13|0|13|0|13|0|13|5|7|0|13|10|9
1600000US3902330|1195|170|1116|164|1059|162|57|39|57|39|0|13|0|13|0|13|0|13|0|13|0|13|0|13|0|13|0|13|0|13|0|13|0|13|0|13|0|13|7|10|72|33
1600000US3902344|2126|243|2036|253|1986|257|50|38|50|38|0|13|0|13|0|13|0|13|0|13|0|13|0|13|0|13|0|13|0|13|0|13|10|16|7|13|4|10|9|14|60|56
1600000US3902400|629|132|565|120|552|119|13|11|6|7|4|7|0|13|3|6|0|13|0|13|0|13|0|13|0|13|0|13|0|13|0|13|0|13|0|13|7|9|0|13|57|38
1600000US3902428|461|148|413|138|304|91|109|80|67|70|22|24|13|18|0|13|7|13|6|10|6|10|0|13|0|13|0|13|0|13|0|13|3|5|0|13|39|29|0|13|0|13
1600000US3902568|9099|439|7794|457|7189|456|605|181|532|185|73|61|0|20|0|20|0|20|9|14|9|14|0|20|0|20|0|20|0|20|62|76|0|20|98|101|400|119|30|36|706|197
1600000US3902582|752|176|696|160|602|141|94|61|76|55|18|27|0|13|0|13|0|13|0|13|0|13|0|13|0|13|0|13|0|13|0|13|0|13|3|6|16|24|9|10|28|21
1600000US3902638|7342|471|6773|461|6016|470|757|166|647|161|72|61|28|28|0|20|10|17|89|63|89|63|0|20|0|20|0|20|0|20|18|25|0|20|37|38|96|74|180|98|149|77
1600000US3902680|2370|383|2012|370|1811|369|201|192|130|114|13|21|0|13|0|13|58|90|18|29|18|29|0|13|0|13|0|13|0|13|0|13|0|13|0|13|27|42|0|13|313|152
1600000US3902722|95|50|95|50|63|36|32|29|32|29|0|13|0|13|0|13|0|13|0|13|0|13|0|13|0|13|0|13|0|13|0|13|0|13|0|13|0|13|0|13|0|13
1600000US3902736|11349|665|5854|550|5299|504|555|171|549|170|0|24|0|24|6|9|0|24|220|121|220|121|0|24|0|24|0|24|0|24|0|24|8|13|216|97|2980|433|28|47|2043|468
1600000US3902820|338|138|293|135|279|131|14|11|9|10|5|5|0|13|0|13|0|13|2|4|2|4|0|13|0|13|0|13|0|13|0|13|0|13|0|13|28|19|0|13|15|11
1600000US3902848|367|185|352|183|348|181|4|7|4|7|0|13|0|13|0|13|0|13|0|13|0|13|0|13|0|13|0|13|0|13|0|13|0|13|0|13|0|13|0|13|15|20
1600000US3903086|8010|502|6288|512|5904|470|384|203|223|123|135|127|26|46|0|20|0|20|39|44|23|36|16|25|0|20|0|20|0|20|0|20|0|20|0|20|98|101|144|105|1441|339
1600000US3903142|40|23|11|18|11|18|0|13|0|13|0|13|0|13|0|13|0|13|0|13|0|13|0|13|0|13|0|13|0|13|0|13|0|13|0|13|28|9|0|13|1|5
1600000US3903184|14999|781|14008|853|12964|941|1044|439|797|364|141|121|106|174|0|27|0|27|56|38|56|38|0|27|0|27|0|27|0|27|0|27|0|27|0|27|0|27|155|109|780|246
1600000US3903352|12675|518|9879|634|9633|633|246|192|91|79|150|175|0|24|0|24|5|10|3|7|3|7|0|24|0|24|0|24|0|24|0|24|0|24|0|24|77|66|0|24|2716|517
1600000US3903464|12857|561|10207|688|9707|646|500|181|301|160|93|65|66|80|40|58|0|24|47|49|47|49|0|24|0|24|0|24|0|24|14|22|0|24|9|14|73|55|249|117|2258|368
1600000US3903562|184|66|171|62|132|51|39|38|26|29|0|13|0|13|13|22|0|13|0|13|0|13|0|13|0|13|0|13|0|13|0|13|0|13|0|13|0|13|0|13|13|13
1600000US3903585|4433|548|3366|499|3121|476|245|108|81|73|127|82|29|43|8|13|0|18|0|18|0|18|0|18|0|18|0|18|0|18|0|18|0|18|22|32|0|18|23|38|1022|229
1600000US3903604|201|74|177|72|176|71|1|3|1|3|0|13|0|13|0|13|0|13|3|6|3|6|0|13|0|13|0|13|0|13|0|13|0|13|0|13|10|12|2|5|9|9
1600000US3903646|41|20|41|20|22|9|19|16|18|16|0|13|1|3|0|13|0|13|0|13|0|13|0|13|0|13|0|13|0|13|0|13|0|13|0|13|0|13|0|13|0|13
1600000US3903716|1806|242|1711|245|1629|237|82|96|76|94|6|13|0|13|0|13|0|13|0|13|0|13|0|13|0|13|0|13|0|13|0|13|0|13|0|13|0|13|0|13|95|56
1600000US3903744|344|96|321|93|294|88|27|19|22|19|2|3|3|5|0|13|0|13|0|13|0|13|0|13|0|13|0|13|0|13|0|13|0|13|3|4|0|13|8|12|12|15
1600000US3903758|1355|148|1152|179|1152|179|0|13|0|13|0|13|0|13|0|13|0|13|0|13|0|13|0|13|0|13|0|13|0|13|0|13|0|13|0|13|43|39|66|77|94|83
1600000US3903786|45|51|45|51|45|51|0|13|0|13|0|13|0|13|0|13|0|13|0|13|0|13|0|13|0|13|0|13|0|13|0|13|0|13|0|13|0|13|0|13|0|13
1600000US3903828|10742|625|9736|569|8752|596|984|261|727|233|149|91|72|85|24|32|12|18|36|35|36|35|0|24|0|24|0|24|0|24|0|24|6|12|11|16|219|108|61|66|673|165
1600000US3903926|1514|293|1432|293|1261|282|171|124|77|70|63|95|31|47|0|13|0|13|0|13|0|13|0|13|0|13|0|13|0|13|0|13|0|13|0|13|52|56|0|13|30|40
1600000US3903940|339|152|256|95|232|90|24|18|10|9|8|10|6|9|0|13|0|13|0|13|0|13|0|13|0|13|0|13|0|13|0|13|0|13|83|84|0|13|0|13|0|13
1600000US3904094|148|110|130|121|102|114|28|41|28|41|0|13|0|13|0|13|0|13|0|13|0|13|0|13|0|13|0|13|0|13|0|13|0|13|0|13|9|15|0|13|9|13
1600000US3904136|411|287|317|208|303|218|14|24|0|13|0|13|14|24|0|13|0|13|0|13|0|13|0|13|0|13|0|13|0|13|0|13|0|13|0|13|0|13|0|13|94|104
1600000US3904150|895|186|728|159|683|145|45|32|41|32|0|13|0|13|0|13|4|7|31|37|31|37|0|13|0|13|0|13|0|13|0|13|0|13|0|13|46|29|3|5|87|49
1600000US3904192|34|25|34|25|31|24|3|4|3|4|0|13|0|13|0|13|0|13|0|13|0|13|0|13|0|13|0|13|0|13|0|13|0|13|0|13|0|13|0|13|0|13
1600000US3904402|341|103|320|97|286|88|34|26|32|26|2|4|0|13|0|13|0|13|0|13|0|13|0|13|0|13|0|13|0|13|0|13|0|13|2|3|9|10|1|4|9|14
1600000US3904416|7855|361|5698|298|5497|297|201|84|156|74|28|28|10|15|0|20|7|11|28|30|28|30|0|20|0|20|0|20|0|20|0|20|0|20|50|53|76|52|107|76|1896|326
1600000US3904458|289|105|267|104|247|100|20|17|20|17|0|13|0|13|0|13|0|13|0|13|0|13|0|13|0|13|0|13|0|13|0|13|0|13|0|13|4|6|0|13|18|17
1600000US3904500|6774|463|5109|439|4408|451|701|347|642|353|20|34|0|20|39|46|0|20|99|67|26|33|17|25|0|20|56|51|0|20|0|20|3|14|33|37|247|174|27|30|1256|394
1600000US3904542|138|57|128|56|126|56|2|3|2|3|0|13|0|13|0|13|0|13|0|13|0|13|0|13|0|13|0|13|0|13|0|13|0|13|0|13|10|10|0|13|0|13
1600000US3904696|257|136|200|83|190|81|10|17|10|17|0|13|0|13|0|13|0|13|0|13|0|13|0|13|0|13|0|13|0|13|0|13|0|13|0|13|52|76|0|13|5|11
1600000US3904720|23618|635|19625|704|18103|774|1522|379|1100|303|257|111|6|10|139|125|20|25|76|57|57|52|19|23|0|27|0|27|0|27|0|27|0|27|12|18|189|96|166|103|3550|465
1600000US3904752|262|101|258|101|210|84|48|36|48|36|0|13|0|13|0|13|0|13|0|13|0|13|0|13|0|13|0|13|0|13|0|13|0|13|0|13|3|4|1|3|0|13
1600000US3904840|4848|699|3761|613|3594|592|167|111|107|70|0|18|0|18|60|69|0|18|0|18|0|18|0|18|0|18|0|18|0|18|0|18|0|18|0|18|0|18|30|32|1057|260
1600000US3904878|6331|435|5454|495|5209|534|245|143|145|96|85|104|15|32|0|20|0|20|193|121|182|119|0|20|11|19|0|20|0|20|0|20|0|20|0|20|115|81|12|19|557|196
1600000US3904920|5346|407|4130|445|3717|425|413|177|413|177|0|20|0|20|0|20|0|20|280|173|280|173|0|20|0|20|0|20|0|20|0|20|0|20|0|20|177|154|81|98|678|406
1600000US3905013|1380|274|985|212|900|203|85|68|85|68|0|13|0|13|0|13|0|13|0|13|0|13|0|13|0|13|0|13|0|13|0|13|0|13|0|13|0|13|0|13|395|145
1600000US3905074|1528|198|1390|202|1197|218|193|111|169|107|0|13|0|13|0|13|24|44|1|4|1|4|0|13|0|13|0|13|0|13|0|13|0|13|0|13|24|20|0|13|113|101
1600000US3905102|3683|295|3018|317|2716|303|302|126|279|110|23|33|0|18|0|18|0|18|0|18|0|18|0|18|0|18|0|18|0|18|9|15|0|18|0|18|0|18|54|62|602|256
1600000US3905116|396|113|374|110|331|93|43|52|35|50|6|8|0|13|0|13|2|4|0|13|0|13|0|13|0|13|0|13|0|13|0|13|0|13|0|13|11|10|6|10|5|6
1600000US3905130|6515|538|5953|549|4896|555|1057|327|929|326|18|30|110|130|0|20|0|20|21|41|21|41|0|20|0|20|0|20|0|20|9|14|34|52|0|20|215|144|82|71|201|123
1600000US3905158|63|34|62|34|60|33|2|4|2|4|0|13|0|13|0|13|0|13|0|13|0|13|0|13|0|13|0|13|0|13|0|13|0|13|0|13|1|2|0|13|0|13
1600000US3905228|3677|308|3409|322|3054|316|355|168|316|161|39|40|0|18|0|18|0|18|0|18|0|18|0|18|0|18|0|18|0|18|0|18|16|19|8|13|99|88|47|59|98|56
1600000US3905284|962|242|929|240|836|244|93|65|68|64|14|16|0|13|11|19|0|13|0|13|0|13|0|13|0|13|0|13|0|13|0|13|0|13|0|13|0|13|0|13|33|26
1600000US3905312|130|51|128|50|124|49|4|5|2|4|0|13|2|3|0|13|0|13|0|13|0|13|0|13|0|13|0|13|0|13|0|13|0|13|0|13|0|13|0|13|2|5
1600000US3905396|34|32|34|32|20|23|14|20|0|13|14|20|0|13|0|13|0|13|0|13|0|13|0|13|0|13|0|13|0|13|0|13|0|13|0|13|0|13|0|13|0|13
1600000US3905410|532|256|512|259|481|257|31|36|31|36|0|13|0|13|0|13|0|13|0|13|0|13|0|13|0|13|0|13|0|13|0|13|0|13|0|13|0|13|0|13|20|15
1600000US3905424|3176|341|2827|348|2633|368|194|118|140|109|9|16|0|18|33|35|12|19|0|18|0|18|0|18|0|18|0|18|0|18|0|18|0|18|0|18|12|19|0|18|337|134
1600000US3905550|327|79|270|75|266|74|4|7|4|7|0|13|0|13|0|13|0|13|0|13|0|13|0|13|0|13|0|13|0|13|0|13|0|13|0|13|3|5|4|7|50|19
1600000US3905662|176|70|165|66|135|56|30|35|30|35|0|13|0|13|0|13|0|13|0|13|0|13|0|13|0|13|0|13|0|13|0|13|0|13|0|13|0|13|0|13|11|11
1600000US3905676|126|118|106|101|104|101|2|6|0|13|0|13|0|13|0|13|2|6|0|13|0|13|0|13|0|13|0|13|0|13|0|13|0|13|0|13|0|13|0|13|20|30
1600000US3905690|8801|490|6743|457|6257|489|486|173|457|175|11|12|0|20|4|8|14|24|43|42|37|41|6|11|0|20|0|20|0|20|4|7|6|11|54|60|573|190|17|19|1361|230
1600000US3905718|163|57|152|56|145|54|7|7|3|7|2|3|0|13|2|4|0|13|0|13|0|13|0|13|0|13|0|13|0|13|0|13|0|13|0|13|4|6|0|13|7|8
1600000US3905732|143|47|130|41|130|41|0|13|0|13|0|13|0|13|0|13|0|13|0|13|0|13|0|13|0|13|0|13|0|13|0|13|0|13|0|13|0|13|8|8|5|5
1600000US3905816|636|185|436|156|377|157|59|39|52|34|0|13|0|13|0|13|7|12|0|13|0|13|0|13|0|13|0|13|0|13|0|13|0|13|124|94|67|41|0|13|9|14
1600000US3905900|353|122|330|119|309|112|21|18|8|11|4|6|9|13|0|13|0|13|0|13|0|13|0|13|0|13|0|13|0|13|0|13|1|4|0|13|10|8|0|13|12|16
1600000US3906068|908|150|846|141|699|121|147|112|116|102|31|41|0|13|0|13|0|13|0|13|0|13|0|13|0|13|0|13|0|13|0|13|0|13|0|13|6|9|0|13|56|50
1600000US3906138|500|121|488|119|484|119|4|6|3|6|1|2|0|13|0|13|0|13|0|13|0|13|0|13|0|13|0|13|0|13|0|13|2|3|0|13|0|13|0|13|10|12
1600000US3906194|294|77|274|71|259|70|15|13|7|8|4|9|0|13|4|6|0|13|0|13|0|13|0|13|0|13|0|13|0|13|0|13|0|13|3|4|6|6|0|13|11|13
1600000US3906208|67|56|54|58|54|58|0|13|0|13|0|13|0|13|0|13|0|13|0|13|0|13|0|13|0|13|0|13|0|13|0|13|0|13|0|13|13|20|0|13|0|13
1600000US3906222|628|125|547|122|504|120|43|34|43|34|0|13|0|13|0|13|0|13|0|13|0|13|0|13|0|13|0|13|0|13|0|13|0|13|0|13|5|8|19|24|57|49
1600000US3906278|6319|368|4235|324|3954|348|281|112|222|102|40|37|0|20|10|18|9|14|58|43|58|43|0|20|0|20|0|20|0|20|0|20|6|11|37|34|388|90|0|20|1595|304
1600000US3906320|463|197|436|177|436|177|0|13|0|13|0|13|0|13|0|13|0|13|0|13|0|13|0|13|0|13|0|13|0|13|0|13|0|13|0|13|0|13|0|13|27|36
1600000US3906502|103|103|103|103|72|90|31|54|31|54|0|13|0|13|0|13|0|13|0|13|0|13|0|13|0|13|0|13|0|13|0|13|0|13|0|13|0|13|0|13|0|13
1600000US3906670|4062|507|3707|515|3408|520|299|154|168|106|83|111|24|37|0|18|24|38|23|29|23|29|0|18|0|18|0|18|0|18|15|27|39|69|0|18|51|66|19|37|208|111
1600000US3906740|130|123|130|123|130|123|0|13|0|13|0|13|0|13|0|13|0|13|0|13|0|13|0|13|0|13|0|13|0|13|0|13|0|13|0|13|0|13|0|13|0|13
1600000US3906754|334|169|302|163|302|163|0|13|0|13|0|13|0|13|0|13|0|13|0|13|0|13|0|13|0|13|0|13|0|13|0|13|0|13|0|13|0|13|0|13|32|51
1600000US3906810|84|48|82|48|82|48|0|13|0|13|0|13|0|13|0|13|0|13|0|13|0|13|0|13|0|13|0|13|0|13|0|13|0|13|2|4|0|13|0|13|0|13
1600000US3906908|1941|255|1501|286|1381|295|120|66|72|48|37|44|11|17|0|13|0|13|0|13|0|13|0|13|0|13|0|13|0|13|0|13|0|13|0|13|169|117|0|13|271|165
1600000US3907062|340|61|340|61|277|59|63|34|63|34|0|13|0|13|0|13|0|13|0|13|0|13|0|13|0|13|0|13|0|13|0|13|0|13|0|13|0|13|0|13|0|13
1600000US3907188|422|116|388|117|326|110|62|62|26|22|36|53|0|13|0|13|0|13|0|13|0|13|0|13|0|13|0|13|0|13|0|13|0|13|0|13|0|13|12|23|22|17
1600000US3907202|64|38|60|38|60|38|0|13|0|13|0|13|0|13|0|13|0|13|0|13|0|13|0|13|0|13|0|13|0|13|0|13|0|13|0|13|0|13|0|13|4|5
1600000US3907258|53|86|53|86|53|86|0|13|0|13|0|13|0|13|0|13|0|13|0|13|0|13|0|13|0|13|0|13|0|13|0|13|0|13|0|13|0|13|0|13|0|13
1600000US3907286|360|97|326|97|241|70|85|44|78|44|7|10|0|13|0|13|0|13|0|13|0|13|0|13|0|13|0|13|0|13|0|13|0|13|0|13|4|7|17|20|13|15
1600000US3907300|7019|463|5444|424|5009|454|435|201|266|134|144|126|23|37|2|5|0|20|20|23|13|21|7|12|0|20|0|20|0|20|3|8|8|14|0|20|46|45|67|68|1431|282
1600000US3907377|927|284|797|309|639|227|158|130|55|82|103|156|0|13|0|13|0|13|0|13|0|13|0|13|0|13|0|13|0|13|0|13|0|13|0|13|20|31|14|23|96|93
1600000US3907426|1644|235|1293|229|1149|222|144|101|72|59|31|43|0|13|41|63|0|13|0|13|0|13|0|13|0|13|0|13|0|13|0|13|0|13|0|13|162|90|0|13|189|113
1600000US3907583|578|183|564|180|430|135|134|115|132|114|0|13|2|8|0|13|0|13|0|13|0|13|0|13|0|13|0|13|0|13|0|13|0|13|0|13|0|13|0|13|14|13
1600000US3907594|452|105|435|104|401|100|34|18|32|17|2|4|0|13|0|13|0|13|0|13|0|13|0|13|0|13|0|13|0|13|0|13|0|13|0|13|2|5|0|13|15|12
1600000US3907608|136|103|100|89|100|89|0|13|0|13|0|13|0|13|0|13|0|13|0|13|0|13|0|13|0|13|0|13|0|13|0|13|0|13|0|13|0|13|0|13|36|60
1600000US3907790|677|111|546|100|519|101|27|20|18|14|9|14|0|13|0|13|0|13|0|13|0|13|0|13|0|13|0|13|0|13|0|13|6|9|0|13|3|4|4|5|118|38
1600000US3907832|521|126|497|125|445|118|52|28|23|19|26|22|3|4|0|13|0|13|0|13|0|13|0|13|0|13|0|13|0|13|0|13|0|13|0|13|4|5|0|13|20|14
1600000US3907888|122|56|122|56|122|56|0|13|0|13|0|13|0|13|0|13|0|13|0|13|0|13|0|13|0|13|0|13|0|13|0|13|0|13|0|13|0|13|0|13|0|13
1600000US3907916|133|58|121|56|118|56|3|4|2|3|0|13|1|2|0|13|0|13|0|13|0|13|0|13|0|13|0|13|0|13|0|13|0|13|2|5|10|9|0|13|0|13
1600000US3907930|101|46|77|38|77|38|0|13|0|13|0|13|0|13|0|13|0|13|0|13|0|13|0|13|0|13|0|13|0|13|0|13|0|13|0|13|13|19|1|3|10|11
1600000US3907972|14913|743|11940|728|10903|725|1037|310|674|258|326|194|37|33|0|27|0|27|104|106|59|79|0|27|0|27|0|27|45|69|15|24|0|27|41|41|1279|301|54|64|1480|423
1600000US3908084|822|155|739|138|691|136|48|31|44|30|4|6|0|13|0|13|0|13|16|23|0|13|16|23|0|13|0|13|0|13|0|13|0|13|0|13|16|16|26|37|25|17
1600000US3908112|440|141|407|136|387|137|20|16|20|16|0|13|0|13|0|13|0|13|0|13|0|13|0|13|0|13|0|13|0|13|0|13|0|13|0|13|24|24|0|13|9|7
1600000US3908168|482|153|380|110|314|93|66|58|53|66|0|13|0|13|13|20|0|13|37|52|37|52|0|13|0|13|0|13|0|13|0|13|14|23|0|13|0|13|0|13|51|37
1600000US3908308|71|53|53|44|53|44|0|13|0|13|0|13|0|13|0|13|0|13|0|13|0|13|0|13|0|13|0|13|0|13|0|13|0|13|0|13|0|13|0|13|18|29
1600000US3908336|741|113|570|106|539|107|31|24|19|19|9|7|0|13|0|13|3|4|8|10|8|10|0|13|0|13|0|13|0|13|0|13|0|13|0|13|10|8|10|11|143|37
1600000US3908364|7065|377|5507|421|5167|411|340|214|306|203|0|20|0|20|34|36|0|20|33|36|33|36|0|20|0|20|0|20|0|20|0|20|0|20|7|10|70|48|33|32|1415|347
1600000US3908378|93|89|93|89|24|37|69|82|47|69|22|38|0|13|0|13|0|13|0|13|0|13|0|13|0|13|0|13|0|13|0|13|0|13|0|13|0|13|0|13|0|13
1600000US3908392|717|149|653|142|542|127|111|66|111|66|0|13|0|13|0|13|0|13|0|13|0|13|0|13|0|13|0|13|0|13|0|13|0|13|8|14|5|8|5|8|46|35
1600000US3908504|948|263|867|249|815|232|52|45|0|13|26|32|26|27|0|13|0|13|0|13|0|13|0|13|0|13|0|13|0|13|0|13|0|13|0|13|29|28|0|13|52|40
1600000US3908532|34|28|29|27|29|27|0|13|0|13|0|13|0|13|0|13|0|13|0|13|0|13|0|13|0|13|0|13|0|13|0|13|0|13|0|13|0|13|0|13|5|7
1600000US3908560|721|197|619|187|564|175|55|45|49|44|0|13|6|9|0|13|0|13|0|13|0|13|0|13|0|13|0|13|0|13|0|13|0|13|0|13|33|40|16|14|53|32
1600000US3908602|6794|485|5906|517|5287|502|619|223|515|211|66|71|0|20|38|41|0|20|150|170|150|170|0|20|0|20|0|20|0|20|0|20|0|20|0|20|12|19|49|46|677|152
1600000US3908812|475|169|403|148|395|144|8|14|8|14|0|13|0|13|0|13|0|13|0|13|0|13|0|13|0|13|0|13|0|13|0|13|0|13|0|13|37|56|0|13|35|31
1600000US3908826|1879|387|1549|371|1549|371|0|13|0|13|0|13|0|13|0|13|0|13|0|13|0|13|0|13|0|13|0|13|0|13|0|13|0|13|0|13|118|149|0|13|212|151
1600000US3909064|10757|639|8653|700|8284|708|369|163|326|157|26|30|0|20|0|20|17|26|37|36|37|36|0|20|0|20|0|20|0|20|0|20|0|20|0|20|290|263|115|75|1662|441
1600000US3909200|585|149|558|146|514|150|44|36|44|36|0|13|0|13|0|13|0|13|0|13|0|13|0|13|0|13|0|13|0|13|0|13|0|13|0|13|9|14|0|13|18|21
1600000US3909246|5895|439|4924|415|4328|379|596|245|568|249|28|33|0|20|0|20|0|20|212|137|200|136|12|19|0|20|0|20|0|20|0|20|0|20|48|70|92|111|33|37|586|186
1600000US3909274|691|78|568|75|552|72|16|16|6|7|0|13|10|15|0|13|0|13|3|4|3|4|0|13|0|13|0|13|0|13|0|13|0|13|0|13|0|13|3|4|117|32
1600000US3909288|9043|485|8070|477|7259|451|811|198|624|192|94|61|16|18|18|27|59|50|41|30|22|29|9|13|10|16|0|20|0|20|0|20|103|118|0|20|171|80|58|66|600|148
1600000US3909316|377|103|337|94|326|93|11|10|9|9|2|3|0|13|0|13|0|13|0|13|0|13|0|13|0|13|0|13|0|13|0|13|0|13|0|13|0|13|0|13|40|27
1600000US3909358|2765|485|2551|435|2418|430|133|109|133|109|0|18|0|18|0|18|0|18|0|18|0|18|0|18|0|18|0|18|0|18|0|18|0|18|84|90|0|18|0|18|130|86
1600000US3909386|43|24|43|24|40|23|3|6|3|6|0|13|0|13|0|13|0|13|0|13|0|13|0|13|0|13|0|13|0|13|0|13|0|13|0|13|0|13|0|13|0|13
1600000US3909596|0|13|0|13|0|13|0|13|0|13|0|13|0|13|0|13|0|13|0|13|0|13|0|13|0|13|0|13|0|13|0|13|0|13|0|13|0|13|0|13|0|13
1600000US3909652|167|104|167|104|167|104|0|13|0|13|0|13|0|13|0|13|0|13|0|13|0|13|0|13|0|13|0|13|0|13|0|13|0|13|0|13|0|13|0|13|0|13
1600000US3909680|19113|594|16927|678|15794|695|1133|262|861|252|158|113|60|50|1|2|53|82|49|44|49|44|0|27|0|27|0|27|0|27|0|27|0|27|0|27|51|52|120|73|1966|325
1600000US3909792|4098|378|3760|337|3397|321|363|170|265|133|39|46|33|28|26|45|0|18|65|81|65|81|0|18|0|18|0|18|0|18|0|18|0|18|29|33|131|101|0|18|113|72
1600000US3909834|192|69|172|64|172|64|0|13|0|13|0|13|0|13|0|13|0|13|0|13|0|13|0|13|0|13|0|13|0|13|0|13|0|13|0|13|0|13|0|13|20|13
1600000US3909890|1387|210|1227|258|1159|255|68|70|43|57|25|39|0|13|0|13|0|13|0|13|0|13|0|13|0|13|0|13|0|13|0|13|0|13|20|30|19|30|14|22|107|68
1600000US3909974|132|52|125|51|116|49|9|10|9|10|0|13|0|13|0|13|0|13|0|13|0|13|0|13|0|13|0|13|0|13|0|13|0|13|0|13|3|4|4|6|0|13
1600000US3910030|5170|284|4766|317|4341|352|425|157|401|155|16|18|0|20|8|15|0|20|19|24|19|24|0|20|0|20|0|20|0|20|0|20|0|20|0|20|135|68|110|81|140|90
1600000US3910128|423|304|423|304|423|304|0|13|0|13|0|13|0|13|0|13|0|13|0|13|0|13|0|13|0|13|0|13|0|13|0|13|0|13|0|13|0|13|0|13|0|13
1600000US3910156|225|124|225|124|225|124|0|13|0|13|0|13|0|13|0|13|0|13|0|13|0|13|0|13|0|13|0|13|0|13|0|13|0|13|0|13|0|13|0|13|0|13
1600000US3910254|128|54|115|50|89|39|26|23|11|10|15|22|0|13|0|13|0|13|0|13|0|13|0|13|0|13|0|13|0|13|0|13|0|13|0|13|5|9|5|6|3|4
1600000US3910282|104|47|102|47|82|42|20|19|18|19|0|13|0|13|0|13|2|3|0|13|0|13|0|13|0|13|0|13|0|13|0|13|0|13|0|13|0|13|0|13|2|4
1600000US3910296|136|40|133|39|108|35|25|15|22|15|2|3|1|2|0|13|0|13|0|13|0|13|0|13|0|13|0|13|0|13|0|13|0|13|0|13|2|3|0|13|1|2
1600000US3910352|988|295|919|288|877|274|42|53|22|35|0|13|20|40|0|13|0|13|0|13|0|13|0|13|0|13|0|13|0|13|0|13|0|13|0|13|21|38|0|13|48|64
1600000US3910436|872|152|773|135|731|135|42|28|24|20|18|17|0|13|0|13|0|13|0|13|0|13|0|13|0|13|0|13|0|13|0|13|0|13|0|13|41|27|3|5|55|27
1600000US3910632|626|128|593|128|528|119|65|44|33|29|29|31|3|7|0|13|0|13|0|13|0|13|0|13|0|13|0|13|0|13|0|13|0|13|0|13|3|4|0|13|30|18
1600000US3910674|91|46|83|44|83|44|0|13|0|13|0|13|0|13|0|13|0|13|0|13|0|13|0|13|0|13|0|13|0|13|0|13|0|13|0|13|0|13|0|13|8|11
1600000US3910716|894|197|866|191|718|189|148|67|119|67|29|24|0|13|0|13|0|13|0|13|0|13|0|13|0|13|0|13|0|13|0|13|0|13|0|13|0|13|5|8|23|26
1600000US3910800|1085|165|972|180|961|179|11|21|0|13|11|21|0|13|0|13|0|13|0|13|0|13|0|13|0|13|0|13|0|13|0|13|0|13|0|13|18|26|12|23|83|71
1600000US3910884|369|112|354|108|339|99|15|19|15|19|0|13|0|13|0|13|0|13|0|13|0|13|0|13|0|13|0|13|0|13|0|13|0|13|0|13|0|13|12|17|3|4
1600000US3910926|2329|506|2054|519|1873|548|181|115|149|104|22|36|10|16|0|13|0|13|21|34|21|34|0|13|0|13|0|13|0|13|107|144|0|13|0|13|17|26|0|13|130|80
1600000US3910940|679|187|664|179|652|180|12|18|11|18|0|13|1|2|0|13|0|13|0|13|0|13|0|13|0|13|0|13|0|13|0|13|0|13|0|13|15|22|0|13|0|13
1600000US3910954|170|72|165|70|160|69|5|7|2|4|3|5|0|13|0|13|0|13|0|13|0|13|0|13|0|13|0|13|0|13|0|13|0|13|0|13|0|13|2|5|3|5
1600000US3910996|4334|369|4091|373|3660|395|431|165|141|87|87|81|126|114|63|71|14|22|5|9|5|9|0|20|0|20|0|20|0|20|38|59|0|20|0|20|83|60|0|20|117|67
1600000US3911024|695|133|610|151|572|152|38|29|28|23|9|16|1|5|0|13|0|13|0|13|0|13|0|13|0|13|0|13|0|13|0|13|0|13|0|13|5|8|6|11|74|84
1600000US3911066|2992|226|2482|305|2076|269|406|150|346|131|22|23|38|50|0|18|0|18|10|20|10|20|0|18|0|18|0|18|0|18|60|80|0|18|0|18|0|18|126|97|314|263
1600000US3911150|132|48|113|44|113|44|0|13|0|13|0|13|0|13|0|13|0|13|3|4|3|4|0|13|0|13|0|13|0|13|0|13|0|13|0|13|0|13|0|13|16|16
1600000US3911304|2455|296|1904|346|1825|336|79|94|79|94|0|18|0|18|0|18|0|18|0|18|0|18|0|18|0|18|0|18|0|18|0|18|0|18|0|18|12|17|111|119|428|246
1600000US3911318|139|110|139|110|54|51|85|98|85|98|0|13|0|13|0|13|0|13|0|13|0|13|0|13|0|13|0|13|0|13|0|13|0|13|0|13|0|13|0|13|0|13
1600000US3911332|5142|509|3822|464|3567|408|255|161|182|135|73|82|0|18|0|18|0|18|0|18|0|18|0|18|0|18|0|18|0|18|0|18|0|18|12|24|27|28|0|18|1281|380
1600000US3911334|609|254|609|254|417|170|192|223|192|223|0|13|0|13|0|13|0|13|0|13|0|13|0|13|0|13|0|13|0|13|0|13|0|13|0|13|0|13|0|13|0|13
1600000US3911360|3406|328|2885|331|2703|319|182|131|125|112|57|67|0|18|0|18|0|18|2|4|2|4|0|18|0|18|0|18|0|18|0|18|18|30|0|18|0|18|15|25|486|162
1600000US3912000|29071|938|24709|1021|22366|964|2343|482|1898|447|292|156|67|84|74|60|12|17|838|322|838|322|0|30|0|30|0|30|0|30|151|109|0|30|99|75|593|158|472|161|2209|424
1600000US3912056|46|43|38|43|38|43|0|13|0|13|0|13|0|13|0|13|0|13|0|13|0|13|0|13|0|13|0|13|0|13|0|13|0|13|0|13|0|13|0|13|8|19
1600000US3912084|1035|235|945|227|885|213|60|40|60|40|0|13|0|13|0|13|0|13|2|4|2|4|0|13|0|13|0|13|0|13|0|13|2|5|6|10|0|13|8|14|72|48
1600000US3912112|1736|201|1665|198|1537|192|128|81|128|81|0|13|0|13|0|13|0|13|4|9|4|9|0|13|0|13|0|13|0|13|0|13|0|13|0|13|0|13|0|13|67|59
1600000US3912168|2435|281|2306|282|2171|280|135|83|114|67|21|41|0|18|0|18|0|18|0|18|0|18|0|18|0|18|0|18|0|18|0|18|0|18|26|52|17|20|10|17|76|53
1600000US3912252|390|129|335|110|323|108|12|12|12|12|0|13|0|13|0|13|0|13|0|13|0|13|0|13|0|13|0|13|0|13|0|13|0|13|0|13|3|5|2|4|50|41
1600000US3912280|1502|290|1337|259|1267|260|70|64|43|45|27|49|0|13|0|13|0|13|0|13|0|13|0|13|0|13|0|13|0|13|0|13|0|13|0|13|165|97|0|13|0|13
1600000US3912462|177|60|157|55|140|55|17|15|17|15|0|13|0|13|0|13|0|13|0|13|0|13|0|13|0|13|0|13|0|13|0|13|0|13|0|13|0|13|0|13|20|18
1600000US3912476|539|150|513|150|403|120|110|103|34|44|0|13|76|75|0|13|0|13|0|13|0|13|0|13|0|13|0|13|0|13|0|13|0|13|0|13|15|18|0|13|11|10
1600000US3912504|28|19|23|17|21|16|2|5|2|5|0|13|0|13|0|13|0|13|0|13|0|13|0|13|0|13|0|13|0|13|0|13|0|13|0|13|0|13|0|13|5|6
1600000US3912560|115|49|96|43|92|43|4|7|4|7|0|13|0|13|0|13|0|13|0|13|0|13|0|13|0|13|0|13|0|13|0|13|0|13|0|13|1|4|4|8|14|11
1600000US3912700|74|48|72|49|72|49|0|13|0|13|0|13|0|13|0|13|0|13|0|13|0|13|0|13|0|13|0|13|0|13|0|13|0|13|0|13|0|13|0|13|2|4
1600000US3912784|1670|223|832|152|798|147|34|24|32|24|2|6|0|13|0|13|0|13|2|5|2|5|0|13|0|13|0|13|0|13|10|22|0|13|19|17|642|182|8|10|157|60
1600000US3912854|69|53|59|43|41|33|18|27|18|27|0|13|0|13|0|13|0|13|0|13|0|13|0|13|0|13|0|13|0|13|0|13|0|13|0|13|0|13|0|13|10|20
1600000US3912868|5540|366|5344|375|5000|375|344|155|268|136|55|60|21|24|0|20|0|20|0|20|0|20|0|20|0|20|0|20|0|20|0|20|9|13|0|20|89|62|10|16|88|62
1600000US3913036|852|168|718|141|699|138|19|15|14|15|5|8|0|13|0|13|0|13|15|18|15|18|0|13|0|13|0|13|0|13|0|13|0|13|0|13|0|13|3|5|116|77
1600000US3913169|17|18|17|18|16|17|1|4|1|4|0|13|0|13|0|13|0|13|0|13|0|13|0|13|0|13|0|13|0|13|0|13|0|13|0|13|0|13|0|13|0|13
1600000US3913190|11670|582|9449|550|8903|505|546|271|516|280|0|24|0|24|30|32|0|24|63|57|63|57|0|24|0|24|0|24|0|24|0|24|0|24|0|24|197|146|121|94|1840|356
1600000US3913358|2084|220|1415|181|1363|189|52|36|34|30|18|22|0|13|0|13|0|13|0|13|0|13|0|13|0|13|0|13|0|13|0|13|0|13|0|13|89|52|20|33|560|137
1600000US3913484|3038|348|2492|297|2341|278|151|92|140|88|0|18|11|18|0|18|0|18|12|25|12|25|0|18|0|18|0|18|0|18|0|18|0|18|0|18|47|37|75|75|412|217
1600000US3913554|2354|314|2021|294|1902|304|119|85|34|34|68|64|0|18|17|27|0|18|0|18|0|18|0|18|0|18|0|18|0|18|0|18|0|18|0|18|60|64|0|18|273|161
1600000US3913694|37|25|36|24|35|24|1|4|1|4|0|13|0|13|0|13|0|13|0|13|0|13|0|13|0|13|0|13|0|13|0|13|0|13|0|13|0|13|0|13|1|3
1600000US3913778|351|121|331|121|284|102|47|41|40|39|7|11|0|13|0|13|0|13|4|6|4|6|0|13|0|13|0|13|0|13|0|13|0|13|0|13|6|7|0|13|10|12
1600000US3913834|10|17|0|13|0|13|0|13|0|13|0|13|0|13|0|13|0|13|0|13|0|13|0|13|0|13|0|13|0|13|0|13|0|13|0|13|0|13|0|13|10|17
1600000US3913848|2205|432|1899|417|1726|417|173|97|151|92|22|34|0|13|0|13|0|13|0|13|0|13|0|13|0|13|0|13|0|13|0|13|0|13|0|13|0|13|33|39|273|122
1600000US3913904|595|218|529|208|471|201|58|41|45|39|0|13|5|8|0|13|8|13|0|13|0|13|0|13|0|13|0|13|0|13|0|13|0|13|9|8|7|7|4|7|46|37
1600000US3913932|49|31|46|31|46|31|0|13|0|13|0|13|0|13|0|13|0|13|0|13|0|13|0|13|0|13|0|13|0|13|0|13|0|13|0|13|1|3|0|13|2|4
1600000US3914086|169|66|156|63|143|55|13|14|10|13|0|13|3|5|0|13|0|13|0|13|0|13|0|13|0|13|0|13|0|13|0|13|0|13|0|13|0|13|0|13|13|22
1600000US3914100|3324|507|2819|470|2679|455|140|96|71|71|49|46|0|18|0|18|20|24|9|16|0|18|9|16|0|18|0|18|0|18|0|18|0|18|0|18|11|16|0|18|485|178
1600000US3914114|103|48|94|46|93|46|1|2|1|2|0|13|0|13|0|13|0|13|0|13|0|13|0|13|0|13|0|13|0|13|0|13|0|13|0|13|2|3|0|13|7|11
1600000US3914128|4347|372|3587|476|3286|508|301|169|276|162|25|39|0|18|0|18|0|18|51|56|51|56|0|18|0|18|0|18|0|18|0|18|0|18|0|18|22|36|32|31|655|309
1600000US3914156|197|57|184|57|182|56|2|5|2|5|0|13|0|13|0|13|0|13|0|13|0|13|0|13|0|13|0|13|0|13|0|13|0|13|2|3|5|5|2|4|4|5
1600000US3914184|8909|600|8038|552|7252|541|786|297|455|198|176|227|32|49|59|68|64|13|29|29|29|29|0|24|0|24|0|24|0|24|0|24|0|24|0|24|366|144|24|34|452|169
1600000US3914226|1|2|1|2|1|2|0|13|0|13|0|13|0|13|0|13|0|13|0|13|0|13|0|13|0|13|0|13|0|13|0|13|0|13|0|13|0|13|0|13|0|13
1600000US3914254|423|124|367|103|354|101|13|14|3|5|10|13|0|13|0|13|0|13|0|13|0|13|0|13|0|13|0|13|0|13|0|13|0|13|4|7|0|13|7|10|45|36
1600000US3914280|223|107|194|100|180|97|14|16|14|16|0|13|0|13|0|13|0|13|0|13|0|13|0|13|0|13|0|13|0|13|0|13|0|13|0|13|0|13|0|13|29|41
1600000US3914288|1382|237|1203|214|1123|210|80|63|80|63|0|13|0|13|0|13|0|13|0|13|0|13|0|13|0|13|0|13|0|13|0|13|0|13|0|13|2|13|0|13|177|97
1600000US3914296|371|139|363|138|343|137|20|28|20|28|0|13|0|13|0|13|0|13|0|13|0|13|0|13|0|13|0|13|0|13|0|13|0|13|0|13|0|13|0|13|8|12
1600000US3914324|819|296|786|299|648|266|138|194|0|13|15|24|123|193|0|13|0|13|0|13|0|13|0|13|0|13|0|13|0|13|0|13|0|13|0|13|19|30|0|13|14|22
1600000US3915000|152477|2072|112448|2206|100964|1885|11484|1098|9192|947|1534|489|465|178|190|99|103|85|8683|945|8639|946|11|19|0|30|33|27|0|30|642|249|88|58|398|171|8082|858|1941|464|20195|1190
1600000US3915008|516|214|516|214|456|194|60|68|60|68|0|13|0|13|0|13|0|13|0|13|0|13|0|13|0|13|0|13|0|13|0|13|0|13|0|13|0|13|0|13|0|13
1600000US3915070|5580|429|5084|414|4298|472|786|277|746|280|40|43|0|20|0|20|0|20|11|4|11|4|0|20|0|20|0|20|0|20|0|20|0|20|0|20|126|58|53|42|306|116
1600000US3915210|153|72|129|59|124|60|5|5|5|5|0|13|0|13|0|13|0|13|0|13|0|13|0|13|0|13|0|13|0|13|0|13|0|13|0|13|9|10|0|13|15|26
1600000US3915336|167|71|154|66|132|61|22|19|22|19|0|13|0|13|0|13|0|13|0|13|0|13|0|13|0|13|0|13|0|13|0|13|0|13|0|13|10|13|0|13|3|6
1600000US3915406|229|78|208|75|175|65|33|35|33|35|0|13|0|13|0|13|0|13|0|13|0|13|0|13|0|13|0|13|0|13|0|13|0|13|0|13|0|13|10|18|11|13
1600000US3915434|355|145|305|127|261|107|44|41|44|41|0|13|0|13|0|13|0|13|0|13|0|13|0|13|0|13|0|13|0|13|0|13|0|13|0|13|0|13|0|13|50|65
1600000US3915588|117|46|101|45|98|44|3|6|3|6|0|13|0|13|0|13|0|13|0|13|0|13|0|13|0|13|0|13|0|13|0|13|0|13|0|13|3|5|0|13|13|22
1600000US3915644|6435|390|5860|418|5119|474|741|278|659|245|44|68|13|22|20|34|5|6|29|27|29|27|0|20|0|20|0|20|0|20|0|20|13|21|0|20|0|20|75|69|458|133
1600000US3916000|154328|2486|116456|2629|100983|2416|15473|1065|12766|1010|1502|331|775|413|224|113|206|86|10643|1027|9742|1013|630|238|68|49|181|133|22|25|788|282|31|30|799|236|8127|709|1898|309|15586|912
1600000US3916014|22276|976|16417|906|14885|889|1532|332|1205|298|252|154|31|31|25|27|19|22|674|205|616|200|21|34|17|29|20|25|0|27|10|16|9|13|247|135|990|246|286|121|3643|404
1600000US3916028|1510|149|1367|144|1228|160|139|86|77|38|0|13|58|83|4|5|0|13|0|13|0|13|0|13|0|13|0|13|0|13|0|13|0|13|0|13|27|20|0|13|116|49
1600000US3916056|106|53|94|49|91|46|3|8|3|8|0|13|0|13|0|13|0|13|0|13|0|13|0|13|0|13|0|13|0|13|0|13|0|13|0|13|0|13|1|4|11|12
1600000US3916182|571|106|470|95|451|93|19|15|16|14|0|13|0|13|3|5|0|13|3|5|3|5|0|13|0|13|0|13|0|13|0|13|0|13|0|13|2|4|43|52|53|20
1600000US3916266|61|53|59|52|39|32|20|21|20|21|0|13|0|13|0|13|0|13|0|13|0|13|0|13|0|13|0|13|0|13|0|13|0|13|0|13|2|4|0|13|0|13
1600000US3916308|2792|426|2619|452|2496|452|123|113|48|79|61|74|0|18|14|23|0|18|0|18|0|18|0|18|0|18|0|18|0|18|0|18|0|18|0|18|123|123|50|99|0|18
1600000US3916378|940|210|903|207|825|203|78|60|71|59|7|10|0|13|0|13|0|13|0|13|0|13|0|13|0|13|0|13|0|13|0|13|0|13|6|9|11|13|16|25|4|6
1600000US3916434|117|52|99|46|96|45|3|5|3|5|0|13|0|13|0|13|0|13|0|13|0|13|0|13|0|13|0|13|0|13|0|13|2|3|0|13|2|4|0|13|14|23
1600000US3916521|707|274|562|261|524|258|38|29|24|26|7|12|0|13|7|12|0|13|0|13|0|13|0|13|0|13|0|13|0|13|0|13|0|13|0|13|0|13|3|6|142|68
1600000US3916532|2171|338|2069|340|1730|309|339|194|322|195|17|20|0|13|0|13|0|13|2|4|2|4|0|13|0|13|0|13|0|13|0|13|0|13|33|43|32|38|0|13|35|35
1600000US3916700|148|48|122|38|118|38|4|9|4|9|0|13|0|13|0|13|0|13|0|13|0|13|0|13|0|13|0|13|0|13|0|13|0|13|0|13|14|14|0|13|12|12
1600000US3916784|217|127|202|114|159|106|43|61|43|61|0|13|0|13|0|13|0|13|0|13|0|13|0|13|0|13|0|13|0|13|0|13|0|13|0|13|0|13|0|13|15|25
1600000US3917036|3391|535|3018|392|2578|390|440|201|169|100|219|127|51|84|0|18|1|2|0|18|0|18|0|18|0|18|0|18|0|18|0|18|0|18|0|18|44|73|21|34|308|225
1600000US3918000|476309|4302|369623|4483|333807|4575|35816|1858|28444|1622|4847|651|1620|418|555|233|350|172|10144|990|10032|979|51|44|0|30|0|30|61|58|1563|352|334|236|1757|277|12249|1000|3851|577|76788|2660
1600000US3918014|688|166|652|161|571|146|81|66|51|50|22|25|8|12|0|13|0|13|0|13|0|13|0|13|0|13|0|13|0|13|0|13|0|13|0|13|14|17|2|5|20|20
1600000US3918070|1541|135|1239|154|1027|122|212|105|131|73|69|75|12|23|0|13|0|13|0|13|0|13|0|13|0|13|0|13|0|13|0|13|0|13|0|13|0|13|53|52|249|99
1600000US3918244|293|117|273|120|273|120|0|13|0|13|0|13|0|13|0|13|0|13|0|13|0|13|0|13|0|13|0|13|0|13|0|13|0|13|0|13|0|13|0|13|20|40
1600000US3918266|103|36|89|33|85|33|4|5|4|5|0|13|0|13|0|13|0|13|0|13|0|13|0|13|0|13|0|13|0|13|0|13|0|13|0|13|4|4|5|5|5|8
1600000US3918308|26|17|26|17|26|17|0|13|0|13|0|13|0|13|0|13|0|13|0|13|0|13|0|13|0|13|0|13|0|13|0|13|0|13|0|13|0|13|0|13|0|13
1600000US3918350|4555|326|4211|320|3740|320|471|197|392|185|0|20|37|48|26|31|16|20|9|13|9|13|0|20|0|20|0|20|0|20|0|20|0|20|0|20|90|67|72|60|173|88
1600000US3918420|63|40|52|32|52|32|0|13|0|13|0|13|0|13|0|13|0|13|0|13|0|13|0|13|0|13|0|13|0|13|0|13|0|13|0|13|11|15|0|13|0|13
1600000US3918504|571|175|519|169|488|146|31|38|9|10|0|13|22|36|0|13|0|13|11|18|11|18|0|13|0|13|0|13|0|13|0|13|0|13|0|13|6|7|13|21|22|26
1600000US3918546|451|108|410|103|380|97|30|27|28|26|2|4|0|13|0|13|0|13|0|13|0|13|0|13|0|13|0|13|0|13|0|13|0|13|0|13|7|8|12|16|22|20
1600000US3918588|260|111|244|110|202|92|42|38|30|31|5|6|7|13|0|13|0|13|0|13|0|13|0|13|0|13|0|13|0|13|0|13|0|13|0|13|3|4|0|13|13|10
1600000US3918770|137|55|136|55|109|50|27|21|22|20|0|13|0|13|0|13|5|7|0|13|0|13|0|13|0|13|0|13|0|13|0|13|0|13|0|13|1|3|0|13|0|13
1600000US3918812|3228|275|2884|320|2615|326|269|143|153|107|50|59|42|60|24|37|0|18|0|18|0|18|0|18|0|18|0|18|0|18|0|18|0|18|0|18|0|18|8|15|336|159
1600000US3918840|303|100|255|84|237|79|18|17|13|14|5|7|0|13|0|13|0|13|0|13|0|13|0|13|0|13|0|13|0|13|0|13|0|13|0|13|0|13|0|13|48|38
1600000US3918868|4778|366|4154|350|3739|326|415|165|325|154|80|70|0|20|10|14|0|20|4|10|4|10|0|20|0|20|0|20|0|20|101|77|0|20|7|12|93|63|83|76|336|132
1600000US3919008|3252|467|2676|348|2411|321|265|125|179|94|86|80|0|18|0|18|0|18|0|18|0|18|0|18|0|18|0|18|0|18|0|18|0|18|0|18|37|50|0|18|539|203
1600000US3919050|1222|126|1066|138|964|128|102|45|82|38|20|24|0|13|0|13|0|13|0|13|0|13|0|13|0|13|0|13|0|13|0|13|0|13|0|13|23|35|30|32|103|66
1600000US3919106|576|154|538|153|518|154|20|18|9|12|11|14|0|13|0|13|0|13|0|13|0|13|0|13|0|13|0|13|0|13|0|13|0|13|0|13|7|8|3|5|28|20
1600000US3919330|2027|229|1765|187|1668|182|97|57|81|52|3|5|0|13|13|19|0|13|0|13|0|13|0|13|0|13|0|13|0|13|0|13|18|30|0|13|42|33|12|15|190|116
1600000US3919344|1047|178|946|175|887|167|59|35|46|30|6|10|0|13|0|13|7|11|0|13|0|13|0|13|0|13|0|13|0|13|0|13|0|13|0|13|15|24|11|13|75|40
1600000US3919400|798|173|750|170|672|165|78|61|57|49|0|13|21|35|0|13|0|13|0|13|0|13|0|13|0|13|0|13|0|13|0|13|0|13|0|13|35|44|0|13|13|21
1600000US3919456|937|188|870|178|798|172|72|45|60|39|12|12|0|13|0|13|0|13|0|13|0|13|0|13|0|13|0|13|0|13|0|13|0|13|0|13|48|40|0|13|19|15
1600000US3919554|178|70|164|69|135|61|29|21|23|20|0|13|6|7|0|13|0|13|0|13|0|13|0|13|0|13|0|13|0|13|0|13|0|13|0|13|4|6|2|3|8|11
1600000US3919596|419|142|352|111|312|107|40|38|40|38|0|13|0|13|0|13|0|13|0|13|0|13|0|13|0|13|0|13|0|13|0|13|0|13|0|13|45|58|22|33|0|13
1600000US3919615|60|96|60|96|0|13|60|96|60|96|0|13|0|13|0|13|0|13|0|13|0|13|0|13|0|13|0|13|0|13|0|13|0|13|0|13|0|13|0|13|0|13
1600000US3919694|162|73|150|71|113|59|37|23|30|20|7|9|0|13|0|13|0|13|0|13|0|13|0|13|0|13|0|13|0|13|0|13|0|13|0|13|4|7|1|2|7|10
1600000US3919736|849|265|782|258|729|237|53|51|8|14|35|47|0|13|10|15|0|13|0|13|0|13|0|13|0|13|0|13|0|13|0|13|0|13|0|13|0|13|0|13|67|50
1600000US3919750|107|39|105|38|94|34|11|12|9|12|2|4|0|13|0|13|0|13|0|13|0|13|0|13|0|13|0|13|0|13|0|13|0|13|0|13|0|13|0|13|2|3
1600000US3919778|27679|857|23943|808|22049|795|1894|423|1426|331|221|104|160|133|0|30|87|73|85|68|60|61|0|30|0|30|0|30|25|37|14|21|39|45|0|30|247|140|165|126|3186|436
1600000US3919806|237|67|207|62|197|58|10|10|10|10|0|13|0|13|0|13|0|13|2|4|2|4|0|13|0|13|0|13|0|13|0|13|0|13|0|13|19|18|0|13|9|9
1600000US3919820|282|88|268|87|234|80|34|38|25|34|9|19|0|13|0|13|0|13|0|13|0|13|0|13|0|13|0|13|0|13|0|13|0|13|0|13|0|13|2|4|12|12
1600000US3919848|0|13|0|13|0|13|0|13|0|13|0|13|0|13|0|13|0|13|0|13|0|13|0|13|0|13|0|13|0|13|0|13|0|13|0|13|0|13|0|13|0|13
1600000US3919974|824|159|767|153|727|150|40|28|27|22|3|5|0|13|10|16|0|13|0|13|0|13|0|13|0|13|0|13|0|13|0|13|0|13|0|13|25|22|0|13|32|21
1600000US3920030|141|115|141|115|131|109|10|18|10|18|0|13|0|13|0|13|0|13|0|13|0|13|0|13|0|13|0|13|0|13|0|13|0|13|0|13|0|13|0|13|0|13
1600000US3920114|350|139|321|130|250|101|71|53|46|44|9|14|0|13|16|24|0|13|0|13|0|13|0|13|0|13|0|13|0|13|0|13|0|13|0|13|17|25|0|13|12|16
1600000US3920198|313|160|304|157|304|157|0|13|0|13|0|13|0|13|0|13|0|13|0|13|0|13|0|13|0|13|0|13|0|13|0|13|0|13|0|13|0|13|0|13|9|16
1600000US3920212|85|74|85|74|69|49|16|33|16|33|0|13|0|13|0|13|0|13|0|13|0|13|0|13|0|13|0|13|0|13|0|13|0|13|0|13|0|13|0|13|0|13
1600000US3920268|354|132|306|118|298|113|8|16|8|16|0|13|0|13|0|13|0|13|0|13|0|13|0|13|0|13|0|13|0|13|0|13|0|13|0|13|0|13|0|13|48|41
1600000US3920366|1178|291|988|261|873|243|115|107|115|107|0|13|0|13|0|13|0|13|0|13|0|13|0|13|0|13|0|13|0|13|0|13|0|13|0|13|0|13|14|22|176|105
1600000US3921000|56597|1503|45809|1611|40311|1642|5498|696|3987|633|918|264|327|126|196|104|70|67|2087|412|2067|413|20|27|0|30|0|30|0|30|93|78|29|35|136|83|2963|581|526|169|4954|626
1600000US3921266|3351|243|2820|282|2603|359|217|172|217|172|0|18|0|18|0|18|0|18|21|24|21|24|0|18|0|18|0|18|0|18|0|18|0|18|0|18|36|31|0|18|474|173
1600000US3921294|31|22|28|20|26|19|2|3|0|13|2|3|0|13|0|13|0|13|0|13|0|13|0|13|0|13|0|13|0|13|0|13|0|13|0|13|0|13|0|13|3|6
1600000US3921308|7920|467|7220|495|6793|482|427|163|388|165|28|27|11|18|0|20|0|20|0|20|0|20|0|20|0|20|0|20|0|20|20|25|17|20|0|20|217|100|29|33|417|144
1600000US3921378|751|271|682|221|621|204|61|45|61|45|0|13|0|13|0|13|0|13|0|13|0|13|0|13|0|13|0|13|0|13|0|13|0|13|0|13|0|13|2|5|67|73
1600000US3921434|22742|858|18247|902|16698|856|1549|346|1329|338|121|67|21|24|63|49|15|23|77|53|77|53|0|27|0|27|0|27|0|27|8|13|0|27|37|34|678|175|118|90|3577|593
1600000US3921518|2768|311|2419|322|2183|319|236|113|234|113|2|4|0|18|0|18|0|18|25|27|25|27|0|18|0|18|0|18|0|18|0|18|0|18|0|18|45|49|0|18|279|113
1600000US3921560|108|51|102|47|91|43|11|13|10|13|0|13|0|13|1|4|0|13|0|13|0|13|0|13|0|13|0|13|0|13|0|13|0|13|0|13|4|10|0|13|2|3
1600000US3921602|3402|301|3262|323|2986|348|276|123|132|99|144|73|0|18|0|18|0|18|0|18|0|18|0|18|0|18|0|18|0|18|0|18|0|18|11|16|15|23|33|44|81|72
1600000US3921610|1699|293|1622|290|1411|281|211|89|195|88|0|13|0|13|16|26|0|13|12|20|12|20|0|13|0|13|0|13|0|13|0|13|0|13|0|13|0|13|10|18|55|44
1600000US3921616|1208|209|1096|188|1026|198|70|57|70|57|0|13|0|13|0|13|0|13|8|7|8|7|0|13|0|13|0|13|0|13|0|13|0|13|0|13|10|14|8|12|86|83
1600000US3921714|1034|220|959|203|866|206|93|71|87|69|0|13|0|13|6|10|0|13|0|13|0|13|0|13|0|13|0|13|0|13|0|13|7|12|0|13|14|21|0|13|54|41
1600000US3921742|5501|530|4831|503|4562|488|269|127|159|111|46|72|43|43|21|33|0|20|0|20|0|20|0|20|0|20|0|20|0|20|0|20|0|20|0|20|0|20|63|64|607|155
1600000US3921784|136|101|127|98|68|65|59|81|59|81|0|13|0|13|0|13|0|13|0|13|0|13|0|13|0|13|0|13|0|13|0|13|0|13|0|13|0|13|0|13|9|14
1600000US3921812|911|177|846|174|615|139|231|121|59|37|96|78|26|34|0|13|50|69|0|13|0|13|0|13|0|13|0|13|0|13|0|13|0|13|0|13|8|10|0|13|57|36
1600000US3921868|1201|199|1034|175|968|172|66|53|66|53|0|13|0|13|0|13|0|13|33|47|33|47|0|13|0|13|0|13|0|13|0|13|0|13|0|13|0|13|22|23|112|48
1600000US3921910|38|30|35|29|35|29|0|13|0|13|0|13|0|13|0|13|0|13|0|13|0|13|0|13|0|13|0|13|0|13|0|13|0|13|0|13|0|13|0|13|3|6
1600000US3922008|1847|333|1634|327|1560|309|74|61|54|48|20|35|0|13|0|13|0|13|0|13|0|13|0|13|0|13|0|13|0|13|0|13|0|13|16|22|0|13|11|17|186|77
1600000US3922022|213|103|204|103|198|103|6|6|6|6|0|13|0|13|0|13|0|13|0|13|0|13|0|13|0|13|0|13|0|13|0|13|0|13|0|13|2|3|0|13|7|8
1600000US3922260|66|52|66|52|58|52|8|12|8|12|0|13|0|13|0|13|0|13|0|13|0|13|0|13|0|13|0|13|0|13|0|13|0|13|0|13|0|13|0|13|0|13
1600000US3922288|173|52|148|49|135|42|13|14|13|14|0|13|0|13|0|13|0|13|0|13|0|13|0|13|0|13|0|13|0|13|0|13|0|13|0|13|7|9|0|13|18|13
1600000US3922456|5652|540|4959|452|4498|440|461|238|461|238|0|20|0|20|0|20|0|20|0|20|0|20|0|20|0|20|0|20|0|20|0|20|0|20|0|20|149|91|186|203|358|158
1600000US3922568|1368|180|1202|159|1123|160|79|52|50|43|24|38|0|13|0|13|5|8|0|13|0|13|0|13|0|13|0|13|0|13|0|13|0|13|0|13|0|13|43|64|123|74
1600000US3922610|850|194|782|179|705|152|77|48|69|46|8|8|0|13|0|13|0|13|0|13|0|13|0|13|0|13|0|13|0|13|0|13|0|13|5|8|14|18|0|13|49|41
1600000US3922624|455|193|388|181|368|178|20|22|10|16|10|15|0|13|0|13|0|13|11|18|11|18|0|13|0|13|0|13|0|13|0|13|0|13|0|13|0|13|0|13|56|84
1600000US3922660|1330|256|1211|256|1141|247|70|60|70|60|0|13|0|13|0|13|0|13|0|13|0|13|0|13|0|13|0|13|0|13|0|13|0|13|0|13|5|9|0|13|114|75
1600000US3922674|3890|414|3049|392|2896|400|153|79|120|68|23|24|10|16|0|18|0|18|36|33|36|33|0|18|0|18|0|18|0|18|0|18|0|18|0|18|0|18|21|24|784|171
1600000US3922694|24711|933|17973|1088|16582|974|1391|437|859|293|456|292|14|23|0|27|62|50|46|41|46|41|0|27|0|27|0|27|0|27|0|27|0|27|0|27|177|90|43|42|6472|815
1600000US3922820|672|203|652|210|639|212|13|17|13|17|0|13|0|13|0|13|0|13|0|13|0|13|0|13|0|13|0|13|0|13|0|13|0|13|0|13|20|32|0|13|0|13
1600000US3922848|232|275|232|275|232|275|0|13|0|13|0|13|0|13|0|13|0|13|0|13|0|13|0|13|0|13|0|13|0|13|0|13|0|13|0|13|0|13|0|13|0|13
1600000US3922946|387|85|359|81|326|79|33|20|33|20|0|13|0|13|0|13|0|13|0|13|0|13|0|13|0|13|0|13|0|13|2|5|0|13|0|13|0|13|5|7|21|20
1600000US3922960|530|159|460|145|445|145|15|24|15|24|0|13|0|13|0|13|0|13|0|13|0|13|0|13|0|13|0|13|0|13|0|13|0|13|0|13|0|13|15|25|55|42
1600000US3922974|126|64|123|65|118|64|5|8|5|8|0|13|0|13|0|13|0|13|0|13|0|13|0|13|0|13|0|13|0|13|0|13|0|13|0|13|0|13|0|13|3|4
1600000US3923254|82|95|82|95|82|95|0|13|0|13|0|13|0|13|0|13|0|13|0|13|0|13|0|13|0|13|0|13|0|13|0|13|0|13|0|13|0|13|0|13|0|13
1600000US3923324|683|178|652|176|606|171|46|26|40|25|4|6|0|13|0|13|2|4|6|9|6|9|0|13|0|13|0|13|0|13|0|13|0|13|0|13|0|13|1|3|24|22
1600000US3923380|4515|463|3314|518|2832|494|482|173|273|137|148|92|14|24|0|20|47|69|739|211|739|211|0|20|0|20|0|20|0|20|0|20|0|20|0|20|77|72|92|80|293|106
1600000US3923534|65|57|46|43|46|43|0|13|0|13|0|13|0|13|0|13|0|13|9|14|9|14|0|13|0|13|0|13|0|13|0|13|0|13|0|13|0|13|0|13|10|15
1600000US3923618|9018|472|7894|447|7158|453|736|238|677|231|59|55|0|20|0|20|0|20|16|25|16|25|0|20|0|20|0|20|0|20|17|27|0|20|0|20|221|135|47|37|823|236
1600000US3923702|128|96|128|96|128|96|0|13|0|13|0|13|0|13|0|13|0|13|0|13|0|13|0|13|0|13|0|13|0|13|0|13|0|13|0|13|0|13|0|13|0|13
1600000US3923730|3784|451|3493|449|3028|330|465|225|302|175|52|46|23|37|88|124|0|18|41|50|41|50|0|18|0|18|0|18|0|18|38|49|31|49|0|18|91|76|0|18|90|56
1600000US3923940|2024|247|1835|213|1451|258|384|220|335|221|14|25|31|52|0|13|4|14|0|13|0|13|0|13|0|13|0|13|0|13|0|13|9|14|0|13|43|51|0|13|137|97
1600000US3924024|63|45|47|44|47|44|0|13|0|13|0|13|0|13|0|13|0|13|0|13|0|13|0|13|0|13|0|13|0|13|0|13|0|13|0|13|0|13|0|13|16|25
1600000US3924052|442|117|405|112|375|109|30|20|23|17|7|8|0|13|0|13|0|13|0|13|0|13|0|13|0|13|0|13|0|13|0|13|0|13|0|13|10|12|0|13|27|22
1600000US3924066|15|25|15|25|15|25|0|13|0|13|0|13|0|13|0|13|0|13|0|13|0|13|0|13|0|13|0|13|0|13|0|13|0|13|0|13|0|13|0|13|0|13
1600000US3924234|3925|342|3642|366|3255|403|387|176|175|119|118|96|87|96|7|12|0|18|3|7|3|7|0|18|0|18|0|18|0|18|0|18|0|18|0|18|104|99|19|25|157|73
1600000US3924262|551|207|508|227|508|227|0|13|0|13|0|13|0|13|0|13|0|13|0|13|0|13|0|13|0|13|0|13|0|13|0|13|0|13|0|13|0|13|31|42|12|18
1600000US3924486|930|139|865|132|777|143|88|49|64|41|24|28|0|13|0|13|0|13|26|38|26|38|0|13|0|13|0|13|0|13|0|13|0|13|8|12|20|18|3|6|8|12
1600000US3924542|1932|199|1853|201|1641|202|212|76|126|63|6|10|18|25|54|50|8|13|5|12|5|12|0|13|0|13|0|13|0|13|0|13|0|13|0|13|24|29|0|13|50|37
1600000US3924598|134|59|104|53|73|39|31|28|24|27|7|10|0|13|0|13|0|13|0|13|0|13|0|13|0|13|0|13|0|13|0|13|0|13|0|13|4|6|2|3|24|17
1600000US3924640|509|112|460|104|417|92|43|29|39|28|0|13|4|6|0|13|0|13|0|13|0|13|0|13|0|13|0|13|0|13|0|13|0|13|0|13|21|14|4|6|24|18
1600000US3924766|397|150|382|152|317|108|65|66|20|15|45|63|0|13|0|13|0|13|0|13|0|13|0|13|0|13|0|13|0|13|0|13|0|13|0|13|0|13|0|13|15|20
1600000US3924794|46|45|45|44|44|45|1|2|1|2|0|13|0|13|0|13|0|13|0|13|0|13|0|13|0|13|0|13|0|13|0|13|0|13|0|13|0|13|1|2|0|13
1600000US3924808|925|224|865|221|813|212|52|32|37|25|9|10|0|13|6|9|0|13|0|13|0|13|0|13|0|13|0|13|0|13|0|13|0|13|0|13|13|15|0|13|47|27
1600000US3924850|137|60|137|60|74|40|63|51|43|39|0|13|20|34|0|13|0|13|0|13|0|13|0|13|0|13|0|13|0|13|0|13|0|13|0|13|0|13|0|13|0|13
1600000US3925144|672|149|638|148|614|147|24|28|24|28|0|13|0|13|0|13|0|13|0|13|0|13|0|13|0|13|0|13|0|13|0|13|0|13|0|13|8|9|0|13|26|18
1600000US3925186|703|232|523|189|434|187|89|74|65|66|24|39|0|13|0|13|0|13|122|151|122|151|0|13|0|13|0|13|0|13|0|13|0|13|0|13|0|13|0|13|58|58
1600000US3925256|24285|934|22278|967|19577|935|2701|547|2124|484|466|205|97|90|12|21|2|4|71|55|71|55|0|30|0|30|0|30|0|30|2|7|10|16|15|23|436|187|154|98|1319|279
1600000US3925368|125|53|117|50|116|50|1|3|1|3|0|13|0|13|0|13|0|13|0|13|0|13|0|13|0|13|0|13|0|13|0|13|0|13|0|13|6|8|0|13|2|3
1600000US3925396|5869|326|5077|330|4688|348|389|167|199|120|122|113|0|20|68|41|0|20|15|22|15|22|0|20|0|20|0|20|0|20|0|20|0|20|8|12|56|68|24|42|689|196
1600000US3925452|1136|223|983|196|961|193|22|22|6|9|11|13|0|13|0|13|5|8|0|13|0|13|0|13|0|13|0|13|0|13|0|13|0|13|0|13|13|20|0|13|140|67
1600000US3925676|604|215|455|207|449|203|6|12|6|12|0|13|0|13|0|13|0|13|0|13|0|13|0|13|0|13|0|13|0|13|0|13|0|13|0|13|0|13|0|13|149|74
1600000US3925704|22886|1018|18249|1025|16189|1003|2060|464|1635|378|129|80|0|27|202|278|94|74|1418|405|1414|404|0|27|0|27|0|27|4|14|0|27|0|27|37|43|319|159|404|266|2459|676
1600000US3925802|1136|117|846|115|800|112|46|32|28|21|11|15|0|13|7|10|0|13|0|13|0|13|0|13|0|13|0|13|0|13|0|13|0|13|13|14|6|9|23|17|248|66
1600000US3925914|18011|846|15785|860|14326|882|1459|358|1374|363|21|23|34|50|16|22|14|24|166|114|166|114|0|27|0|27|0|27|0|27|0|27|14|17|71|75|389|155|198|142|1388|309
1600000US3925942|921|130|766|115|708|111|58|24|39|18|3|4|9|9|7|10|0|13|0|13|0|13|0|13|0|13|0|13|0|13|0|13|0|13|0|13|6|7|10|15|139|59
1600000US3925970|22386|944|19842|1033|17959|999|1883|444|1495|394|242|204|28|46|49|51|69|66|28|42|28|42|0|27|0|27|0|27|0|27|26|44|79|105|83|103|201|123|156|110|1971|404
1600000US3926110|491|165|409|138|372|134|37|55|37|55|0|13|0|13|0|13|0|13|0|13|0|13|0|13|0|13|0|13|0|13|0|13|0|13|0|13|24|23|8|13|50|47
1600000US3926166|4243|291|3317|363|3069|412|248|160|239|158|0|18|0|18|0|18|9|20|6|7|6|7|0|18|0|18|0|18|0|18|0|18|0|18|0|18|21|35|0|18|899|289
1600000US3926306|1648|223|1501|235|1317|236|184|131|184|131|0|13|0|13|0|13|0|13|20|31|20|31|0|13|0|13|0|13|0|13|0|13|0|13|0|13|0|13|17|24|110|81
1600000US3926348|9|8|9|8|9|8|0|13|0|13|0|13|0|13|0|13|0|13|0|13|0|13|0|13|0|13|0|13|0|13|0|13|0|13|0|13|0|13|0|13|0|13
1600000US3926446|9542|444|7577|489|7140|467|437|162|307|152|20|23|73|55|29|31|8|13|138|70|104|60|34|39|0|20|0|20|0|20|0|20|0|20|34|36|108|78|189|160|1496|243
1600000US3926656|516|177|467|160|422|145|45|28|28|22|5|8|6|10|3|5|3|5|0|13|0|13|0|13|0|13|0|13|0|13|2|4|0|13|0|13|0|13|7|8|40|29
1600000US3926768|560|136|434|115|380|109|54|37|50|35|4|6|0|13|0|13|0|13|0|13|0|13|0|13|0|13|0|13|0|13|0|13|0|13|0|13|104|100|0|13|22|19
1600000US3926796|151|54|146|53|142|49|4|9|0|13|3|8|0|13|0|13|1|3|0|13|0|13|0|13|0|13|0|13|0|13|0|13|0|13|0|13|2|3|0|13|3|6
1600000US3926880|126|67|96|59|89|56|7|13|0|13|7|13|0|13|0|13|0|13|0|13|0|13|0|13|0|13|0|13|0|13|0|13|0|13|0|13|18|16|0|13|12|15
1600000US3927048|19391|749|16816|797|15174|815|1642|367|1363|334|166|126|12|20|93|69|8|12|0|27|0|27|0|27|0|27|0|27|0|27|16|19|0|27|123|105|605|212|153|131|1678|382
1600000US3927104|5216|692|4364|655|3801|617|563|236|376|209|74|86|0|20|113|174|0|20|18|26|18|26|0|20|0|20|0|20|0|20|21|34|0|20|0|20|0|20|0|20|813|302
1600000US3927303|849|269|550|216|482|188|68|106|68|106|0|13|0|13|0|13|0|13|0|13|0|13|0|13|0|13|0|13|0|13|0|13|0|13|0|13|0|13|0|13|299|161
1600000US3927356|106|62|78|46|78|46|0|13|0|13|0|13|0|13|0|13|0|13|0|13|0|13|0|13|0|13|0|13|0|13|0|13|0|13|0|13|28|37|0|13|0|13
1600000US3927412|271|81|253|76|229|73|24|22|8|10|16|19|0|13|0|13|0|13|0|13|0|13|0|13|0|13|0|13|0|13|0|13|0|13|0|13|3|5|0|13|15|13
1600000US3927538|106|58|98|56|80|47|18|16|8|8|9|14|0|13|0|13|1|3|0|13|0|13|0|13|0|13|0|13|0|13|0|13|0|13|0|13|0|13|0|13|8|15
1600000US3927552|454|159|432|158|432|158|0|13|0|13|0|13|0|13|0|13|0|13|0|13|0|13|0|13|0|13|0|13|0|13|0|13|2|3|0|13|12|14|2|3|6|7
1600000US3927636|771|150|745|147|705|140|40|35|40|35|0|13|0|13|0|13|0|13|0|13|0|13|0|13|0|13|0|13|0|13|0|13|0|13|0|13|3|5|0|13|23|17
1600000US3927706|10834|681|9452|739|8014|746|1438|518|1178|463|230|176|0|20|2|6|28|46|242|178|242|178|0|20|0|20|0|20|0|20|101|159|0|20|0|20|142|105|55|53|842|277
1600000US3927776|5289|569|4251|544|3685|469|566|217|505|216|27|30|16|25|18|29|0|20|57|46|57|46|0|20|0|20|0|20|0|20|0|20|0|20|0|20|70|53|143|150|768|211
1600000US3927818|259|74|242|69|240|70|2|3|0|13|0|13|2|3|0|13|0|13|0|13|0|13|0|13|0|13|0|13|0|13|0|13|0|13|0|13|4|4|0|13|13|9
1600000US3927832|700|116|647|112|615|107|32|25|13|12|17|21|0|13|2|5|0|13|0|13|0|13|0|13|0|13|0|13|0|13|0|13|2|4|3|5|2|4|4|6|42|26
1600000US3927846|1809|583|1680|588|1304|540|376|219|120|74|256|215|0|13|0|13|0|13|64|73|64|73|0|13|0|13|0|13|0|13|0|13|0|13|0|13|28|47|15|34|22|46
1600000US3927902|926|191|903|189|850|181|53|29|43|26|2|4|3|5|5|7|0|13|0|13|0|13|0|13|0|13|0|13|0|13|0|13|0|13|0|13|10|10|0|13|13|10
1600000US3927930|32|36|26|32|26|32|0|13|0|13|0|13|0|13|0|13|0|13|0|13|0|13|0|13|0|13|0|13|0|13|0|13|0|13|0|13|0|13|0|13|6|9
1600000US3927944|3071|334|2907|360|2719|341|188|117|164|115|24|25|0|18|0|18|0|18|0|18|0|18|0|18|0|18|0|18|0|18|0|18|0|18|0|18|8|15|31|41|125|75
1600000US3928014|5612|454|5205|457|4306|448|899|233|857|231|23|24|0|20|0|20|19|27|17|28|17|28|0|20|0|20|0|20|0|20|59|55|0|20|23|33|165|119|26|29|117|76
1600000US3928058|1442|232|1059|200|1048|198|11|15|11|15|0|13|0|13|0|13|0|13|14|21|14|21|0|13|0|13|0|13|0|13|0|13|0|13|0|13|0|13|23|28|346|83
1600000US3928182|594|185|554|165|467|148|87|107|8|10|79|107|0|13|0|13|0|13|1|3|1|3|0|13|0|13|0|13|0|13|0|13|0|13|0|13|0|13|0|13|39|42
1600000US3928476|5565|426|4998|459|4420|390|578|357|440|286|106|142|0|20|30|45|2|4|30|31|30|31|0|20|0|20|0|20|0|20|0|20|0|20|0|20|82|85|92|113|363|139
1600000US3928532|490|184|467|181|418|175|49|46|31|35|0|13|0|13|18|29|0|13|0|13|0|13|0|13|0|13|0|13|0|13|0|13|0|13|0|13|0|13|0|13|23|29
1600000US3928574|587|132|545|124|470|117|75|51|75|51|0|13|0|13|0|13|0|13|0|13|0|13|0|13|0|13|0|13|0|13|0|13|0|13|0|13|8|13|7|13|27|27
1600000US3928616|221|66|198|61|186|60|12|11|3|5|0|13|1|2|6|10|2|3|0|13|0|13|0|13|0|13|0|13|0|13|0|13|0|13|2|3|8|6|2|3|11|12
1600000US3928658|1375|189|1247|201|1104|195|143|82|99|62|0|13|0|13|44|52|0|13|0|13|0|13|0|13|0|13|0|13|0|13|0|13|20|32|0|13|3|6|0|13|105|49
1600000US3928798|276|78|272|77|251|73|21|16|20|16|0|13|0|13|1|3|0|13|0|13|0|13|0|13|0|13|0|13|0|13|0|13|0|13|0|13|4|6|0|13|0|13
1600000US3928826|6760|468|6195|466|5674|483|521|186|503|184|10|15|8|14|0|20|0|20|36|39|36|39|0|20|0|20|0|20|0|20|0|20|0|20|15|20|210|108|190|146|114|74
1600000US3928882|49|46|49|46|49|46|0|13|0|13|0|13|0|13|0|13|0|13|0|13|0|13|0|13|0|13|0|13|0|13|0|13|0|13|0|13|0|13|0|13|0|13
1600000US3928896|188|171|188|171|188|171|0|13|0|13|0|13|0|13|0|13|0|13|0|13|0|13|0|13|0|13|0|13|0|13|0|13|0|13|0|13|0|13|0|13|0|13
1600000US3928966|1983|599|1461|565|1352|571|109|121|109|121|0|13|0|13|0|13|0|13|0|13|0|13|0|13|0|13|0|13|0|13|0|13|0|13|0|13|27|45|22|33|473|195
1600000US3929050|171|76|142|68|132|67|10|9|2|4|6|7|0|13|2|4|0|13|0|13|0|13|0|13|0|13|0|13|0|13|0|13|0|13|0|13|0|13|2|4|27|19
1600000US3929064|106|66|100|58|85|48|15|14|15|14|0|13|0|13|0|13|0|13|0|13|0|13|0|13|0|13|0|13|0|13|0|13|0|13|0|13|0|13|0|13|6|10
1600000US3929106|18510|639|13893|765|12766|792|1127|374|941|349|73|78|113|95|0|27|0|27|96|70|96|70|0|27|0|27|0|27|0|27|0|27|0|27|0|27|184|106|282|152|4055|544
1600000US3929148|709|169|553|152|460|126|93|68|85|68|5|10|0|13|3|4|0|13|0|13|0|13|0|13|0|13|0|13|0|13|0|13|0|13|7|10|13|20|3|5|133|44
1600000US3929162|4301|363|3833|348|3459|359|374|139|288|137|0|20|0|20|36|52|50|50|0|20|0|20|0|20|0|20|0|20|0|20|0|20|14|25|0|20|34|29|58|46|362|140
1600000US3929204|1030|232|794|181|708|158|86|70|49|52|16|27|21|34|0|13|0|13|13|23|13|23|0|13|0|13|0|13|0|13|0|13|0|13|0|13|63|74|18|24|142|102
1600000US3929246|749|170|272|117|229|98|43|63|5|11|38|62|0|13|0|13|0|13|0|13|0|13|0|13|0|13|0|13|0|13|0|13|0|13|3|8|386|140|0|13|88|57
1600000US3929288|84|66|80|66|72|66|8|9|4|8|0|13|4|6|0|13|0|13|0|13|0|13|0|13|0|13|0|13|0|13|0|13|0|13|0|13|2|4|0|13|2|4
1600000US3929428|13018|725|11577|739|10599|796|978|306|750|262|24|54|152|125|26|33|26|37|166|78|166|78|0|24|0|24|0|24|0|24|0|24|0|24|0|24|318|139|98|107|859|225
1600000US3929442|1297|268|1193|251|1055|228|138|77|76|49|57|62|0|13|5|8|0|13|0|13|0|13|0|13|0|13|0|13|0|13|0|13|0|13|0|13|25|37|0|13|79|44
1600000US3929498|937|268|796|224|757|224|39|24|35|24|0|13|0|13|4|6|0|13|0|13|0|13|0|13|0|13|0|13|0|13|0|13|0|13|0|13|7|8|3|5|131|65
1600000US3929610|2825|309|2756|291|2543|341|213|156|198|154|0|18|10|15|3|7|2|5|0|18|0|18|0|18|0|18|0|18|0|18|0|18|0|18|0|18|0|18|0|18|69|64
1600000US3929652|386|106|342|96|300|91|42|24|42|24|0|13|0|13|0|13|0|13|4|6|4|6|0|13|0|13|0|13|0|13|0|13|0|13|0|13|18|22|0|13|22|17
1600000US3929722|1060|209|986|208|925|205|61|41|50|40|6|10|5|8|0|13|0|13|0|13|0|13|0|13|0|13|0|13|0|13|0|13|0|13|0|13|14|15|17|25|43|31
1600000US3929778|1307|322|1222|313|1124|309|98|138|98|138|0|13|0|13|0|13|0|13|8|19|8|19|0|13|0|13|0|13|0|13|0|13|0|13|0|13|15|29|0|13|62|79
1600000US3929932|2630|230|2286|226|2162|248|124|137|60|64|28|45|36|46|0|18|0|18|0|18|0|18|0|18|0|18|0|18|0|18|0|18|0|18|0|18|76|75|0|18|268|164
1600000US3929974|211|56|202|54|173|52|29|15|25|15|4|6|0|13|0|13|0|13|0|13|0|13|0|13|0|13|0|13|0|13|0|13|0|13|0|13|1|4|1|4|7|8
1600000US3930072|1222|166|1118|165|1020|161|98|44|65|37|33|26|0|13|0|13|0|13|0|13|0|13|0|13|0|13|0|13|0|13|0|13|0|13|0|13|30|32|6|10|68|51
1600000US3930114|108|44|106|44|103|44|3|5|3|5|0|13|0|13|0|13|0|13|0|13|0|13|0|13|0|13|0|13|0|13|0|13|0|13|0|13|0|13|0|13|2|4
1600000US3930198|3835|398|3424|417|3277|390|147|83|122|81|0|18|25|24|0|18|0|18|27|42|27|42|0|18|0|18|0|18|0|18|0|18|0|18|24|37|123|162|0|18|237|162
1600000US3930282|662|155|640|150|621|148|19|17|16|15|3|5|0|13|0|13|0|13|0|13|0|13|0|13|0|13|0|13|0|13|0|13|0|13|0|13|0|13|0|13|22|22
1600000US3930352|52|75|52|75|52|75|0|13|0|13|0|13|0|13|0|13|0|13|0|13|0|13|0|13|0|13|0|13|0|13|0|13|0|13|0|13|0|13|0|13|0|13
1600000US3930380|991|200|794|169|771|170|23|22|3|5|20|22|0|13|0|13|0|13|0|13|0|13|0|13|0|13|0|13|0|13|0|13|0|13|0|13|15|16|7|11|175|57
1600000US3930436|149|79|133|76|129|74|4|10|0|13|4|10|0|13|0|13|0|13|0|13|0|13|0|13|0|13|0|13|0|13|0|13|0|13|0|13|14|13|0|13|2|4
1600000US3930506|141|55|138|55|120|53|18|13|18|13|0|13|0|13|0|13|0|13|0|13|0|13|0|13|0|13|0|13|0|13|0|13|0|13|0|13|3|4|0|13|0|13
1600000US3930520|888|385|888|385|862|380|26|42|26|42|0|13|0|13|0|13|0|13|0|13|0|13|0|13|0|13|0|13|0|13|0|13|0|13|0|13|0|13|0|13|0|13
1600000US3930632|308|90|247|79|234|75|13|13|13|13|0|13|0|13|0|13|0|13|0|13|0|13|0|13|0|13|0|13|0|13|0|13|2|4|0|13|5|6|0|13|54|30
1600000US3930660|275|120|257|119|237|115|20|14|17|12|3|4|0|13|0|13|0|13|0|13|0|13|0|13|0|13|0|13|0|13|0|13|0|13|0|13|0|13|6|9|12|9
1600000US3930674|529|104|479|95|408|92|71|45|42|37|24|24|5|7|0|13|0|13|0|13|0|13|0|13|0|13|0|13|0|13|3|5|0|13|0|13|13|11|1|3|33|34
1600000US3930702|619|164|508|133|494|136|14|17|13|17|0|13|0|13|0|13|1|3|0|13|0|13|0|13|0|13|0|13|0|13|0|13|0|13|0|13|0|13|10|15|101|70
1600000US3930786|1849|241|1434|218|1334|198|100|101|100|101|0|13|0|13|0|13|0|13|232|205|232|205|0|13|0|13|0|13|0|13|0|13|0|13|0|13|0|13|14|24|169|92
1600000US3930814|102|55|99|54|99|54|0|13|0|13|0|13|0|13|0|13|0|13|0|13|0|13|0|13|0|13|0|13|0|13|0|13|0|13|0|13|3|5|0|13|0|13
1600000US3930828|44|56|44|56|44|56|0|13|0|13|0|13|0|13|0|13|0|13|0|13|0|13|0|13|0|13|0|13|0|13|0|13|0|13|0|13|0|13|0|13|0|13
1600000US3930912|132|44|115|39|114|39|1|3|0|13|1|3|0|13|0|13|0|13|0|13|0|13|0|13|0|13|0|13|0|13|0|13|0|13|0|13|5|5|0|13|12|11
1600000US3930996|558|261|553|261|537|261|16|28|16|28|0|13|0|13|0|13|0|13|0|13|0|13|0|13|0|13|0|13|0|13|0|13|0|13|0|13|0|13|0|13|5|8
1600000US3931150|1321|174|1152|179|1055|176|97|56|77|57|0|18|14|22|6|10|0|18|24|38|24|38|0|18|0|18|0|18|0|18|0|18|0|18|8|8|8|13|38|40|91|39
1600000US3931206|486|96|447|93|432|91|15|15|13|14|0|13|2|3|0|13|0|13|0|13|0|13|0|13|0|13|0|13|0|13|0|13|0|13|0|13|10|11|0|13|29|20
1600000US3931234|372|144|347|142|331|139|16|25|16|25|0|13|0|13|0|13|0|13|0|13|0|13|0|13|0|13|0|13|0|13|0|13|0|13|0|13|10|12|4|5|11|9
1600000US3931262|708|203|670|200|642|211|28|39|28|39|0|13|0|13|0|13|0|13|0|13|0|13|0|13|0|13|0|13|0|13|0|13|0|13|0|13|0|13|0|13|38|45
1600000US3931304|5301|363|3909|378|3831|375|78|62|56|57|5|8|4|8|13|22|0|18|37|55|37|55|0|18|0|18|0|18|0|18|0|18|16|27|20|25|45|70|30|29|1244|346
1600000US3931402|2787|234|1505|224|1428|217|77|60|50|52|4|8|0|18|0|18|23|31|0|18|0|18|0|18|0|18|0|18|0|18|0|18|0|18|0|18|689|134|0|18|593|152
1600000US3931434|579|169|497|159|497|159|0|13|0|13|0|13|0|13|0|13|0|13|0|13|0|13|0|13|0|13|0|13|0|13|0|13|0|13|0|13|0|13|9|14|73|53
1600000US3931458|131|66|115|55|87|45|28|27|28|27|0|13|0|13|0|13|0|13|0|13|0|13|0|13|0|13|0|13|0|13|0|13|0|13|0|13|0|13|13|18|3|4
1600000US3931472|404|160|349|142|307|122|42|67|42|67|0|13|0|13|0|13|0|13|0|13|0|13|0|13|0|13|0|13|0|13|0|13|0|13|0|13|0|13|0|13|55|56
1600000US3931542|28|23|27|23|27|23|0|13|0|13|0|13|0|13|0|13|0|13|0|13|0|13|0|13|0|13|0|13|0|13|0|13|0|13|0|13|0|13|0|13|1|2
1600000US3931860|13717|548|11399|567|11003|587|396|193|352|191|44|45|0|24|0|24|0|24|56|67|56|67|0|24|0|24|0|24|0|24|0|24|26|41|0|24|150|131|65|80|2021|414
1600000US3931948|247|81|233|67|221|65|12|15|12|15|0|13|0|13|0|13|0|13|0|13|0|13|0|13|0|13|0|13|0|13|0|13|0|13|0|13|4|7|10|22|0|13
1600000US3932088|1529|291|1393|279|1088|240|305|167|287|162|18|28|0|13|0|13|0|13|0|13|0|13|0|13|0|13|0|13|0|13|0|13|0|13|0|13|69|49|13|20|54|49
1600000US3932158|1716|287|1466|281|1322|275|144|79|140|79|4|8|0|13|0|13|0|13|13|17|13|17|0|13|0|13|0|13|0|13|11|17|0|13|0|13|0|13|0|13|226|95
1600000US3932207|1007|181|934|189|765|156|169|112|162|112|7|13|0|13|0|13|0|13|14|21|14|21|0|13|0|13|0|13|0|13|0|13|0|13|0|13|6|11|0|13|53|50
1600000US3932256|640|146|582|137|510|117|72|50|66|48|0|13|0|13|6|12|0|13|0|13|0|13|0|13|0|13|0|13|0|13|3|4|9|15|0|13|2|4|7|11|37|31
1600000US3932298|1741|367|1450|349|1327|285|123|114|53|48|70|106|0|13|0|13|0|13|0|13|0|13|0|13|0|13|0|13|0|13|0|13|14|23|0|13|0|13|0|13|277|111
1600000US3932340|5463|404|4997|379|4316|352|681|213|646|208|17|20|17|27|0|20|1|4|10|16|10|16|0|20|0|20|0|20|0|20|0|20|0|20|5|9|167|97|53|37|231|120
1600000US3932368|602|152|588|151|531|146|57|50|37|47|20|19|0|13|0|13|0|13|0|13|0|13|0|13|0|13|0|13|0|13|0|13|0|13|0|13|0|13|1|7|13|11
1600000US3932536|4231|718|3834|738|3477|774|357|212|125|84|60|69|98|102|74|119|0|18|77|77|77|77|0|18|0|18|0|18|0|18|0|18|0|18|0|18|6|12|26|31|288|197
1600000US3932592|21956|891|18433|906|16861|865|1572|455|1101|383|441|276|12|21|18|29|0|27|42|57|42|57|0|27|0|27|0|27|0|27|0|27|0|27|25|24|253|156|151|102|3052|581
1600000US3932606|3046|299|2739|291|2372|283|367|168|267|190|100|129|0|18|0|18|0|18|33|38|18|26|15|26|0|18|0|18|0|18|17|26|0|18|0|18|0|18|0|18|257|124
1600000US3932620|159|58|159|58|157|59|2|4|2|4|0|13|0|13|0|13|0|13|0|13|0|13|0|13|0|13|0|13|0|13|0|13|0|13|0|13|0|13|0|13|0|13
1600000US3932680|474|187|309|139|309|139|0|13|0|13|0|13|0|13|0|13|0|13|0|13|0|13|0|13|0|13|0|13|0|13|0|13|0|13|0|13|0|13|0|13|165|151
1600000US3932928|255|145|245|140|183|115|62|75|62|75|0|13|0|13|0|13|0|13|0|13|0|13|0|13|0|13|0|13|0|13|0|13|0|13|0|13|0|13|0|13|10|17
1600000US3932956|313|121|285|116|268|116|17|16|12|13|0|13|0|13|0|13|5|7|3|5|3|5|0|13|0|13|0|13|0|13|0|13|0|13|0|13|0|13|0|13|25|29
1600000US3932984|358|162|321|143|288|136|33|34|33|34|0|13|0|13|0|13|0|13|0|13|0|13|0|13|0|13|0|13|0|13|0|13|0|13|0|13|0|13|0|13|37|48
1600000US3933012|27575|927|24793|935|21192|971|3601|659|2638|550|772|287|85|73|98|90|8|14|179|125|179|125|0|30|0|30|0|30|0|30|9|16|99|94|74|65|614|201|272|137|1535|309
1600000US3933096|207|65|196|63|180|59|16|12|10|8|3|4|0|13|3|6|0|13|0|13|0|13|0|13|0|13|0|13|0|13|0|13|3|4|1|3|5|6|0|13|2|3
1600000US3933194|90|58|85|56|79|55|6|9|6|9|0|13|0|13|0|13|0|13|0|13|0|13|0|13|0|13|0|13|0|13|0|13|0|13|0|13|0|13|0|13|5|7
1600000US3933222|47|31|39|28|39|28|0|13|0|13|0|13|0|13|0|13|0|13|0|13|0|13|0|13|0|13|0|13|0|13|0|13|0|13|0|13|0|13|0|13|8|13
1600000US3933292|528|135|462|127|410|126|52|28|35|23|4|6|13|15|0|13|0|13|0|13|0|13|0|13|0|13|0|13|0|13|0|13|0|13|0|13|0|13|0|13|66|30
1600000US3933306|215|66|192|60|179|55|13|12|9|10|3|4|0|13|0|13|1|4|0|13|0|13|0|13|0|13|0|13|0|13|0|13|0|13|0|13|8|9|2|4|13|10
1600000US3933362|785|269|669|218|627|214|42|48|42|48|0|13|0|13|0|13|0|13|0|13|0|13|0|13|0|13|0|13|0|13|0|13|0|13|0|13|0|13|39|60|77|69
1600000US3933376|55|46|55|46|44|34|11|18|11|18|0|13|0|13|0|13|0|13|0|13|0|13|0|13|0|13|0|13|0|13|0|13|0|13|0|13|0|13|0|13|0|13
1600000US3933656|103|50|103|50|90|50|13|15|12|14|1|4|0|13|0|13|0|13|0|13|0|13|0|13|0|13|0|13|0|13|0|13|0|13|0|13|0|13|0|13|0|13
1600000US3933740|163|70|146|63|129|57|17|17|17|17|0|13|0|13|0|13|0|13|0|13|0|13|0|13|0|13|0|13|0|13|0|13|0|13|0|13|7|11|0|13|10|14
1600000US3933768|81|106|81|106|81|106|0|13|0|13|0|13|0|13|0|13|0|13|0|13|0|13|0|13|0|13|0|13|0|13|0|13|0|13|0|13|0|13|0|13|0|13
1600000US3933838|7647|622|6562|552|5969|477|593|299|492|277|0|20|0|20|101|110|0|20|19|27|19|27|0|20|0|20|0|20|0|20|0|20|11|19|0|20|30|33|32|46|993|295
1600000US3934090|74|35|63|33|63|33|0|13|0|13|0|13|0|13|0|13|0|13|0|13|0|13|0|13|0|13|0|13|0|13|0|13|0|13|0|13|0|13|0|13|11|10
1600000US3934118|259|74|224|65|216|64|8|10|8|10|0|13|0|13|0|13|0|13|0|13|0|13|0|13|0|13|0|13|0|13|0|13|0|13|0|13|0|13|3|4|32|32
1600000US3934202|181|73|166|70|147|64|19|22|19|22|0|13|0|13|0|13|0|13|0|13|0|13|0|13|0|13|0|13|0|13|0|13|0|13|0|13|0|13|0|13|15|11
1600000US3934328|1607|221|1413|222|1247|226|166|125|155|122|0|13|0|13|0|13|11|24|0|13|0|13|0|13|0|13|0|13|0|13|0|13|0|13|0|13|50|54|0|13|144|89
1600000US3934384|446|142|376|136|324|123|52|43|52|43|0|13|0|13|0|13|0|13|0|13|0|13|0|13|0|13|0|13|0|13|0|13|0|13|0|13|7|11|0|13|63|43
1600000US3934412|649|165|566|155|529|141|37|40|37|40|0|13|0|13|0|13|0|13|0|13|0|13|0|13|0|13|0|13|0|13|0|13|0|13|0|13|4|8|0|13|79|52
1600000US3934552|85|38|74|33|70|34|4|6|4|6|0|13|0|13|0|13|0|13|0|13|0|13|0|13|0|13|0|13|0|13|0|13|0|13|0|13|0|13|0|13|11|14
1600000US3934594|133|94|118|85|118|85|0|13|0|13|0|13|0|13|0|13|0|13|0|13|0|13|0|13|0|13|0|13|0|13|0|13|0|13|0|13|0|13|0|13|15|26
1600000US3934636|271|104|262|103|258|103|4|5|4|5|0|13|0|13|0|13|0|13|0|13|0|13|0|13|0|13|0|13|0|13|0|13|0|13|4|6|0|13|0|13|5|6
1600000US3934748|4956|311|4222|322|4020|326|202|123|169|120|28|31|5|11|0|20|0|20|24|30|24|30|0|20|0|20|0|20|0|20|0|20|0|20|0|20|34|31|34|38|642|166
1600000US3934790|1241|266|1051|248|829|188|222|165|79|81|143|146|0|13|0|13|0|13|0|13|0|13|0|13|0|13|0|13|0|13|0|13|0|13|0|13|0|13|31|39|159|61
1600000US3934860|134|52|118|46|90|36|28|25|23|23|4|7|0|13|1|4|0|13|0|13|0|13|0|13|0|13|0|13|0|13|0|13|0|13|10|15|6|7|0|13|0|13
1600000US3934888|143|129|140|129|107|94|33|45|33|45|0|13|0|13|0|13|0|13|0|13|0|13|0|13|0|13|0|13|0|13|0|13|0|13|0|13|0|13|0|13|3|6
1600000US3935028|43|40|43|40|43|40|0|13|0|13|0|13|0|13|0|13|0|13|0|13|0|13|0|13|0|13|0|13|0|13|0|13|0|13|0|13|0|13|0|13|0|13
1600000US3935098|1548|311|1365|323|1037|239|328|248|152|100|0|13|172|238|0|13|4|6|0|13|0|13|0|13|0|13|0|13|0|13|0|13|0|13|0|13|57|43|0|13|126|116
1600000US3935119|0|13|0|13|0|13|0|13|0|13|0|13|0|13|0|13|0|13|0|13|0|13|0|13|0|13|0|13|0|13|0|13|0|13|0|13|0|13|0|13|0|13
1600000US3935126|266|199|111|140|111|140|0|13|0|13|0|13|0|13|0|13|0|13|0|13|0|13|0|13|0|13|0|13|0|13|0|13|0|13|0|13|0|13|0|13|155|142
1600000US3935168|150|89|139|78|118|71|21|24|14|20|5|10|2|4|0|13|0|13|0|13|0|13|0|13|0|13|0|13|0|13|0|13|0|13|0|13|8|21|0|13|3|5
1600000US3935210|68|35|68|35|60|32|8|10|7|9|1|3|0|13|0|13|0|13|0|13|0|13|0|13|0|13|0|13|0|13|0|13|0|13|0|13|0|13|0|13|0|13
1600000US3935252|4133|337|3315|369|2997|351|318|133|286|127|22|31|0|18|10|16|0|18|0|18|0|18|0|18|0|18|0|18|0|18|0|18|0|18|0|18|80|86|12|20|726|195
1600000US3935255|224|155|208|155|151|92|57|72|48|69|0|13|0|13|0|13|9|17|0|13|0|13|0|13|0|13|0|13|0|13|0|13|0|13|0|13|9|15|0|13|7|9
1600000US3935256|285|184|285|184|226|135|59|70|59|70|0|13|0|13|0|13|0|13|0|13|0|13|0|13|0|13|0|13|0|13|0|13|0|13|0|13|0|13|0|13|0|13
1600000US3935322|422|152|383|147|383|147|0|13|0|13|0|13|0|13|0|13|0|13|0|13|0|13|0|13|0|13|0|13|0|13|0|13|0|13|0|13|0|13|0|13|39|46
1600000US3935476|20257|832|15804|917|14825|954|979|292|654|212|192|124|123|145|10|16|0|27|54|47|54|47|0|27|0|27|0|27|0|27|0|27|0|27|15|23|120|104|9|14|4255|437
1600000US3935532|95|30|65|27|64|26|1|4|0|13|1|4|0|13|0|13|0|13|0|13|0|13|0|13|0|13|0|13|0|13|0|13|0|13|0|13|1|2|0|13|29|16
1600000US3935560|2651|266|2457|250|2200|302|257|127|225|127|32|42|0|18|0|18|0|18|0|18|0|18|0|18|0|18|0|18|0|18|0|18|0|18|0|18|74|76|8|13|112|82
1600000US3935613|319|160|311|159|278|166|33|49|33|49|0|13|0|13|0|13|0|13|0|13|0|13|0|13|0|13|0|13|0|13|0|13|0|13|0|13|0|13|0|13|8|15
1600000US3935658|583|149|317|114|299|111|18|15|18|15|0|13|0|13|0|13|0|13|0|13|0|13|0|13|0|13|0|13|0|13|0|13|0|13|0|13|109|67|0|13|157|50
1600000US3935826|24|28|14|22|14|22|0|13|0|13|0|13|0|13|0|13|0|13|0|13|0|13|0|13|0|13|0|13|0|13|0|13|0|13|0|13|0|13|0|13|10|16
1600000US3935854|419|107|415|107|399|104|16|16|12|15|4|6|0|13|0|13|0|13|0|13|0|13|0|13|0|13|0|13|0|13|0|13|0|13|0|13|0|13|0|13|4|4
1600000US3935864|20|14|19|14|19|14|0|13|0|13|0|13|0|13|0|13|0|13|0|13|0|13|0|13|0|13|0|13|0|13|0|13|0|13|0|13|0|13|0|13|1|2
1600000US3935866|523|182|457|175|457|175|0|13|0|13|0|13|0|13|0|13|0|13|0|13|0|13|0|13|0|13|0|13|0|13|0|13|0|13|0|13|0|13|26|30|40|34
1600000US3935868|650|162|538|166|433|115|105|92|105|92|0|13|0|13|0|13|0|13|0|13|0|13|0|13|0|13|0|13|0|13|0|13|0|13|0|13|0|13|34|35|78|53
1600000US3935882|682|141|618|131|593|130|25|19|25|19|0|13|0|13|0|13|0|13|0|13|0|13|0|13|0|13|0|13|0|13|0|13|0|13|4|6|9|9|0|13|51|40
1600000US3935896|126|51|119|49|98|35|21|30|19|30|0|13|2|4|0|13|0|13|0|13|0|13|0|13|0|13|0|13|0|13|0|13|0|13|0|13|0|13|3|4|4|6
1600000US3935924|142|66|138|67|138|67|0|13|0|13|0|13|0|13|0|13|0|13|0|13|0|13|0|13|0|13|0|13|0|13|0|13|0|13|0|13|4|6|0|13|0|13
1600000US3935994|157|79|137|70|120|70|17|16|4|7|5|7|8|13|0|13|0|13|0|13|0|13|0|13|0|13|0|13|0|13|0|13|0|13|6|11|0|13|0|13|14|18
1600000US3936176|319|227|319|227|319|227|0|13|0|13|0|13|0|13|0|13|0|13|0|13|0|13|0|13|0|13|0|13|0|13|0|13|0|13|0|13|0|13|0|13|0|13
1600000US3936232|208|130|208|130|150|107|58|83|58|83|0|13|0|13|0|13|0|13|0|13|0|13|0|13|0|13|0|13|0|13|0|13|0|13|0|13|0|13|0|13|0|13
1600000US3936260|375|128|338|126|329|126|9|10|5|7|2|4|0|13|2|4|0|13|0|13|0|13|0|13|0|13|0|13|0|13|0|13|0|13|0|13|19|14|0|13|18|10
1600000US3936512|216|164|216|164|156|109|60|71|60|71|0|13|0|13|0|13|0|13|0|13|0|13|0|13|0|13|0|13|0|13|0|13|0|13|0|13|0|13|0|13|0|13
1600000US3936557|3490|501|3171|490|3025|470|146|81|137|79|9|16|0|18|0|18|0|18|30|46|30|46|0|18|0|18|0|18|0|18|0|18|0|18|14|20|54|66|31|46|190|113
1600000US3936568|156|61|149|59|137|61|12|12|6|8|6|9|0|13|0|13|0|13|0|13|0|13|0|13|0|13|0|13|0|13|0|13|0|13|0|13|0|13|7|10|0|13
1600000US3936582|4086|328|3714|326|3438|318|276|137|177|115|43|37|0|18|0|18|56|61|0|18|0|18|0|18|0|18|0|18|0|18|0|18|0|18|0|18|0|18|0|18|372|187
1600000US3936610|21169|821|18631|774|17109|708|1522|347|1033|317|270|100|30|47|71|68|118|88|149|102|140|100|0|27|9|16|0|27|0|27|0|27|0|27|8|12|239|174|78|60|2064|423
1600000US3936624|2657|304|2049|277|1959|265|90|53|64|46|13|14|0|13|13|21|0|13|9|12|9|12|0|13|0|13|0|13|0|13|42|59|0|13|0|13|21|23|0|13|536|208
1600000US3936651|11266|419|8110|481|7883|480|227|108|121|57|55|69|44|44|7|11|0|24|9|13|9|13|0|24|0|24|0|24|0|24|0|24|0|24|20|20|135|88|109|79|2883|309
1600000US3936806|2198|416|1895|366|1744|364|151|116|73|96|0|13|64|83|14|23|0|13|0|13|0|13|0|13|0|13|0|13|0|13|0|13|0|13|0|13|0|13|0|13|303|199
1600000US3936918|290|71|224|52|205|48|19|14|17|13|2|5|0|13|0|13|0|13|0|13|0|13|0|13|0|13|0|13|0|13|0|13|0|13|0|13|2|3|1|4|63|44
1600000US3936988|263|83|255|82|240|80|15|15|15|15|0|13|0|13|0|13|0|13|0|13|0|13|0|13|0|13|0|13|0|13|0|13|0|13|0|13|2|4|0|13|6|7
1600000US3937016|3552|353|3272|358|3128|379|144|91|99|61|0|18|45|68|0|18|0|18|0|18|0|18|0|18|0|18|0|18|0|18|0|18|12|20|0|18|37|56|0|18|231|113
1600000US3937142|225|171|76|52|62|52|14|25|14|25|0|13|0|13|0|13|0|13|0|13|0|13|0|13|0|13|0|13|0|13|0|13|0|13|0|13|0|13|0|13|149|164
1600000US3937240|3891|248|3182|323|2865|307|317|196|165|105|8|11|13|13|131|170|0|18|0|18|0|18|0|18|0|18|0|18|0|18|0|18|0|18|0|18|0|18|42|47|667|199
1600000US3937422|92|46|92|46|89|44|3|5|3|5|0|13|0|13|0|13|0|13|0|13|0|13|0|13|0|13|0|13|0|13|0|13|0|13|0|13|0|13|0|13|0|13
1600000US3937464|3921|342|3609|359|3388|338|221|150|210|142|0|20|0|20|11|23|0|20|0|20|0|20|0|20|0|20|0|20|0|20|0|20|0|20|0|20|73|43|38|36|201|134
1600000US3937604|49|31|46|30|40|25|6|10|0|13|6|10|0|13|0|13|0|13|0|13|0|13|0|13|0|13|0|13|0|13|0|13|0|13|0|13|0|13|3|5|0|13
1600000US3937842|2822|300|2448|275|2211|297|237|160|213|159|14|24|8|14|2|6|0|18|0|18|0|18|0|18|0|18|0|18|0|18|0|18|0|18|0|18|201|106|29|48|144|104
1600000US3938192|3|5|3|5|3|5|0|13|0|13|0|13|0|13|0|13|0|13|0|13|0|13|0|13|0|13|0|13|0|13|0|13|0|13|0|13|0|13|0|13|0|13
1600000US3938220|657|150|633|147|576|147|57|31|50|30|7|7|0|13|0|13|0|13|0|13|0|13|0|13|0|13|0|13|0|13|0|13|0|13|0|13|7|8|0|13|17|14
1600000US3938276|114|92|105|85|105|85|0|13|0|13|0|13|0|13|0|13|0|13|0|13|0|13|0|13|0|13|0|13|0|13|0|13|0|13|0|13|0|13|0|13|9|15
1600000US3938304|171|62|165|63|159|62|6|6|6|6|0|13|0|13|0|13|0|13|0|13|0|13|0|13|0|13|0|13|0|13|0|13|0|13|0|13|0|13|1|3|5|4
1600000US3938374|1011|181|909|172|854|165|55|40|55|40|0|13|0|13|0|13|0|13|0|13|0|13|0|13|0|13|0|13|0|13|0|13|0|13|0|13|16|20|14|22|72|40
1600000US3938500|1598|359|1507|351|1410|327|97|80|97|80|0|13|0|13|0|13|0|13|0|13|0|13|0|13|0|13|0|13|0|13|0|13|20|30|0|13|32|37|0|13|39|44
1600000US3938920|503|135|470|124|431|113|39|27|33|25|0|13|6|7|0|13|0|13|0|13|0|13|0|13|0|13|0|13|0|13|0|13|0|13|0|13|4|6|3|5|26|26
1600000US3938948|160|65|145|61|129|61|16|14|13|14|3|5|0|13|0|13|0|13|0|13|0|13|0|13|0|13|0|13|0|13|0|13|0|13|0|13|2|3|0|13|13|11
1600000US3939060|301|85|267|83|251|75|16|18|16|18|0|13|0|13|0|13|0|13|0|13|0|13|0|13|0|13|0|13|0|13|0|13|7|11|0|13|7|11|0|13|20|17
1600000US3939074|235|66|206|61|189|61|17|18|17|18|0|13|0|13|0|13|0|13|0|13|0|13|0|13|0|13|0|13|0|13|0|13|0|13|0|13|4|6|6|7|19|12
1600000US3939088|153|96|153|96|142|89|11|19|0|13|11|19|0|13|0|13|0|13|0|13|0|13|0|13|0|13|0|13|0|13|0|13|0|13|0|13|0|13|0|13|0|13
1600000US3939130|54|29|45|24|36|22|9|8|5|6|0|13|0|13|4|5|0|13|0|13|0|13|0|13|0|13|0|13|0|13|0|13|0|13|0|13|0|13|0|13|9|11
1600000US3939172|151|56|136|51|120|48|16|15|11|13|2|4|0|13|0|13|3|4|0|13|0|13|0|13|0|13|0|13|0|13|0|13|0|13|0|13|6|8|0|13|9|13
1600000US3939340|2815|285|2324|264|2134|277|190|118|84|67|5|13|101|92|0|18|0|18|1|3|1|3|0|18|0|18|0|18|0|18|0|18|0|18|0|18|14|23|9|14|467|155
1600000US3939508|377|105|367|104|359|103|8|14|8|14|0|13|0|13|0|13|0|13|0|13|0|13|0|13|0|13|0|13|0|13|0|13|0|13|0|13|9|14|0|13|1|4
1600000US3939536|985|217|889|193|862|195|27|28|27|28|0|13|0|13|0|13|0|13|0|13|0|13|0|13|0|13|0|13|0|13|0|13|0|13|0|13|60|83|0|13|36|35
1600000US3939564|127|129|127|129|90|99|37|58|37|58|0|13|0|13|0|13|0|13|0|13|0|13|0|13|0|13|0|13|0|13|0|13|0|13|0|13|0|13|0|13|0|13
1600000US3939578|67|52|67|52|67|52|0|13|0|13|0|13|0|13|0|13|0|13|0|13|0|13|0|13|0|13|0|13|0|13|0|13|0|13|0|13|0|13|0|13|0|13
1600000US3939662|59|43|30|23|30|23|0|13|0|13|0|13|0|13|0|13|0|13|0|13|0|13|0|13|0|13|0|13|0|13|0|13|0|13|7|11|3|4|0|13|19|24
1600000US3939872|12640|754|8903|776|8143|730|760|337|708|332|52|42|0|24|0|24|0|24|103|97|103|97|0|24|0|24|0|24|0|24|0|24|0|24|114|69|1181|328|146|111|2193|421
1600000US3939886|2893|408|2679|414|2439|388|240|126|189|114|51|40|0|18|0|18|0|18|0|18|0|18|0|18|0|18|0|18|0|18|0|18|0|18|0|18|177|100|0|18|37|44
1600000US3939914|3807|431|2997|402|2863|415|134|98|127|96|7|11|0|18|0|18|0|18|54|35|31|29|23|23|0|18|0|18|0|18|0|18|0|18|0|18|10|17|64|57|682|183
1600000US3940040|28820|620|24618|690|22400|701|2218|438|1802|366|192|123|91|106|87|61|46|59|419|205|412|205|7|13|0|30|0|30|0|30|0|30|33|26|76|46|323|127|89|53|3262|371
1600000US3940054|71|29|63|28|61|27|2|5|2|5|0|13|0|13|0|13|0|13|4|5|4|5|0|13|0|13|0|13|0|13|0|13|2|3|0|13|2|4|0|13|0|13
1600000US3940096|351|99|292|94|212|80|80|42|31|26|15|14|16|16|18|28|0|13|0|13|0|13|0|13|0|13|0|13|0|13|0|13|0|13|14|16|6|11|0|13|39|34
1600000US3940124|13|22|6|10|6|10|0|13|0|13|0|13|0|13|0|13|0|13|0|13|0|13|0|13|0|13|0|13|0|13|0|13|0|13|0|13|0|13|0|13|7|12
1600000US3940180|584|167|528|153|439|135|89|52|74|48|14|15|0|13|0|13|1|4|0|13|0|13|0|13|0|13|0|13|0|13|0|13|0|13|0|13|30|42|15|16|11|10
1600000US3940264|23|28|11|18|11|18|0|13|0|13|0|13|0|13|0|13|0|13|0|13|0|13|0|13|0|13|0|13|0|13|0|13|0|13|0|13|0|13|0|13|12|20
1600000US3940348|823|316|675|271|675|271|0|13|0|13|0|13|0|13|0|13|0|13|0|13|0|13|0|13|0|13|0|13|0|13|0|13|0|13|0|13|38|43|0|13|110|98
1600000US3940376|372|134|363|134|352|131|11|15|7|13|0|13|0|13|4|8|0|13|0|13|0|13|0|13|0|13|0|13|0|13|0|13|0|13|0|13|0|13|0|13|9|10
1600000US3940390|285|109|285|109|193|83|92|79|44|49|48|62|0|13|0|13|0|13|0|13|0|13|0|13|0|13|0|13|0|13|0|13|0|13|0|13|0|13|0|13|0|13
1600000US3940507|281|126|281|126|278|127|3|5|3|5|0|13|0|13|0|13|0|13|0|13|0|13|0|13|0|13|0|13|0|13|0|13|0|13|0|13|0|13|0|13|0|13
1600000US3940544|102|37|88|35|73|30|15|15|15|15|0|13|0|13|0|13|0|13|0|13|0|13|0|13|0|13|0|13|0|13|0|13|0|13|0|13|5|7|3|7|6|8
1600000US3940558|27|20|25|16|25|16|0|13|0|13|0|13|0|13|0|13|0|13|0|13|0|13|0|13|0|13|0|13|0|13|0|13|0|13|0|13|2|8|0|13|0|13
1600000US3940572|250|74|232|72|216|69|16|14|14|13|2|4|0|13|0|13|0|13|0|13|0|13|0|13|0|13|0|13|0|13|0|13|0|13|0|13|2|4|0|13|16|15
1600000US3940642|3428|233|2709|277|2474|286|235|119|120|77|58|53|57|73|0|18|0|18|0|18|0|18|0|18|0|18|0|18|0|18|0|18|13|19|0|18|20|31|50|66|636|159
1600000US3940670|319|82|270|77|262|76|8|10|8|10|0|13|0|13|0|13|0|13|0|13|0|13|0|13|0|13|0|13|0|13|0|13|0|13|0|13|0|13|13|14|36|19
1600000US3940978|140|130|140|130|140|130|0|13|0|13|0|13|0|13|0|13|0|13|0|13|0|13|0|13|0|13|0|13|0|13|0|13|0|13|0|13|0|13|0|13|0|13
1600000US3941090|414|142|369|138|369|138|0|13|0|13|0|13|0|13|0|13|0|13|18|28|18|28|0|13|0|13|0|13|0|13|27|43|0|13|0|13|0|13|0|13|0|13
1600000US3941118|164|71|142|66|138|65|4|7|4|7|0|13|0|13|0|13|0|13|0|13|0|13|0|13|0|13|0|13|0|13|0|13|0|13|0|13|0|13|16|26|6|11
1600000US3941146|57|38|57|38|57|38|0|13|0|13|0|13|0|13|0|13|0|13|0|13|0|13|0|13|0|13|0|13|0|13|0|13|0|13|0|13|0|13|0|13|0|13
1600000US3941188|44|52|37|45|37|45|0|13|0|13|0|13|0|13|0|13|0|13|0|13|0|13|0|13|0|13|0|13|0|13|0|13|0|13|0|13|0|13|0|13|7|14
1600000US3941230|1348|160|1255|149|1207|135|48|41|19|22|29|36|0|13|0|13|0|13|1|4|1|4|0|13|0|13|0|13|0|13|0|13|0|13|0|13|13|15|26|34|53|58
1600000US3941349|228|120|189|111|189|111|0|13|0|13|0|13|0|13|0|13|0|13|0|13|0|13|0|13|0|13|0|13|0|13|0|13|0|13|0|13|20|33|0|13|19|28
1600000US3941363|2345|498|2046|494|1951|480|95|59|70|49|25|37|0|13|0|13|0|13|0|13|0|13|0|13|0|13|0|13|0|13|0|13|0|13|0|13|0|13|6|9|293|110
1600000US3941373|1896|211|1793|229|1743|230|50|57|50|57|0|13|0|13|0|13|0|13|0|13|0|13|0|13|0|13|0|13|0|13|0|13|0|13|0|13|0|13|5|10|98|62
1600000US3941398|104|33|82|29|64|25|18|19|18|19|0|13|0|13|0|13|0|13|0|13|0|13|0|13|0|13|0|13|0|13|0|13|0|13|0|13|0|13|4|6|18|11
1600000US3941419|847|227|684|221|665|222|19|31|19|31|0|13|0|13|0|13|0|13|0|13|0|13|0|13|0|13|0|13|0|13|0|13|0|13|0|13|0|13|51|60|112|84
1600000US3941440|238|97|215|95|197|85|18|19|18|19|0|13|0|13|0|13|0|13|0|13|0|13|0|13|0|13|0|13|0|13|0|13|0|13|0|13|0|13|0|13|23|34
1600000US3941443|610|230|530|208|530|208|0|13|0|13|0|13|0|13|0|13|0|13|0|13|0|13|0|13|0|13|0|13|0|13|0|13|0|13|0|13|0|13|9|18|71|87
1600000US3941454|1387|179|1228|164|1170|180|58|57|58|57|0|13|0|13|0|13|0|13|0|13|0|13|0|13|0|13|0|13|0|13|0|13|0|13|0|13|0|13|17|27|142|97
1600000US3941500|238|114|221|110|210|104|11|18|0|13|0|13|0|13|11|18|0|13|0|13|0|13|0|13|0|13|0|13|0|13|0|13|0|13|0|13|0|13|0|13|17|18
1600000US3941552|153|75|117|61|96|54|21|31|21|31|0|13|0|13|0|13|0|13|0|13|0|13|0|13|0|13|0|13|0|13|0|13|0|13|0|13|10|15|0|13|26|28
1600000US3941597|511|275|499|273|369|141|130|172|130|172|0|13|0|13|0|13|0|13|0|13|0|13|0|13|0|13|0|13|0|13|0|13|0|13|0|13|0|13|0|13|12|18
1600000US3941608|562|143|490|119|487|118|3|7|3|7|0|13|0|13|0|13|0|13|0|13|0|13|0|13|0|13|0|13|0|13|0|13|0|13|0|13|2|4|4|7|66|58
1600000US3941657|414|186|334|174|297|165|37|44|37|44|0|13|0|13|0|13|0|13|0|13|0|13|0|13|0|13|0|13|0|13|0|13|0|13|0|13|0|13|25|30|55|41
1600000US3941664|30164|794|22523|770|20808|766|1715|279|1468|257|153|102|49|39|45|31|0|30|707|191|626|185|71|38|10|18|0|30|0|30|128|163|11|18|154|81|696|178|203|108|5742|583
1600000US3941720|18008|755|15789|801|14220|805|1569|342|1391|327|87|69|91|67|0|27|0|27|22|24|7|11|0|27|0|27|0|27|15|22|70|99|4|7|107|97|496|276|142|108|1378|330
1600000US3941755|4529|567|3489|492|3282|480|207|155|161|140|46|54|0|18|0|18|0|18|61|88|61|88|0|18|0|18|0|18|0|18|27|44|14|21|0|18|46|62|62|71|830|248
1600000US3941860|166|76|166|76|146|72|20|29|20|29|0|13|0|13|0|13|0|13|0|13|0|13|0|13|0|13|0|13|0|13|0|13|0|13|0|13|0|13|0|13|0|13
1600000US3941902|342|97|315|98|309|98|6|8|6|8|0|13|0|13|0|13|0|13|0|13|0|13|0|13|0|13|0|13|0|13|0|13|0|13|0|13|0|13|0|13|27|31
1600000US3941986|80|38|74|38|72|38|2|4|0|13|0|13|0|13|0|13|2|4|0|13|0|13|0|13|0|13|0|13|0|13|0|13|0|13|0|13|6|5|0|13|0|13
1600000US3942028|249|76|232|70|210|67|22|17|10|9|12|13|0|13|0|13|0|13|0|13|0|13|0|13|0|13|0|13|0|13|0|13|0|13|0|13|5|6|2|3|10|12
1600000US3942084|223|108|189|106|189|106|0|13|0|13|0|13|0|13|0|13|0|13|0|13|0|13|0|13|0|13|0|13|0|13|0|13|0|13|0|13|0|13|0|13|34|32
1600000US3942210|183|114|183|114|172|116|11|18|0|13|0|13|11|18|0|13|0|13|0|13|0|13|0|13|0|13|0|13|0|13|0|13|0|13|0|13|0|13|0|13|0|13
1600000US3942308|557|161|529|156|468|143|61|52|57|50|4|8|0|13|0|13|0|13|0|13|0|13|0|13|0|13|0|13|0|13|0|13|0|13|0|13|5|9|13|20|10|14
1600000US3942364|10406|721|9080|716|8030|751|1050|285|838|252|171|155|22|34|19|16|0|24|0|24|0|24|0|24|0|24|0|24|0|24|70|100|0|24|0|24|152|112|37|51|1067|318
1600000US3942476|683|180|641|175|540|156|101|49|62|44|39|33|0|13|0|13|0|13|0|13|0|13|0|13|0|13|0|13|0|13|0|13|0|13|0|13|10|15|0|13|32|26
1600000US3942518|61|33|61|33|55|33|6|8|4|7|2|4|0|13|0|13|0|13|0|13|0|13|0|13|0|13|0|13|0|13|0|13|0|13|0|13|0|13|0|13|0|13
1600000US3942560|933|169|817|151|784|147|33|31|25|28|0|13|8|14|0|13|0|13|0|13|0|13|0|13|0|13|0|13|0|13|0|13|0|13|0|13|18|19|8|14|90|43
1600000US3942602|947|135|868|139|641|143|227|100|128|70|50|48|49|48|0|13|0|13|12|25|12|25|0|13|0|13|0|13|0|13|0|13|0|13|0|13|9|12|26|30|32|29
1600000US3942938|824|149|757|144|665|129|92|55|66|45|26|26|0|13|0|13|0|13|0|13|0|13|0|13|0|13|0|13|0|13|0|13|0|13|0|13|15|20|10|13|42|36
1600000US3942966|149|137|149|137|138|134|11|17|11|17|0|13|0|13|0|13|0|13|0|13|0|13|0|13|0|13|0|13|0|13|0|13|0|13|0|13|0|13|0|13|0|13
1600000US3942980|90|50|87|50|72|41|15|25|14|25|0|13|0|13|0|13|1|3|0|13|0|13|0|13|0|13|0|13|0|13|0|13|0|13|0|13|0|13|0|13|3|4
1600000US3942994|2120|296|1948|291|1727|312|221|114|221|114|0|13|0|13|0|13|0|13|0|13|0|13|0|13|0|13|0|13|0|13|0|13|0|13|0|13|0|13|0|13|172|119
1600000US3943414|605|145|543|135|505|131|38|28|30|27|3|5|0|13|0|13|5|8|0|13|0|13|0|13|0|13|0|13|0|13|0|13|0|13|7|12|30|31|0|13|25|23
1600000US3943554|14186|649|12879|667|11414|641|1465|258|1211|241|106|64|109|91|39|45|0|27|203|102|203|102|0|27|0|27|0|27|0|27|22|25|0|27|141|91|242|100|256|121|443|146
1600000US3943596|56|45|56|45|56|45|0|13|0|13|0|13|0|13|0|13|0|13|0|13|0|13|0|13|0|13|0|13|0|13|0|13|0|13|0|13|0|13|0|13|0|13
1600000US3943722|688|277|667|273|646|275|21|30|21|30|0|13|0|13|0|13|0|13|0|13|0|13|0|13|0|13|0|13|0|13|0|13|0|13|0|13|0|13|0|13|21|34
1600000US3943764|376|160|358|159|321|155|37|29|9|15|28|26|0|13|0|13|0|13|0|13|0|13|0|13|0|13|0|13|0|13|0|13|0|13|0|13|0|13|18|29|0|13
1600000US3943792|4623|639|4010|499|3429|494|581|260|552|265|15|17|0|18|14|17|0|18|89|91|89|91|0|18|0|18|0|18|0|18|7|16|0|18|0|18|78|61|30|38|409|237
1600000US3943904|137|42|128|39|117|37|11|13|11|13|0|13|0|13|0|13|0|13|0|13|0|13|0|13|0|13|0|13|0|13|0|13|0|13|0|13|3|4|5|11|1|2
1600000US3943918|116|79|105|76|97|74|8|10|8|10|0|13|0|13|0|13|0|13|0|13|0|13|0|13|0|13|0|13|0|13|0|13|0|13|0|13|7|8|4|8|0|13
1600000US3944030|950|162|880|167|797|172|83|56|58|56|0|13|10|13|11|14|4|7|0|13|0|13|0|13|0|13|0|13|0|13|0|13|0|13|0|13|24|19|11|21|35|28
1600000US3944086|1076|124|904|123|814|112|90|44|63|36|17|17|4|6|0|13|6|9|3|5|3|5|0|13|0|13|0|13|0|13|0|13|0|13|0|13|24|25|0|13|145|42
1600000US3944128|312|274|295|282|295|282|0|13|0|13|0|13|0|13|0|13|0|13|0|13|0|13|0|13|0|13|0|13|0|13|0|13|0|13|0|13|0|13|0|13|17|27
1600000US3944282|188|103|174|111|174|111|0|13|0|13|0|13|0|13|0|13|0|13|0|13|0|13|0|13|0|13|0|13|0|13|0|13|0|13|0|13|14|21|0|13|0|13
1600000US3944310|62|32|59|30|50|26|9|9|5|7|4|6|0|13|0|13|0|13|0|13|0|13|0|13|0|13|0|13|0|13|0|13|0|13|0|13|0|13|0|13|3|5
1600000US3944352|88|42|85|40|74|38|11|13|2|3|7|11|0|13|2|4|0|13|2|4|2|4|0|13|0|13|0|13|0|13|0|13|0|13|0|13|0|13|0|13|1|2
1600000US3944366|1637|247|1445|275|1296|261|149|98|136|95|12|19|0|13|0|13|1|3|0|13|0|13|0|13|0|13|0|13|0|13|0|13|10|15|0|13|27|40|61|77|94|60
1600000US3944604|1443|201|1343|208|1155|170|188|157|188|157|0|13|0|13|0|13|0|13|0|13|0|13|0|13|0|13|0|13|0|13|0|13|0|13|0|13|51|77|8|14|41|37
1600000US3944632|3107|351|2802|322|2498|300|304|116|128|64|161|107|0|18|15|22|0|18|2|7|2|7|0|18|0|18|0|18|0|18|8|13|0|18|0|18|76|74|41|42|178|95
1600000US3944636|593|171|441|143|385|117|56|64|8|13|0|13|36|59|12|18|0|13|0|13|0|13|0|13|0|13|0|13|0|13|0|13|0|13|0|13|0|13|0|13|152|82
1600000US3944674|4827|407|4058|381|3660|333|398|195|398|195|0|20|0|20|0|20|0|20|3|18|3|18|0|20|0|20|0|20|0|20|0|20|0|20|0|20|113|70|63|63|590|180
1600000US3944856|26108|1045|23915|1039|20505|1041|3410|589|2422|510|474|239|383|261|90|73|41|66|86|65|86|65|0|30|0|30|0|30|0|30|37|49|0|30|29|44|176|92|569|277|1296|261
1600000US3944912|1393|209|1257|215|1122|214|135|90|135|90|0|13|0|13|0|13|0|13|17|27|0|13|0|13|17|27|0|13|0|13|0|13|0|13|0|13|30|48|0|13|89|50
1600000US3944954|171|86|139|67|131|66|8|9|0|13|2|3|6|8|0|13|0|13|0|13|0|13|0|13|0|13|0|13|0|13|0|13|0|13|0|13|6|8|0|13|26|33
1600000US3945066|1476|245|1285|262|1152|239|133|96|119|94|4|11|10|10|0|13|0|13|0|13|0|13|0|13|0|13|0|13|0|13|0|13|51|47|0|13|85|49|18|33|37|28
1600000US3945094|4502|391|3742|422|3514|436|228|119|183|107|14|17|30|41|0|18|1|3|26|38|26|38|0|18|0|18|0|18|0|18|0|18|11|23|0|18|174|131|29|50|520|186
1600000US3945108|6553|640|5320|597|5119|592|201|122|181|107|20|33|0|20|0|20|0|20|19|29|19|29|0|20|0|20|0|20|0|20|0|20|0|20|0|20|45|85|101|124|1068|221
1600000US3945122|1073|265|813|244|758|239|55|41|55|41|0|13|0|13|0|13|0|13|0|13|0|13|0|13|0|13|0|13|0|13|0|13|0|13|0|13|0|13|70|104|190|112
1600000US3945164|227|82|225|83|209|78|16|12|16|12|0|13|0|13|0|13|0|13|0|13|0|13|0|13|0|13|0|13|0|13|0|13|0|13|0|13|0|13|0|13|2|4
1600000US3945178|504|88|466|92|464|92|2|3|2|3|0|13|0|13|0|13|0|13|0|13|0|13|0|13|0|13|0|13|0|13|0|13|0|13|0|13|0|13|5|8|33|27
1600000US3945220|44|36|42|36|36|34|6|9|6|9|0|13|0|13|0|13|0|13|0|13|0|13|0|13|0|13|0|13|0|13|0|13|0|13|0|13|2|4|0|13|0|13
1600000US3945276|289|108|279|108|251|98|28|28|18|25|8|14|0|13|2|3|0|13|0|13|0|13|0|13|0|13|0|13|0|13|0|13|0|13|0|13|0|13|0|13|10|9
1600000US3945304|784|235|672|205|606|200|66|62|48|55|0|13|18|25|0|13|0|13|0|13|0|13|0|13|0|13|0|13|0|13|0|13|0|13|0|13|12|21|0|13|100|94
1600000US3945332|569|163|546|162|526|158|20|26|20|26|0|13|0|13|0|13|0|13|0|13|0|13|0|13|0|13|0|13|0|13|0|13|0|13|0|13|3|4|3|5|17|15
1600000US3945374|63|43|58|44|52|39|6|9|5|7|1|3|0|13|0|13|0|13|2|3|2|3|0|13|0|13|0|13|0|13|0|13|0|13|0|13|0|13|0|13|3|4
1600000US3945542|695|210|695|210|645|201|50|48|47|48|3|5|0|13|0|13|0|13|0|13|0|13|0|13|0|13|0|13|0|13|0|13|0|13|0|13|0|13|0|13|0|13
1600000US3945556|7239|330|5758|323|5427|347|331|146|237|119|94|86|0|20|0|20|0|20|41|40|20|30|10|17|11|17|0|20|0|20|0|20|0|20|0|20|8|12|51|38|1381|289
1600000US3945626|390|124|264|78|260|77|4|7|4|7|0|13|0|13|0|13|0|13|0|13|0|13|0|13|0|13|0|13|0|13|0|13|0|13|0|13|112|92|0|13|14|11
1600000US3945696|871|182|746|186|648|169|98|68|78|58|12|20|8|15|0|13|0|13|0|13|0|13|0|13|0|13|0|13|0|13|0|13|0|13|0|13|51|52|0|13|74|62
1600000US3945794|461|127|400|112|376|112|24|18|24|18|0|13|0|13|0|13|0|13|0|13|0|13|0|13|0|13|0|13|0|13|0|13|0|13|0|13|2|3|7|12|52|43
1600000US3945808|705|160|674|158|551|130|123|103|52|32|4|7|67|96|0|13|0|13|0|13|0|13|0|13|0|13|0|13|0|13|0|13|0|13|0|13|14|17|4|6|13|16
1600000US3945822|815|154|693|147|644|140|49|28|34|21|15|18|0|13|0|13|0|13|0|13|0|13|0|13|0|13|0|13|0|13|0|13|0|13|0|13|49|34|6|10|67|63
1600000US3945892|212|111|201|109|194|108|7|11|7|11|0|13|0|13|0|13|0|13|5|7|0|13|5|7|0|13|0|13|0|13|0|13|0|13|0|13|0|13|0|13|6|9
1600000US3945906|98|104|98|104|86|99|12|20|12|20|0|13|0|13|0|13|0|13|0|13|0|13|0|13|0|13|0|13|0|13|0|13|0|13|0|13|0|13|0|13|0|13
1600000US3945934|1553|197|1518|195|1439|188|79|67|79|67|0|13|0|13|0|13|0|13|0|13|0|13|0|13|0|13|0|13|0|13|0|13|0|13|0|13|0|13|0|13|35|31
1600000US3945976|6302|506|5388|497|5075|507|313|146|256|125|44|72|0|20|0|20|13|22|0|20|0|20|0|20|0|20|0|20|0|20|0|20|0|20|0|20|0|20|98|90|816|240
1600000US3946046|163|63|163|63|143|60|20|19|20|19|0|13|0|13|0|13|0|13|0|13|0|13|0|13|0|13|0|13|0|13|0|13|0|13|0|13|0|13|0|13|0|13
1600000US3946088|5568|643|4745|485|4460|488|285|117|222|108|57|54|0|20|6|10|0|20|0|20|0|20|0|20|0|20|0|20|0|20|10|15|0|20|0|20|0|20|4|9|809|406
1600000US3946144|486|161|486|161|447|160|39|50|39|50|0|13|0|13|0|13|0|13|0|13|0|13|0|13|0|13|0|13|0|13|0|13|0|13|0|13|0|13|0|13|0|13
1600000US3946158|37|23|35|22|35|22|0|13|0|13|0|13|0|13|0|13|0|13|0|13|0|13|0|13|0|13|0|13|0|13|0|13|0|13|0|13|0|13|0|13|2|3
1600000US3946312|4431|314|3173|414|3079|411|94|73|44|44|50|61|0|18|0|18|0|18|0|18|0|18|0|18|0|18|0|18|0|18|0|18|0|18|0|18|26|46|0|18|1232|520
1600000US3946480|1767|196|1521|179|1409|182|112|75|87|70|15|17|0|13|0|13|10|17|20|24|20|24|0|13|0|13|0|13|0|13|0|13|0|13|0|13|0|13|0|13|226|95
1600000US3946736|298|135|276|133|276|133|0|13|0|13|0|13|0|13|0|13|0|13|0|13|0|13|0|13|0|13|0|13|0|13|0|13|0|13|0|13|0|13|0|13|22|24
1600000US3946830|148|56|144|56|140|55|4|6|3|5|0|13|0|13|0|13|1|3|0|13|0|13|0|13|0|13|0|13|0|13|0|13|0|13|0|13|0|13|0|13|4|4
1600000US3946844|471|103|404|98|391|97|13|19|13|19|0|13|0|13|0|13|0|13|0|13|0|13|0|13|0|13|0|13|0|13|0|13|0|13|0|13|16|20|7|11|44|29
1600000US3946872|910|249|634|178|625|177|9|10|9|10|0|13|0|13|0|13|0|13|0|13|0|13|0|13|0|13|0|13|0|13|0|13|0|13|0|13|0|13|0|13|276|162
1600000US3946942|178|71|174|70|162|70|12|10|6|8|4|6|2|4|0|13|0|13|0|13|0|13|0|13|0|13|0|13|0|13|0|13|0|13|0|13|4|5|0|13|0|13
1600000US3946970|256|75|238|66|199|61|39|29|39|29|0|13|0|13|0|13|0|13|0|13|0|13|0|13|0|13|0|13|0|13|0|13|0|13|0|13|4|8|0|13|14|18
1600000US3946998|761|264|481|181|409|165|72|74|57|73|15|17|0|13|0|13|0|13|0|13|0|13|0|13|0|13|0|13|0|13|112|136|0|13|4|7|76|59|0|13|88|65
1600000US3947012|738|158|732|160|692|161|40|40|32|34|0|13|8|15|0|13|0|13|0|13|0|13|0|13|0|13|0|13|0|13|0|13|0|13|0|13|0|13|0|13|6|10
1600000US3947138|17484|871|15956|892|13930|763|2026|506|1801|479|180|107|5|8|40|49|0|27|249|117|230|110|11|19|0|27|0|27|8|13|62|62|0|27|21|23|261|99|33|44|902|244
1600000US3947180|354|116|332|113|305|109|27|21|20|19|4|8|3|5|0|13|0|13|0|13|0|13|0|13|0|13|0|13|0|13|0|13|0|13|0|13|0|13|0|13|22|18
1600000US3947306|9583|677|8385|594|7659|647|726|274|483|177|159|167|60|83|24|46|0|24|362|138|349|137|13|17|0|24|0|24|0|24|0|24|0|24|0|24|131|101|112|87|593|232
1600000US3947362|255|127|228|117|224|118|4|9|4|9|0|13|0|13|0|13|0|13|0|13|0|13|0|13|0|13|0|13|0|13|0|13|0|13|0|13|0|13|0|13|27|33
1600000US3947445|100|78|95|76|95|76|0|13|0|13|0|13|0|13|0|13|0|13|5|9|5|9|0|13|0|13|0|13|0|13|0|13|0|13|0|13|0|13|0|13|0|13
1600000US3947460|70|110|70|110|70|110|0|13|0|13|0|13|0|13|0|13|0|13|0|13|0|13|0|13|0|13|0|13|0|13|0|13|0|13|0|13|0|13|0|13|0|13
1600000US3947474|542|158|479|152|380|113|99|125|99|125|0|13|0|13|0|13|0|13|0|13|0|13|0|13|0|13|0|13|0|13|0|13|0|13|0|13|4|6|0|13|59|27
1600000US3947502|390|107|343|104|329|100|14|16|14|16|0|13|0|13|0|13|0|13|3|3|3|3|0|13|0|13|0|13|0|13|0|13|0|13|0|13|16|16|0|13|28|17
1600000US3947558|141|74|129|69|125|69|4|6|0|13|0|13|2|4|2|3|0|13|0|13|0|13|0|13|0|13|0|13|0|13|0|13|0|13|0|13|0|13|2|4|10|10
1600000US3947586|629|204|587|218|572|214|15|21|15|21|0|13|0|13|0|13|0|13|0|13|0|13|0|13|0|13|0|13|0|13|0|13|0|13|0|13|0|13|0|13|42|57
1600000US3947600|1582|167|1251|159|1217|150|34|43|8|15|0|13|26|42|0|13|0|13|14|24|14|24|0|13|0|13|0|13|0|13|0|13|0|13|0|13|10|17|7|10|300|104
1600000US3947628|5911|273|4911|319|4235|375|676|186|524|162|137|108|0|20|0|20|15|22|8|11|8|11|0|20|0|20|0|20|0|20|0|20|7|13|63|52|406|113|17|17|499|158
1600000US3947754|13004|663|11912|670|10386|679|1526|330|1114|296|287|181|31|29|94|57|0|27|113|91|113|91|0|27|0|27|0|27|0|27|29|45|21|26|0|27|151|97|184|118|594|166
1600000US3947922|112|66|81|48|81|48|0|13|0|13|0|13|0|13|0|13|0|13|0|13|0|13|0|13|0|13|0|13|0|13|0|13|0|13|0|13|20|24|0|13|11|18
1600000US3947950|231|154|208|146|156|99|52|62|0|13|10|16|0|13|42|60|0|13|0|13|0|13|0|13|0|13|0|13|0|13|0|13|0|13|0|13|16|26|0|13|7|13
1600000US3947992|57|32|57|32|54|31|3|7|3|7|0|13|0|13|0|13|0|13|0|13|0|13|0|13|0|13|0|13|0|13|0|13|0|13|0|13|0|13|0|13|0|13
1600000US3948048|304|66|261|59|231|53|30|17|20|14|10|10|0|13|0|13|0|13|0|13|0|13|0|13|0|13|0|13|0|13|0|13|0|13|0|13|19|14|3|4|21|13
1600000US3948090|159|105|108|73|104|72|4|10|4|10|0|13|0|13|0|13|0|13|0|13|0|13|0|13|0|13|0|13|0|13|0|13|0|13|0|13|3|7|36|66|12|14
1600000US3948104|2650|301|2497|302|2351|302|146|98|134|95|0|18|0|18|12|20|0|18|0|18|0|18|0|18|0|18|0|18|0|18|21|36|0|18|0|18|31|36|0|18|101|79
1600000US3948118|196|73|173|67|143|54|30|26|28|26|2|3|0|13|0|13|0|13|0|13|0|13|0|13|0|13|0|13|0|13|0|13|0|13|0|13|1|2|0|13|22|22
1600000US3948160|13182|591|10142|746|9395|771|747|196|638|198|78|69|21|38|10|17|0|24|106|106|106|106|0|24|0|24|0|24|0|24|0|24|8|15|14|23|66|70|245|218|2601|669
1600000US3948188|18172|953|14084|1145|13169|1166|915|319|642|221|259|209|0|27|14|28|0|27|68|65|68|65|0|27|0|27|0|27|0|27|51|70|0|27|0|27|19|29|62|45|3888|486
1600000US3948230|126|112|126|112|87|89|39|77|39|77|0|13|0|13|0|13|0|13|0|13|0|13|0|13|0|13|0|13|0|13|0|13|0|13|0|13|0|13|0|13|0|13
1600000US3948244|15480|597|13343|623|12304|610|1039|293|737|234|136|108|100|128|41|46|25|47|125|82|125|82|0|27|0|27|0|27|0|27|0|27|0|27|44|50|301|135|415|226|1252|255
1600000US3948272|877|240|674|179|563|164|111|92|111|92|0|13|0|13|0|13|0|13|1|2|1|2|0|13|0|13|0|13|0|13|0|13|0|13|0|13|0|13|28|41|174|150
1600000US3948286|303|94|272|95|249|86|23|19|16|16|0|13|7|12|0|13|0|13|0|13|0|13|0|13|0|13|0|13|0|13|0|13|0|13|0|13|11|16|0|13|20|23
1600000US3948342|7366|337|6778|340|6453|361|325|150|243|141|55|54|0|20|21|21|6|9|17|22|17|22|0|20|0|20|0|20|0|20|0|20|0|20|0|20|38|34|49|51|484|113
1600000US3948468|1756|195|1425|196|1397|194|28|34|9|14|10|17|9|14|0|13|0|13|5|9|5|9|0|13|0|13|0|13|0|13|0|13|0|13|0|13|0|13|0|13|326|180
1600000US3948482|10414|525|8280|517|7387|564|893|298|751|288|85|70|11|17|46|40|0|24|234|185|214|185|13|19|0|24|7|12|0|24|0|24|0|24|11|17|170|112|117|100|1602|295
1600000US3948706|795|188|675|156|513|114|162|95|130|87|32|44|0|13|0|13|0|13|0|13|0|13|0|13|0|13|0|13|0|13|0|13|0|13|14|16|26|24|3|4|77|56
1600000US3948790|13244|589|11194|591|10645|593|549|169|427|149|67|52|35|58|20|30|0|24|27|34|27|34|0|24|0|24|0|24|0|24|0|24|44|55|78|92|227|145|203|107|1471|280
1600000US3948832|403|155|372|150|328|146|44|38|44|38|0|13|0|13|0|13|0|13|0|13|0|13|0|13|0|13|0|13|0|13|0|13|0|13|0|13|0|13|0|13|31|36
1600000US3948972|38|33|38|33|38|33|0|13|0|13|0|13|0|13|0|13|0|13|0|13|0|13|0|13|0|13|0|13|0|13|0|13|0|13|0|13|0|13|0|13|0|13
1600000US3949000|108|52|108|52|105|52|3|5|3|5|0|13|0|13|0|13|0|13|0|13|0|13|0|13|0|13|0|13|0|13|0|13|0|13|0|13|0|13|0|13|0|13
1600000US3949042|287|80|269|74|233|69|36|26|27|24|0|13|3|4|0|13|6|10|0|13|0|13|0|13|0|13|0|13|0|13|0|13|7|10|0|13|0|13|0|13|11|13
1600000US3949056|24435|829|20693|839|19406|809|1287|315|1088|318|123|80|66|78|10|16|0|27|147|84|147|84|0|27|0|27|0|27|0|27|0|27|8|14|28|45|191|118|159|90|3209|485
1600000US3949098|3838|357|3521|359|3320|338|201|142|138|108|15|24|19|30|29|79|0|18|7|11|7|11|0|18|0|18|0|18|0|18|0|18|0|18|0|18|79|53|23|28|208|113
1600000US3949238|393|113|350|108|333|100|17|22|17|22|0|13|0|13|0|13|0|13|3|4|0|13|0|13|0|13|0|13|3|4|0|13|0|13|0|13|14|15|3|5|23|19
1600000US3949294|332|77|274|67|251|61|23|18|14|11|9|16|0|13|0|13|0|13|5|6|5|6|0|13|0|13|0|13|0|13|0|13|0|13|0|13|0|13|2|3|51|32
1600000US3949420|2426|309|2106|308|1988|302|118|69|92|65|0|13|0|13|15|18|11|17|0|13|0|13|0|13|0|13|0|13|0|13|0|13|0|13|0|13|24|27|0|13|296|139
1600000US3949434|9464|635|8208|572|7439|564|769|246|548|192|129|112|92|66|0|20|0|20|38|58|38|58|0|20|0|20|0|20|0|20|0|20|8|13|17|20|83|52|44|41|1066|306
1600000US3949462|547|213|547|213|522|211|25|39|25|39|0|13|0|13|0|13|0|13|0|13|0|13|0|13|0|13|0|13|0|13|0|13|0|13|0|13|0|13|0|13|0|13
1600000US3949504|97|86|37|47|37|47|0|13|0|13|0|13|0|13|0|13|0|13|0|13|0|13|0|13|0|13|0|13|0|13|0|13|0|13|0|13|0|13|27|32|33|49
1600000US3949588|1400|411|1196|386|1196|386|0|13|0|13|0|13|0|13|0|13|0|13|0|13|0|13|0|13|0|13|0|13|0|13|69|110|0|13|0|13|40|46|0|13|95|63
1600000US3949644|7886|381|6744|425|6345|424|399|143|266|122|56|47|77|56|0|20|0|20|255|212|180|207|26|36|0|20|49|52|0|20|0|20|0|20|6|9|19|30|43|30|819|184
1600000US3949700|1468|154|1414|157|1294|168|120|83|92|80|0|13|20|30|0|13|8|12|16|27|16|27|0|13|0|13|0|13|0|13|0|13|0|13|0|13|18|19|0|13|20|23
1600000US3949728|366|91|331|82|320|83|11|12|10|12|0|13|0|13|1|3|0|13|0|13|0|13|0|13|0|13|0|13|0|13|0|13|0|13|0|13|0|13|9|15|26|30
1600000US3949756|936|206|884|200|826|200|58|47|29|36|8|12|0|13|21|30|0|13|0|13|0|13|0|13|0|13|0|13|0|13|0|13|0|13|0|13|15|21|8|12|29|25
1600000US3949840|22593|919|20131|905|18201|866|1930|355|1645|342|231|105|14|26|34|25|6|10|14|18|14|18|0|30|0|30|0|30|0|30|23|34|0|30|26|43|315|180|254|138|1830|362
1600000US3949896|153|77|145|75|145|75|0|13|0|13|0|13|0|13|0|13|0|13|0|13|0|13|0|13|0|13|0|13|0|13|0|13|0|13|0|13|0|13|1|3|7|9
1600000US3949966|428|100|422|100|402|98|20|30|20|30|0|13|0|13|0|13|0|13|0|13|0|13|0|13|0|13|0|13|0|13|0|13|0|13|0|13|0|13|0|13|6|8
1600000US3950008|100|40|89|37|87|36|2|3|2|3|0|13|0|13|0|13|0|13|0|13|0|13|0|13|0|13|0|13|0|13|0|13|0|13|0|13|0|13|0|13|11|9
1600000US3950036|99|53|94|55|65|41|29|32|11|12|18|21|0|13|0|13|0|13|0|13|0|13|0|13|0|13|0|13|0|13|0|13|3|5|0|13|0|13|0|13|2|3
1600000US3950134|609|136|542|127|498|117|44|28|44|28|0|13|0|13|0|13|0|13|0|13|0|13|0|13|0|13|0|13|0|13|0|13|0|13|0|13|7|9|4|7|56|39
1600000US3950176|3268|360|2893|396|2617|406|276|167|255|155|0|18|0|18|21|40|0|18|0|18|0|18|0|18|0|18|0|18|0|18|0|18|0|18|0|18|61|63|0|18|314|133
1600000US3950218|480|117|434|113|359|101|75|53|65|50|10|15|0|13|0|13|0|13|0|13|0|13|0|13|0|13|0|13|0|13|0|13|0|13|0|13|0|13|5|8|41|35
1600000US3950260|577|148|552|137|464|134|88|64|41|33|37|53|10|17|0|13|0|13|0|13|0|13|0|13|0|13|0|13|0|13|0|13|0|13|0|13|7|11|0|13|18|16
1600000US3950316|64|29|62|29|42|24|20|24|12|20|8|14|0|13|0|13|0|13|0|13|0|13|0|13|0|13|0|13|0|13|0|13|0|13|0|13|0|13|0|13|2|3
1600000US3950344|186|87|167|82|167|82|0|13|0|13|0|13|0|13|0|13|0|13|0|13|0|13|0|13|0|13|0|13|0|13|0|13|0|13|0|13|0|13|0|13|19|22
1600000US3950358|73|38|64|33|51|27|13|18|8|10|5|8|0|13|0|13|0|13|0|13|0|13|0|13|0|13|0|13|0|13|0|13|0|13|0|13|7|9|0|13|2|3
1600000US3950372|1664|184|1532|190|1359|196|173|102|125|93|27|33|21|22|0|13|0|13|12|21|12|21|0|13|0|13|0|13|0|13|0|13|0|13|0|13|57|53|0|13|63|55
1600000US3950400|418|135|390|135|366|131|24|25|20|23|4|8|0|13|0|13|0|13|0|13|0|13|0|13|0|13|0|13|0|13|0|13|0|13|0|13|0|13|0|13|28|21
1600000US3950456|57|51|52|49|52|49|0|13|0|13|0|13|0|13|0|13|0|13|0|13|0|13|0|13|0|13|0|13|0|13|0|13|0|13|0|13|0|13|0|13|5|10
1600000US3950540|325|109|304|107|294|104|10|11|10|11|0|13|0|13|0|13|0|13|0|13|0|13|0|13|0|13|0|13|0|13|0|13|0|13|0|13|0|13|0|13|21|15
1600000US3950708|84|31|84|31|64|25|20|16|14|19|6|9|0|13|0|13|0|13|0|13|0|13|0|13|0|13|0|13|0|13|0|13|0|13|0|13|0|13|0|13|0|13
1600000US3950722|34|34|33|34|33|34|0|13|0|13|0|13|0|13|0|13|0|13|0|13|0|13|0|13|0|13|0|13|0|13|0|13|0|13|0|13|0|13|1|3|0|13
1600000US3950764|300|139|271|128|268|127|3|5|3|5|0|13|0|13|0|13|0|13|0|13|0|13|0|13|0|13|0|13|0|13|0|13|0|13|0|13|19|24|0|13|10|15
1600000US3950778|1775|452|1722|449|1687|453|35|42|21|36|0|13|14|23|0|13|0|13|0|13|0|13|0|13|0|13|0|13|0|13|0|13|0|13|0|13|0|13|0|13|53|39
1600000US3950834|1693|316|1592|319|1505|288|87|75|44|46|43|59|0|13|0|13|0|13|0|13|0|13|0|13|0|13|0|13|0|13|0|13|0|13|15|21|58|40|8|13|20|22
1600000US3950862|1155|244|896|219|858|219|38|22|35|21|0|13|3|4|0|13|0|13|25|27|25|27|0|13|0|13|0|13|0|13|0|13|4|6|0|13|3|6|2|4|225|72
1600000US3950876|199|101|175|96|161|95|14|24|0|13|14|24|0|13|0|13|0|13|0|13|0|13|0|13|0|13|0|13|0|13|0|13|0|13|0|13|0|13|0|13|24|38
1600000US3950904|1438|266|1413|263|1319|271|94|67|80|74|14|21|0|13|0|13|0|13|0|13|0|13|0|13|0|13|0|13|0|13|0|13|0|13|0|13|0|13|0|13|25|35
1600000US3950918|1570|179|1370|156|1321|148|49|38|45|38|4|8|0|13|0|13|0|13|0|13|0|13|0|13|0|13|0|13|0|13|0|13|0|13|63|70|36|25|0|13|101|47
1600000US3950974|169|103|125|100|125|100|0|13|0|13|0|13|0|13|0|13|0|13|0|13|0|13|0|13|0|13|0|13|0|13|0|13|0|13|0|13|0|13|0|13|44|47
1600000US3951058|2017|264|1644|217|1528|227|116|75|107|75|0|13|9|15|0|13|0|13|17|26|17|26|0|13|0|13|0|13|0|13|0|13|9|15|10|17|0|13|9|15|328|208
1600000US3951212|6051|736|5179|622|4850|600|329|159|251|122|38|57|13|23|0|20|27|42|16|24|16|24|0|20|0|20|0|20|0|20|12|19|0|20|0|20|49|47|37|42|758|309
1600000US3951310|8189|534|6837|522|6205|556|632|238|546|210|18|29|68|96|0|20|0|20|0|20|0|20|0|20|0|20|0|20|0|20|0|20|47|48|0|20|33|41|0|20|1272|395
1600000US3951618|740|179|712|176|655|170|57|45|20|19|33|39|4|6|0|13|0|13|6|10|6|10|0|13|0|13|0|13|0|13|0|13|0|13|0|13|0|13|0|13|22|17
1600000US3951674|50|22|46|20|46|20|0|13|0|13|0|13|0|13|0|13|0|13|0|13|0|13|0|13|0|13|0|13|0|13|0|13|0|13|0|13|0|13|0|13|4|7
1600000US3951716|4924|349|3766|389|3600|373|166|89|112|57|38|36|0|20|0|20|16|19|8|12|8|12|0|20|0|20|0|20|0|20|0|20|0|20|0|20|41|43|104|74|1005|190
1600000US3951772|1578|160|1516|149|1416|145|100|58|92|57|8|12|0|13|0|13|0|13|0|13|0|13|0|13|0|13|0|13|0|13|0|13|0|13|10|16|27|38|0|13|25|25
1600000US3951816|3055|567|2124|428|2038|445|86|80|62|72|24|37|0|18|0|18|0|18|0|18|0|18|0|18|0|18|0|18|0|18|0|18|0|18|0|18|0|18|13|24|918|301
1600000US3952010|3007|401|2615|378|2307|385|308|178|258|173|17|19|33|32|0|18|0|18|1|5|1|5|0|18|0|18|0|18|0|18|0|18|0|18|0|18|127|150|41|46|223|96
1600000US3952052|1679|170|1347|178|1283|173|64|51|64|51|0|13|0|13|0|13|0|13|11|18|1|3|0|13|0|13|10|15|0|13|0|13|0|13|0|13|34|37|0|13|287|87
1600000US3952178|583|243|554|238|533|238|21|35|13|22|8|16|0|13|0|13|0|13|0|13|0|13|0|13|0|13|0|13|0|13|0|13|0|13|0|13|7|13|0|13|22|35
1600000US3952276|186|92|179|90|164|87|15|15|11|14|0|13|4|7|0|13|0|13|0|13|0|13|0|13|0|13|0|13|0|13|0|13|0|13|0|13|3|5|2|5|2|4
1600000US3952346|100|56|100|56|99|57|1|2|1|2|0|13|0|13|0|13|0|13|0|13|0|13|0|13|0|13|0|13|0|13|0|13|0|13|0|13|0|13|0|13|0|13
1600000US3952374|1080|151|819|141|709|135|110|63|94|58|16|24|0|13|0|13|0|13|0|13|0|13|0|13|0|13|0|13|0|13|0|13|0|13|0|13|4|6|18|28|239|75
1600000US3952416|23|27|15|14|15|14|0|13|0|13|0|13|0|13|0|13|0|13|0|13|0|13|0|13|0|13|0|13|0|13|0|13|0|13|0|13|0|13|0|13|8|16
1600000US3952598|304|92|295|91|282|88|13|11|13|11|0|13|0|13|0|13|0|13|0|13|0|13|0|13|0|13|0|13|0|13|0|13|0|13|0|13|0|13|2|3|7|8
1600000US3952612|2546|341|2223|332|2144|331|79|49|50|40|26|29|0|13|3|5|0|13|0|13|0|13|0|13|0|13|0|13|0|13|0|13|0|13|0|13|14|22|0|13|309|137
1600000US3952668|209|115|209|115|204|116|5|8|5|8|0|13|0|13|0|13|0|13|0|13|0|13|0|13|0|13|0|13|0|13|0|13|0|13|0|13|0|13|0|13|0|13
1600000US3952682|61|35|56|34|43|28|13|12|5|6|2|3|6|10|0|13|0|13|0|13|0|13|0|13|0|13|0|13|0|13|0|13|0|13|0|13|5|10|0|13|0|13
1600000US3952738|1238|291|1086|253|944|243|142|102|123|96|19|31|0|13|0|13|0|13|10|16|10|16|0|13|0|13|0|13|0|13|0|13|0|13|0|13|55|50|39|61|48|55
1600000US3952752|3001|362|2628|328|2205|347|423|272|178|122|245|260|0|18|0|18|0|18|14|22|14|22|0|18|0|18|0|18|0|18|0|18|0|18|0|18|71|43|41|54|247|113
1600000US3952780|1466|450|1326|450|1187|394|139|210|139|210|0|13|0|13|0|13|0|13|33|38|33|38|0|13|0|13|0|13|0|13|0|13|0|13|0|13|55|56|0|13|52|86
1600000US3952822|43|42|15|20|7|13|8|15|0|13|0|13|0|13|8|15|0|13|0|13|0|13|0|13|0|13|0|13|0|13|0|13|0|13|21|32|0|13|0|13|7|11
1600000US3952906|1972|401|1871|403|1651|370|220|146|220|146|0|13|0|13|0|13|0|13|0|13|0|13|0|13|0|13|0|13|0|13|0|13|0|13|0|13|0|13|0|13|101|67
1600000US3952976|119|41|100|37|96|37|4|5|4|5|0|13|0|13|0|13|0|13|0|13|0|13|0|13|0|13|0|13|0|13|0|13|0|13|0|13|11|12|0|13|8|7
1600000US3953032|2258|488|1850|389|1748|378|102|66|90|63|0|13|12|18|0|13|0|13|0|13|0|13|0|13|0|13|0|13|0|13|0|13|0|13|0|13|56|83|10|16|342|140
1600000US3953046|758|124|710|119|639|108|71|50|40|36|0|13|0|13|20|21|11|14|3|6|3|6|0|13|0|13|0|13|0|13|0|13|0|13|0|13|4|8|0|13|41|33
1600000US3953102|8005|526|6753|532|6303|511|450|176|311|159|85|59|16|26|0|20|38|55|54|64|54|64|0|20|0|20|0|20|0|20|0|20|0|20|9|17|292|134|84|57|813|252
1600000US3953144|325|91|312|90|304|90|8|8|8|8|0|13|0|13|0|13|0|13|0|13|0|13|0|13|0|13|0|13|0|13|0|13|0|13|0|13|3|6|0|13|10|8
1600000US3953186|240|95|214|88|211|87|3|5|3|5|0|13|0|13|0|13|0|13|0|13|0|13|0|13|0|13|0|13|0|13|0|13|0|13|0|13|4|7|7|10|15|15
1600000US3953270|1687|339|1366|295|1341|295|25|23|22|21|3|8|0|13|0|13|0|13|0|13|0|13|0|13|0|13|0|13|0|13|0|13|0|13|0|13|0|13|59|81|262|124
1600000US3953312|2193|250|1966|267|1713|269|253|143|190|133|41|64|22|27|0|18|0|18|1|3|1|3|0|18|0|18|0|18|0|18|0|18|0|18|0|18|0|18|12|25|214|102
1600000US3953410|121|50|116|49|102|46|14|16|14|16|0|13|0|13|0|13|0|13|0|13|0|13|0|13|0|13|0|13|0|13|0|13|0|13|0|13|2|3|0|13|3|5
1600000US3953480|26|16|22|13|22|13|0|13|0|13|0|13|0|13|0|13|0|13|0|13|0|13|0|13|0|13|0|13|0|13|0|13|0|13|0|13|2|4|0|13|2|4
1600000US3953536|269|172|259|168|259|168|0|13|0|13|0|13|0|13|0|13|0|13|0|13|0|13|0|13|0|13|0|13|0|13|0|13|0|13|0|13|0|13|0|13|10|17
1600000US3953550|4297|287|4053|293|3740|318|313|143|265|137|26|30|10|16|11|18|1|4|0|18|0|18|0|18|0|18|0|18|0|18|0|18|7|14|18|31|44|37|12|31|163|96
1600000US3953606|193|100|193|100|186|100|7|14|0|13|7|14|0|13|0|13|0|13|0|13|0|13|0|13|0|13|0|13|0|13|0|13|0|13|0|13|0|13|0|13|0|13
1600000US3953634|118|60|112|58|109|58|3|4|3|4|0|13|0|13|0|13|0|13|0|13|0|13|0|13|0|13|0|13|0|13|0|13|0|13|0|13|6|9|0|13|0|13
1600000US3953690|860|146|702|139|670|142|32|26|6|12|17|21|5|7|0|13|4|6|3|5|3|5|0|13|0|13|0|13|0|13|0|13|0|13|0|13|61|50|20|26|74|52
1600000US3953718|548|350|540|350|517|356|23|27|23|27|0|13|0|13|0|13|0|13|0|13|0|13|0|13|0|13|0|13|0|13|0|13|0|13|0|13|8|12|0|13|0|13
1600000US3953788|464|182|464|182|464|182|0|13|0|13|0|13|0|13|0|13|0|13|0|13|0|13|0|13|0|13|0|13|0|13|0|13|0|13|0|13|0|13|0|13|0|13
1600000US3953802|229|174|218|175|218|175|0|13|0|13|0|13|0|13|0|13|0|13|0|13|0|13|0|13|0|13|0|13|0|13|0|13|0|13|0|13|0|13|0|13|11|17
1600000US3953816|96|49|81|47|69|44|12|13|7|9|4|7|0|13|1|3|0|13|0|13|0|13|0|13|0|13|0|13|0|13|0|13|0|13|0|13|3|5|0|13|12|12
1600000US3953886|1410|252|1248|235|1150|229|98|51|93|50|5|9|0|13|0|13|0|13|0|13|0|13|0|13|0|13|0|13|0|13|0|13|7|12|0|13|95|53|9|14|51|52
1600000US3953914|191|193|191|193|191|193|0|13|0|13|0|13|0|13|0|13|0|13|0|13|0|13|0|13|0|13|0|13|0|13|0|13|0|13|0|13|0|13|0|13|0|13
1600000US3953942|398|105|357|104|314|103|43|24|36|22|7|10|0|13|0|13|0|13|0|13|0|13|0|13|0|13|0|13|0|13|0|13|0|13|8|12|17|17|2|4|14|15
1600000US3953956|19|15|17|14|17|14|0|13|0|13|0|13|0|13|0|13|0|13|0|13|0|13|0|13|0|13|0|13|0|13|0|13|0|13|0|13|1|2|0|13|1|3
1600000US3953970|4829|342|3574|371|3447|352|127|81|72|51|55|57|0|20|0|20|0|20|10|17|10|17|0|20|0|20|0|20|0|20|0|20|0|20|0|20|54|46|40|31|1151|272
1600000US3954012|154|72|139|60|130|60|9|8|6|5|3|4|0|13|0|13|0|13|0|13|0|13|0|13|0|13|0|13|0|13|0|13|0|13|0|13|1|2|2|4|12|15
1600000US3954040|22739|907|19290|927|17661|932|1629|372|1269|280|269|194|25|30|25|26|41|40|57|41|57|41|0|30|0|30|0|30|0|30|0|30|27|43|44|38|526|204|482|191|2313|365
1600000US3954068|92|47|92|47|87|46|5|8|0|13|0|13|5|8|0|13|0|13|0|13|0|13|0|13|0|13|0|13|0|13|0|13|0|13|0|13|0|13|0|13|0|13
1600000US3954082|680|208|542|191|407|156|135|132|115|127|0|13|0|13|20|32|0|13|0|13|0|13|0|13|0|13|0|13|0|13|0|13|0|13|0|13|0|13|0|13|138|78
1600000US3954110|56|28|43|22|39|20|4|7|4|7|0|13|0|13|0|13|0|13|0|13|0|13|0|13|0|13|0|13|0|13|0|13|0|13|0|13|3|6|0|13|10|8
1600000US3954152|100|46|86|42|60|35|26|24|23|23|3|4|0|13|0|13|0|13|0|13|0|13|0|13|0|13|0|13|0|13|0|13|0|13|0|13|0|13|5|6|9|14
1600000US3954166|615|170|536|162|499|151|37|30|23|27|14|19|0|13|0|13|0|13|0|13|0|13|0|13|0|13|0|13|0|13|0|13|0|13|0|13|63|82|16|27|0|13
1600000US3954194|1461|239|1250|218|1191|207|59|51|25|24|34|46|0|13|0|13|0|13|0|13|0|13|0|13|0|13|0|13|0|13|0|13|0|13|6|9|21|22|0|13|184|85
1600000US3954250|1005|410|947|409|913|407|34|26|34|26|0|13|0|13|0|13|0|13|22|35|22|35|0|13|0|13|0|13|0|13|0|13|0|13|7|11|7|10|5|7|17|19
1600000US3954264|2263|451|1624|359|1433|280|191|247|191|247|0|18|0|18|0|18|0|18|1|3|1|3|0|18|0|18|0|18|0|18|0|18|0|18|0|18|0|18|0|18|638|349
1600000US3954320|942|243|664|182|664|182|0|13|0|13|0|13|0|13|0|13|0|13|0|13|0|13|0|13|0|13|0|13|0|13|0|13|0|13|0|13|0|13|12|21|266|140
1600000US3954334|2357|203|2138|230|1734|242|404|153|396|158|0|18|8|14|0|18|0|18|0|18|0|18|0|18|0|18|0|18|0|18|0|18|14|22|10|17|12|19|41|42|142|97
1600000US3954432|1121|251|1059|250|924|246|135|90|120|85|15|26|0|13|0|13|0|13|0|13|0|13|0|13|0|13|0|13|0|13|0|13|0|13|0|13|12|20|0|13|50|61
1600000US3954446|1196|157|847|122|793|115|54|27|41|24|0|13|13|13|0|13|0|13|6|10|0|13|6|10|0|13|0|13|0|13|0|13|0|13|0|13|252|80|0|13|91|45
1600000US3954562|7318|513|6372|514|5861|522|511|142|388|142|42|32|66|60|15|18|0|20|4|6|4|6|0|20|0|20|0|20|0|20|0|20|18|27|0|20|86|127|42|33|796|202
1600000US3954628|218|106|164|92|164|92|0|13|0|13|0|13|0|13|0|13|0|13|0|13|0|13|0|13|0|13|0|13|0|13|0|13|0|13|0|13|0|13|0|13|54|41
1600000US3954684|106|73|106|73|72|57|34|39|15|24|0|13|0|13|19|32|0|13|0|13|0|13|0|13|0|13|0|13|0|13|0|13|0|13|0|13|0|13|0|13|0|13
1600000US3954698|210|162|192|159|146|112|46|51|0|13|46|51|0|13|0|13|0|13|0|13|0|13|0|13|0|13|0|13|0|13|0|13|0|13|0|13|0|13|0|13|18|19
1600000US3954726|358|98|330|93|318|94|12|13|12|13|0|13|0|13|0|13|0|13|0|13|0|13|0|13|0|13|0|13|0|13|0|13|0|13|0|13|4|7|4|5|20|16
1600000US3954838|498|115|475|113|435|108|40|21|36|21|2|4|1|3|1|3|0|13|0|13|0|13|0|13|0|13|0|13|0|13|0|13|0|13|0|13|9|7|2|3|12|11
1600000US3954852|1530|329|1350|277|1194|275|156|167|156|167|0|13|0|13|0|13|0|13|0|13|0|13|0|13|0|13|0|13|0|13|0|13|0|13|0|13|0|13|0|13|180|131
1600000US3954866|1577|274|1540|269|1497|259|43|55|31|51|12|21|0|13|0|13|0|13|0|13|0|13|0|13|0|13|0|13|0|13|0|13|0|13|0|13|0|13|26|39|11|19
1600000US3954908|1069|140|939|151|825|148|114|65|89|62|22|25|3|5|0|13|0|13|0|13|0|13|0|13|0|13|0|13|0|13|0|13|0|13|0|13|67|46|46|66|17|17
1600000US3954978|292|64|257|59|250|60|7|7|7|7|0|13|0|13|0|13|0|13|0|13|0|13|0|13|0|13|0|13|0|13|0|13|0|13|1|4|14|12|0|13|20|23
1600000US3955062|35|55|35|55|35|55|0|13|0|13|0|13|0|13|0|13|0|13|0|13|0|13|0|13|0|13|0|13|0|13|0|13|0|13|0|13|0|13|0|13|0|13
1600000US3955104|865|199|837|197|707|181|130|54|68|35|62|44|0|13|0|13|0|13|0|13|0|13|0|13|0|13|0|13|0|13|0|13|0|13|0|13|4|7|0|13|24|18
1600000US3955118|742|145|694|139|654|137|40|23|36|23|4|6|0|13|0|13|0|13|0|13|0|13|0|13|0|13|0|13|0|13|0|13|0|13|0|13|4|8|10|12|34|20
1600000US3955188|516|112|456|96|388|86|68|40|59|34|9|14|0|13|0|13|0|13|0|13|0|13|0|13|0|13|0|13|0|13|0|13|10|15|0|13|3|6|0|13|47|32
1600000US3955216|8472|470|7526|511|7280|532|246|110|144|75|30|40|7|11|53|62|12|15|1|3|1|3|0|20|0|20|0|20|0|20|19|24|0|20|55|61|162|129|109|89|600|216
1600000US3955244|169|85|156|87|156|87|0|13|0|13|0|13|0|13|0|13|0|13|0|13|0|13|0|13|0|13|0|13|0|13|0|13|0|13|0|13|0|13|0|13|13|19
1600000US3955314|43|19|43|19|43|19|0|13|0|13|0|13|0|13|0|13|0|13|0|13|0|13|0|13|0|13|0|13|0|13|0|13|0|13|0|13|0|13|0|13|0|13
1600000US3955342|560|256|560|256|560|256|0|13|0|13|0|13|0|13|0|13|0|13|0|13|0|13|0|13|0|13|0|13|0|13|0|13|0|13|0|13|0|13|0|13|0|13
1600000US3955384|1108|173|993|163|863|169|130|70|100|62|4|7|0|13|26|38|0|13|0|13|0|13|0|13|0|13|0|13|0|13|0|13|0|13|0|13|0|13|0|13|115|49
1600000US3955398|120|33|113|33|107|32|6|9|6|9|0|13|0|13|0|13|0|13|5|6|5|6|0|13|0|13|0|13|0|13|0|13|0|13|0|13|2|3|0|13|0|13
1600000US3955524|272|141|206|137|164|109|42|46|40|45|2|8|0|13|0|13|0|13|0|13|0|13|0|13|0|13|0|13|0|13|0|13|0|13|0|13|0|13|0|13|66|61
1600000US3955552|286|128|268|124|241|122|27|24|27|24|0|13|0|13|0|13|0|13|0|13|0|13|0|13|0|13|0|13|0|13|0|13|0|13|0|13|2|4|0|13|16|19
1600000US3955650|1968|284|1746|285|1573|286|173|196|78|110|95|162|0|13|0|13|0|13|0|13|0|13|0|13|0|13|0|13|0|13|0|13|0|13|0|13|63|59|0|13|159|227
1600000US3955678|1362|173|1037|176|924|176|113|73|111|72|2|5|0|13|0|13|0|13|0|13|0|13|0|13|0|13|0|13|0|13|0|13|20|25|0|13|27|23|4|7|274|86
1600000US3955748|502|123|473|122|409|113|64|45|57|44|7|9|0|13|0|13|0|13|0|13|0|13|0|13|0|13|0|13|0|13|0|13|0|13|0|13|9|15|0|13|20|19
1600000US3955776|444|107|400|102|366|91|34|25|34|25|0|13|0|13|0|13|0|13|2|3|2|3|0|13|0|13|0|13|0|13|0|13|0|13|5|8|24|19|0|13|13|13
1600000US3955790|509|159|488|153|469|146|19|21|19|21|0|13|0|13|0|13|0|13|0|13|0|13|0|13|0|13|0|13|0|13|0|13|0|13|0|13|5|8|0|13|16|16
1600000US3955818|47|26|47|26|44|25|3|4|3|4|0|13|0|13|0|13|0|13|0|13|0|13|0|13|0|13|0|13|0|13|0|13|0|13|0|13|0|13|0|13|0|13
1600000US3955874|203|70|196|68|176|60|20|21|19|20|1|5|0|13|0|13|0|13|0|13|0|13|0|13|0|13|0|13|0|13|0|13|0|13|0|13|3|5|0|13|4|5
1600000US3955916|8613|558|7972|566|7183|574|789|268|699|248|51|45|7|12|0|20|32|38|39|39|39|39|0|20|0|20|0|20|0|20|51|62|0|20|18|21|62|45|80|62|391|183
1600000US3956154|1469|207|1381|207|1171|215|210|100|162|92|0|13|0|13|0|13|48|50|0|13|0|13|0|13|0|13|0|13|0|13|0|13|0|13|0|13|40|47|16|23|32|33
1600000US3956182|441|156|393|152|362|140|31|27|28|26|3|5|0|13|0|13|0|13|0|13|0|13|0|13|0|13|0|13|0|13|0|13|0|13|12|19|0|13|3|4|33|23
1600000US3956280|5291|761|4699|732|3956|659|743|249|562|217|98|100|37|38|0|20|46|42|52|67|52|67|0|20|0|20|0|20|0|20|12|19|0|20|0|20|29|34|79|68|420|165
1600000US3956294|9376|479|7644|593|7129|580|515|216|364|181|106|85|28|31|15|24|2|5|21|30|21|30|0|20|0|20|0|20|0|20|0|20|12|19|0|20|62|54|24|36|1613|399
1600000US3956322|4426|582|3818|585|3041|571|777|469|393|258|171|199|0|18|204|192|9|15|379|186|379|186|0|18|0|18|0|18|0|18|0|18|0|18|0|18|0|18|11|19|218|113
1600000US3956420|269|78|260|77|236|72|24|22|15|18|7|7|2|3|0|13|0|13|0|13|0|13|0|13|0|13|0|13|0|13|0|13|0|13|0|13|3|3|0|13|6|8
1600000US3956448|1919|163|1650|173|1445|194|205|118|149|95|56|81|0|13|0|13|0|13|0|13|0|13|0|13|0|13|0|13|0|13|0|13|0|13|0|13|3|5|0|13|266|104
1600000US3956553|3280|372|2697|403|2478|357|219|146|91|58|128|131|0|18|0|18|0|18|0|18|0|18|0|18|0|18|0|18|0|18|0|18|0|18|0|18|143|176|19|31|421|168
1600000US3956588|194|65|171|61|159|55|12|12|12|12|0|13|0|13|0|13|0|13|0|13|0|13|0|13|0|13|0|13|0|13|0|13|0|13|0|13|1|3|2|4|20|16
1600000US3956658|876|359|765|276|694|257|71|64|50|56|21|32|0|13|0|13|0|13|0|13|0|13|0|13|0|13|0|13|0|13|0|13|0|13|0|13|0|13|0|13|111|171
1600000US3956700|1194|152|1078|160|1020|165|58|39|58|39|0|13|0|13|0|13|0|13|0|13|0|13|0|13|0|13|0|13|0|13|0|13|0|13|0|13|18|19|29|45|69|46
1600000US3956756|116|82|116|82|98|71|18|22|6|10|12|19|0|13|0|13|0|13|0|13|0|13|0|13|0|13|0|13|0|13|0|13|0|13|0|13|0|13|0|13|0|13
1600000US3956770|693|110|642|111|597|109|45|26|45|26|0|13|0|13|0|13|0|13|0|13|0|13|0|13|0|13|0|13|0|13|0|13|0|13|0|13|9|10|5|7|37|19
1600000US3956798|515|163|492|170|447|161|45|74|45|74|0|13|0|13|0|13|0|13|0|13|0|13|0|13|0|13|0|13|0|13|0|13|0|13|0|13|0|13|0|13|23|28
1600000US3956812|4039|417|3624|444|3216|465|408|223|374|221|26|40|8|14|0|18|0|18|2|4|2|4|0|18|0|18|0|18|0|18|0|18|0|18|0|18|0|18|35|57|378|138
1600000US3956882|16276|710|13455|680|12546|677|909|172|634|163|126|70|41|30|85|57|23|28|66|60|66|60|0|27|0|27|0|27|0|27|0|27|9|13|6|9|155|77|120|78|2465|548
1600000US3956910|452|104|409|101|401|100|8|8|8|8|0|13|0|13|0|13|0|13|5|6|5|6|0|13|0|13|0|13|0|13|0|13|0|13|0|13|6|8|3|5|29|18
1600000US3956924|433|146|388|141|359|128|29|27|8|13|15|23|6|8|0|13|0|13|29|24|29|24|0|13|0|13|0|13|0|13|0|13|0|13|0|13|7|10|0|13|9|12
1600000US3956938|3106|450|2892|427|2756|421|136|69|109|66|27|33|0|18|0|18|0|18|0|18|0|18|0|18|0|18|0|18|0|18|0|18|0|18|0|18|1|2|0|18|213|108
1600000US3956966|17994|826|15101|788|13679|733|1422|468|808|242|214|110|305|436|95|116|0|27|52|46|44|45|0|27|0|27|8|12|0|27|69|107|0|27|0|27|284|237|88|55|2400|436
1600000US3956994|63|31|58|32|58|32|0|13|0|13|0|13|0|13|0|13|0|13|0|13|0|13|0|13|0|13|0|13|0|13|0|13|0|13|0|13|2|4|0|13|3|4
1600000US3957008|15888|560|13382|621|12619|642|763|306|543|247|65|51|145|145|10|22|0|27|90|65|90|65|0|27|0|27|0|27|0|27|20|25|19|33|0|27|126|87|147|99|2104|320
1600000US3957064|93|42|90|42|86|41|4|5|4|5|0|13|0|13|0|13|0|13|0|13|0|13|0|13|0|13|0|13|0|13|0|13|0|13|0|13|0|13|0|13|3|4
1600000US3957190|2807|280|2620|291|2524|324|96|104|68|97|0|18|28|34|0|18|0|18|0|18|0|18|0|18|0|18|0|18|0|18|0|18|0|18|0|18|0|18|80|104|107|96
1600000US3957218|1294|312|1061|272|1011|260|50|47|50|47|0|13|0|13|0|13|0|13|0|13|0|13|0|13|0|13|0|13|0|13|0|13|0|13|0|13|0|13|0|13|233|174
1600000US3957260|6160|368|5225|352|5006|348|219|93|207|87|12|19|0|20|0|20|0|20|5|11|5|11|0|20|0|20|0|20|0|20|0|20|18|21|38|62|50|36|20|23|804|238
1600000US3957302|7780|517|7209|475|6429|450|780|210|689|202|79|68|0|20|0|20|12|20|1|2|1|2|0|20|0|20|0|20|0|20|0|20|0|20|0|20|62|50|74|61|434|179
1600000US3957372|46|27|44|26|42|26|2|4|2|4|0|13|0|13|0|13|0|13|0|13|0|13|0|13|0|13|0|13|0|13|0|13|0|13|0|13|0|13|0|13|2|5
1600000US3957386|10525|594|8200|601|7210|562|990|239|857|232|92|67|20|22|21|22|0|20|403|192|378|189|25|40|0|20|0|20|0|20|0|20|0|20|16|27|389|130|35|52|1482|254
1600000US3957582|1263|219|1093|204|1014|194|79|56|59|51|0|13|20|27|0|13|0|13|0|13|0|13|0|13|0|13|0|13|0|13|0|13|0|13|0|13|11|16|17|22|142|89
1600000US3957596|572|169|546|162|507|160|39|24|31|18|0|13|0|13|0|13|8|14|0|13|0|13|0|13|0|13|0|13|0|13|0|13|0|13|0|13|19|24|1|5|6|8
1600000US3957750|1375|203|1156|261|896|228|260|118|243|115|0|13|17|27|0|13|0|13|0|13|0|13|0|13|0|13|0|13|0|13|0|13|0|13|0|13|0|13|2|5|217|130
1600000US3957764|4987|356|3977|388|3735|386|242|132|236|131|6|14|0|18|0|18|0|18|0|18|0|18|0|18|0|18|0|18|0|18|0|18|0|18|67|86|116|76|38|41|789|224
1600000US3957792|182|58|175|58|149|52|26|20|26|20|0|13|0|13|0|13|0|13|0|13|0|13|0|13|0|13|0|13|0|13|0|13|0|13|0|13|2|6|4|6|1|2
1600000US3957834|3492|262|1822|254|1601|280|221|108|117|49|31|39|73|106|0|18|0|18|68|58|26|24|0|18|36|56|6|10|0|18|0|18|10|15|94|81|1051|235|55|64|392|130
1600000US3957862|2870|305|2622|322|2427|282|195|143|195|143|0|18|0|18|0|18|0|18|38|58|38|58|0|18|0|18|0|18|0|18|0|18|0|18|0|18|0|18|0|18|210|91
1600000US3957876|93|92|93|92|93|92|0|13|0|13|0|13|0|13|0|13|0|13|0|13|0|13|0|13|0|13|0|13|0|13|0|13|0|13|0|13|0|13|0|13|0|13
1600000US3957918|16|14|16|14|16|14|0|13|0|13|0|13|0|13|0|13|0|13|0|13|0|13|0|13|0|13|0|13|0|13|0|13|0|13|0|13|0|13|0|13|0|13
1600000US3958002|340|113|287|101|252|85|35|32|35|32|0|13|0|13|0|13|0|13|0|13|0|13|0|13|0|13|0|13|0|13|0|13|3|5|0|13|10|12|34|40|6|12
1600000US3958149|286|186|262|178|180|96|82|106|82|106|0|13|0|13|0|13|0|13|0|13|0|13|0|13|0|13|0|13|0|13|0|13|0|13|0|13|0|13|0|13|24|28
1600000US3958156|50|68|35|46|7|12|28|44|28|44|0|13|0|13|0|13|0|13|0|13|0|13|0|13|0|13|0|13|0|13|0|13|0|13|0|13|0|13|0|13|15|23
1600000US3958226|153|78|146|75|136|73|10|13|10|13|0|13|0|13|0|13|0|13|4|7|4|7|0|13|0|13|0|13|0|13|0|13|0|13|0|13|0|13|0|13|3|5
1600000US3958422|4506|396|3625|331|3494|330|131|58|97|54|34|29|0|18|0|18|0|18|1|3|1|3|0|18|0|18|0|18|0|18|0|18|0|18|0|18|29|24|14|22|837|375
1600000US3958520|3429|325|3236|302|2804|419|432|252|399|252|0|18|33|41|0|18|0|18|0|18|0|18|0|18|0|18|0|18|0|18|0|18|0|18|0|18|87|95|0|18|106|77
1600000US3958604|1519|214|1205|180|1158|174|47|46|36|41|0|13|0|13|0|13|11|18|0|13|0|13|0|13|0|13|0|13|0|13|0|13|0|13|0|13|1|3|0|13|313|99
1600000US3958674|109|37|101|35|92|34|9|8|9|8|0|13|0|13|0|13|0|13|0|13|0|13|0|13|0|13|0|13|0|13|0|13|0|13|0|13|5|9|0|13|3|5
1600000US3958730|9807|573|9159|579|8163|559|996|298|887|286|54|48|0|20|20|25|35|45|19|21|0|20|0|20|10|16|9|14|0|20|26|42|0|20|0|20|120|129|47|48|436|145
1600000US3958800|103|77|103|77|83|80|20|36|20|36|0|13|0|13|0|13|0|13|0|13|0|13|0|13|0|13|0|13|0|13|0|13|0|13|0|13|0|13|0|13|0|13
1600000US3958828|4047|318|3601|291|3022|298|579|187|435|143|57|46|53|76|34|51|0|18|0|18|0|18|0|18|0|18|0|18|0|18|13|22|0|18|53|45|115|94|85|94|180|73
1600000US3958856|892|181|812|187|720|176|92|55|69|57|18|17|0|13|5|8|0|13|0|13|0|13|0|13|0|13|0|13|0|13|15|25|0|13|0|13|21|19|0|13|44|37
1600000US3958912|234|72|213|69|209|69|4|5|1|3|3|4|0|13|0|13|0|13|0|13|0|13|0|13|0|13|0|13|0|13|0|13|0|13|0|13|15|15|1|4|5|5
1600000US3958940|487|148|367|117|342|112|25|20|15|14|10|13|0|13|0|13|0|13|0|13|0|13|0|13|0|13|0|13|0|13|0|13|0|13|0|13|0|13|3|5|117|53
1600000US3958982|2116|174|1973|191|1877|189|96|64|89|62|7|12|0|13|0|13|0|13|0|13|0|13|0|13|0|13|0|13|0|13|0|13|0|13|0|13|30|44|0|13|113|71
1600000US3959010|2054|192|1750|220|1597|213|153|100|119|75|34|48|0|13|0|13|0|13|0|13|0|13|0|13|0|13|0|13|0|13|0|13|0|13|9|13|11|17|0|13|284|115
1600000US3959052|446|87|401|74|386|73|15|15|15|15|0|13|0|13|0|13|0|13|0|13|0|13|0|13|0|13|0|13|0|13|0|13|0|13|7|12|8|12|0|13|30|27
1600000US3959066|24|24|24|24|24|24|0|13|0|13|0|13|0|13|0|13|0|13|0|13|0|13|0|13|0|13|0|13|0|13|0|13|0|13|0|13|0|13|0|13|0|13
1600000US3959220|295|128|293|129|252|105|41|52|15|15|26|46|0|13|0|13|0|13|0|13|0|13|0|13|0|13|0|13|0|13|0|13|0|13|0|13|0|13|0|13|2|6
1600000US3959234|7474|692|4489|602|3778|584|711|268|689|265|4|8|0|24|0|24|18|26|207|132|192|135|11|18|0|24|4|11|0|24|0|24|0|24|292|197|1282|265|19|24|1185|204
1600000US3959416|8744|599|7399|682|6292|645|1107|263|771|229|268|153|13|20|34|53|21|36|145|103|145|103|0|24|0|24|0|24|0|24|0|24|0|24|34|55|360|218|25|29|781|237
1600000US3959598|93|65|91|65|76|65|15|11|15|11|0|13|0|13|0|13|0|13|1|3|1|3|0|13|0|13|0|13|0|13|0|13|0|13|0|13|0|13|0|13|1|3
1600000US3959724|0|13|0|13|0|13|0|13|0|13|0|13|0|13|0|13|0|13|0|13|0|13|0|13|0|13|0|13|0|13|0|13|0|13|0|13|0|13|0|13|0|13
1600000US3959738|876|154|776|159|706|143|70|42|59|39|4|6|7|10|0|13|0|13|0|13|0|13|0|13|0|13|0|13|0|13|0|13|0|13|0|13|29|27|0|13|71|38
1600000US3959920|2012|439|1878|413|1558|366|320|162|287|157|0|13|33|42|0|13|0|13|0|13|0|13|0|13|0|13|0|13|0|13|0|13|10|16|0|13|55|65|48|57|21|24
1600000US3959934|54|60|54|60|54|60|0|13|0|13|0|13|0|13|0|13|0|13|0|13|0|13|0|13|0|13|0|13|0|13|0|13|0|13|0|13|0|13|0|13|0|13
1600000US3961000|41292|1112|35139|1182|32629|1178|2510|376|1884|321|412|153|144|106|28|38|42|38|539|169|533|170|6|10|0|30|0|30|0|30|16|22|335|413|29|33|541|183|418|141|4275|461
1600000US3961028|10213|740|8320|634|7646|604|674|198|603|189|25|31|31|35|0|24|15|21|168|115|168|115|0|24|0|24|0|24|0|24|0|24|0|24|17|24|138|83|276|133|1294|314
1600000US3961056|110|49|98|49|95|49|3|5|3|5|0|13|0|13|0|13|0|13|0|13|0|13|0|13|0|13|0|13|0|13|0|13|0|13|0|13|0|13|0|13|12|16
1600000US3961112|9051|456|7549|463|6839|525|710|262|577|258|63|67|21|30|49|68|0|20|18|30|0|20|0|20|0|20|18|30|0|20|23|42|0|20|3|9|57|53|55|51|1346|296
1600000US3961182|72|46|61|39|52|36|9|13|3|5|6|11|0|13|0|13|0|13|0|13|0|13|0|13|0|13|0|13|0|13|0|13|0|13|0|13|0|13|5|8|6|10
1600000US3961252|1597|184|1471|204|1353|189|118|82|93|81|25|29|0|13|0|13|0|13|0|13|0|13|0|13|0|13|0|13|0|13|0|13|0|13|0|13|51|47|0|13|75|49
1600000US3961322|544|149|513|140|469|135|44|33|39|32|5|8|0|13|0|13|0|13|0|13|0|13|0|13|0|13|0|13|0|13|0|13|0|13|0|13|3|6|0|13|28|25
1600000US3961420|712|172|662|167|592|165|70|45|40|31|30|27|0|13|0|13|0|13|0|13|0|13|0|13|0|13|0|13|0|13|0|13|0|13|0|13|9|14|14|16|27|28
1600000US3961448|195|101|161|88|102|53|59|55|59|55|0|13|0|13|0|13|0|13|0|13|0|13|0|13|0|13|0|13|0|13|0|13|0|13|0|13|20|25|0|13|14|17
1600000US3961504|728|140|627|137|604|130|23|23|17|21|2|4|0|13|0|13|4|6|0|13|0|13|0|13|0|13|0|13|0|13|0|13|0|13|0|13|3|5|3|5|95|80
1600000US3961574|361|85|253|59|240|59|13|10|13|10|0|13|0|13|0|13|0|13|0|13|0|13|0|13|0|13|0|13|0|13|0|13|0|13|0|13|14|11|2|4|92|49
1600000US3961686|3418|244|2731|247|2460|245|271|118|181|90|26|27|27|39|37|53|0|18|14|20|7|16|0|18|0|18|7|12|0|18|0|18|0|18|0|18|29|23|12|21|632|144
1600000US3961882|814|153|762|151|713|151|49|25|49|25|0|13|0|13|0|13|0|13|0|13|0|13|0|13|0|13|0|13|0|13|0|13|0|13|0|13|4|7|0|13|48|19
1600000US3962134|4444|556|3775|572|3579|569|196|105|150|83|46|55|0|18|0|18|0|18|42|67|42|67|0|18|0|18|0|18|0|18|0|18|0|18|0|18|21|34|48|76|558|257
1600000US3962148|12550|446|10319|526|9822|569|497|178|347|135|22|35|35|48|56|87|37|31|6|11|6|11|0|24|0|24|0|24|0|24|0|24|21|33|13|23|58|59|36|50|2097|412
1600000US3962190|354|117|306|101|255|87|51|30|26|17|24|22|0|13|0|13|1|4|0|13|0|13|0|13|0|13|0|13|0|13|0|13|0|13|0|13|38|31|0|13|10|15
1600000US3962302|118|94|85|68|85|68|0|13|0|13|0|13|0|13|0|13|0|13|0|13|0|13|0|13|0|13|0|13|0|13|0|13|0|13|0|13|16|24|0|13|17|29
1600000US3962344|284|102|254|88|249|88|5|7|3|5|0|13|0|13|2|5|0|13|0|13|0|13|0|13|0|13|0|13|0|13|0|13|0|13|0|13|14|18|14|16|2|4
1600000US3962404|482|221|433|219|408|207|25|41|25|41|0|13|0|13|0|13|0|13|13|21|13|21|0|13|0|13|0|13|0|13|0|13|0|13|0|13|0|13|15|23|21|25
1600000US3962414|212|74|202|73|180|69|22|13|16|13|6|9|0|13|0|13|0|13|0|13|0|13|0|13|0|13|0|13|0|13|0|13|0|13|0|13|2|3|0|13|8|7
1600000US3962442|368|114|366|113|331|99|35|27|29|25|6|8|0|13|0|13|0|13|0|13|0|13|0|13|0|13|0|13|0|13|0|13|0|13|0|13|0|13|0|13|2|3
1600000US3962498|12795|553|10700|534|9828|535|872|270|644|240|123|78|90|69|15|25|0|24|14|38|14|38|0|24|0|24|0|24|0|24|0|24|0|24|0|24|64|59|13|22|2004|441
1600000US3962578|487|153|418|145|418|145|0|13|0|13|0|13|0|13|0|13|0|13|0|13|0|13|0|13|0|13|0|13|0|13|0|13|0|13|0|13|0|13|0|13|69|40
1600000US3962708|801|201|781|193|777|193|4|7|4|7|0|13|0|13|0|13|0|13|0|13|0|13|0|13|0|13|0|13|0|13|0|13|0|13|0|13|0|13|0|13|20|32
1600000US3962834|564|130|511|124|474|119|37|28|25|18|12|22|0|13|0|13|0|13|0|13|0|13|0|13|0|13|0|13|0|13|0|13|0|13|13|21|19|19|0|13|21|22
1600000US3962848|10180|658|9129|748|8204|626|925|319|714|262|193|166|18|31|0|24|0|24|0|24|0|24|0|24|0|24|0|24|0|24|0|24|34|43|20|32|227|118|149|147|621|244
1600000US3962890|169|47|153|46|143|39|10|13|10|13|0|13|0|13|0|13|0|13|0|13|0|13|0|13|0|13|0|13|0|13|0|13|0|13|0|13|2|3|2|3|12|12
1600000US3963030|1942|293|1622|277|1529|263|93|58|82|59|0|13|0|13|0|13|11|19|0|13|0|13|0|13|0|13|0|13|0|13|0|13|0|13|0|13|20|33|0|13|300|115
1600000US3963044|44|32|40|30|37|29|3|6|3|6|0|13|0|13|0|13|0|13|0|13|0|13|0|13|0|13|0|13|0|13|0|13|0|13|0|13|4|6|0|13|0|13
1600000US3963072|25|29|25|29|25|29|0|13|0|13|0|13|0|13|0|13|0|13|0|13|0|13|0|13|0|13|0|13|0|13|0|13|0|13|0|13|0|13|0|13|0|13
1600000US3963436|273|149|261|147|250|147|11|10|10|10|0|13|1|2|0|13|0|13|0|13|0|13|0|13|0|13|0|13|0|13|0|13|0|13|0|13|2|3|0|13|10|10
1600000US3963478|623|193|573|194|543|195|30|39|30|39|0|13|0|13|0|13|0|13|0|13|0|13|0|13|0|13|0|13|0|13|0|13|0|13|0|13|0|13|9|14|41|48
1600000US3963534|610|120|575|116|555|116|20|19|8|9|12|17|0|13|0|13|0|13|0|13|0|13|0|13|0|13|0|13|0|13|0|13|0|13|0|13|11|10|0|13|24|16
1600000US3963548|466|219|371|193|345|188|26|30|26|30|0|13|0|13|0|13|0|13|0|13|0|13|0|13|0|13|0|13|0|13|0|13|0|13|0|13|0|13|0|13|95|75
1600000US3963576|83|44|56|27|48|23|8|7|8|7|0|13|0|13|0|13|0|13|0|13|0|13|0|13|0|13|0|13|0|13|0|13|0|13|0|13|0|13|0|13|27|34
1600000US3963604|2799|668|2058|422|1935|405|123|97|123|97|0|18|0|18|0|18|0|18|0|18|0|18|0|18|0|18|0|18|0|18|51|61|0|18|0|18|0|18|30|49|660|379
1600000US3963618|1928|345|1723|348|1523|260|200|176|183|163|17|28|0|13|0|13|0|13|0|13|0|13|0|13|0|13|0|13|0|13|22|43|0|13|0|13|0|13|10|16|173|95
1600000US3963716|385|120|367|117|329|111|38|23|30|21|0|13|8|9|0|13|0|13|0|13|0|13|0|13|0|13|0|13|0|13|0|13|0|13|0|13|2|3|0|13|16|15
1600000US3963758|158|87|145|89|145|89|0|13|0|13|0|13|0|13|0|13|0|13|0|13|0|13|0|13|0|13|0|13|0|13|0|13|0|13|0|13|0|13|0|13|13|18
1600000US3963800|691|119|634|117|544|107|90|54|80|55|7|8|0|13|0|13|3|4|0|13|0|13|0|13|0|13|0|13|0|13|0|13|0|13|0|13|6|7|9|15|42|28
1600000US3963954|1221|212|1061|199|1001|200|60|37|43|33|7|11|10|12|0|13|0|13|0|13|0|13|0|13|0|13|0|13|0|13|0|13|0|13|0|13|0|13|0|13|160|65
1600000US3963996|225|99|199|93|169|83|30|30|23|29|3|5|4|7|0|13|0|13|0|13|0|13|0|13|0|13|0|13|0|13|0|13|0|13|0|13|10|15|0|13|16|14
1600000US3964024|717|182|694|184|645|175|49|35|41|32|8|14|0|13|0|13|0|13|4|6|4|6|0|13|0|13|0|13|0|13|0|13|0|13|0|13|17|18|2|4|0|13
1600000US3964108|187|69|173|65|168|65|5|9|3|7|2|5|0|13|0|13|0|13|4|8|4|8|0|13|0|13|0|13|0|13|0|13|0|13|0|13|0|13|0|13|10|12
1600000US3964136|3458|415|3093|415|2941|412|152|125|152|125|0|18|0|18|0|18|0|18|0|18|0|18|0|18|0|18|0|18|0|18|0|18|0|18|0|18|1|2|23|40|341|145
1600000US3964150|2647|286|2315|271|2112|266|203|124|182|119|21|37|0|18|0|18|0|18|27|43|27|43|0|18|0|18|0|18|0|18|0|18|18|28|5|12|57|47|43|35|182|103
1600000US3964262|171|62|161|58|156|59|5|7|5|7|0|13|0|13|0|13|0|13|0|13|0|13|0|13|0|13|0|13|0|13|0|13|0|13|0|13|0|13|0|13|10|15
1600000US3964304|5985|476|5345|478|4682|441|663|179|556|173|36|53|13|20|45|34|13|18|19|26|4|8|0|20|0|20|0|20|15|25|17|30|0|20|24|28|235|97|23|28|322|104
1600000US3964346|245|86|215|82|178|65|37|43|37|43|0|13|0|13|0|13|0|13|0|13|0|13|0|13|0|13|0|13|0|13|0|13|18|28|0|13|3|5|0|13|9|8
1600000US3964360|121|52|113|49|99|46|14|13|13|13|1|3|0|13|0|13|0|13|4|6|0|13|0|13|0|13|0|13|4|6|0|13|0|13|0|13|0|13|0|13|4|5
1600000US3964430|146|56|144|56|140|55|4|6|4|6|0|13|0|13|0|13|0|13|0|13|0|13|0|13|0|13|0|13|0|13|0|13|0|13|0|13|0|13|1|2|1|3
1600000US3964472|57|43|57|43|57|43|0|13|0|13|0|13|0|13|0|13|0|13|0|13|0|13|0|13|0|13|0|13|0|13|0|13|0|13|0|13|0|13|0|13|0|13
1600000US3964486|6911|508|4937|459|4645|474|292|120|290|121|2|5|0|20|0|20|0|20|0|20|0|20|0|20|0|20|0|20|0|20|0|20|0|20|45|52|32|47|38|40|1859|308
1600000US3964542|591|160|567|159|498|137|69|47|41|26|7|11|21|27|0|13|0|13|0|13|0|13|0|13|0|13|0|13|0|13|0|13|0|13|0|13|12|12|0|13|12|13
1600000US3964766|216|82|211|82|209|82|2|3|2|3|0|13|0|13|0|13|0|13|0|13|0|13|0|13|0|13|0|13|0|13|0|13|2|4|0|13|3|4|0|13|0|13
1600000US3964780|527|141|507|137|469|124|38|39|38|39|0|13|0|13|0|13|0|13|0|13|0|13|0|13|0|13|0|13|0|13|0|13|0|13|0|13|7|8|4|9|9|8
1600000US3964906|38|23|38|23|26|28|12|17|12|17|0|13|0|13|0|13|0|13|0|13|0|13|0|13|0|13|0|13|0|13|0|13|0|13|0|13|0|13|0|13|0|13
1600000US3965032|35|17|29|16|29|16|0|13|0|13|0|13|0|13|0|13|0|13|0|13|0|13|0|13|0|13|0|13|0|13|0|13|0|13|0|13|3|3|0|13|3|4
1600000US3965116|112|50|110|50|77|36|33|28|19|22|12|15|2|5|0|13|0|13|0|13|0|13|0|13|0|13|0|13|0|13|0|13|0|13|0|13|2|3|0|13|0|13
1600000US3965200|185|69|166|65|151|57|15|19|12|19|3|5|0|13|0|13|0|13|0|13|0|13|0|13|0|13|0|13|0|13|0|13|0|13|0|13|5|8|12|14|2|3
1600000US3965256|356|141|342|141|339|141|3|4|0|13|3|4|0|13|0|13|0|13|0|13|0|13|0|13|0|13|0|13|0|13|0|13|0|13|0|13|0|13|0|13|14|15
1600000US3965298|130|79|84|67|84|67|0|13|0|13|0|13|0|13|0|13|0|13|0|13|0|13|0|13|0|13|0|13|0|13|0|13|0|13|0|13|0|13|46|64|0|13
1600000US3965508|39|28|39|28|38|27|1|4|1|4|0|13|0|13|0|13|0|13|0|13|0|13|0|13|0|13|0|13|0|13|0|13|0|13|0|13|0|13|0|13|0|13
1600000US3965592|5278|351|4728|331|4220|349|508|196|421|188|55|61|28|32|0|20|4|7|44|59|44|59|0|20|0|20|0|20|0|20|0|20|0|20|0|20|42|28|105|105|359|192
1600000US3965634|249|92|196|58|160|52|36|27|34|26|0|13|2|4|0|13|0|13|0|13|0|13|0|13|0|13|0|13|0|13|0|13|0|13|0|13|51|80|0|13|2|4
1600000US3965662|190|62|164|57|156|57|8|8|8|8|0|13|0|13|0|13|0|13|2|3|2|3|0|13|0|13|0|13|0|13|0|13|0|13|0|13|8|7|0|13|16|12
1600000US3965676|220|156|204|152|160|122|44|52|0|13|44|52|0|13|0|13|0|13|0|13|0|13|0|13|0|13|0|13|0|13|0|13|0|13|0|13|0|13|0|13|16|22
1600000US3965732|5704|534|4720|550|4395|556|325|148|267|119|20|30|29|48|9|13|0|20|25|40|25|40|0|20|0|20|0|20|0|20|0|20|0|20|0|20|20|24|12|16|927|290
1600000US3966012|2454|324|2110|321|1855|329|255|126|160|99|76|70|19|27|0|13|0|13|8|14|8|14|0|13|0|13|0|13|0|13|0|13|0|13|0|13|48|71|0|13|288|115
1600000US3966152|2770|258|2220|302|2175|295|45|41|14|23|31|49|0|18|0|18|0|18|47|63|47|63|0|18|0|18|0|18|0|18|0|18|0|18|0|18|0|18|0|18|503|185
1600000US3966180|352|159|287|138|287|138|0|13|0|13|0|13|0|13|0|13|0|13|0|13|0|13|0|13|0|13|0|13|0|13|0|13|0|13|0|13|0|13|0|13|65|63
1600000US3966222|10|12|10|12|10|12|0|13|0|13|0|13|0|13|0|13|0|13|0|13|0|13|0|13|0|13|0|13|0|13|0|13|0|13|0|13|0|13|0|13|0|13
1600000US3966250|491|154|450|149|419|143|31|36|10|18|21|31|0|13|0|13|0|13|1|2|1|2|0|13|0|13|0|13|0|13|0|13|0|13|0|13|0|13|0|13|40|38
1600000US3966264|184|88|170|79|125|74|45|43|45|43|0|13|0|13|0|13|0|13|0|13|0|13|0|13|0|13|0|13|0|13|0|13|0|13|0|13|0|13|0|13|14|22
1600000US3966320|271|70|260|67|232|56|28|28|27|27|0|13|1|3|0|13|0|13|0|13|0|13|0|13|0|13|0|13|0|13|0|13|0|13|0|13|5|6|0|13|6|7
1600000US3966390|20798|1005|16392|950|14536|832|1856|505|1606|436|176|144|43|55|13|23|18|30|183|109|169|109|0|27|0|27|14|21|0|27|22|24|9|18|24|40|205|129|548|368|3415|606
1600000US3966530|2060|310|1593|322|1551|320|42|41|42|41|0|13|0|13|0|13|0|13|0|13|0|13|0|13|0|13|0|13|0|13|0|13|0|13|0|13|15|24|0|13|452|129
1600000US3966824|236|89|225|85|206|83|19|13|19|13|0|13|0|13|0|13|0|13|0|13|0|13|0|13|0|13|0|13|0|13|0|13|0|13|0|13|3|5|2|5|6|10
1600000US3966880|191|130|191|130|169|114|22|38|22|38|0|13|0|13|0|13|0|13|0|13|0|13|0|13|0|13|0|13|0|13|0|13|0|13|0|13|0|13|0|13|0|13
1600000US3966894|5148|331|4131|385|3794|394|337|178|221|127|90|133|0|20|26|50|0|20|83|70|83|70|0|20|0|20|0|20|0|20|0|20|8|23|0|20|32|24|119|95|775|209
1600000US3966922|1504|267|1269|237|1099|229|170|73|127|70|9|14|8|14|26|32|0|13|15|20|15|20|0|13|0|13|0|13|0|13|0|13|0|13|0|13|13|22|10|15|197|84
1600000US3966936|1019|185|938|177|831|171|107|79|94|77|13|14|0|13|0|13|0|13|14|18|14|18|0|13|0|13|0|13|0|13|0|13|0|13|9|15|0|13|0|13|58|36
1600000US3967104|179|139|134|121|134|121|0|13|0|13|0|13|0|13|0|13|0|13|0|13|0|13|0|13|0|13|0|13|0|13|0|13|0|13|0|13|0|13|0|13|45|64
1600000US3967118|123|42|115|40|108|41|7|8|7|8|0|13|0|13|0|13|0|13|0|13|0|13|0|13|0|13|0|13|0|13|0|13|0|13|0|13|0|13|2|3|6|7
1600000US3967128|306|101|213|81|213|81|0|13|0|13|0|13|0|13|0|13|0|13|8|13|8|13|0|13|0|13|0|13|0|13|0|13|0|13|0|13|0|13|0|13|85|47
1600000US3967258|299|93|242|89|239|89|3|5|3|5|0|13|0|13|0|13|0|13|0|13|0|13|0|13|0|13|0|13|0|13|0|13|0|13|0|13|43|29|0|13|14|17
1600000US3967272|616|118|579|116|529|111|50|38|50|38|0|13|0|13|0|13|0|13|0|13|0|13|0|13|0|13|0|13|0|13|0|13|0|13|0|13|11|13|0|13|26|27
1600000US3967314|237|81|222|79|193|79|29|25|8|11|6|6|0|13|15|16|0|13|11|17|0|13|0|13|0|13|0|13|11|17|0|13|0|13|0|13|0|13|0|13|4|5
1600000US3967356|2728|281|2419|288|2196|268|223|103|166|89|35|59|0|18|22|36|0|18|17|25|17|25|0|18|0|18|0|18|0|18|0|18|0|18|9|15|43|38|28|39|212|98
1600000US3967440|276|60|195|45|170|40|25|25|25|25|0|13|0|13|0|13|0|13|0|13|0|13|0|13|0|13|0|13|0|13|0|13|0|13|0|13|0|13|0|13|81|29
1600000US3967468|11600|573|10348|518|9264|562|1084|318|900|303|153|111|31|28|0|24|0|24|27|30|27|30|0|24|0|24|0|24|0|24|0|24|24|19|9|14|127|120|23|32|1042|365
1600000US3967580|109|66|109|66|98|61|11|17|0|13|11|17|0|13|0|13|0|13|0|13|0|13|0|13|0|13|0|13|0|13|0|13|0|13|0|13|0|13|0|13|0|13
1600000US3967600|1044|208|981|198|920|191|61|37|57|37|4|6|0|13|0|13|0|13|0|13|0|13|0|13|0|13|0|13|0|13|0|13|0|13|0|13|0|13|5|7|58|31
1600000US3967664|132|125|132|125|132|125|0|13|0|13|0|13|0|13|0|13|0|13|0|13|0|13|0|13|0|13|0|13|0|13|0|13|0|13|0|13|0|13|0|13|0|13
1600000US3967762|74|39|73|40|71|39|2|6|2|6|0|13|0|13|0|13|0|13|0|13|0|13|0|13|0|13|0|13|0|13|0|13|0|13|0|13|0|13|0|13|1|2
1600000US3967804|55|70|55|70|55|70|0|13|0|13|0|13|0|13|0|13|0|13|0|13|0|13|0|13|0|13|0|13|0|13|0|13|0|13|0|13|0|13|0|13|0|13
1600000US3967846|341|88|308|82|237|65|71|45|58|42|8|10|0|13|0|13|5|9|0|13|0|13|0|13|0|13|0|13|0|13|0|13|0|13|10|16|12|15|5|7|6|10
1600000US3967874|399|100|346|94|311|85|35|23|29|21|3|4|3|4|0|13|0|13|0|13|0|13|0|13|0|13|0|13|0|13|0|13|0|13|2|3|20|19|3|5|28|24
1600000US3968004|251|131|233|124|233|124|0|13|0|13|0|13|0|13|0|13|0|13|0|13|0|13|0|13|0|13|0|13|0|13|0|13|0|13|0|13|0|13|0|13|18|23
1600000US3968042|133|57|132|57|122|53|10|12|8|11|0|13|0|13|2|4|0|13|0|13|0|13|0|13|0|13|0|13|0|13|0|13|0|13|0|13|0|13|0|13|1|4
1600000US3968056|10993|644|8594|547|7981|560|613|193|474|175|0|24|86|89|53|68|0|24|191|211|191|211|0|24|0|24|0|24|0|24|45|67|0|24|18|23|112|96|39|36|1994|430
1600000US3968084|82|49|68|43|57|40|11|14|8|10|3|8|0|13|0|13|0|13|0|13|0|13|0|13|0|13|0|13|0|13|0|13|0|13|0|13|3|9|0|13|11|9
1600000US3968196|10|8|9|9|7|8|2|4|0|13|2|4|0|13|0|13|0|13|0|13|0|13|0|13|0|13|0|13|0|13|0|13|0|13|0|13|0|13|0|13|1|3
1600000US3968448|40|46|40|46|40|46|0|13|0|13|0|13|0|13|0|13|0|13|0|13|0|13|0|13|0|13|0|13|0|13|0|13|0|13|0|13|0|13|0|13|0|13
1600000US3968490|680|165|637|162|556|170|81|47|48|37|24|31|9|14|0|13|0|13|0|13|0|13|0|13|0|13|0|13|0|13|0|13|0|13|0|13|0|13|9|12|34|25
1600000US3968546|885|254|791|232|732|232|59|52|59|52|0|13|0|13|0|13|0|13|0|13|0|13|0|13|0|13|0|13|0|13|0|13|0|13|0|13|0|13|0|13|94|73
1600000US3968560|765|255|732|251|689|250|43|43|38|42|2|4|3|6|0|13|0|13|10|16|10|16|0|13|0|13|0|13|0|13|0|13|0|13|0|13|7|7|0|13|16|17
1600000US3968574|183|149|183|149|183|149|0|13|0|13|0|13|0|13|0|13|0|13|0|13|0|13|0|13|0|13|0|13|0|13|0|13|0|13|0|13|0|13|0|13|0|13
1600000US3968602|1017|307|877|275|741|247|136|133|135|133|0|13|1|3|0|13|0|13|0|13|0|13|0|13|0|13|0|13|0|13|0|13|0|13|0|13|0|13|0|13|140|89
1600000US3968672|133|52|117|47|106|46|11|8|9|8|0|13|0|13|2|3|0|13|0|13|0|13|0|13|0|13|0|13|0|13|0|13|0|13|0|13|4|7|0|13|12|17
1600000US3968686|3535|299|3167|284|2910|288|257|119|144|102|113|77|0|18|0|18|0|18|0|18|0|18|0|18|0|18|0|18|0|18|0|18|72|77|0|18|87|81|0|18|209|103
1600000US3968714|893|332|611|304|611|304|0|13|0|13|0|13|0|13|0|13|0|13|6|11|6|11|0|13|0|13|0|13|0|13|0|13|0|13|0|13|34|40|38|53|204|154
1600000US3968742|97|40|86|33|86|33|0|13|0|13|0|13|0|13|0|13|0|13|0|13|0|13|0|13|0|13|0|13|0|13|0|13|0|13|0|13|0|13|2|3|9|12
1600000US3968938|148|126|142|125|138|124|4|6|4|6|0|13|0|13|0|13|0|13|0|13|0|13|0|13|0|13|0|13|0|13|0|13|0|13|0|13|0|13|0|13|6|10
1600000US3969176|255|78|242|75|219|72|23|17|23|17|0|13|0|13|0|13|0|13|0|13|0|13|0|13|0|13|0|13|0|13|0|13|0|13|0|13|6|6|0|13|7|10
1600000US3969204|165|89|110|54|90|41|20|30|8|15|12|24|0|13|0|13|0|13|0|13|0|13|0|13|0|13|0|13|0|13|0|13|27|40|0|13|3|6|2|3|23|36
1600000US3969302|435|93|409|91|379|88|30|25|25|20|0|13|5|9|0|13|0|13|0|13|0|13|0|13|0|13|0|13|0|13|0|13|0|13|0|13|18|20|0|13|8|7
1600000US3969316|334|134|295|129|291|129|4|8|4|8|0|13|0|13|0|13|0|13|2|4|2|4|0|13|0|13|0|13|0|13|0|13|0|13|9|17|20|30|0|13|8|10
1600000US3969344|311|79|274|69|260|67|14|11|14|11|0|13|0|13|0|13|0|13|2|4|0|13|2|4|0|13|0|13|0|13|0|13|0|13|2|4|2|5|0|13|31|22
1600000US3969358|307|173|300|172|287|167|13|19|13|19|0|13|0|13|0|13|0|13|0|13|0|13|0|13|0|13|0|13|0|13|0|13|0|13|0|13|0|13|0|13|7|14
1600000US3969400|1144|162|1074|160|855|149|219|131|215|131|4|7|0|13|0|13|0|13|0|13|0|13|0|13|0|13|0|13|0|13|0|13|0|13|0|13|19|19|0|13|51|35
1600000US3969470|2328|204|2017|218|1881|215|136|76|125|73|11|18|0|13|0|13|0|13|57|62|57|62|0|13|0|13|0|13|0|13|29|34|0|13|0|13|83|84|20|33|122|73
1600000US3969526|2377|256|2153|251|1967|252|186|110|140|90|0|18|46|65|0|18|0|18|0|18|0|18|0|18|0|18|0|18|0|18|0|18|0|18|0|18|67|60|38|41|119|71
1600000US3969540|1448|175|1373|171|1307|179|66|48|29|28|0|13|15|21|22|32|0|13|0|13|0|13|0|13|0|13|0|13|0|13|0|13|0|13|0|13|24|23|0|13|51|30
1600000US3969596|138|85|138|85|138|85|0|13|0|13|0|13|0|13|0|13|0|13|0|13|0|13|0|13|0|13|0|13|0|13|0|13|0|13|0|13|0|13|0|13|0|13
1600000US3969652|175|72|158|66|155|65|3|5|3|5|0|13|0|13|0|13|0|13|0|13|0|13|0|13|0|13|0|13|0|13|0|13|0|13|0|13|10|11|0|13|7|11
1600000US3969666|68|56|68|56|57|46|11|17|11|17|0|13|0|13|0|13|0|13|0|13|0|13|0|13|0|13|0|13|0|13|0|13|0|13|0|13|0|13|0|13|0|13
1600000US3969680|4634|366|4317|392|3791|395|526|210|473|205|39|57|0|18|14|22|0|18|13|21|0|18|0|18|0|18|13|21|0|18|0|18|15|24|45|57|39|48|145|124|60|63
1600000US3969708|1101|214|1043|220|823|179|220|153|162|125|44|52|9|16|5|9|0|13|0|13|0|13|0|13|0|13|0|13|0|13|0|13|0|13|0|13|11|17|0|13|47|44
1600000US3969834|5938|502|5228|529|4864|480|364|189|257|165|107|112|0|20|0|20|0|20|1|6|1|6|0|20|0|20|0|20|0|20|0|20|0|20|301|391|156|86|7|14|245|128
1600000US3970044|201|120|201|120|201|120|0|13|0|13|0|13|0|13|0|13|0|13|0|13|0|13|0|13|0|13|0|13|0|13|0|13|0|13|0|13|0|13|0|13|0|13
1600000US3970050|1922|390|1545|349|1457|337|88|68|68|74|20|31|0|13|0|13|0|13|0|13|0|13|0|13|0|13|0|13|0|13|0|13|0|13|0|13|56|55|0|13|321|117
1600000US3970072|70|54|56|47|56|47|0|13|0|13|0|13|0|13|0|13|0|13|0|13|0|13|0|13|0|13|0|13|0|13|0|13|0|13|0|13|0|13|0|13|14|18
1600000US3970100|423|145|396|138|320|118|76|44|44|37|18|15|0|13|5|7|9|10|0|13|0|13|0|13|0|13|0|13|0|13|0|13|0|13|0|13|17|19|0|13|10|11
1600000US3970380|11269|568|10062|600|8833|653|1229|336|1015|304|70|67|61|40|45|54|38|47|257|151|257|151|0|24|0|24|0|24|0|24|92|91|34|46|15|25|335|141|94|57|380|148
1600000US3970464|60|64|40|36|40|36|0|13|0|13|0|13|0|13|0|13|0|13|0|13|0|13|0|13|0|13|0|13|0|13|0|13|0|13|0|13|0|13|0|13|20|33
1600000US3970520|73|42|71|42|67|41|4|4|4|4|0|13|0|13|0|13|0|13|0|13|0|13|0|13|0|13|0|13|0|13|0|13|0|13|0|13|0|13|2|4|0|13
1600000US3970534|431|124|386|119|331|110|55|37|54|36|0|13|0|13|0|13|1|6|0|13|0|13|0|13|0|13|0|13|0|13|0|13|0|13|0|13|0|13|0|13|45|60
1600000US3970548|177|122|177|122|177|122|0|13|0|13|0|13|0|13|0|13|0|13|0|13|0|13|0|13|0|13|0|13|0|13|0|13|0|13|0|13|0|13|0|13|0|13
1600000US3970576|154|55|148|54|143|52|5|7|4|5|0|13|0|13|1|2|0|13|1|2|1|2|0|13|0|13|0|13|0|13|0|13|0|13|0|13|5|6|0|13|0|13
1600000US3970618|478|216|386|160|363|152|23|38|23|38|0|13|0|13|0|13|0|13|0|13|0|13|0|13|0|13|0|13|0|13|0|13|0|13|0|13|0|13|19|33|73|77
1600000US3970655|342|148|308|136|260|104|48|53|8|13|40|52|0|13|0|13|0|13|0|13|0|13|0|13|0|13|0|13|0|13|0|13|0|13|0|13|0|13|0|13|34|32
1600000US3970814|164|64|142|61|135|62|7|7|4|5|0|13|3|5|0|13|0|13|0|13|0|13|0|13|0|13|0|13|0|13|0|13|1|3|0|13|21|16|0|13|0|13
1600000US3970912|352|162|352|162|295|138|57|53|40|48|0|13|17|29|0|13|0|13|0|13|0|13|0|13|0|13|0|13|0|13|0|13|0|13|0|13|0|13|0|13|0|13
1600000US3971080|136|58|132|57|126|57|6|8|6|8|0|13|0|13|0|13|0|13|0|13|0|13|0|13|0|13|0|13|0|13|0|13|0|13|0|13|2|6|0|13|2|4
1600000US3971206|332|107|298|105|263|92|35|30|29|28|0|13|6|10|0|13|0|13|6|11|0|13|0|13|6|11|0|13|0|13|0|13|0|13|0|13|20|21|0|13|8|9
1600000US3971220|1585|178|1488|187|1318|162|170|122|170|122|0|13|0|13|0|13|0|13|0|13|0|13|0|13|0|13|0|13|0|13|0|13|14|22|0|13|0|13|10|16|73|78
1600000US3971360|164|52|164|52|156|50|8|7|7|7|1|2|0|13|0|13|0|13|0|13|0|13|0|13|0|13|0|13|0|13|0|13|0|13|0|13|0|13|0|13|0|13
1600000US3971416|5937|426|4962|392|4746|372|216|105|209|103|7|12|0|20|0|20|0|20|17|24|17|24|0|20|0|20|0|20|0|20|0|20|0|20|0|20|43|35|19|27|896|173
1600000US3971444|239|91|223|88|223|88|0|13|0|13|0|13|0|13|0|13|0|13|0|13|0|13|0|13|0|13|0|13|0|13|0|13|0|13|0|13|3|5|0|13|13|15
1600000US3971486|929|168|810|151|778|149|32|36|32|36|0|13|0|13|0|13|0|13|0|13|0|13|0|13|0|13|0|13|0|13|0|13|0|13|0|13|11|18|16|26|92|43
1600000US3971640|1827|260|1738|261|1634|257|104|77|69|73|35|56|0|13|0|13|0|13|0|13|0|13|0|13|0|13|0|13|0|13|0|13|0|13|0|13|42|63|0|13|47|38
1600000US3971682|14255|657|10683|640|9810|658|873|254|676|211|31|37|110|104|0|24|56|93|614|375|353|345|163|105|16|25|82|50|0|24|31|51|0|24|77|48|187|78|91|56|2572|433
1600000US3971836|462|229|448|229|383|212|65|69|65|69|0|13|0|13|0|13|0|13|0|13|0|13|0|13|0|13|0|13|0|13|0|13|0|13|0|13|1|3|0|13|13|23
1600000US3971892|7192|500|6281|502|6084|508|197|95|142|79|21|26|34|42|0|20|0|20|0|20|0|20|0|20|0|20|0|20|0|20|0|20|0|20|0|20|135|125|16|25|760|222
1600000US3971958|339|149|339|149|294|127|45|54|21|33|24|44|0|13|0|13|0|13|0|13|0|13|0|13|0|13|0|13|0|13|0|13|0|13|0|13|0|13|0|13|0|13
1600000US3971962|130|50|129|49|112|44|17|21|17|21|0|13|0|13|0|13|0|13|0|13|0|13|0|13|0|13|0|13|0|13|0|13|0|13|0|13|1|3|0|13|0|13
1600000US3971976|465|86|357|69|342|68|15|12|13|11|2|5|0|13|0|13|0|13|0|13|0|13|0|13|0|13|0|13|0|13|0|13|0|13|0|13|7|12|2|5|99|34
1600000US3971983|1240|256|1109|264|1008|224|101|97|67|69|34|43|0|13|0|13|0|13|0|13|0|13|0|13|0|13|0|13|0|13|0|13|0|13|10|16|0|13|0|13|121|69
1600000US3972060|2099|205|1793|220|1691|202|102|76|85|74|8|14|0|13|9|13|0|13|15|22|15|22|0|13|0|13|0|13|0|13|0|13|0|13|0|13|13|18|0|13|278|120
1600000US3972088|4863|520|4482|494|4224|476|258|114|258|114|0|18|0|18|0|18|0|18|0|18|0|18|0|18|0|18|0|18|0|18|0|18|0|18|0|18|10|16|27|41|344|181
1600000US3972102|3950|454|3623|427|3420|405|203|114|180|109|0|18|0|18|0|18|23|37|1|2|1|2|0|18|0|18|0|18|0|18|0|18|0|18|23|36|28|28|0|18|275|140
1600000US3972242|151|84|141|77|139|76|2|4|2|4|0|13|0|13|0|13|0|13|0|13|0|13|0|13|0|13|0|13|0|13|0|13|0|13|0|13|2|3|8|13|0|13
1600000US3972256|317|118|303|116|274|112|29|27|14|14|0|13|15|23|0|13|0|13|0|13|0|13|0|13|0|13|0|13|0|13|0|13|0|13|0|13|2|3|0|13|12|15
1600000US3972258|1802|430|1186|263|1136|255|50|80|0|13|50|80|0|13|0|13|0|13|0|13|0|13|0|13|0|13|0|13|0|13|0|13|0|13|0|13|20|34|221|331|375|140
1600000US3972284|4929|639|4239|642|3925|638|314|145|269|134|23|28|7|13|0|20|15|23|296|189|296|189|0|20|0|20|0|20|0|20|0|20|0|20|0|20|23|34|32|59|339|165
1600000US3972298|267|89|246|86|214|76|32|25|27|25|3|4|0|13|2|4|0|13|0|13|0|13|0|13|0|13|0|13|0|13|0|13|0|13|0|13|13|13|2|4|6|6
1600000US3972396|837|174|753|168|686|164|67|35|34|23|21|27|6|6|6|5|0|13|0|13|0|13|0|13|0|13|0|13|0|13|0|13|0|13|0|13|76|59|0|13|8|8
1600000US3972424|9402|533|8767|550|7403|616|1364|338|1113|347|109|94|68|96|23|38|51|58|38|37|38|37|0|24|0|24|0|24|0|24|16|26|0|24|121|131|85|62|27|32|348|188
1600000US3972494|1291|179|1092|186|1043|191|49|31|40|27|0|13|9|13|0|13|0|13|4|8|4|8|0|13|0|13|0|13|0|13|0|13|0|13|0|13|14|20|0|13|181|64
1600000US3972522|2504|321|2074|308|1948|351|126|117|126|117|0|13|0|13|0|13|0|13|40|47|40|47|0|13|0|13|0|13|0|13|0|13|49|46|26|43|30|45|26|51|259|125
1600000US3972578|157|147|146|146|138|139|8|15|8|15|0|13|0|13|0|13|0|13|0|13|0|13|0|13|0|13|0|13|0|13|0|13|0|13|0|13|3|7|0|13|8|12
1600000US3972620|2118|493|1260|338|1209|333|51|39|33|30|0|13|0|13|18|25|0|13|64|70|64|70|0|13|0|13|0|13|0|13|0|13|0|13|0|13|12|20|0|13|782|362
1600000US3972648|466|198|440|191|319|153|121|96|61|65|60|72|0|13|0|13|0|13|0|13|0|13|0|13|0|13|0|13|0|13|0|13|0|13|0|13|0|13|13|20|13|20
1600000US3972788|624|128|565|121|542|119|23|22|17|20|0|13|1|3|5|7|0|13|0|13|0|13|0|13|0|13|0|13|0|13|0|13|0|13|0|13|6|8|8|10|45|23
1600000US3972928|11890|470|9562|532|8971|531|591|177|526|175|27|32|7|12|31|31|0|24|37|38|0|24|0|24|37|38|0|24|0|24|0|24|0|24|8|11|51|34|40|41|2192|324
1600000US3972977|433|135|330|103|320|101|10|10|6|8|1|4|0|13|3|5|0|13|5|6|5|6|0|13|0|13|0|13|0|13|0|13|0|13|0|13|10|12|0|13|88|80
1600000US3972998|140|130|140|130|128|125|12|20|12|20|0|13|0|13|0|13|0|13|0|13|0|13|0|13|0|13|0|13|0|13|0|13|0|13|0|13|0|13|0|13|0|13
1600000US3973040|862|175|768|164|689|172|79|50|40|38|21|25|18|26|0|13|0|13|0|13|0|13|0|13|0|13|0|13|0|13|0|13|0|13|0|13|0|13|18|20|76|49
1600000US3973068|1346|229|1171|210|1113|210|58|44|46|38|12|20|0|13|0|13|0|13|0|13|0|13|0|13|0|13|0|13|0|13|0|13|0|13|0|13|0|13|9|16|166|75
1600000US3973118|390|169|390|169|381|168|9|14|9|14|0|13|0|13|0|13|0|13|0|13|0|13|0|13|0|13|0|13|0|13|0|13|0|13|0|13|0|13|0|13|0|13
1600000US3973124|728|129|667|126|643|118|24|23|20|24|0|13|4|5|0|13|0|13|0|13|0|13|0|13|0|13|0|13|0|13|0|13|0|13|0|13|40|25|3|4|18|12
1600000US3973264|10952|572|8512|648|7831|651|681|177|467|130|197|120|0|24|7|10|10|15|311|208|301|209|5|8|0|24|5|8|0|24|0|24|0|24|6|13|150|51|117|99|1856|326
1600000US3973446|2938|299|2501|329|2303|380|198|120|99|74|99|99|0|18|0|18|0|18|0|18|0|18|0|18|0|18|0|18|0|18|0|18|0|18|0|18|0|18|0|18|437|161
1600000US3973530|344|222|329|224|285|202|44|53|44|53|0|13|0|13|0|13|0|13|0|13|0|13|0|13|0|13|0|13|0|13|0|13|0|13|0|13|0|13|0|13|15|26
1600000US3973670|1826|339|1642|327|1529|320|113|90|79|78|34|48|0|13|0|13|0|13|0|13|0|13|0|13|0|13|0|13|0|13|0|13|0|13|0|13|20|35|0|13|164|100
1600000US3973684|1959|175|1618|188|1577|186|41|46|41|46|0|13|0|13|0|13|0|13|7|14|0|13|0|13|0|13|7|14|0|13|0|13|0|13|0|13|0|13|5|9|329|93
1600000US3973698|58|28|55|28|47|28|8|9|8|9|0|13|0|13|0|13|0|13|0|13|0|13|0|13|0|13|0|13|0|13|0|13|0|13|0|13|2|3|0|13|1|2
1600000US3973768|158|71|141|57|129|55|12|17|12|17|0|13|0|13|0|13|0|13|0|13|0|13|0|13|0|13|0|13|0|13|0|13|0|13|0|13|0|13|2|3|15|23
1600000US3973796|258|91|232|83|225|81|7|9|0|13|7|9|0|13|0|13|0|13|0|13|0|13|0|13|0|13|0|13|0|13|0|13|0|13|0|13|7|11|0|13|19|17
1600000US3973824|300|122|289|117|235|102|54|65|46|64|0|13|8|14|0|13|0|13|0|13|0|13|0|13|0|13|0|13|0|13|0|13|0|13|0|13|6|13|1|6|4|7
1600000US3973894|954|192|915|192|807|175|108|70|75|63|33|32|0|13|0|13|0|13|7|11|7|11|0|13|0|13|0|13|0|13|0|13|0|13|0|13|26|35|0|13|6|10
1600000US3973950|66|43|52|39|50|39|2|4|2|4|0|13|0|13|0|13|0|13|0|13|0|13|0|13|0|13|0|13|0|13|0|13|0|13|0|13|5|8|0|13|9|8
1600000US3973992|265|72|241|65|220|62|21|18|14|17|0|13|0|13|7|7|0|13|0|13|0|13|0|13|0|13|0|13|0|13|0|13|0|13|0|13|13|13|0|13|11|10
1600000US3974034|699|165|662|152|600|142|62|43|47|36|15|23|0|13|0|13|0|13|17|25|17|25|0|13|0|13|0|13|0|13|0|13|0|13|5|8|0|13|0|13|15|13
1600000US3974076|9254|547|7543|562|6946|560|597|303|256|113|297|279|44|45|0|20|0|20|0|20|0|20|0|20|0|20|0|20|0|20|10|15|0|20|0|20|27|46|22|38|1652|319
1600000US3974104|4644|582|4018|561|3467|482|551|362|275|200|46|55|40|59|190|303|0|20|56|69|56|69|0|20|0|20|0|20|0|20|0|20|0|20|0|20|63|84|138|142|369|154
1600000US3974118|23396|790|20916|786|18273|841|2643|416|1799|356|499|211|205|101|117|122|23|24|163|74|163|74|0|30|0|30|0|30|0|30|9|15|0|30|18|23|737|173|61|36|1492|288
1600000US3974216|229|67|187|62|165|56|22|17|13|13|9|10|0|13|0|13|0|13|0|13|0|13|0|13|0|13|0|13|0|13|0|13|0|13|2|3|11|13|2|4|27|19
1600000US3974300|31|21|28|20|28|20|0|13|0|13|0|13|0|13|0|13|0|13|0|13|0|13|0|13|0|13|0|13|0|13|0|13|0|13|0|13|3|5|0|13|0|13
1600000US3974566|136|46|118|46|97|41|21|20|21|20|0|13|0|13|0|13|0|13|0|13|0|13|0|13|0|13|0|13|0|13|0|13|0|13|0|13|7|9|0|13|11|14
1600000US3974608|7826|400|6066|404|5417|421|649|186|520|159|103|93|14|16|6|10|6|10|90|60|90|60|0|20|0|20|0|20|0|20|13|25|0|20|0|20|609|161|77|91|971|290
1600000US3974622|265|136|265|136|243|132|22|34|22|34|0|13|0|13|0|13|0|13|0|13|0|13|0|13|0|13|0|13|0|13|0|13|0|13|0|13|0|13|0|13|0|13
1600000US3974734|15|17|15|17|15|17|0|13|0|13|0|13|0|13|0|13|0|13|0|13|0|13|0|13|0|13|0|13|0|13|0|13|0|13|0|13|0|13|0|13|0|13
1600000US3974748|205|79|194|80|185|77|9|11|7|11|2|3|0|13|0|13|0|13|0|13|0|13|0|13|0|13|0|13|0|13|0|13|0|13|0|13|5|6|0|13|6|5
1600000US3974804|76|32|64|28|63|28|1|3|0|13|1|3|0|13|0|13|0|13|0|13|0|13|0|13|0|13|0|13|0|13|0|13|0|13|0|13|0|13|1|2|11|13
1600000US3974832|838|190|791|201|713|198|78|69|50|57|28|42|0|13|0|13|0|13|0|13|0|13|0|13|0|13|0|13|0|13|0|13|0|13|16|21|11|16|20|31|0|13
1600000US3974846|336|146|315|133|315|133|0|13|0|13|0|13|0|13|0|13|0|13|0|13|0|13|0|13|0|13|0|13|0|13|0|13|0|13|0|13|0|13|0|13|21|34
1600000US3974916|266|74|252|69|238|72|14|15|14|15|0|13|0|13|0|13|0|13|0|13|0|13|0|13|0|13|0|13|0|13|0|13|0|13|0|13|2|5|2|3|10|14
1600000US3974944|17497|614|14270|588|13256|660|1014|266|843|236|169|178|0|27|0|27|2|5|17|18|17|18|0|27|0|27|0|27|0|27|31|38|0|27|30|29|281|92|139|90|2729|404
1600000US3974958|1130|265|1065|263|946|236|119|74|111|74|8|9|0|13|0|13|0|13|0|13|0|13|0|13|0|13|0|13|0|13|0|13|0|13|0|13|22|16|0|13|43|27
1600000US3975000|147|64|142|63|131|61|11|16|11|16|0|13|0|13|0|13|0|13|0|13|0|13|0|13|0|13|0|13|0|13|0|13|0|13|0|13|5|6|0|13|0|13
1600000US3975014|9321|492|7614|582|6805|625|809|332|761|330|23|26|0|20|25|32|0|20|0|20|0|20|0|20|0|20|0|20|0|20|0|20|0|20|0|20|19|35|10|17|1678|452
1600000US3975098|22771|804|18081|823|16769|827|1312|333|915|259|255|164|136|114|6|12|0|27|260|195|260|195|0|27|0|27|0|27|0|27|13|16|23|32|19|22|235|102|102|60|4038|460
1600000US3975126|4975|347|4390|367|3973|344|417|203|374|184|43|46|0|18|0|18|0|18|60|39|60|39|0|18|0|18|0|18|0|18|0|18|7|11|0|18|5|8|82|82|431|169
1600000US3975140|713|170|687|168|603|162|84|51|60|39|15|26|9|13|0|13|0|13|0|13|0|13|0|13|0|13|0|13|0|13|0|13|0|13|0|13|0|13|3|5|23|30
1600000US3975182|542|252|519|257|495|252|24|34|24|34|0|13|0|13|0|13|0|13|0|13|0|13|0|13|0|13|0|13|0|13|0|13|0|13|0|13|0|13|0|13|23|40
1600000US3975196|161|86|85|40|75|39|10|11|9|10|1|2|0|13|0|13|0|13|0|13|0|13|0|13|0|13|0|13|0|13|0|13|0|13|0|13|0|13|4|8|72|80
1600000US3975210|1325|228|1124|227|1071|214|53|41|32|22|0|13|0|13|21|32|0|13|0|13|0|13|0|13|0|13|0|13|0|13|0|13|0|13|48|32|79|54|18|29|56|46
1600000US3975252|200|70|180|65|144|55|36|23|13|13|23|21|0|13|0|13|0|13|0|13|0|13|0|13|0|13|0|13|0|13|0|13|0|13|0|13|5|6|0|13|15|17
1600000US3975350|346|167|346|167|298|152|48|53|31|45|0|13|17|29|0|13|0|13|0|13|0|13|0|13|0|13|0|13|0|13|0|13|0|13|0|13|0|13|0|13|0|13
1600000US3975392|62|36|50|37|50|37|0|13|0|13|0|13|0|13|0|13|0|13|0|13|0|13|0|13|0|13|0|13|0|13|0|13|0|13|0|13|0|13|0|13|12|19
1600000US3975406|58|37|56|37|55|36|1|3|1|3|0|13|0|13|0|13|0|13|0|13|0|13|0|13|0|13|0|13|0|13|0|13|0|13|0|13|0|13|0|13|2|3
1600000US3975434|2407|518|2077|505|1704|447|373|178|297|169|0|18|59|94|17|30|0|18|0|18|0|18|0|18|0|18|0|18|0|18|0|18|0|18|0|18|0|18|0|18|330|184
1600000US3975574|74|72|61|70|61|70|0|13|0|13|0|13|0|13|0|13|0|13|0|13|0|13|0|13|0|13|0|13|0|13|0|13|0|13|7|11|0|13|0|13|6|10
1600000US3975602|3803|362|3044|344|2873|344|171|111|138|103|33|29|0|18|0|18|0|18|3|5|3|5|0|18|0|18|0|18|0|18|0|18|0|18|0|18|11|18|71|69|674|272
1600000US3975896|1959|379|1753|359|1693|348|60|46|60|46|0|13|0|13|0|13|0|13|64|73|64|73|0|13|0|13|0|13|0|13|0|13|0|13|15|21|8|13|8|15|111|74
1600000US3975980|306|101|290|94|275|91|15|16|12|14|2|4|1|4|0|13|0|13|3|6|0|13|0|13|0|13|2|3|1|4|0|13|0|13|0|13|5|7|2|4|6|6
1600000US3976022|9290|445|7712|399|7171|448|541|190|492|192|14|17|10|20|12|18|13|21|74|93|74|93|0|20|0|20|0|20|0|20|0|20|21|30|0|20|165|87|11|18|1307|245
1600000US3976050|256|87|236|82|229|80|7|12|7|12|0|13|0|13|0|13|0|13|0|13|0|13|0|13|0|13|0|13|0|13|0|13|0|13|0|13|0|13|0|13|20|22
1600000US3976106|8928|587|7731|598|7241|592|490|214|407|202|50|45|9|18|0|20|24|34|79|98|79|98|0|20|0|20|0|20|0|20|34|41|19|32|0|20|55|45|40|46|970|237
1600000US3976148|81|44|74|43|70|42|4|6|3|5|1|3|0|13|0|13|0|13|0|13|0|13|0|13|0|13|0|13|0|13|0|13|0|13|0|13|0|13|0|13|7|8
1600000US3976197|2057|294|1633|257|1515|242|118|83|118|83|0|13|0|13|0|13|0|13|0|13|0|13|0|13|0|13|0|13|0|13|0|13|0|13|0|13|0|13|0|13|424|197
1600000US3976358|92|57|92|57|92|57|0|13|0|13|0|13|0|13|0|13|0|13|0|13|0|13|0|13|0|13|0|13|0|13|0|13|0|13|0|13|0|13|0|13|0|13
1600000US3976428|971|107|644|92|631|93|13|16|13|16|0|13|0|13|0|13|0|13|9|8|9|8|0|13|0|13|0|13|0|13|0|13|4|5|11|13|3|5|4|6|296|58
1600000US3976568|811|286|702|266|548|250|154|125|154|125|0|13|0|13|0|13|0|13|0|13|0|13|0|13|0|13|0|13|0|13|0|13|0|13|0|13|32|38|0|13|77|91
1600000US3976582|2582|364|2001|303|1922|294|79|61|68|65|0|18|11|16|0|18|0|18|0|18|0|18|0|18|0|18|0|18|0|18|0|18|0|18|0|18|21|29|29|32|531|172
1600000US3976666|590|207|510|199|414|200|96|91|96|91|0|13|0|13|0|13|0|13|0|13|0|13|0|13|0|13|0|13|0|13|0|13|0|13|0|13|0|13|0|13|80|48
1600000US3976680|867|241|802|240|772|243|30|37|30|37|0|13|0|13|0|13|0|13|0|13|0|13|0|13|0|13|0|13|0|13|0|13|0|13|0|13|4|7|0|13|61|34
1600000US3976764|246|96|238|92|223|86|15|17|15|17|0|13|0|13|0|13|0|13|0|13|0|13|0|13|0|13|0|13|0|13|0|13|0|13|0|13|0|13|0|13|8|10
1600000US3976778|8983|417|7437|440|6870|473|567|185|442|164|60|59|48|49|17|26|0|20|11|21|11|21|0|20|0|20|0|20|0|20|10|16|42|53|12|20|731|258|123|77|617|197
1600000US3976806|627|111|569|114|549|114|20|14|13|10|7|10|0|13|0|13|0|13|3|5|3|5|0|13|0|13|0|13|0|13|0|13|0|13|0|13|25|29|0|13|30|23
1600000US3976834|329|86|271|79|251|74|20|18|9|9|0|13|0|13|11|17|0|13|10|11|10|11|0|13|0|13|0|13|0|13|0|13|0|13|0|13|3|6|0|13|45|24
1600000US3976876|5289|354|4565|359|4417|377|148|135|104|97|0|20|44|72|0|20|0|20|0|20|0|20|0|20|0|20|0|20|0|20|0|20|11|18|0|20|170|143|9|14|534|154
1600000US3976890|14|18|14|18|14|18|0|13|0|13|0|13|0|13|0|13|0|13|0|13|0|13|0|13|0|13|0|13|0|13|0|13|0|13|0|13|0|13|0|13|0|13
1600000US3976932|131|56|129|56|120|57|9|11|9|11|0|13|0|13|0|13|0|13|0|13|0|13|0|13|0|13|0|13|0|13|0|13|0|13|0|13|0|13|0|13|2|3
1600000US3977000|117032|1988|104186|2023|91129|1942|13057|1019|10530|815|1145|317|843|303|419|208|120|68|1597|316|1565|312|0|30|0|30|0|30|32|48|211|103|119|85|305|91|2809|550|1082|294|6723|561
1600000US3977070|175|55|167|53|153|52|14|9|11|8|3|5|0|13|0|13|0|13|0|13|0|13|0|13|0|13|0|13|0|13|0|13|0|13|0|13|1|2|4|6|3|4
1600000US3977112|2438|256|2224|246|2094|248|130|70|117|68|0|18|0|18|5|8|8|10|0|18|0|18|0|18|0|18|0|18|0|18|3|5|0|18|0|18|56|45|10|15|145|92
1600000US3977308|147|51|136|49|121|46|15|13|11|11|0|13|0|13|0|13|4|8|0|13|0|13|0|13|0|13|0|13|0|13|0|13|0|13|0|13|0|13|1|3|10|7
1600000US3977322|6389|577|5832|497|5341|543|491|236|344|215|129|120|0|20|0|20|18|31|0|20|0|20|0|20|0|20|0|20|0|20|0|20|0|20|59|91|67|103|0|20|431|231
1600000US3977406|180|91|171|90|166|91|5|5|5|5|0|13|0|13|0|13|0|13|0|13|0|13|0|13|0|13|0|13|0|13|0|13|0|13|0|13|0|13|7|8|2|4
1600000US3977434|86|96|86|96|86|96|0|13|0|13|0|13|0|13|0|13|0|13|0|13|0|13|0|13|0|13|0|13|0|13|0|13|0|13|0|13|0|13|0|13|0|13
1600000US3977504|9648|616|8402|588|7275|576|1127|352|725|197|179|204|4|7|191|248|28|46|372|242|372|242|0|24|0|24|0|24|0|24|0|24|0|24|0|24|89|58|49|47|736|193
1600000US3977588|13011|628|11248|604|10427|610|821|266|717|256|40|39|52|64|12|18|0|24|29|32|29|32|0|24|0|24|0|24|0|24|61|88|0|24|161|132|117|91|55|65|1340|320
1600000US3977812|208|108|208|108|189|106|19|31|19|31|0|13|0|13|0|13|0|13|0|13|0|13|0|13|0|13|0|13|0|13|0|13|0|13|0|13|0|13|0|13|0|13
1600000US3977840|2706|428|2021|393|1931|374|90|70|90|70|0|18|0|18|0|18|0|18|91|87|62|56|0|18|0|18|0|18|29|40|0|18|0|18|0|18|0|18|17|20|577|173
1600000US3977924|622|199|578|195|549|187|29|49|29|49|0|13|0|13|0|13|0|13|0|13|0|13|0|13|0|13|0|13|0|13|0|13|0|13|0|13|0|13|0|13|44|32
1600000US3978050|10674|450|8532|465|7827|454|705|270|617|245|27|36|61|79|0|20|0|20|36|41|36|41|0|20|0|20|0|20|0|20|0|20|0|20|0|20|98|85|72|63|1936|364
1600000US3978078|433|180|422|181|402|177|20|23|20|23|0|13|0|13|0|13|0|13|0|13|0|13|0|13|0|13|0|13|0|13|0|13|0|13|0|13|11|18|0|13|0|13
1600000US3978176|2093|258|1952|248|1807|242|145|64|128|59|7|12|8|13|0|18|2|9|0|18|0|18|0|18|0|18|0|18|0|18|0|18|6|20|0|18|22|24|9|14|104|53
1600000US3978470|3392|428|3237|426|3095|406|142|86|112|88|0|18|30|47|0|18|0|18|0|18|0|18|0|18|0|18|0|18|0|18|0|18|0|18|0|18|0|18|2|3|153|84
1600000US3978624|457|112|400|103|320|88|80|53|34|39|41|30|0|13|5|7|0|13|0|13|0|13|0|13|0|13|0|13|0|13|0|13|0|13|0|13|46|35|6|6|5|7
1600000US3978736|3594|487|3177|459|3012|429|165|98|133|95|12|21|0|18|12|19|8|13|8|12|8|12|0|18|0|18|0|18|0|18|0|18|0|18|15|24|18|22|7|12|369|122
1600000US3978834|107|48|85|35|81|33|4|6|4|6|0|13|0|13|0|13|0|13|0|13|0|13|0|13|0|13|0|13|0|13|0|13|0|13|0|13|0|13|2|3|20|23
1600000US3978848|124|88|124|88|109|77|15|20|15|20|0|13|0|13|0|13|0|13|0|13|0|13|0|13|0|13|0|13|0|13|0|13|0|13|0|13|0|13|0|13|0|13
1600000US3978932|6812|345|4464|393|4125|382|339|143|253|127|34|28|39|47|0|20|13|15|168|110|141|108|11|18|7|11|9|15|0|20|8|17|0|20|49|37|559|148|41|35|1523|251
1600000US3979002|17846|659|12863|575|12297|538|566|189|361|132|156|124|16|20|5|7|28|43|36|29|36|29|0|27|0|27|0|27|0|27|0|27|0|27|163|84|176|84|202|134|4406|490
1600000US3979044|3275|245|3088|264|2863|266|225|99|182|90|19|21|21|31|0|18|3|9|16|22|16|22|0|18|0|18|0|18|0|18|0|18|0|18|0|18|52|46|9|14|110|58
1600000US3979072|5088|337|4429|344|3932|348|497|186|476|186|21|22|0|20|0|20|0|20|9|14|9|14|0|20|0|20|0|20|0|20|0|20|41|56|11|13|249|101|0|20|349|132
1600000US3979100|277|106|237|92|205|83|32|27|17|20|10|16|0|13|0|13|5|9|15|27|15|27|0|13|0|13|0|13|0|13|0|13|0|13|0|13|7|14|2|5|16|12
1600000US3979114|1034|210|921|202|817|195|104|71|75|54|19|30|10|16|0|13|0|13|0|13|0|13|0|13|0|13|0|13|0|13|0|13|0|13|0|13|12|14|10|19|91|51
1600000US3979184|326|175|245|161|209|155|36|43|22|40|0|13|0|13|14|24|0|13|0|13|0|13|0|13|0|13|0|13|0|13|0|13|0|13|0|13|0|13|0|13|81|61
1600000US3979226|88|50|80|47|77|46|3|4|3|4|0|13|0|13|0|13|0|13|0|13|0|13|0|13|0|13|0|13|0|13|0|13|0|13|4|7|3|6|1|3|0|13
1600000US3979268|899|98|762|91|707|96|55|38|22|16|11|12|0|13|22|30|0|13|0|13|0|13|0|13|0|13|0|13|0|13|0|13|2|4|0|13|10|12|0|13|125|47
1600000US3979282|363|78|307|67|275|58|32|21|29|20|0|13|0|13|3|5|0|13|5|10|5|10|0|13|0|13|0|13|0|13|0|13|0|13|0|13|2|4|0|13|49|36
1600000US3979394|301|94|287|92|277|91|10|8|6|6|2|3|2|3|0|13|0|13|0|13|0|13|0|13|0|13|0|13|0|13|0|13|0|13|0|13|0|13|3|5|11|18
1600000US3979492|8191|544|7339|578|6715|625|624|211|409|144|130|114|0|20|81|109|4|9|4|10|4|10|0|20|0|20|0|20|0|20|0|20|38|43|0|20|109|119|39|56|662|204
1600000US3979534|179|62|166|53|139|47|27|20|27|20|0|13|0|13|0|13|0|13|0|13|0|13|0|13|0|13|0|13|0|13|0|13|0|13|0|13|0|13|0|13|13|21
1600000US3979562|4892|388|4558|368|4125|341|433|157|251|98|126|110|43|60|11|15|2|6|12|19|12|19|0|20|0|20|0|20|0|20|0|20|13|12|35|29|104|59|28|33|142|75
1600000US3979590|57|60|57|60|57|60|0|13|0|13|0|13|0|13|0|13|0|13|0|13|0|13|0|13|0|13|0|13|0|13|0|13|0|13|0|13|0|13|0|13|0|13
1600000US3979632|54|35|54|35|54|35|0|13|0|13|0|13|0|13|0|13|0|13|0|13|0|13|0|13|0|13|0|13|0|13|0|13|0|13|0|13|0|13|0|13|0|13
1600000US3979716|4860|458|4503|466|3931|447|572|213|509|201|47|63|16|30|0|20|0|20|2|4|2|4|0|20|0|20|0|20|0|20|0|20|0|20|0|20|8|14|25|35|322|148
1600000US3979898|282|100|263|101|228|99|35|23|28|21|0|13|7|8|0|13|0|13|0|13|0|13|0|13|0|13|0|13|0|13|0|13|4|6|0|13|3|8|2|3|10|8
1600000US3979912|1494|163|1382|162|1362|159|20|16|15|14|0|13|0|13|5|8|0|13|0|13|0|13|0|13|0|13|0|13|0|13|0|13|0|13|0|13|34|31|0|13|78|68
1600000US3979982|64|49|64|49|64|49|0|13|0|13|0|13|0|13|0|13|0|13|0|13|0|13|0|13|0|13|0|13|0|13|0|13|0|13|0|13|0|13|0|13|0|13
1600000US3980066|265|170|259|174|259|174|0|13|0|13|0|13|0|13|0|13|0|13|0|13|0|13|0|13|0|13|0|13|0|13|0|13|0|13|0|13|0|13|6|11|0|13
1600000US3980150|55|76|55|76|55|76|0|13|0|13|0|13|0|13|0|13|0|13|0|13|0|13|0|13|0|13|0|13|0|13|0|13|0|13|0|13|0|13|0|13|0|13
1600000US3980178|102|74|97|74|94|72|3|6|0|13|3|6|0|13|0|13|0|13|0|13|0|13|0|13|0|13|0|13|0|13|0|13|0|13|0|13|1|2|0|13|4|5
1600000US3980304|12753|534|10399|651|9682|665|717|217|546|210|160|101|0|24|0|24|11|18|5|6|5|6|0|24|0|24|0|24|0|24|0|24|0|24|0|24|271|142|100|88|1978|492
1600000US3980402|209|60|129|44|125|44|4|6|4|6|0|13|0|13|0|13|0|13|0|13|0|13|0|13|0|13|0|13|0|13|0|13|0|13|0|13|0|13|20|21|60|30
1600000US3980458|483|138|451|130|429|126|22|21|14|16|8|15|0|13|0|13|0|13|0|13|0|13|0|13|0|13|0|13|0|13|0|13|0|13|0|13|9|13|0|13|23|22
1600000US3980486|1606|172|1508|180|1485|178|23|22|16|18|7|12|0|13|0|13|0|13|0|13|0|13|0|13|0|13|0|13|0|13|0|13|0|13|0|13|45|51|0|13|53|34
1600000US3980500|173|70|153|67|125|60|28|22|25|21|3|5|0|13|0|13|0|13|0|13|0|13|0|13|0|13|0|13|0|13|0|13|0|13|0|13|11|14|0|13|9|11
1600000US3980612|317|178|264|178|243|175|21|33|21|33|0|13|0|13|0|13|0|13|0|13|0|13|0|13|0|13|0|13|0|13|0|13|0|13|22|23|24|29|0|13|7|12
1600000US3980738|1067|331|800|183|756|194|44|45|19|17|25|38|0|13|0|13|0|13|5|8|5|8|0|13|0|13|0|13|0|13|0|13|0|13|0|13|4|6|0|13|258|166
1600000US3980766|4807|392|4290|361|4101|354|189|91|165|86|24|34|0|18|0|18|0|18|0|18|0|18|0|18|0|18|0|18|0|18|0|18|7|13|8|13|144|120|0|18|358|166
1600000US3980892|13038|806|11851|818|10082|787|1769|407|1158|299|596|344|0|27|15|22|0|27|243|153|243|153|0|27|0|27|0|27|0|27|8|13|0|27|21|35|194|92|107|99|614|177
1600000US3980990|5768|563|4511|551|3998|615|513|262|471|256|42|55|0|20|0|20|0|20|575|360|475|351|92|74|0|20|8|13|0|20|0|20|0|20|0|20|93|74|20|33|569|199
1600000US3981032|232|70|208|65|195|64|13|13|11|12|2|4|0|13|0|13|0|13|0|13|0|13|0|13|0|13|0|13|0|13|0|13|0|13|0|13|4|6|0|13|20|16
1600000US3981718|6484|472|6114|462|5428|481|686|249|557|203|129|158|0|20|0|20|0|20|90|74|39|48|51|55|0|20|0|20|0|20|0|20|0|20|0|20|96|71|6|9|178|89
1600000US3981732|273|77|250|72|225|71|25|19|25|19|0|13|0|13|0|13|0|13|0|13|0|13|0|13|0|13|0|13|0|13|0|13|0|13|0|13|0|13|0|13|23|19
1600000US3981760|93|95|68|62|58|60|10|17|10|17|0|13|0|13|0|13|0|13|0|13|0|13|0|13|0|13|0|13|0|13|0|13|0|13|0|13|0|13|0|13|25|37
1600000US3981858|2818|273|2497|240|2338|284|159|116|150|117|9|13|0|18|0|18|0|18|18|30|18|30|0|18|0|18|0|18|0|18|0|18|0|18|0|18|13|22|57|53|233|97
1600000US3981928|3538|270|3489|268|3326|281|163|95|149|92|14|24|0|18|0|18|0|18|0|18|0|18|0|18|0|18|0|18|0|18|0|18|0|18|0|18|0|18|0|18|49|52
1600000US3981935|1519|241|1334|220|1258|221|76|72|69|70|7|11|0|13|0|13|0|13|0|13|0|13|0|13|0|13|0|13|0|13|0|13|0|13|0|13|32|45|0|13|153|125
1600000US3982334|538|142|529|140|478|128|51|31|34|26|9|8|0|13|8|12|0|13|0|13|0|13|0|13|0|13|0|13|0|13|0|13|0|13|0|13|6|7|0|13|3|5
1600000US3982348|434|112|383|101|369|99|14|11|12|11|2|3|0|13|0|13|0|13|0|13|0|13|0|13|0|13|0|13|0|13|0|13|0|13|0|13|0|13|22|40|29|27
1600000US3982376|422|105|338|91|323|87|15|11|12|10|0|13|3|4|0|13|0|13|10|16|10|16|0|13|0|13|0|13|0|13|0|13|0|13|0|13|20|19|17|18|37|23
1600000US3982390|288|84|271|79|226|71|45|40|6|8|35|36|0|13|0|13|4|7|0|13|0|13|0|13|0|13|0|13|0|13|0|13|0|13|0|13|11|13|2|4|4|6
1600000US3982418|1249|150|1138|161|1028|170|110|55|87|48|23|23|0|13|0|13|0|13|0|13|0|13|0|13|0|13|0|13|0|13|0|13|0|13|0|13|25|30|0|13|86|41
1600000US3982642|2319|571|2139|552|2040|507|99|116|40|69|59|89|0|13|0|13|0|13|26|61|26|61|0|13|0|13|0|13|0|13|0|13|0|13|0|13|21|26|21|34|112|91
1600000US3982712|2285|366|2079|381|1863|370|216|120|168|102|48|62|0|18|0|18|0|18|0|18|0|18|0|18|0|18|0|18|0|18|0|18|0|18|15|26|85|69|61|69|45|41
1600000US3982740|1294|209|1260|217|1091|203|169|174|157|172|12|33|0|13|0|13|0|13|0|13|0|13|0|13|0|13|0|13|0|13|0|13|0|13|0|13|0|13|0|13|34|52
1600000US3982880|789|161|691|153|615|143|76|41|70|39|0|13|0|13|6|9|0|13|0|13|0|13|0|13|0|13|0|13|0|13|0|13|0|13|6|9|49|48|9|11|34|23
1600000US3983090|6638|445|5707|469|5046|468|661|255|562|243|71|70|26|38|2|4|0|20|0|20|0|20|0|20|0|20|0|20|0|20|0|20|6|13|0|20|52|50|0|20|873|270
1600000US3983216|62|34|53|30|53|30|0|13|0|13|0|13|0|13|0|13|0|13|0|13|0|13|0|13|0|13|0|13|0|13|0|13|0|13|0|13|5|11|0|13|4|7
1600000US3983342|19207|680|13619|800|13043|772|576|174|491|162|65|51|0|27|16|19|4|9|62|59|62|59|0|27|0|27|0|27|0|27|0|27|17|28|40|39|505|134|127|73|4837|600
1600000US3983384|237|71|190|56|153|47|37|18|12|12|1|3|11|12|7|6|6|7|0|13|0|13|0|13|0|13|0|13|0|13|27|23|0|13|1|3|6|5|9|15|4|5
1600000US3983468|541|121|438|109|410|103|28|20|8|8|20|20|0|13|0|13|0|13|1|2|0|13|0|13|0|13|0|13|1|2|0|13|0|13|0|13|16|13|1|3|85|35
1600000US3983541|1067|247|963|264|920|259|43|50|0|13|38|48|5|10|0|13|0|13|0|13|0|13|0|13|0|13|0|13|0|13|0|13|20|35|0|13|0|13|48|57|36|46
1600000US3983580|2128|221|1986|194|1732|208|254|109|254|109|0|13|0|13|0|13|0|13|0|13|0|13|0|13|0|13|0|13|0|13|0|13|0|13|0|13|0|13|0|13|142|87
1600000US3983608|1207|226|1152|228|877|197|275|159|175|106|90|139|0|13|10|17|0|13|0|13|0|13|0|13|0|13|0|13|0|13|0|13|0|13|0|13|24|22|13|15|18|28
1600000US3983622|16119|610|12700|630|11833|640|867|298|674|267|72|54|93|89|16|35|12|18|37|29|37|29|0|27|0|27|0|27|0|27|0|27|0|27|9|15|177|102|102|72|3094|451
1600000US3983706|104|43|103|43|91|40|12|9|11|10|0|13|0|13|1|2|0|13|0|13|0|13|0|13|0|13|0|13|0|13|0|13|0|13|0|13|1|2|0|13|0|13
1600000US3983734|508|144|408|131|387|130|21|29|21|29|0|13|0|13|0|13|0|13|0|13|0|13|0|13|0|13|0|13|0|13|0|13|5|10|0|13|16|16|0|13|79|38
1600000US3983776|188|111|188|111|142|87|46|71|46|71|0|13|0|13|0|13|0|13|0|13|0|13|0|13|0|13|0|13|0|13|0|13|0|13|0|13|0|13|0|13|0|13
1600000US3983804|217|55|200|54|154|39|46|40|16|13|22|29|4|5|4|8|0|13|0|13|0|13|0|13|0|13|0|13|0|13|0|13|0|13|0|13|2|4|2|3|13|11
1600000US3983818|481|134|451|135|390|117|61|38|37|28|18|22|0|13|6|9|0|13|0|13|0|13|0|13|0|13|0|13|0|13|0|13|0|13|0|13|3|3|2|4|25|20
1600000US3983888|57|28|56|28|53|27|3|6|3|6|0|13|0|13|0|13|0|13|0|13|0|13|0|13|0|13|0|13|0|13|0|13|0|13|0|13|1|2|0|13|0|13
1600000US3983902|2248|252|2044|226|1870|276|174|127|174|127|0|13|0|13|0|13|0|13|0|13|0|13|0|13|0|13|0|13|0|13|12|18|0|13|0|13|11|19|0|13|181|149
1600000US3983930|256|140|245|134|219|110|26|38|26|38|0|13|0|13|0|13|0|13|0|13|0|13|0|13|0|13|0|13|0|13|0|13|0|13|0|13|0|13|0|13|11|16
1600000US3983972|810|204|779|203|687|173|92|75|79|75|13|10|0|13|0|13|0|13|0|13|0|13|0|13|0|13|0|13|0|13|0|13|0|13|0|13|9|10|5|7|17|12
1600000US3984140|1248|213|1181|195|1151|191|30|32|30|32|0|13|0|13|0|13|0|13|0|13|0|13|0|13|0|13|0|13|0|13|0|13|0|13|0|13|0|13|0|13|67|66
1600000US3984182|85|35|85|35|73|31|12|11|6|7|6|9|0|13|0|13|0|13|0|13|0|13|0|13|0|13|0|13|0|13|0|13|0|13|0|13|0|13|0|13|0|13
1600000US3984196|611|165|530|140|487|139|43|26|34|24|9|10|0|13|0|13|0|13|0|13|0|13|0|13|0|13|0|13|0|13|0|13|0|13|0|13|54|79|6|9|21|16
1600000US3984294|806|203|717|205|651|186|66|65|7|13|6|11|53|63|0|13|0|13|10|18|10|18|0|13|0|13|0|13|0|13|0|13|0|13|0|13|27|43|0|13|52|56
1600000US3984308|806|158|765|152|733|150|32|21|32|21|0|13|0|13|0|13|0|13|6|9|6|9|0|13|0|13|0|13|0|13|0|13|0|13|11|18|0|13|3|15|21|21
1600000US3984528|639|147|483|111|421|93|62|69|62|69|0|13|0|13|0|13|0|13|0|13|0|13|0|13|0|13|0|13|0|13|0|13|0|13|0|13|0|13|11|19|145|77
1600000US3984574|164|55|159|51|132|46|27|20|19|17|8|9|0|13|0|13|0|13|0|13|0|13|0|13|0|13|0|13|0|13|0|13|0|13|0|13|5|9|0|13|0|13
1600000US3984588|3013|422|2721|380|2499|377|222|116|157|108|15|18|50|42|0|18|0|18|3|6|3|6|0|18|0|18|0|18|0|18|0|18|0|18|0|18|52|56|0|18|237|155
1600000US3984742|9196|526|7656|592|6565|640|1091|297|858|273|155|98|56|64|0|20|22|28|475|188|475|188|0|20|0|20|0|20|0|20|70|56|0|20|35|40|68|39|78|66|814|204
1600000US3984770|2369|306|2129|295|1961|279|168|100|168|100|0|13|0|13|0|13|0|13|28|41|28|41|0|13|0|13|0|13|0|13|0|13|17|23|0|13|0|13|0|13|195|130
1600000US3984812|9608|839|7851|761|7226|728|625|273|455|238|105|79|32|38|0|20|33|39|131|114|131|114|0|20|0|20|0|20|0|20|0|20|0|20|0|20|152|125|128|101|1346|409
1600000US3984882|92|76|83|74|83|74|0|13|0|13|0|13|0|13|0|13|0|13|0|13|0|13|0|13|0|13|0|13|0|13|0|13|0|13|0|13|9|14|0|13|0|13
1600000US3985036|6637|383|5955|427|5621|414|334|113|207|89|84|79|32|33|7|10|4|7|20|23|20|23|0|20|0|20|0|20|0|20|0|20|0|20|36|32|40|29|8|14|578|201
1600000US3985085|10|17|10|17|10|17|0|13|0|13|0|13|0|13|0|13|0|13|0|13|0|13|0|13|0|13|0|13|0|13|0|13|0|13|0|13|0|13|0|13|0|13
1600000US3985092|787|197|366|142|333|128|33|38|33|38|0|13|0|13|0|13|0|13|0|13|0|13|0|13|0|13|0|13|0|13|13|19|0|13|7|18|347|147|0|13|54|39
1600000US3985190|88|62|84|61|79|59|5|8|5|8|0|13|0|13|0|13|0|13|0|13|0|13|0|13|0|13|0|13|0|13|0|13|0|13|0|13|0|13|0|13|4|7
1600000US3985228|1585|235|1388|223|1332|212|56|45|56|45|0|13|0|13|0|13|0|13|0|13|0|13|0|13|0|13|0|13|0|13|0|13|0|13|0|13|19|30|0|13|178|91
1600000US3985232|2723|222|2599|239|2239|261|360|164|177|109|106|82|0|18|77|55|0|18|0|18|0|18|0|18|0|18|0|18|0|18|0|18|0|18|0|18|56|57|12|24|56|60
1600000US3985288|1345|143|1315|147|1110|149|205|107|196|107|9|14|0|13|0|13|0|13|0|13|0|13|0|13|0|13|0|13|0|13|0|13|5|7|0|13|8|9|0|13|17|19
1600000US3985344|527|439|363|227|347|223|16|23|16|23|0|13|0|13|0|13|0|13|0|13|0|13|0|13|0|13|0|13|0|13|0|13|0|13|0|13|0|13|0|13|164|244
1600000US3985414|511|140|445|124|428|124|17|11|17|11|0|13|0|13|0|13|0|13|3|6|3|6|0|13|0|13|0|13|0|13|0|13|12|17|0|13|9|10|0|13|42|50
1600000US3985442|48|56|48|56|48|56|0|13|0|13|0|13|0|13|0|13|0|13|0|13|0|13|0|13|0|13|0|13|0|13|0|13|0|13|0|13|0|13|0|13|0|13
1600000US3985484|12067|568|9995|650|8846|645|1149|397|968|383|82|57|2|4|70|92|27|24|81|73|81|73|0|24|0|24|0|24|0|24|0|24|0|24|12|20|81|57|95|85|1803|324
1600000US3985512|5698|438|4668|426|4273|384|395|254|377|255|8|13|10|16|0|18|0|18|0|18|0|18|0|18|0|18|0|18|0|18|0|18|0|18|5|8|0|18|2|6|1023|264
1600000US3985638|7825|444|6369|399|6057|408|312|111|296|109|5|11|11|17|0|20|0|20|54|32|54|32|0|20|0|20|0|20|0|20|0|20|23|25|0|20|153|118|29|33|1197|292
1600000US3985736|210|68|195|57|176|52|19|14|14|10|0|13|1|3|4|8|0|13|0|13|0|13|0|13|0|13|0|13|0|13|0|13|0|13|0|13|9|15|0|13|6|10
1600000US3985792|5498|361|4782|345|4390|371|392|169|243|134|77|64|72|79|0|20|0|20|17|20|17|20|0|20|0|20|0|20|0|20|39|48|0|20|38|36|266|103|114|73|242|112
1600000US3985806|157|69|135|64|129|62|6|7|5|6|0|13|1|4|0|13|0|13|0|13|0|13|0|13|0|13|0|13|0|13|0|13|0|13|0|13|16|12|0|13|6|9
1600000US3985834|32|20|32|20|32|20|0|13|0|13|0|13|0|13|0|13|0|13|0|13|0|13|0|13|0|13|0|13|0|13|0|13|0|13|0|13|0|13|0|13|0|13
1600000US3985876|423|149|363|124|306|111|57|48|42|44|15|18|0|13|0|13|0|13|0|13|0|13|0|13|0|13|0|13|0|13|0|13|0|13|0|13|29|28|0|13|31|36
1600000US3985946|634|180|571|158|458|127|113|64|98|51|13|20|0|13|2|4|0|13|0|13|0|13|0|13|0|13|0|13|0|13|0|13|14|21|0|13|37|48|0|13|12|16
1600000US3986072|112|86|46|40|9|15|37|41|0|13|0|13|28|45|9|14|0|13|0|13|0|13|0|13|0|13|0|13|0|13|0|13|0|13|0|13|27|45|0|13|39|64
1600000US3986184|1527|295|1181|256|1136|243|45|63|43|63|0|13|0|13|0|13|2|4|0|13|0|13|0|13|0|13|0|13|0|13|0|13|0|13|0|13|9|15|0|13|337|197
1600000US3986254|4024|534|3763|525|3227|393|536|333|536|333|0|18|0|18|0|18|0|18|0|18|0|18|0|18|0|18|0|18|0|18|0|18|0|18|0|18|0|18|0|18|261|123
1600000US3986282|335|152|325|147|236|140|89|91|89|91|0|13|0|13|0|13|0|13|10|15|10|15|0|13|0|13|0|13|0|13|0|13|0|13|0|13|0|13|0|13|0|13
1600000US3986366|2381|272|1945|239|1680|224|265|200|251|196|14|26|0|13|0|13|0|13|2|5|2|5|0|13|0|13|0|13|0|13|0|13|0|13|0|13|5|9|77|68|352|141
1600000US3986394|301|85|202|59|189|55|13|11|13|11|0|13|0|13|0|13|0|13|11|15|7|13|4|6|0|13|0|13|0|13|0|13|0|13|0|13|39|55|6|5|43|36
1600000US3986422|330|237|270|212|270|212|0|13|0|13|0|13|0|13|0|13|0|13|2|4|2|4|0|13|0|13|0|13|0|13|0|13|0|13|0|13|8|12|0|13|50|55
1600000US3986436|781|180|643|161|533|148|110|54|84|48|12|17|10|15|4|7|0|13|0|13|0|13|0|13|0|13|0|13|0|13|0|13|0|13|0|13|54|36|9|14|75|70
1600000US3986478|116|40|104|38|102|39|2|3|2|3|0|13|0|13|0|13|0|13|0|13|0|13|0|13|0|13|0|13|0|13|0|13|0|13|0|13|0|13|0|13|12|12
1600000US3986492|1000|208|886|199|820|194|66|42|50|38|13|16|3|5|0|13|0|13|0|13|0|13|0|13|0|13|0|13|0|13|0|13|0|13|0|13|0|13|0|13|114|64
1600000US3986534|689|181|577|161|577|161|0|13|0|13|0|13|0|13|0|13|0|13|3|6|3|6|0|13|0|13|0|13|0|13|0|13|0|13|0|13|0|13|11|20|98|60
1600000US3986548|13168|633|11041|722|9803|741|1238|473|952|271|120|101|23|34|0|24|143|212|0|24|0|24|0|24|0|24|0|24|0|24|0|24|15|24|67|51|1004|196|25|24|1016|288
1600000US3986604|7034|337|5573|372|5333|357|240|101|163|85|36|35|18|19|0|20|23|26|6|8|6|8|0|20|0|20|0|20|0|20|0|20|0|20|28|17|77|49|30|26|1320|232
1600000US3986632|81|36|77|33|71|31|6|7|2|5|0|13|4|6|0|13|0|13|0|13|0|13|0|13|0|13|0|13|0|13|0|13|0|13|0|13|4|7|0|13|0|13
1600000US3986660|945|140|755|137|630|143|125|86|113|84|12|14|0|13|0|13|0|13|86|68|86|68|0|13|0|13|0|13|0|13|0|13|0|13|10|10|13|15|0|13|81|51
1600000US3986730|3876|289|2966|255|2854|252|112|63|62|51|50|45|0|18|0|18|0|18|12|19|12|19|0|18|0|18|0|18|0|18|0|18|0|18|14|23|19|22|15|19|850|197
1600000US3986772|11215|547|10356|581|9676|575|680|189|600|188|24|26|56|58|0|24|0|24|52|49|52|49|0|24|0|24|0|24|0|24|0|24|0|24|81|68|106|64|36|38|584|137
1600000US3986856|33|17|23|14|22|13|1|2|1|2|0|13|0|13|0|13|0|13|0|13|0|13|0|13|0|13|0|13|0|13|0|13|0|13|0|13|0|13|0|13|10|10
1600000US3986940|1726|194|1217|169|1192|172|25|24|11|17|10|16|0|13|2|4|2|4|0|13|0|13|0|13|0|13|0|13|0|13|0|13|12|21|63|68|96|76|8|13|330|109
1600000US3987164|45|37|39|34|39|34|0|13|0|13|0|13|0|13|0|13|0|13|0|13|0|13|0|13|0|13|0|13|0|13|0|13|0|13|0|13|0|13|0|13|6|9
1600000US3987178|395|117|359|117|345|117|14|12|11|11|0|13|0|13|3|4|0|13|2|4|2|4|0|13|0|13|0|13|0|13|0|13|0|13|0|13|10|10|0|13|24|17
1600000US3988000|20646|888|16850|803|14827|817|2023|351|1699|327|225|138|79|47|8|12|12|21|858|305|858|305|0|30|0|30|0|30|0|30|21|30|19|20|85|78|719|187|629|170|1465|284
1600000US3988028|214|136|136|82|133|83|3|6|3|6|0|13|0|13|0|13|0|13|0|13|0|13|0|13|0|13|0|13|0|13|0|13|0|13|0|13|0|13|0|13|78|86
1600000US3988070|94|37|88|34|77|33|11|9|9|8|1|4|0|13|1|2|0|13|0|13|0|13|0|13|0|13|0|13|0|13|0|13|0|13|0|13|2|5|0|13|4|5
1600000US3988084|9762|637|9003|659|7662|637|1341|406|1067|346|162|120|38|51|63|56|11|19|12|21|12|21|0|24|0|24|0|24|0|24|13|21|0|24|10|19|299|164|20|26|405|158
1600000US3988168|108|55|101|54|101|54|0|13|0|13|0|13|0|13|0|13|0|13|0|13|0|13|0|13|0|13|0|13|0|13|0|13|0|13|0|13|0|13|0|13|7|9
