entity,county,fy,basis,gw_income_tax,fund_total_income_tax,general_fund_income_tax,file
City of Delphos,Allen,2016,CASH,3686767.0,3686766.0,2106949.0,aos/City_2016_CASH_Summarized.XLSX
City of Germantown,Montgomery,2016,CASH,1088881.0,1088881.0,1088881.0,aos/City_2016_CASH_Summarized.XLSX
City of Kenton,Hardin,2016,CASH,3414950.0,3414950.0,3414950.0,aos/City_2016_CASH_Summarized.XLSX
City of North College Hill,Hamilton,2016,CASH,2732578.0,0.0,2732578.0,aos/City_2016_CASH_Summarized.XLSX
City of Port Clinton,Ottawa,2016,CASH,2651497.0,2651497.0,2651497.0,aos/City_2016_CASH_Summarized.XLSX
City of Van Wert,Van Wert,2016,CASH,6891376.0,6891376.0,4063379.0,aos/City_2016_CASH_Summarized.XLSX
City of Akron,Summit,2016,GAAP,152856443.0,151256789.0,94230111.0,aos/City_2016_GAAP_Summarized.XLSX
City of Alliance,Stark,2016,GAAP,10156552.0,10183234.0,9182252.0,aos/City_2016_GAAP_Summarized.XLSX
City of Amherst,Lorain,2016,GAAP,5753176.0,5323244.0,4114012.0,aos/City_2016_GAAP_Summarized.XLSX
City of Ashland,Ashland,2016,GAAP,9746581.0,9805548.0,8596358.0,aos/City_2016_GAAP_Summarized.XLSX
City of Ashtabula,Ashtabula,2016,GAAP,6369895.0,6752323.0,6081200.0,aos/City_2016_GAAP_Summarized.XLSX
City of Athens,Athens,2016,GAAP,12769706.0,12769706.0,7934615.0,aos/City_2016_GAAP_Summarized.XLSX
City of Aurora,Portage,2016,GAAP,13552188.0,14034794.0,13434794.0,aos/City_2016_GAAP_Summarized.XLSX
City of Avon,Lorain,2016,GAAP,17823599.0,17848810.0,9176500.0,aos/City_2016_GAAP_Summarized.XLSX
City of Avon Lake,Lorain,2016,GAAP,11667821.0,12343455.0,7513706.0,aos/City_2016_GAAP_Summarized.XLSX
City of Barberton,Summit,2016,GAAP,13752346.0,13509806.0,12008659.0,aos/City_2016_GAAP_Summarized.XLSX
City of Bay Village,Cuyahoga,2016,GAAP,6717054.0,6922249.0,6782354.0,aos/City_2016_GAAP_Summarized.XLSX
City of Beachwood,Cuyahoga,2016,GAAP,31406702.0,33039556.0,33039556.0,aos/City_2016_GAAP_Summarized.XLSX
City of Bedford,Cuyahoga,2016,GAAP,8852523.0,8501776.0,7647837.0,aos/City_2016_GAAP_Summarized.XLSX
City of Bedford Heights,Cuyahoga,2016,GAAP,9629804.0,9648675.0,9648675.0,aos/City_2016_GAAP_Summarized.XLSX
City of Bellefontaine,Logan,2016,GAAP,6518320.0,6617054.0,6617054.0,aos/City_2016_GAAP_Summarized.XLSX
City of Bellevue,Huron,2016,GAAP,4076779.0,3973874.0,3973874.0,aos/City_2016_GAAP_Summarized.XLSX
City of Belpre,Washington,2016,GAAP,1543639.0,1469586.0,1469586.0,aos/City_2016_GAAP_Summarized.XLSX
City of Berea,Cuyahoga,2016,GAAP,13048547.0,12964761.0,12964761.0,aos/City_2016_GAAP_Summarized.XLSX
City of Bexley,Franklin,2016,GAAP,11290189.0,11548668.0,11548668.0,aos/City_2016_GAAP_Summarized.XLSX
City of Blue Ash,Hamilton,2016,GAAP,34167742.0,34066385.0,34066385.0,aos/City_2016_GAAP_Summarized.XLSX
City of Bowling Green,Wood,2016,GAAP,19301921.0,21002236.0,7875838.0,aos/City_2016_GAAP_Summarized.XLSX
City of Brecksville,Cuyahoga,2016,GAAP,19257227.0,18526247.0,15986247.0,aos/City_2016_GAAP_Summarized.XLSX
City of Broadview Heights,Cuyahoga,2016,GAAP,11204962.0,12098742.0,9412817.0,aos/City_2016_GAAP_Summarized.XLSX
City of Brook Park,Cuyahoga,2016,GAAP,19608280.0,19055491.0,16265690.0,aos/City_2016_GAAP_Summarized.XLSX
City of Brooklyn,Cuyahoga,2016,GAAP,19334085.0,18837799.0,15823751.0,aos/City_2016_GAAP_Summarized.XLSX
City of Brookville,Montgomery,2016,GAAP,3370396.0,3332776.0,3332776.0,aos/City_2016_GAAP_Summarized.XLSX
City of Brunswick,Medina,2016,GAAP,17170123.0,16637069.0,3962858.0,aos/City_2016_GAAP_Summarized.XLSX
City of Bryan,Williams,2016,GAAP,7345771.0,0.0,0.0,aos/City_2016_GAAP_Summarized.XLSX
City of Bucyrus,Crawford,2016,GAAP,6754984.0,6953228.0,3488964.0,aos/City_2016_GAAP_Summarized.XLSX
City of Cambridge,Guernsey,2016,GAAP,7172103.0,7254383.0,5164182.0,aos/City_2016_GAAP_Summarized.XLSX
City of Campbell,Mahoning,2016,GAAP,1928778.0,1808458.0,1627611.0,aos/City_2016_GAAP_Summarized.XLSX
City of Canal Fulton,Stark,2016,GAAP,2183884.0,2440861.0,2277323.0,aos/City_2016_GAAP_Summarized.XLSX
City of Canal Winchester,Franklin,2016,GAAP,6235642.0,6433944.0,6433944.0,aos/City_2016_GAAP_Summarized.XLSX
City of Canfield,Mahoning,2016,GAAP,3228676.0,3211604.0,3211604.0,aos/City_2016_GAAP_Summarized.XLSX
City of Canton,Stark,2016,GAAP,44357696.0,45247080.0,34621895.0,aos/City_2016_GAAP_Summarized.XLSX
City of Celina,Mercer,2016,GAAP,6349174.0,6165730.0,4449314.0,aos/City_2016_GAAP_Summarized.XLSX
City of Centerville,Montgomery,2016,GAAP,14419096.0,13470496.0,13470496.0,aos/City_2016_GAAP_Summarized.XLSX
City of Chardon,Geauga,2016,GAAP,6025286.0,5980036.0,5799995.0,aos/City_2016_GAAP_Summarized.XLSX
City of Cheviot,Hamilton,2016,GAAP,2071879.0,1997888.0,1997888.0,aos/City_2016_GAAP_Summarized.XLSX
City of Chillicothe,Ross,2016,GAAP,14615774.0,14148768.0,10643895.0,aos/City_2016_GAAP_Summarized.XLSX
City of Cincinnati,Hamilton,2016,GAAP,371650000.0,371650000.0,274154000.0,aos/City_2016_GAAP_Summarized.XLSX
City of Circleville,Pickaway,2016,GAAP,6840024.0,6841424.0,2721756.0,aos/City_2016_GAAP_Summarized.XLSX
City of Clayton,Montgomery,2016,GAAP,3454144.0,3472885.0,2316827.0,aos/City_2016_GAAP_Summarized.XLSX
City of Cleveland,Cuyahoga,2016,GAAP,359668000.0,355092000.0,315731000.0,aos/City_2016_GAAP_Summarized.XLSX
City of Cleveland Heights,Cuyahoga,2016,GAAP,25911464.0,26552239.0,26552239.0,aos/City_2016_GAAP_Summarized.XLSX
City of Clyde,Sandusky,2016,GAAP,4513107.0,4518253.0,3271786.0,aos/City_2016_GAAP_Summarized.XLSX
City of Columbiana,Columbiana,2016,GAAP,2191267.0,0.0,0.0,aos/City_2016_GAAP_Summarized.XLSX
City of Columbus,Franklin,2016,GAAP,846355000.0,840355000.0,630266000.0,aos/City_2016_GAAP_Summarized.XLSX
City of Conneaut,Ashtabula,2016,GAAP,2696136.0,2839766.0,2235729.0,aos/City_2016_GAAP_Summarized.XLSX
City of Coshocton,Coshocton,2016,GAAP,6438822.0,6424127.0,2571684.0,aos/City_2016_GAAP_Summarized.XLSX
City of Cuyahoga Falls,Summit,2016,GAAP,23061321.0,22629679.0,14539986.0,aos/City_2016_GAAP_Summarized.XLSX
City of Dayton,Montgomery,2016,GAAP,109275331.0,109550885.0,109550885.0,aos/City_2016_GAAP_Summarized.XLSX
City of Deer Park,Hamilton,2016,GAAP,1308725.0,0.0,0.0,aos/City_2016_GAAP_Summarized.XLSX
City of Defiance,Defiance,2016,GAAP,9818225.0,9819596.0,6518367.0,aos/City_2016_GAAP_Summarized.XLSX
City of Delaware,Delaware,2016,GAAP,24762914.0,24142181.0,13124430.0,aos/City_2016_GAAP_Summarized.XLSX
City of Dover,Tuscarawas,2016,GAAP,8402216.0,7957334.0,4589970.0,aos/City_2016_GAAP_Summarized.XLSX
City of Dublin,Franklin,2016,GAAP,85272543.0,85539801.0,63086699.0,aos/City_2016_GAAP_Summarized.XLSX
City of East Cleveland,Cuyahoga,2016,GAAP,5808055.0,5623055.0,5623055.0,aos/City_2016_GAAP_Summarized.XLSX
City of East Liverpool,Columbiana,2016,GAAP,3056243.0,3151075.0,2916526.0,aos/City_2016_GAAP_Summarized.XLSX
City of Eastlake,Lake,2016,GAAP,6020873.0,5735696.0,5735696.0,aos/City_2016_GAAP_Summarized.XLSX
City of Eaton,Preble,2016,GAAP,4650397.0,5303018.0,1412066.0,aos/City_2016_GAAP_Summarized.XLSX
City of Elyria,Lorain,2016,GAAP,27738478.0,27738478.0,20836317.0,aos/City_2016_GAAP_Summarized.XLSX
City of Englewood,Montgomery,2016,GAAP,7046920.0,1637036.0,7032509.0,aos/City_2016_GAAP_Summarized.XLSX
City of Euclid,Cuyahoga,2016,GAAP,26199511.0,24827667.0,24827667.0,aos/City_2016_GAAP_Summarized.XLSX
City of Fairborn,Greene,2016,GAAP,13437434.0,13164280.0,8776274.0,aos/City_2016_GAAP_Summarized.XLSX
City of Fairfield,Butler,2016,GAAP,28822572.0,28680622.0,22921772.0,aos/City_2016_GAAP_Summarized.XLSX
City of Fairlawn,Summit,2016,GAAP,11322003.0,11744877.0,9006996.0,aos/City_2016_GAAP_Summarized.XLSX
City of Fairview Park,Cuyahoga,2016,GAAP,8883380.0,9001268.0,5628366.0,aos/City_2016_GAAP_Summarized.XLSX
City of Findlay,Hancock,2016,GAAP,25505967.0,24732412.0,24732412.0,aos/City_2016_GAAP_Summarized.XLSX
City of Forest Park,Hamilton,2016,GAAP,10018234.0,9748448.0,9748448.0,aos/City_2016_GAAP_Summarized.XLSX
City of Fostoria,Seneca,2016,GAAP,4727921.0,4490470.0,4490470.0,aos/City_2016_GAAP_Summarized.XLSX
City of Franklin,Warren,2016,GAAP,7844529.0,7805163.0,7805163.0,aos/City_2016_GAAP_Summarized.XLSX
City of Fremont,Sandusky,2016,GAAP,9746694.0,10270787.0,10270787.0,aos/City_2016_GAAP_Summarized.XLSX
City of Gahanna,Franklin,2016,GAAP,19179575.0,18858453.0,18858453.0,aos/City_2016_GAAP_Summarized.XLSX
City of Galion,Crawford,2016,GAAP,4994333.0,4858639.0,2429320.0,aos/City_2016_GAAP_Summarized.XLSX
City of Garfield Heights,Cuyahoga,2016,GAAP,11204666.0,12091056.0,9253720.0,aos/City_2016_GAAP_Summarized.XLSX
City of Geneva,Ashtabula,2016,GAAP,3366270.0,3246107.0,3246107.0,aos/City_2016_GAAP_Summarized.XLSX
City of Girard,Trumbull,2016,GAAP,3626965.0,3648574.0,3270844.0,aos/City_2016_GAAP_Summarized.XLSX
City of Grandview Heights,Franklin,2016,GAAP,10101743.0,11002926.0,9983620.0,aos/City_2016_GAAP_Summarized.XLSX
City of Green,Summit,2016,GAAP,22660280.0,22542185.0,21023603.0,aos/City_2016_GAAP_Summarized.XLSX
City of Greenville,Darke,2016,GAAP,7265974.0,7336155.0,7336155.0,aos/City_2016_GAAP_Summarized.XLSX
City of Grove City,Franklin,2016,GAAP,24324866.0,23424179.0,23424179.0,aos/City_2016_GAAP_Summarized.XLSX
City of Groveport,Franklin,2016,GAAP,14523786.0,14538445.0,12320736.0,aos/City_2016_GAAP_Summarized.XLSX
City of Hamilton,Butler,2016,GAAP,25970527.0,25806567.0,20000090.0,aos/City_2016_GAAP_Summarized.XLSX
City of Harrison,Hamilton,2016,GAAP,3911371.0,3859789.0,3859789.0,aos/City_2016_GAAP_Summarized.XLSX
City of Heath,Licking,2016,GAAP,6438248.0,0.0,0.0,aos/City_2016_GAAP_Summarized.XLSX
City of Highland Heights,Cuyahoga,2016,GAAP,12566590.0,12653602.0,11704582.0,aos/City_2016_GAAP_Summarized.XLSX
City of Hilliard,Franklin,2016,GAAP,27870739.0,27615153.0,18260999.0,aos/City_2016_GAAP_Summarized.XLSX
City of Hillsboro,Highland,2016,GAAP,4025960.0,0.0,0.0,aos/City_2016_GAAP_Summarized.XLSX
City of Hubbard,Trumbull,2016,GAAP,2114710.0,2131565.0,2131565.0,aos/City_2016_GAAP_Summarized.XLSX
City of Huber Heights,Montgomery,2016,GAAP,17508604.0,17424652.0,6273796.0,aos/City_2016_GAAP_Summarized.XLSX
City of Hudson,Summit,2016,GAAP,18616303.0,19426375.0,15325741.0,aos/City_2016_GAAP_Summarized.XLSX
City of Huron,Erie,2016,GAAP,2623770.0,2778156.0,2176855.0,aos/City_2016_GAAP_Summarized.XLSX
City of Independence,Cuyahoga,2016,GAAP,30809785.0,30509404.0,30509404.0,aos/City_2016_GAAP_Summarized.XLSX
City of Kent,Portage,2016,GAAP,15529037.0,15746639.0,2862150.0,aos/City_2016_GAAP_Summarized.XLSX
City of Kettering,Montgomery,2016,GAAP,47782561.0,46876012.0,46876012.0,aos/City_2016_GAAP_Summarized.XLSX
City of Kirtland,Lake,2016,GAAP,3249908.0,3462764.0,3462764.0,aos/City_2016_GAAP_Summarized.XLSX
City of Lakewood,Cuyahoga,2016,GAAP,23236281.0,22890653.0,22890653.0,aos/City_2016_GAAP_Summarized.XLSX
City of Lancaster,Fairfield,2016,GAAP,20293739.0,0.0,0.0,aos/City_2016_GAAP_Summarized.XLSX
City of Lebanon,Warren,2016,GAAP,7613002.0,7541820.0,4423830.0,aos/City_2016_GAAP_Summarized.XLSX
City of Lima,Allen,2016,GAAP,17660217.0,17825204.0,17825204.0,aos/City_2016_GAAP_Summarized.XLSX
City of Logan,Hocking,2016,GAAP,4060797.0,4240381.0,3816343.0,aos/City_2016_GAAP_Summarized.XLSX
City of London,Madison,2016,GAAP,5925283.0,0.0,0.0,aos/City_2016_GAAP_Summarized.XLSX
City of Lorain,Lorain,2016,GAAP,25694843.0,23755369.0,19075004.0,aos/City_2016_GAAP_Summarized.XLSX
City of Louisville,Stark,2016,GAAP,3538813.0,3249996.0,3249996.0,aos/City_2016_GAAP_Summarized.XLSX
City of Loveland,Hamilton,2016,GAAP,4381413.0,4418607.0,4418607.0,aos/City_2016_GAAP_Summarized.XLSX
City of Lyndhurst,Cuyahoga,2016,GAAP,9538874.0,9925102.0,9925102.0,aos/City_2016_GAAP_Summarized.XLSX
City of Macedonia,Summit,2016,GAAP,8254864.0,8349286.0,7310800.0,aos/City_2016_GAAP_Summarized.XLSX
City of Madeira,Hamilton,2016,GAAP,2776796.0,0.0,0.0,aos/City_2016_GAAP_Summarized.XLSX
City of Mansfield,Richland,2016,GAAP,29130533.0,29214846.0,14619667.0,aos/City_2016_GAAP_Summarized.XLSX
City of Maple Heights,Cuyahoga,2016,GAAP,7055004.0,7532225.0,7532225.0,aos/City_2016_GAAP_Summarized.XLSX
City of Marietta,Washington,2016,GAAP,10464320.0,10433411.0,7504720.0,aos/City_2016_GAAP_Summarized.XLSX
City of Marion,Marion,2016,GAAP,15661726.0,15882193.0,7884284.0,aos/City_2016_GAAP_Summarized.XLSX
City of Martins Ferry,Belmont,2016,GAAP,1718212.0,1631899.0,1631899.0,aos/City_2016_GAAP_Summarized.XLSX
City of Marysville,Union,2016,GAAP,17664505.0,17719893.0,17719893.0,aos/City_2016_GAAP_Summarized.XLSX
City of Mason,Warren,2016,GAAP,30932502.0,30762943.0,30762943.0,aos/City_2016_GAAP_Summarized.XLSX
City of Massillon,Stark,2016,GAAP,18447355.0,18305785.0,14932942.0,aos/City_2016_GAAP_Summarized.XLSX
City of Maumee,Lucas,2016,GAAP,16775932.0,16775932.0,11182666.0,aos/City_2016_GAAP_Summarized.XLSX
City of Mayfield Heights,Cuyahoga,2016,GAAP,14985289.0,15617109.0,15617109.0,aos/City_2016_GAAP_Summarized.XLSX
City of Medina,Medina,2016,GAAP,13627013.0,13392495.0,3258575.0,aos/City_2016_GAAP_Summarized.XLSX
City of Mentor,Lake,2016,GAAP,42014148.0,40647970.0,40647970.0,aos/City_2016_GAAP_Summarized.XLSX
City of Mentor-on-the-Lake,Lake,2016,GAAP,942358.0,943312.0,943312.0,aos/City_2016_GAAP_Summarized.XLSX
City of Miamisburg,Montgomery,2016,GAAP,16202631.0,16118670.0,13394062.0,aos/City_2016_GAAP_Summarized.XLSX
City of Middleburg Heights,Cuyahoga,2016,GAAP,20443377.0,20586071.0,16605263.0,aos/City_2016_GAAP_Summarized.XLSX
City of Middletown,Butler,2016,GAAP,22180505.0,22180505.0,16856028.0,aos/City_2016_GAAP_Summarized.XLSX
City of Milford,Clermont,2016,GAAP,3615492.0,3634724.0,3506296.0,aos/City_2016_GAAP_Summarized.XLSX
City of Monroe,Butler,2016,GAAP,8964985.0,8905985.0,8905985.0,aos/City_2016_GAAP_Summarized.XLSX
City of Montgomery,Hamilton,2016,GAAP,8627561.0,0.0,0.0,aos/City_2016_GAAP_Summarized.XLSX
City of Moraine,Montgomery,2016,GAAP,18313736.0,18103691.0,18103691.0,aos/City_2016_GAAP_Summarized.XLSX
City of Mount Vernon,Knox,2016,GAAP,9501005.0,0.0,0.0,aos/City_2016_GAAP_Summarized.XLSX
City of Mt. Healthy,Hamilton,2016,GAAP,2305234.0,2293234.0,1776435.0,aos/City_2016_GAAP_Summarized.XLSX
City of Munroe Falls,Summit,2016,GAAP,1238244.0,1294473.0,1292469.0,aos/City_2016_GAAP_Summarized.XLSX
City of Napoleon,Henry,2016,GAAP,4120044.0,4119256.0,4119256.0,aos/City_2016_GAAP_Summarized.XLSX
City of Nelsonville,Athens,2016,GAAP,1454113.0,1600180.0,1370966.0,aos/City_2016_GAAP_Summarized.XLSX
City of New Albany,Franklin,2016,GAAP,29716462.0,30375900.0,15907023.0,aos/City_2016_GAAP_Summarized.XLSX
City of New Carlisle,Clark,2016,GAAP,1563110.0,1489153.0,996568.0,aos/City_2016_GAAP_Summarized.XLSX
City of New Franklin,Summit,2016,GAAP,1268452.0,1377881.0,1312874.0,aos/City_2016_GAAP_Summarized.XLSX
City of New Philadelphia,Tuscarawas,2016,GAAP,7372198.0,7123571.0,2956100.0,aos/City_2016_GAAP_Summarized.XLSX
City of Newark,Licking,2016,GAAP,22318619.0,0.0,0.0,aos/City_2016_GAAP_Summarized.XLSX
City of Niles,Trumbull,2016,GAAP,7143647.0,7314912.0,4495009.0,aos/City_2016_GAAP_Summarized.XLSX
City of North Canton,Stark,2016,GAAP,7415526.0,6649294.0,5339333.0,aos/City_2016_GAAP_Summarized.XLSX
City of North Olmsted,Cuyahoga,2016,GAAP,15531341.0,15283047.0,10698133.0,aos/City_2016_GAAP_Summarized.XLSX
City of North Ridgeville,Lorain,2016,GAAP,10966144.0,10943444.0,10943444.0,aos/City_2016_GAAP_Summarized.XLSX
City of North Royalton,Cuyahoga,2016,GAAP,14613161.0,15306966.0,12163303.0,aos/City_2016_GAAP_Summarized.XLSX
City of Northwood,Wood,2016,GAAP,5915300.0,5961567.0,4173097.0,aos/City_2016_GAAP_Summarized.XLSX
City of Norton,Summit,2016,GAAP,5928063.0,5855346.0,5226804.0,aos/City_2016_GAAP_Summarized.XLSX
City of Norwalk,Huron,2016,GAAP,5694846.0,5801541.0,4649055.0,aos/City_2016_GAAP_Summarized.XLSX
City of Norwood,Hamilton,2016,GAAP,16388545.0,16178846.0,16178846.0,aos/City_2016_GAAP_Summarized.XLSX
City of Oakwood,Montgomery,2016,GAAP,7028804.0,7244653.0,7244653.0,aos/City_2016_GAAP_Summarized.XLSX
City of Oberlin,Lorain,2016,GAAP,8285428.0,8285428.0,5964751.0,aos/City_2016_GAAP_Summarized.XLSX
City of Olmsted Falls,Cuyahoga,2016,GAAP,3320806.0,3260500.0,2883089.0,aos/City_2016_GAAP_Summarized.XLSX
City of Ontario,Richland,2016,GAAP,5517272.0,5321505.0,3715902.0,aos/City_2016_GAAP_Summarized.XLSX
City of Oregon,Lucas,2016,GAAP,22304294.0,22304526.0,18540708.0,aos/City_2016_GAAP_Summarized.XLSX
City of Orrville,Wayne,2016,GAAP,5250684.0,5993991.0,4215689.0,aos/City_2016_GAAP_Summarized.XLSX
City of Oxford,Butler,2016,GAAP,9880114.0,9740117.0,8512485.0,aos/City_2016_GAAP_Summarized.XLSX
City of Painesville,Lake,2016,GAAP,9448284.0,8723871.0,8723871.0,aos/City_2016_GAAP_Summarized.XLSX
City of Parma,Cuyahoga,2016,GAAP,39145271.0,39043154.0,30746479.0,aos/City_2016_GAAP_Summarized.XLSX
City of Parma Heights,Cuyahoga,2016,GAAP,9261281.0,8808641.0,8808641.0,aos/City_2016_GAAP_Summarized.XLSX
City of Pataskala,Licking,2016,GAAP,5136499.0,5132966.0,0.0,aos/City_2016_GAAP_Summarized.XLSX
City of Pepper Pike,Cuyahoga,2016,GAAP,5116768.0,5874182.0,5874182.0,aos/City_2016_GAAP_Summarized.XLSX
City of Perrysburg,Wood,2016,GAAP,18062470.0,18084205.0,18084205.0,aos/City_2016_GAAP_Summarized.XLSX
City of Pickerington,Fairfield,2016,GAAP,6478485.0,6522957.0,6522957.0,aos/City_2016_GAAP_Summarized.XLSX
City of Piqua,Miami,2016,GAAP,11264355.0,11251855.0,8263578.0,aos/City_2016_GAAP_Summarized.XLSX
City of Portsmouth,Scioto,2016,GAAP,13263572.0,0.0,0.0,aos/City_2016_GAAP_Summarized.XLSX
City of Powell,Delaware,2016,GAAP,5915685.0,6093177.0,6093177.0,aos/City_2016_GAAP_Summarized.XLSX
City of Ravenna,Portage,2016,GAAP,8099042.0,7830796.0,4933374.0,aos/City_2016_GAAP_Summarized.XLSX
City of Reading,Hamilton,2016,GAAP,7508348.0,7341236.0,7341236.0,aos/City_2016_GAAP_Summarized.XLSX
City of Reynoldsburg,Franklin,2016,GAAP,14899503.0,0.0,0.0,aos/City_2016_GAAP_Summarized.XLSX
City of Richmond Heights,Cuyahoga,2016,GAAP,5735779.0,6374018.0,6374018.0,aos/City_2016_GAAP_Summarized.XLSX
City of Rittman,Wayne,2016,GAAP,1849639.0,1959119.0,1461263.0,aos/City_2016_GAAP_Summarized.XLSX
City of Riverside,Montgomery,2016,GAAP,5868831.0,5750879.0,4137832.0,aos/City_2016_GAAP_Summarized.XLSX
City of Rocky River,Cuyahoga,2016,GAAP,14444530.0,14535231.0,11300381.0,aos/City_2016_GAAP_Summarized.XLSX
City of Rossford,Wood,2016,GAAP,4479327.0,4224354.0,4224354.0,aos/City_2016_GAAP_Summarized.XLSX
City of Salem,Columbiana,2016,GAAP,6373597.0,5936284.0,4184119.0,aos/City_2016_GAAP_Summarized.XLSX
City of Sandusky,Erie,2016,GAAP,13121939.0,12129066.0,10835013.0,aos/City_2016_GAAP_Summarized.XLSX
City of Seven Hills,Cuyahoga,2016,GAAP,5658816.0,6119475.0,6119475.0,aos/City_2016_GAAP_Summarized.XLSX
City of Shaker Heights,Cuyahoga,2016,GAAP,31929776.0,34284348.0,34284348.0,aos/City_2016_GAAP_Summarized.XLSX
City of Sharonville,Hamilton,2016,GAAP,25160352.0,0.0,16950991.0,aos/City_2016_GAAP_Summarized.XLSX
City of Sheffield Lake,Lorain,2016,GAAP,3041254.0,3336138.0,2884885.0,aos/City_2016_GAAP_Summarized.XLSX
City of Shelby,Richland,2016,GAAP,3718639.0,3581921.0,2375129.0,aos/City_2016_GAAP_Summarized.XLSX
City of Sidney,Shelby,2016,GAAP,18724943.0,1168365.0,13401173.0,aos/City_2016_GAAP_Summarized.XLSX
City of Solon,Cuyahoga,2016,GAAP,44996193.0,42913756.0,32002988.0,aos/City_2016_GAAP_Summarized.XLSX
City of South Euclid,Cuyahoga,2016,GAAP,9188882.0,10213894.0,10213894.0,aos/City_2016_GAAP_Summarized.XLSX
City of Springboro,Warren,2016,GAAP,12476441.0,13082097.0,8721837.0,aos/City_2016_GAAP_Summarized.XLSX
City of Springdale,Hamilton,2016,GAAP,14185996.0,14223463.0,14223463.0,aos/City_2016_GAAP_Summarized.XLSX
City of Springfield,Clark,2016,GAAP,30466316.0,31270023.0,28143021.0,aos/City_2016_GAAP_Summarized.XLSX
City of St. Clairsville,Belmont,2016,GAAP,1490688.0,1431260.0,715631.0,aos/City_2016_GAAP_Summarized.XLSX
City of St. Marys,Auglaize,2016,GAAP,4758608.0,4784519.0,2448607.0,aos/City_2016_GAAP_Summarized.XLSX
City of Steubenville,Jefferson,2016,GAAP,9876223.0,10022409.0,8896904.0,aos/City_2016_GAAP_Summarized.XLSX
City of Stow,Summit,2016,GAAP,14987212.0,15224612.0,10472662.0,aos/City_2016_GAAP_Summarized.XLSX
City of Streetsboro,Portage,2016,GAAP,12182646.0,12605051.0,9870008.0,aos/City_2016_GAAP_Summarized.XLSX
City of Strongsville,Cuyahoga,2016,GAAP,35293147.0,35486019.0,31739184.0,aos/City_2016_GAAP_Summarized.XLSX
City of Sylvania,Lucas,2016,GAAP,10807644.0,10756103.0,9896857.0,aos/City_2016_GAAP_Summarized.XLSX
City of Tallmadge,Summit,2016,GAAP,10873754.0,10628415.0,10628415.0,aos/City_2016_GAAP_Summarized.XLSX
City of the Village of Indian Hill,Hamilton,2016,GAAP,11987598.0,13777458.0,13777458.0,aos/City_2016_GAAP_Summarized.XLSX
City of Tiffin,Seneca,2016,GAAP,9396703.0,9029018.0,7696489.0,aos/City_2016_GAAP_Summarized.XLSX
City of Tipp City,Miami,2016,GAAP,5963230.0,0.0,0.0,aos/City_2016_GAAP_Summarized.XLSX
City of Toledo,Lucas,2016,GAAP,175958000.0,175679000.0,175679000.0,aos/City_2016_GAAP_Summarized.XLSX
City of Toronto,Jefferson,2016,GAAP,2531685.0,2511231.0,2511231.0,aos/City_2016_GAAP_Summarized.XLSX
City of Trenton,Butler,2016,GAAP,1757057.0,1831973.0,1831973.0,aos/City_2016_GAAP_Summarized.XLSX
City of Trotwood,Montgomery,2016,GAAP,5236504.0,4601195.0,4601195.0,aos/City_2016_GAAP_Summarized.XLSX
City of Troy,Miami,2016,GAAP,19049745.0,18662954.0,18662954.0,aos/City_2016_GAAP_Summarized.XLSX
City of Twinsburg,Summit,2016,GAAP,20969489.0,21433481.0,21433481.0,aos/City_2016_GAAP_Summarized.XLSX
City of Uhrichsville,Tuscarawas,2016,GAAP,1786540.0,1999318.0,1570892.0,aos/City_2016_GAAP_Summarized.XLSX
City of Union,Montgomery,2016,GAAP,1119511.0,1075566.0,1075566.0,aos/City_2016_GAAP_Summarized.XLSX
City of University Heights,Cuyahoga,2016,GAAP,9495688.0,10063139.0,10063139.0,aos/City_2016_GAAP_Summarized.XLSX
City of Upper Arlington,Franklin,2016,GAAP,23945983.0,25295141.0,25295141.0,aos/City_2016_GAAP_Summarized.XLSX
City of Upper Sandusky,Wyandot,2016,GAAP,3289750.0,3212863.0,2412363.0,aos/City_2016_GAAP_Summarized.XLSX
City of Urbana,Champaign,2016,GAAP,6219626.0,6197879.0,3321224.0,aos/City_2016_GAAP_Summarized.XLSX
City of Vandalia,Montgomery,2016,GAAP,14247899.0,14553185.0,12695409.0,aos/City_2016_GAAP_Summarized.XLSX
City of Vermilion,Erie,2016,GAAP,2738965.0,2738841.0,1994307.0,aos/City_2016_GAAP_Summarized.XLSX
City of Wadsworth,Medina,2016,GAAP,10511611.0,8672404.0,6321676.0,aos/City_2016_GAAP_Summarized.XLSX
City of Wapakoneta,Auglaize,2016,GAAP,2605349.0,2812389.0,2812389.0,aos/City_2016_GAAP_Summarized.XLSX
City of Warren,Trumbull,2016,GAAP,16990041.0,16115081.0,16115081.0,aos/City_2016_GAAP_Summarized.XLSX
City of Warrensville Heights,Cuyahoga,2016,GAAP,17824264.0,17800538.0,17800538.0,aos/City_2016_GAAP_Summarized.XLSX
City of Washington Court House,Fayette,2016,GAAP,7213314.0,7224885.0,3886501.0,aos/City_2016_GAAP_Summarized.XLSX
City of Waterville,Lucas,2016,GAAP,3446532.0,3524919.0,2643690.0,aos/City_2016_GAAP_Summarized.XLSX
City of Wauseon,Fulton,2016,GAAP,4040835.0,0.0,0.0,aos/City_2016_GAAP_Summarized.XLSX
City of Wellston,Jackson,2016,GAAP,1297098.0,1297098.0,1297098.0,aos/City_2016_GAAP_Summarized.XLSX
City of West Carrollton,Montgomery,2016,GAAP,6661412.0,6219645.0,4977109.0,aos/City_2016_GAAP_Summarized.XLSX
City of Westerville,Franklin,2016,GAAP,44020688.0,44385732.0,31122565.0,aos/City_2016_GAAP_Summarized.XLSX
City of Westlake,Cuyahoga,2016,GAAP,28235132.0,28619626.0,18948749.0,aos/City_2016_GAAP_Summarized.XLSX
City of Whitehall,Franklin,2016,GAAP,24838215.0,24089057.0,24089057.0,aos/City_2016_GAAP_Summarized.XLSX
City of Wickliffe,Lake,2016,GAAP,9345612.0,9368342.0,9368342.0,aos/City_2016_GAAP_Summarized.XLSX
City of Willard,Huron,2016,GAAP,3577649.0,3516122.0,2208493.0,aos/City_2016_GAAP_Summarized.XLSX
City of Willoughby,Lake,2016,GAAP,17483183.0,17181979.0,17181979.0,aos/City_2016_GAAP_Summarized.XLSX
City of Willoughby Hills,Lake,2016,GAAP,4762818.0,4951943.0,3984114.0,aos/City_2016_GAAP_Summarized.XLSX
City of Willowick,Lake,2016,GAAP,3130224.0,2920717.0,2920717.0,aos/City_2016_GAAP_Summarized.XLSX
City of Wilmington,Clinton,2016,GAAP,4826836.0,5052935.0,5052935.0,aos/City_2016_GAAP_Summarized.XLSX
City of Wooster,Wayne,2016,GAAP,17836770.0,0.0,0.0,aos/City_2016_GAAP_Summarized.XLSX
City of Worthington,Franklin,2016,GAAP,25006898.0,25181744.0,20145395.0,aos/City_2016_GAAP_Summarized.XLSX
City of Wyoming,Hamilton,2016,GAAP,5841680.0,6026967.0,6026967.0,aos/City_2016_GAAP_Summarized.XLSX
City of Xenia,Greene,2016,GAAP,12728800.0,12699537.0,5665087.0,aos/City_2016_GAAP_Summarized.XLSX
City of Youngstown,Mahoning,2016,GAAP,41586094.0,41877614.0,22565466.0,aos/City_2016_GAAP_Summarized.XLSX
City of Zanesville,Muskingum,2016,GAAP,17149486.0,17300918.0,9139076.0,aos/City_2016_GAAP_Summarized.XLSX
City of Ironton,Lawrence,2016,MOD,2342918.0,0.0,0.0,aos/City_2016_MOD_Summarized.XLSX
City of Kenton,Hardin,2017,CASH,3275173.0,3275173.0,3275173.0,aos/City_2017_CASH_Summarized.XLSX
City of North College Hill,Hamilton,2017,CASH,2486966.0,0.0,2486966.0,aos/City_2017_CASH_Summarized.XLSX
City of Port Clinton,Ottawa,2017,CASH,2583387.0,2583387.0,2583387.0,aos/City_2017_CASH_Summarized.XLSX
City of Akron,Summit,2017,GAAP,127900016.0,137648281.0,84826512.0,aos/City_2017_GAAP_Summarized.XLSX
City of Alliance,Stark,2017,GAAP,9728707.0,9808805.0,9384892.0,aos/City_2017_GAAP_Summarized.XLSX
City of Amherst,Lorain,2017,GAAP,5332862.0,5530201.0,4306050.0,aos/City_2017_GAAP_Summarized.XLSX
City of Ashland,Ashland,2017,GAAP,14248752.0,13778228.0,9202411.0,aos/City_2017_GAAP_Summarized.XLSX
City of Ashtabula,Ashtabula,2017,GAAP,6963098.0,7080136.0,6374511.0,aos/City_2017_GAAP_Summarized.XLSX
City of Athens,Athens,2017,GAAP,13849481.0,14086673.0,8763840.0,aos/City_2017_GAAP_Summarized.XLSX
City of Aurora,Portage,2017,GAAP,14662819.0,14804510.0,14129510.0,aos/City_2017_GAAP_Summarized.XLSX
City of Avon,Lorain,2017,GAAP,17802905.0,17816561.0,9378949.0,aos/City_2017_GAAP_Summarized.XLSX
City of Avon Lake,Lorain,2017,GAAP,11305374.0,11191207.0,7296355.0,aos/City_2017_GAAP_Summarized.XLSX
City of Barberton,Summit,2017,GAAP,12621247.0,12627952.0,11223268.0,aos/City_2017_GAAP_Summarized.XLSX
City of Bay Village,Cuyahoga,2017,GAAP,6516829.0,6631295.0,6498867.0,aos/City_2017_GAAP_Summarized.XLSX
City of Beachwood,Cuyahoga,2017,GAAP,31142611.0,30875367.0,30875367.0,aos/City_2017_GAAP_Summarized.XLSX
City of Bedford,Cuyahoga,2017,GAAP,8454329.0,8614846.0,7744812.0,aos/City_2017_GAAP_Summarized.XLSX
City of Bedford Heights,Cuyahoga,2017,GAAP,9833862.0,9532886.0,9532886.0,aos/City_2017_GAAP_Summarized.XLSX
City of Bellefontaine,Logan,2017,GAAP,6043575.0,6350064.0,6350064.0,aos/City_2017_GAAP_Summarized.XLSX
City of Bellevue,Huron,2017,GAAP,3764995.0,4038496.0,4038496.0,aos/City_2017_GAAP_Summarized.XLSX
City of Belpre,Washington,2017,GAAP,1635896.0,1586950.0,1586950.0,aos/City_2017_GAAP_Summarized.XLSX
City of Berea,Cuyahoga,2017,GAAP,12904124.0,13169693.0,13169693.0,aos/City_2017_GAAP_Summarized.XLSX
City of Bexley,Franklin,2017,GAAP,12227054.0,12142791.0,12142791.0,aos/City_2017_GAAP_Summarized.XLSX
City of Blue Ash,Hamilton,2017,GAAP,34094570.0,33882475.0,33882475.0,aos/City_2017_GAAP_Summarized.XLSX
City of Bowling Green,Wood,2017,GAAP,19827973.0,19782764.0,7418537.0,aos/City_2017_GAAP_Summarized.XLSX
City of Brecksville,Cuyahoga,2017,GAAP,17620950.0,18533341.0,15930007.0,aos/City_2017_GAAP_Summarized.XLSX
City of Broadview Heights,Cuyahoga,2017,GAAP,12482992.0,12488839.0,9827105.0,aos/City_2017_GAAP_Summarized.XLSX
City of Brook Park,Cuyahoga,2017,GAAP,19774881.0,19436285.0,16571027.0,aos/City_2017_GAAP_Summarized.XLSX
City of Brooklyn,Cuyahoga,2017,GAAP,14778820.0,15147931.0,12724263.0,aos/City_2017_GAAP_Summarized.XLSX
City of Brookville,Montgomery,2017,GAAP,3690301.0,3690043.0,3690043.0,aos/City_2017_GAAP_Summarized.XLSX
City of Brunswick,Medina,2017,GAAP,17228968.0,17220015.0,4141400.0,aos/City_2017_GAAP_Summarized.XLSX
City of Bryan,Williams,2017,GAAP,7440908.0,0.0,0.0,aos/City_2017_GAAP_Summarized.XLSX
City of Bucyrus,Crawford,2017,GAAP,6110730.0,6063939.0,3044070.0,aos/City_2017_GAAP_Summarized.XLSX
City of Cambridge,Guernsey,2017,GAAP,7593909.0,7686138.0,5476677.0,aos/City_2017_GAAP_Summarized.XLSX
City of Campbell,Mahoning,2017,GAAP,2011959.0,1882495.0,1694246.0,aos/City_2017_GAAP_Summarized.XLSX
City of Canal Fulton,Stark,2017,GAAP,2471499.0,2350351.0,2192878.0,aos/City_2017_GAAP_Summarized.XLSX
City of Canal Winchester,Franklin,2017,GAAP,6929927.0,7082397.0,7082397.0,aos/City_2017_GAAP_Summarized.XLSX
City of Canfield,Mahoning,2017,GAAP,3156754.0,3182254.0,3182254.0,aos/City_2017_GAAP_Summarized.XLSX
City of Canton,Stark,2017,GAAP,50015065.0,49666607.0,37855805.0,aos/City_2017_GAAP_Summarized.XLSX
City of Celina,Mercer,2017,GAAP,5606390.0,6041440.0,4047793.0,aos/City_2017_GAAP_Summarized.XLSX
City of Centerville,Montgomery,2017,GAAP,17441959.0,17979905.0,17979905.0,aos/City_2017_GAAP_Summarized.XLSX
City of Chardon,Geauga,2017,GAAP,6181754.0,6347031.0,6155765.0,aos/City_2017_GAAP_Summarized.XLSX
City of Cheviot,Hamilton,2017,GAAP,2010460.0,1941538.0,1941538.0,aos/City_2017_GAAP_Summarized.XLSX
City of Chillicothe,Ross,2017,GAAP,14852495.0,15173267.0,11388594.0,aos/City_2017_GAAP_Summarized.XLSX
City of Cincinnati,Hamilton,2017,GAAP,369978000.0,369978000.0,273194000.0,aos/City_2017_GAAP_Summarized.XLSX
City of Circleville,Pickaway,2017,GAAP,6724407.0,6879930.0,2670426.0,aos/City_2017_GAAP_Summarized.XLSX
City of Clayton,Montgomery,2017,GAAP,4973450.0,4335247.0,2890155.0,aos/City_2017_GAAP_Summarized.XLSX
City of Cleveland,Cuyahoga,2017,GAAP,451929000.0,447259000.0,397564000.0,aos/City_2017_GAAP_Summarized.XLSX
City of Cleveland Heights,Cuyahoga,2017,GAAP,28288722.0,28725003.0,28725003.0,aos/City_2017_GAAP_Summarized.XLSX
City of Clyde,Sandusky,2017,GAAP,4915148.0,4913620.0,3534850.0,aos/City_2017_GAAP_Summarized.XLSX
City of Columbiana,Columbiana,2017,GAAP,2202863.0,0.0,0.0,aos/City_2017_GAAP_Summarized.XLSX
City of Columbus,Franklin,2017,GAAP,876310000.0,876310000.0,657229000.0,aos/City_2017_GAAP_Summarized.XLSX
City of Conneaut,Ashtabula,2017,GAAP,3211379.0,3111685.0,2449823.0,aos/City_2017_GAAP_Summarized.XLSX
City of Coshocton,Coshocton,2017,GAAP,6461556.0,6555075.0,2442669.0,aos/City_2017_GAAP_Summarized.XLSX
City of Cuyahoga Falls,Summit,2017,GAAP,23512064.0,24028703.0,15442803.0,aos/City_2017_GAAP_Summarized.XLSX
City of Dayton,Montgomery,2017,GAAP,125253442.0,125088070.0,125088070.0,aos/City_2017_GAAP_Summarized.XLSX
City of Deer Park,Hamilton,2017,GAAP,1174188.0,0.0,0.0,aos/City_2017_GAAP_Summarized.XLSX
City of Defiance,Defiance,2017,GAAP,10359066.0,10525260.0,6987453.0,aos/City_2017_GAAP_Summarized.XLSX
City of Delaware,Delaware,2017,GAAP,26941871.0,25548942.0,14135856.0,aos/City_2017_GAAP_Summarized.XLSX
City of Delphos,Allen,2017,GAAP,3169878.0,3543543.0,2047847.0,aos/City_2017_GAAP_Summarized.XLSX
City of Dover,Tuscarawas,2017,GAAP,7321211.0,8348725.0,4813167.0,aos/City_2017_GAAP_Summarized.XLSX
City of Dublin,Franklin,2017,GAAP,81294068.0,82550640.0,60835904.0,aos/City_2017_GAAP_Summarized.XLSX
City of East Cleveland,Cuyahoga,2017,GAAP,4575530.0,4980197.0,4980197.0,aos/City_2017_GAAP_Summarized.XLSX
City of East Liverpool,Columbiana,2017,GAAP,3015664.0,2998179.0,2775300.0,aos/City_2017_GAAP_Summarized.XLSX
City of Eastlake,Lake,2017,GAAP,6409708.0,6607374.0,6607374.0,aos/City_2017_GAAP_Summarized.XLSX
City of Eaton,Preble,2017,GAAP,4864912.0,4994388.0,1331838.0,aos/City_2017_GAAP_Summarized.XLSX
City of Elyria,Lorain,2017,GAAP,32307195.0,30274852.0,20177708.0,aos/City_2017_GAAP_Summarized.XLSX
City of Englewood,Montgomery,2017,GAAP,7206000.0,7198292.0,7198292.0,aos/City_2017_GAAP_Summarized.XLSX
City of Euclid,Cuyahoga,2017,GAAP,23188480.0,23921014.0,23921014.0,aos/City_2017_GAAP_Summarized.XLSX
City of Fairborn,Greene,2017,GAAP,13092693.0,13016028.0,8677761.0,aos/City_2017_GAAP_Summarized.XLSX
City of Fairfield,Butler,2017,GAAP,28041922.0,28464424.0,22712824.0,aos/City_2017_GAAP_Summarized.XLSX
City of Fairlawn,Summit,2017,GAAP,11427135.0,11607096.0,8767030.0,aos/City_2017_GAAP_Summarized.XLSX
City of Fairview Park,Cuyahoga,2017,GAAP,9150740.0,9258903.0,5787391.0,aos/City_2017_GAAP_Summarized.XLSX
City of Findlay,Hancock,2017,GAAP,21300761.0,22979449.0,22979449.0,aos/City_2017_GAAP_Summarized.XLSX
City of Forest Park,Hamilton,2017,GAAP,9698755.0,9699717.0,9699717.0,aos/City_2017_GAAP_Summarized.XLSX
City of Fostoria,Seneca,2017,GAAP,5644519.0,5384496.0,5384496.0,aos/City_2017_GAAP_Summarized.XLSX
City of Franklin,Warren,2017,GAAP,8304978.0,8281543.0,8281543.0,aos/City_2017_GAAP_Summarized.XLSX
City of Fremont,Sandusky,2017,GAAP,9558403.0,9364204.0,9364204.0,aos/City_2017_GAAP_Summarized.XLSX
City of Gahanna,Franklin,2017,GAAP,17986106.0,18638374.0,18638374.0,aos/City_2017_GAAP_Summarized.XLSX
City of Galion,Crawford,2017,GAAP,5329285.0,5024569.0,2512285.0,aos/City_2017_GAAP_Summarized.XLSX
City of Garfield Heights,Cuyahoga,2017,GAAP,12028200.0,11403851.0,9256952.0,aos/City_2017_GAAP_Summarized.XLSX
City of Geneva,Ashtabula,2017,GAAP,2792343.0,2851107.0,2851107.0,aos/City_2017_GAAP_Summarized.XLSX
City of Girard,Trumbull,2017,GAAP,3676792.0,3692592.0,3294597.0,aos/City_2017_GAAP_Summarized.XLSX
City of Grandview Heights,Franklin,2017,GAAP,14495560.0,14067126.0,12372886.0,aos/City_2017_GAAP_Summarized.XLSX
City of Green,Summit,2017,GAAP,22793012.0,22924305.0,21378663.0,aos/City_2017_GAAP_Summarized.XLSX
City of Greenville,Darke,2017,GAAP,7291231.0,7396243.0,7396243.0,aos/City_2017_GAAP_Summarized.XLSX
City of Grove City,Franklin,2017,GAAP,24692596.0,24628810.0,24628810.0,aos/City_2017_GAAP_Summarized.XLSX
City of Groveport,Franklin,2017,GAAP,17603883.0,16752440.0,13431952.0,aos/City_2017_GAAP_Summarized.XLSX
City of Hamilton,Butler,2017,GAAP,25664959.0,25852466.0,20035660.0,aos/City_2017_GAAP_Summarized.XLSX
City of Harrison,Hamilton,2017,GAAP,4607002.0,3982048.0,3982048.0,aos/City_2017_GAAP_Summarized.XLSX
City of Heath,Licking,2017,GAAP,6012098.0,0.0,0.0,aos/City_2017_GAAP_Summarized.XLSX
City of Highland Heights,Cuyahoga,2017,GAAP,12744837.0,12535388.0,11595234.0,aos/City_2017_GAAP_Summarized.XLSX
City of Hilliard,Franklin,2017,GAAP,29197481.0,27941266.0,18215850.0,aos/City_2017_GAAP_Summarized.XLSX
City of Hillsboro,Highland,2017,GAAP,3647925.0,3808842.0,3808842.0,aos/City_2017_GAAP_Summarized.XLSX
City of Hubbard,Trumbull,2017,GAAP,2122445.0,2150846.0,2150846.0,aos/City_2017_GAAP_Summarized.XLSX
City of Huber Heights,Montgomery,2017,GAAP,16990242.0,17835143.0,6413779.0,aos/City_2017_GAAP_Summarized.XLSX
City of Hudson,Summit,2017,GAAP,19746646.0,20752530.0,16381681.0,aos/City_2017_GAAP_Summarized.XLSX
City of Huron,Erie,2017,GAAP,2850486.0,2780690.0,2171065.0,aos/City_2017_GAAP_Summarized.XLSX
City of Independence,Cuyahoga,2017,GAAP,31470365.0,31198800.0,31198800.0,aos/City_2017_GAAP_Summarized.XLSX
City of Kent,Portage,2017,GAAP,16809427.0,16425784.0,4210018.0,aos/City_2017_GAAP_Summarized.XLSX
City of Kettering,Montgomery,2017,GAAP,48736262.0,48734275.0,48734275.0,aos/City_2017_GAAP_Summarized.XLSX
City of Kirtland,Lake,2017,GAAP,4007444.0,3710633.0,3710633.0,aos/City_2017_GAAP_Summarized.XLSX
City of Lakewood,Cuyahoga,2017,GAAP,21338449.0,23530264.0,23530264.0,aos/City_2017_GAAP_Summarized.XLSX
City of Lancaster,Fairfield,2017,GAAP,19528225.0,19569391.0,11500433.0,aos/City_2017_GAAP_Summarized.XLSX
City of Lebanon,Warren,2017,GAAP,9548135.0,8611067.0,5146618.0,aos/City_2017_GAAP_Summarized.XLSX
City of Lima,Allen,2017,GAAP,17616030.0,17604187.0,17604187.0,aos/City_2017_GAAP_Summarized.XLSX
City of Logan,Hocking,2017,GAAP,4338385.0,4352682.0,3899225.0,aos/City_2017_GAAP_Summarized.XLSX
City of London,Madison,2017,GAAP,5453868.0,0.0,0.0,aos/City_2017_GAAP_Summarized.XLSX
City of Lorain,Lorain,2017,GAAP,23494464.0,23871454.0,19194160.0,aos/City_2017_GAAP_Summarized.XLSX
City of Louisville,Stark,2017,GAAP,3611791.0,3626452.0,3626452.0,aos/City_2017_GAAP_Summarized.XLSX
City of Loveland,Hamilton,2017,GAAP,4385652.0,4446776.0,4446776.0,aos/City_2017_GAAP_Summarized.XLSX
City of Lyndhurst,Cuyahoga,2017,GAAP,9445677.0,9476721.0,9476721.0,aos/City_2017_GAAP_Summarized.XLSX
City of Macedonia,Summit,2017,GAAP,8923510.0,8836347.0,7342792.0,aos/City_2017_GAAP_Summarized.XLSX
City of Madeira,Hamilton,2017,GAAP,3118890.0,0.0,0.0,aos/City_2017_GAAP_Summarized.XLSX
City of Mansfield,Richland,2017,GAAP,31303705.0,30940333.0,15469499.0,aos/City_2017_GAAP_Summarized.XLSX
City of Maple Heights,Cuyahoga,2017,GAAP,7218120.0,7076068.0,7076068.0,aos/City_2017_GAAP_Summarized.XLSX
City of Marietta,Washington,2017,GAAP,10410046.0,10402553.0,7468375.0,aos/City_2017_GAAP_Summarized.XLSX
City of Marion,Marion,2017,GAAP,15907074.0,15865055.0,7787657.0,aos/City_2017_GAAP_Summarized.XLSX
City of Martins Ferry,Belmont,2017,GAAP,1428568.0,1532718.0,1532718.0,aos/City_2017_GAAP_Summarized.XLSX
City of Marysville,Union,2017,GAAP,18830805.0,18461833.0,18461833.0,aos/City_2017_GAAP_Summarized.XLSX
City of Mason,Warren,2017,GAAP,31924252.0,31397148.0,31397148.0,aos/City_2017_GAAP_Summarized.XLSX
City of Massillon,Stark,2017,GAAP,19364364.0,20468657.0,14828754.0,aos/City_2017_GAAP_Summarized.XLSX
City of Maumee,Lucas,2017,GAAP,17869053.0,17710848.0,11817400.0,aos/City_2017_GAAP_Summarized.XLSX
City of Mayfield Heights,Cuyahoga,2017,GAAP,16639611.0,16290025.0,16290025.0,aos/City_2017_GAAP_Summarized.XLSX
City of Medina,Medina,2017,GAAP,13889605.0,13423214.0,3268743.0,aos/City_2017_GAAP_Summarized.XLSX
City of Mentor,Lake,2017,GAAP,43380853.0,42862290.0,42862290.0,aos/City_2017_GAAP_Summarized.XLSX
City of Mentor-on-the-Lake,Lake,2017,GAAP,1033023.0,985753.0,985753.0,aos/City_2017_GAAP_Summarized.XLSX
City of Miamisburg,Montgomery,2017,GAAP,16201834.0,16297654.0,13550231.0,aos/City_2017_GAAP_Summarized.XLSX
City of Middleburg Heights,Cuyahoga,2017,GAAP,19266358.0,19255355.0,14857321.0,aos/City_2017_GAAP_Summarized.XLSX
City of Middletown,Butler,2017,GAAP,23662900.0,24592900.0,20049288.0,aos/City_2017_GAAP_Summarized.XLSX
City of Milford,Clermont,2017,GAAP,4037180.0,3864033.0,3725392.0,aos/City_2017_GAAP_Summarized.XLSX
City of Monroe,Butler,2017,GAAP,10159419.0,9668419.0,9668419.0,aos/City_2017_GAAP_Summarized.XLSX
City of Montgomery,Hamilton,2017,GAAP,9209832.0,0.0,0.0,aos/City_2017_GAAP_Summarized.XLSX
City of Moraine,Montgomery,2017,GAAP,18308167.0,18485982.0,18485982.0,aos/City_2017_GAAP_Summarized.XLSX
City of Mount Vernon,Knox,2017,GAAP,10390679.0,12742449.0,6221394.0,aos/City_2017_GAAP_Summarized.XLSX
City of Mt. Healthy,Hamilton,2017,GAAP,2139749.0,2260749.0,1756904.0,aos/City_2017_GAAP_Summarized.XLSX
City of Munroe Falls,Summit,2017,GAAP,1331757.0,1287221.0,1139162.0,aos/City_2017_GAAP_Summarized.XLSX
City of Napoleon,Henry,2017,GAAP,4212894.0,4204744.0,4204744.0,aos/City_2017_GAAP_Summarized.XLSX
City of Nelsonville,Athens,2017,GAAP,1475662.0,1459359.0,1310711.0,aos/City_2017_GAAP_Summarized.XLSX
City of New Albany,Franklin,2017,GAAP,31894786.0,33227096.0,17787826.0,aos/City_2017_GAAP_Summarized.XLSX
City of New Carlisle,Clark,2017,GAAP,1546757.0,1586250.0,1066295.0,aos/City_2017_GAAP_Summarized.XLSX
City of New Franklin,Summit,2017,GAAP,2451736.0,2179343.0,2072939.0,aos/City_2017_GAAP_Summarized.XLSX
City of New Philadelphia,Tuscarawas,2017,GAAP,7307585.0,7282516.0,2970557.0,aos/City_2017_GAAP_Summarized.XLSX
City of Newark,Licking,2017,GAAP,22471820.0,0.0,0.0,aos/City_2017_GAAP_Summarized.XLSX
City of Niles,Trumbull,2017,GAAP,8289056.0,8380528.0,4292527.0,aos/City_2017_GAAP_Summarized.XLSX
City of North Canton,Stark,2017,GAAP,8425173.0,8098901.0,5843522.0,aos/City_2017_GAAP_Summarized.XLSX
City of North Olmsted,Cuyahoga,2017,GAAP,16311456.0,15890897.0,11123629.0,aos/City_2017_GAAP_Summarized.XLSX
City of North Ridgeville,Lorain,2017,GAAP,10149683.0,11046964.0,11046964.0,aos/City_2017_GAAP_Summarized.XLSX
City of North Royalton,Cuyahoga,2017,GAAP,16038563.0,15991541.0,12761338.0,aos/City_2017_GAAP_Summarized.XLSX
City of Northwood,Wood,2017,GAAP,6276340.0,6278115.0,4394681.0,aos/City_2017_GAAP_Summarized.XLSX
City of Norton,Summit,2017,GAAP,6312094.0,6535766.0,5875571.0,aos/City_2017_GAAP_Summarized.XLSX
City of Norwalk,Huron,2017,GAAP,6188798.0,5919821.0,4735864.0,aos/City_2017_GAAP_Summarized.XLSX
City of Norwood,Hamilton,2017,GAAP,16555873.0,16950860.0,16838758.0,aos/City_2017_GAAP_Summarized.XLSX
City of Oakwood,Montgomery,2017,GAAP,7230678.0,7306434.0,7306434.0,aos/City_2017_GAAP_Summarized.XLSX
City of Oberlin,Lorain,2017,GAAP,8273083.0,8273083.0,5954892.0,aos/City_2017_GAAP_Summarized.XLSX
City of Olmsted Falls,Cuyahoga,2017,GAAP,3004448.0,3149727.0,2785112.0,aos/City_2017_GAAP_Summarized.XLSX
City of Ontario,Richland,2017,GAAP,5005013.0,5133948.0,3529320.0,aos/City_2017_GAAP_Summarized.XLSX
City of Oregon,Lucas,2017,GAAP,18645749.0,18896763.0,15685016.0,aos/City_2017_GAAP_Summarized.XLSX
City of Orrville,Wayne,2017,GAAP,6042451.0,5978951.0,4207170.0,aos/City_2017_GAAP_Summarized.XLSX
City of Oxford,Butler,2017,GAAP,9877528.0,10050615.0,8796296.0,aos/City_2017_GAAP_Summarized.XLSX
City of Painesville,Lake,2017,GAAP,9426872.0,8886898.0,8886898.0,aos/City_2017_GAAP_Summarized.XLSX
City of Parma,Cuyahoga,2017,GAAP,39480153.0,40015114.0,31511898.0,aos/City_2017_GAAP_Summarized.XLSX
City of Parma Heights,Cuyahoga,2017,GAAP,8248786.0,8671652.0,8671652.0,aos/City_2017_GAAP_Summarized.XLSX
City of Pataskala,Licking,2017,GAAP,5579836.0,5448476.0,0.0,aos/City_2017_GAAP_Summarized.XLSX
City of Pepper Pike,Cuyahoga,2017,GAAP,5755722.0,5822736.0,5822736.0,aos/City_2017_GAAP_Summarized.XLSX
City of Perrysburg,Wood,2017,GAAP,18723076.0,18728621.0,18728621.0,aos/City_2017_GAAP_Summarized.XLSX
City of Pickerington,Fairfield,2017,GAAP,7348344.0,7215093.0,7215093.0,aos/City_2017_GAAP_Summarized.XLSX
City of Piqua,Miami,2017,GAAP,10759830.0,10590978.0,7781404.0,aos/City_2017_GAAP_Summarized.XLSX
City of Portsmouth,Scioto,2017,GAAP,13789556.0,13810850.0,12200981.0,aos/City_2017_GAAP_Summarized.XLSX
City of Powell,Delaware,2017,GAAP,5785260.0,6032579.0,6032579.0,aos/City_2017_GAAP_Summarized.XLSX
City of Ravenna,Portage,2017,GAAP,8916876.0,8860946.0,5632300.0,aos/City_2017_GAAP_Summarized.XLSX
City of Reading,Hamilton,2017,GAAP,6920328.0,7052630.0,7052630.0,aos/City_2017_GAAP_Summarized.XLSX
City of Reynoldsburg,Franklin,2017,GAAP,18628466.0,18570224.0,13020818.0,aos/City_2017_GAAP_Summarized.XLSX
City of Richmond Heights,Cuyahoga,2017,GAAP,6486396.0,6349885.0,6349885.0,aos/City_2017_GAAP_Summarized.XLSX
City of Rittman,Wayne,2017,GAAP,2021712.0,1964356.0,1473267.0,aos/City_2017_GAAP_Summarized.XLSX
City of Riverside,Montgomery,2017,GAAP,6155347.0,5851705.0,4193840.0,aos/City_2017_GAAP_Summarized.XLSX
City of Rocky River,Cuyahoga,2017,GAAP,14194524.0,13823124.0,11143862.0,aos/City_2017_GAAP_Summarized.XLSX
City of Rossford,Wood,2017,GAAP,3928036.0,4167535.0,4167535.0,aos/City_2017_GAAP_Summarized.XLSX
City of Salem,Columbiana,2017,GAAP,6400697.0,6619986.0,4437001.0,aos/City_2017_GAAP_Summarized.XLSX
City of Sandusky,Erie,2017,GAAP,12301074.0,12601782.0,11256286.0,aos/City_2017_GAAP_Summarized.XLSX
City of Seven Hills,Cuyahoga,2017,GAAP,6441507.0,6686764.0,6686764.0,aos/City_2017_GAAP_Summarized.XLSX
City of Shaker Heights,Cuyahoga,2017,GAAP,35805675.0,34727459.0,34727459.0,aos/City_2017_GAAP_Summarized.XLSX
City of Sharonville,Hamilton,2017,GAAP,26857313.0,26276425.0,17790792.0,aos/City_2017_GAAP_Summarized.XLSX
City of Sheffield Lake,Lorain,2017,GAAP,3716572.0,3495672.0,3031815.0,aos/City_2017_GAAP_Summarized.XLSX
City of Shelby,Richland,2017,GAAP,3672549.0,3704021.0,2461549.0,aos/City_2017_GAAP_Summarized.XLSX
City of Sidney,Shelby,2017,GAAP,15059777.0,15936058.0,10407106.0,aos/City_2017_GAAP_Summarized.XLSX
City of Solon,Cuyahoga,2017,GAAP,44316025.0,43223204.0,32338064.0,aos/City_2017_GAAP_Summarized.XLSX
City of South Euclid,Cuyahoga,2017,GAAP,10437452.0,10240842.0,10240842.0,aos/City_2017_GAAP_Summarized.XLSX
City of Springboro,Warren,2017,GAAP,13272536.0,13380200.0,8920577.0,aos/City_2017_GAAP_Summarized.XLSX
City of Springdale,Hamilton,2017,GAAP,14024396.0,14407358.0,14407358.0,aos/City_2017_GAAP_Summarized.XLSX
City of Springfield,Clark,2017,GAAP,33516331.0,33865259.0,30478733.0,aos/City_2017_GAAP_Summarized.XLSX
City of St. Clairsville,Belmont,2017,GAAP,1145981.0,1278933.0,639467.0,aos/City_2017_GAAP_Summarized.XLSX
City of St. Marys,Auglaize,2017,GAAP,4706095.0,4747768.0,2421351.0,aos/City_2017_GAAP_Summarized.XLSX
City of Steubenville,Jefferson,2017,GAAP,10256467.0,9976273.0,8851807.0,aos/City_2017_GAAP_Summarized.XLSX
City of Stow,Summit,2017,GAAP,15246923.0,15194104.0,10307391.0,aos/City_2017_GAAP_Summarized.XLSX
City of Streetsboro,Portage,2017,GAAP,12436101.0,12301319.0,9608293.0,aos/City_2017_GAAP_Summarized.XLSX
City of Strongsville,Cuyahoga,2017,GAAP,34574566.0,35508157.0,31633443.0,aos/City_2017_GAAP_Summarized.XLSX
City of Sylvania,Lucas,2017,GAAP,10859156.0,10905942.0,10033467.0,aos/City_2017_GAAP_Summarized.XLSX
City of Tallmadge,Summit,2017,GAAP,10242096.0,10156843.0,10156843.0,aos/City_2017_GAAP_Summarized.XLSX
City of the Village of Indian Hill,Hamilton,2017,GAAP,13730676.0,14289625.0,14289625.0,aos/City_2017_GAAP_Summarized.XLSX
City of Tiffin,Seneca,2017,GAAP,8261969.0,8932888.0,7754214.0,aos/City_2017_GAAP_Summarized.XLSX
City of Tipp City,Miami,2017,GAAP,5760914.0,0.0,0.0,aos/City_2017_GAAP_Summarized.XLSX
City of Toledo,Lucas,2017,GAAP,176056000.0,176362000.0,176362000.0,aos/City_2017_GAAP_Summarized.XLSX
City of Toronto,Jefferson,2017,GAAP,2951849.0,3392668.0,3392668.0,aos/City_2017_GAAP_Summarized.XLSX
City of Trenton,Butler,2017,GAAP,1788235.0,1814675.0,1814675.0,aos/City_2017_GAAP_Summarized.XLSX
City of Trotwood,Montgomery,2017,GAAP,3973806.0,5081794.0,5081794.0,aos/City_2017_GAAP_Summarized.XLSX
City of Troy,Miami,2017,GAAP,19420325.0,19858640.0,19858640.0,aos/City_2017_GAAP_Summarized.XLSX
City of Twinsburg,Summit,2017,GAAP,22749862.0,22539519.0,22539519.0,aos/City_2017_GAAP_Summarized.XLSX
City of Uhrichsville,Tuscarawas,2017,GAAP,1799733.0,1874849.0,1370488.0,aos/City_2017_GAAP_Summarized.XLSX
City of Union,Montgomery,2017,GAAP,1185795.0,1238605.0,1238605.0,aos/City_2017_GAAP_Summarized.XLSX
City of University Heights,Cuyahoga,2017,GAAP,10027918.0,9997545.0,9997545.0,aos/City_2017_GAAP_Summarized.XLSX
City of Upper Arlington,Franklin,2017,GAAP,25447687.0,26777498.0,26777498.0,aos/City_2017_GAAP_Summarized.XLSX
City of Upper Sandusky,Wyandot,2017,GAAP,3000911.0,3019375.0,2268246.0,aos/City_2017_GAAP_Summarized.XLSX
City of Urbana,Champaign,2017,GAAP,6306524.0,6294680.0,3372201.0,aos/City_2017_GAAP_Summarized.XLSX
City of Vandalia,Montgomery,2017,GAAP,13897814.0,13714997.0,11957165.0,aos/City_2017_GAAP_Summarized.XLSX
City of Vermilion,Erie,2017,GAAP,3362930.0,3064098.0,2028019.0,aos/City_2017_GAAP_Summarized.XLSX
City of Wadsworth,Medina,2017,GAAP,8626387.0,9164893.0,5822783.0,aos/City_2017_GAAP_Summarized.XLSX
City of Wapakoneta,Auglaize,2017,GAAP,2722228.0,2671757.0,2671757.0,aos/City_2017_GAAP_Summarized.XLSX
City of Warren,Trumbull,2017,GAAP,18091853.0,19574834.0,19574834.0,aos/City_2017_GAAP_Summarized.XLSX
City of Warrensville Heights,Cuyahoga,2017,GAAP,17607661.0,17829418.0,17829418.0,aos/City_2017_GAAP_Summarized.XLSX
City of Washington Court House,Fayette,2017,GAAP,7649205.0,7519486.0,3821286.0,aos/City_2017_GAAP_Summarized.XLSX
City of Waterville,Lucas,2017,GAAP,3311997.0,3499953.0,2624965.0,aos/City_2017_GAAP_Summarized.XLSX
City of Wauseon,Fulton,2017,GAAP,4161137.0,0.0,0.0,aos/City_2017_GAAP_Summarized.XLSX
City of Wellston,Jackson,2017,GAAP,1276065.0,1276065.0,1276065.0,aos/City_2017_GAAP_Summarized.XLSX
City of West Carrollton,Montgomery,2017,GAAP,6846225.0,6786252.0,5293277.0,aos/City_2017_GAAP_Summarized.XLSX
City of Westerville,Franklin,2017,GAAP,47146161.0,47155434.0,32603546.0,aos/City_2017_GAAP_Summarized.XLSX
City of Westlake,Cuyahoga,2017,GAAP,30639670.0,31116720.0,20550455.0,aos/City_2017_GAAP_Summarized.XLSX
City of Whitehall,Franklin,2017,GAAP,24785718.0,25252129.0,25252129.0,aos/City_2017_GAAP_Summarized.XLSX
City of Wickliffe,Lake,2017,GAAP,9192265.0,9232824.0,9232824.0,aos/City_2017_GAAP_Summarized.XLSX
City of Willard,Huron,2017,GAAP,3491840.0,3469845.0,2292712.0,aos/City_2017_GAAP_Summarized.XLSX
City of Willoughby,Lake,2017,GAAP,16591378.0,17180978.0,17180978.0,aos/City_2017_GAAP_Summarized.XLSX
City of Willoughby Hills,Lake,2017,GAAP,5094871.0,5070604.0,4039711.0,aos/City_2017_GAAP_Summarized.XLSX
City of Willowick,Lake,2017,GAAP,2550394.0,3270896.0,3270896.0,aos/City_2017_GAAP_Summarized.XLSX
City of Wilmington,Clinton,2017,GAAP,7877326.0,7645831.0,7645831.0,aos/City_2017_GAAP_Summarized.XLSX
City of Wooster,Wayne,2017,GAAP,18092521.0,0.0,0.0,aos/City_2017_GAAP_Summarized.XLSX
City of Worthington,Franklin,2017,GAAP,27009943.0,27310948.0,21848758.0,aos/City_2017_GAAP_Summarized.XLSX
City of Wyoming,Hamilton,2017,GAAP,6229982.0,6103977.0,6103977.0,aos/City_2017_GAAP_Summarized.XLSX
City of Xenia,Greene,2017,GAAP,12514453.0,12645955.0,5656146.0,aos/City_2017_GAAP_Summarized.XLSX
City of Youngstown,Mahoning,2017,GAAP,42625930.0,42759708.0,22990421.0,aos/City_2017_GAAP_Summarized.XLSX
City of Zanesville,Muskingum,2017,GAAP,17537779.0,17712353.0,9648383.0,aos/City_2017_GAAP_Summarized.XLSX
City of Germantown,Montgomery,2017,MOD,1223528.0,1223528.0,1223528.0,aos/City_2017_MOD_Summarized.XLSX
City of Ironton,Lawrence,2017,MOD,2363039.0,0.0,0.0,aos/City_2017_MOD_Summarized.XLSX
City of Van Wert,Van Wert,2017,MOD,7216722.0,7216722.0,4261259.0,aos/City_2017_MOD_Summarized.XLSX
City of Kenton,Hardin,2018,CASH,3374761.0,3374761.0,3374761.0,aos/City_2018_CASH_Summarized.XLSX
City of North College Hill,Hamilton,2018,CASH,2480678.0,0.0,2480678.0,aos/City_2018_CASH_Summarized.XLSX
City of Port Clinton,Ottawa,2018,CASH,2580705.0,2580705.0,2580705.0,aos/City_2018_CASH_Summarized.XLSX
City of Van Wert,Van Wert,2018,CASH,7568066.0,7568067.0,4470856.0,aos/City_2018_CASH_Summarized.XLSX
City of Akron,Summit,2018,GAAP,168060089.0,162226676.0,94903028.0,aos/City_2018_GAAP_Summarized.XLSX
City of Alliance,Stark,2018,GAAP,10366624.0,10357967.0,9851267.0,aos/City_2018_GAAP_Summarized.XLSX
City of Amherst,Lorain,2018,GAAP,5516304.0,5507134.0,4224744.0,aos/City_2018_GAAP_Summarized.XLSX
City of Ashland,Ashland,2018,GAAP,14709160.0,14318898.0,9640507.0,aos/City_2018_GAAP_Summarized.XLSX
City of Ashtabula,Ashtabula,2018,GAAP,7190986.0,7267649.0,6544816.0,aos/City_2018_GAAP_Summarized.XLSX
City of Athens,Athens,2018,GAAP,14078721.0,14390341.0,8962950.0,aos/City_2018_GAAP_Summarized.XLSX
City of Aurora,Portage,2018,GAAP,15017040.0,14725370.0,14200370.0,aos/City_2018_GAAP_Summarized.XLSX
City of Avon,Lorain,2018,GAAP,18852519.0,18661469.0,9749681.0,aos/City_2018_GAAP_Summarized.XLSX
City of Avon Lake,Lorain,2018,GAAP,11890667.0,11775124.0,7917773.0,aos/City_2018_GAAP_Summarized.XLSX
City of Barberton,Summit,2018,GAAP,13326241.0,12883397.0,11450415.0,aos/City_2018_GAAP_Summarized.XLSX
City of Bay Village,Cuyahoga,2018,GAAP,7258726.0,7204890.0,6733190.0,aos/City_2018_GAAP_Summarized.XLSX
City of Beachwood,Cuyahoga,2018,GAAP,32309577.0,32037195.0,32037195.0,aos/City_2018_GAAP_Summarized.XLSX
City of Bedford,Cuyahoga,2018,GAAP,10881861.0,10873977.0,9944705.0,aos/City_2018_GAAP_Summarized.XLSX
City of Bedford Heights,Cuyahoga,2018,GAAP,9959691.0,9804219.0,9804219.0,aos/City_2018_GAAP_Summarized.XLSX
City of Bellefontaine,Logan,2018,GAAP,6597978.0,6305786.0,6305786.0,aos/City_2018_GAAP_Summarized.XLSX
City of Bellevue,Huron,2018,GAAP,4758581.0,4790756.0,4790756.0,aos/City_2018_GAAP_Summarized.XLSX
City of Belpre,Washington,2018,GAAP,1622805.0,1652921.0,1652921.0,aos/City_2018_GAAP_Summarized.XLSX
City of Berea,Cuyahoga,2018,GAAP,14039940.0,13857990.0,13857990.0,aos/City_2018_GAAP_Summarized.XLSX
City of Bexley,Franklin,2018,GAAP,11895467.0,11865776.0,11865776.0,aos/City_2018_GAAP_Summarized.XLSX
City of Blue Ash,Hamilton,2018,GAAP,34310895.0,34152647.0,34152647.0,aos/City_2018_GAAP_Summarized.XLSX
City of Bowling Green,Wood,2018,GAAP,21259395.0,20135737.0,7550900.0,aos/City_2018_GAAP_Summarized.XLSX
City of Brecksville,Cuyahoga,2018,GAAP,18307733.0,18258736.0,15398732.0,aos/City_2018_GAAP_Summarized.XLSX
City of Broadview Heights,Cuyahoga,2018,GAAP,13369069.0,12824308.0,11004608.0,aos/City_2018_GAAP_Summarized.XLSX
City of Brook Park,Cuyahoga,2018,GAAP,19556392.0,19794513.0,16872767.0,aos/City_2018_GAAP_Summarized.XLSX
City of Brooklyn,Cuyahoga,2018,GAAP,13495709.0,13979170.0,11742502.0,aos/City_2018_GAAP_Summarized.XLSX
City of Brookville,Montgomery,2018,GAAP,3793891.0,3753297.0,3753297.0,aos/City_2018_GAAP_Summarized.XLSX
City of Brunswick,Medina,2018,GAAP,20327720.0,18513298.0,4730331.0,aos/City_2018_GAAP_Summarized.XLSX
City of Bryan,Williams,2018,GAAP,7666801.0,0.0,0.0,aos/City_2018_GAAP_Summarized.XLSX
City of Bucyrus,Crawford,2018,GAAP,5934445.0,5928289.0,2970584.0,aos/City_2018_GAAP_Summarized.XLSX
City of Cambridge,Guernsey,2018,GAAP,7551757.0,7458298.0,5314227.0,aos/City_2018_GAAP_Summarized.XLSX
City of Campbell,Mahoning,2018,GAAP,2015599.0,2038186.0,1834368.0,aos/City_2018_GAAP_Summarized.XLSX
City of Canal Fulton,Stark,2018,GAAP,2318255.0,2320096.0,2164649.0,aos/City_2018_GAAP_Summarized.XLSX
City of Canal Winchester,Franklin,2018,GAAP,7375176.0,7489395.0,7489395.0,aos/City_2018_GAAP_Summarized.XLSX
City of Canfield,Mahoning,2018,GAAP,3332066.0,3327166.0,3327166.0,aos/City_2018_GAAP_Summarized.XLSX
City of Canton,Stark,2018,GAAP,53456724.0,53880960.0,37786289.0,aos/City_2018_GAAP_Summarized.XLSX
City of Celina,Mercer,2018,GAAP,6463933.0,6430051.0,4279293.0,aos/City_2018_GAAP_Summarized.XLSX
City of Centerville,Montgomery,2018,GAAP,18995065.0,19226039.0,19226039.0,aos/City_2018_GAAP_Summarized.XLSX
City of Chardon,Geauga,2018,GAAP,6586654.0,6525656.0,6329177.0,aos/City_2018_GAAP_Summarized.XLSX
City of Cheviot,Hamilton,2018,GAAP,2065800.0,2110414.0,2110414.0,aos/City_2018_GAAP_Summarized.XLSX
City of Chillicothe,Ross,2018,GAAP,15563364.0,15424214.0,11571785.0,aos/City_2018_GAAP_Summarized.XLSX
City of Cincinnati,Hamilton,2018,GAAP,374664000.0,374664000.0,276537000.0,aos/City_2018_GAAP_Summarized.XLSX
City of Circleville,Pickaway,2018,GAAP,6801864.0,6726434.0,2635052.0,aos/City_2018_GAAP_Summarized.XLSX
City of Clayton,Montgomery,2018,GAAP,4443822.0,4355066.0,2903377.0,aos/City_2018_GAAP_Summarized.XLSX
City of Cleveland,Cuyahoga,2018,GAAP,480966000.0,473306000.0,420717000.0,aos/City_2018_GAAP_Summarized.XLSX
City of Cleveland Heights,Cuyahoga,2018,GAAP,29088986.0,27664058.0,27664058.0,aos/City_2018_GAAP_Summarized.XLSX
City of Clyde,Sandusky,2018,GAAP,4992138.0,4990960.0,3721882.0,aos/City_2018_GAAP_Summarized.XLSX
City of Columbiana,Columbiana,2018,GAAP,2232585.0,0.0,0.0,aos/City_2018_GAAP_Summarized.XLSX
City of Columbus,Franklin,2018,GAAP,880803000.0,888803000.0,666599000.0,aos/City_2018_GAAP_Summarized.XLSX
City of Conneaut,Ashtabula,2018,GAAP,3030796.0,3129270.0,2463667.0,aos/City_2018_GAAP_Summarized.XLSX
City of Coshocton,Coshocton,2018,GAAP,6295954.0,6664749.0,2482778.0,aos/City_2018_GAAP_Summarized.XLSX
City of Cuyahoga Falls,Summit,2018,GAAP,22600501.0,22897087.0,14647157.0,aos/City_2018_GAAP_Summarized.XLSX
City of Dayton,Montgomery,2018,GAAP,128707187.0,128430901.0,128430901.0,aos/City_2018_GAAP_Summarized.XLSX
City of Deer Park,Hamilton,2018,GAAP,1267220.0,0.0,0.0,aos/City_2018_GAAP_Summarized.XLSX
City of Defiance,Defiance,2018,GAAP,10472913.0,10449350.0,6940263.0,aos/City_2018_GAAP_Summarized.XLSX
City of Delaware,Delaware,2018,GAAP,28042166.0,27679400.0,14966912.0,aos/City_2018_GAAP_Summarized.XLSX
City of Delphos,Allen,2018,GAAP,3776855.0,3634388.0,2074674.0,aos/City_2018_GAAP_Summarized.XLSX
City of Dover,Tuscarawas,2018,GAAP,7430719.0,7178039.0,3919300.0,aos/City_2018_GAAP_Summarized.XLSX
City of Dublin,Franklin,2018,GAAP,85465601.0,85239788.0,63184910.0,aos/City_2018_GAAP_Summarized.XLSX
City of East Cleveland,Cuyahoga,2018,GAAP,5635297.0,5056200.0,5056200.0,aos/City_2018_GAAP_Summarized.XLSX
City of East Liverpool,Columbiana,2018,GAAP,3357632.0,3272189.0,3027700.0,aos/City_2018_GAAP_Summarized.XLSX
City of Eastlake,Lake,2018,GAAP,7093820.0,7011354.0,7011354.0,aos/City_2018_GAAP_Summarized.XLSX
City of Eaton,Preble,2018,GAAP,5068472.0,4899489.0,1306532.0,aos/City_2018_GAAP_Summarized.XLSX
City of Elyria,Lorain,2018,GAAP,33362045.0,34000251.0,22556084.0,aos/City_2018_GAAP_Summarized.XLSX
City of Englewood,Montgomery,2018,GAAP,7139080.0,7073119.0,7073119.0,aos/City_2018_GAAP_Summarized.XLSX
City of Euclid,Cuyahoga,2018,GAAP,25989593.0,25318825.0,25318825.0,aos/City_2018_GAAP_Summarized.XLSX
City of Fairborn,Greene,2018,GAAP,13479882.0,13491824.0,9016247.0,aos/City_2018_GAAP_Summarized.XLSX
City of Fairfield,Butler,2018,GAAP,30739815.0,30288354.0,24184066.0,aos/City_2018_GAAP_Summarized.XLSX
City of Fairlawn,Summit,2018,GAAP,11872189.0,12022122.0,9173370.0,aos/City_2018_GAAP_Summarized.XLSX
City of Fairview Park,Cuyahoga,2018,GAAP,10047185.0,9725442.0,6084178.0,aos/City_2018_GAAP_Summarized.XLSX
City of Findlay,Hancock,2018,GAAP,24620228.0,24096233.0,24096233.0,aos/City_2018_GAAP_Summarized.XLSX
City of Forest Park,Hamilton,2018,GAAP,9414248.0,9640862.0,9640862.0,aos/City_2018_GAAP_Summarized.XLSX
City of Fostoria,Seneca,2018,GAAP,7351872.0,6078078.0,6078078.0,aos/City_2018_GAAP_Summarized.XLSX
City of Franklin,Warren,2018,GAAP,8346175.0,8347632.0,8347632.0,aos/City_2018_GAAP_Summarized.XLSX
City of Fremont,Sandusky,2018,GAAP,8012644.0,8630618.0,8630618.0,aos/City_2018_GAAP_Summarized.XLSX
City of Gahanna,Franklin,2018,GAAP,18970807.0,18858725.0,18858725.0,aos/City_2018_GAAP_Summarized.XLSX
City of Galion,Crawford,2018,GAAP,5111979.0,5148688.0,2574344.0,aos/City_2018_GAAP_Summarized.XLSX
City of Garfield Heights,Cuyahoga,2018,GAAP,11956204.0,11508846.0,9375787.0,aos/City_2018_GAAP_Summarized.XLSX
City of Geneva,Ashtabula,2018,GAAP,3053291.0,3085184.0,3085184.0,aos/City_2018_GAAP_Summarized.XLSX
City of Girard,Trumbull,2018,GAAP,4053058.0,4004754.0,3591916.0,aos/City_2018_GAAP_Summarized.XLSX
City of Grandview Heights,Franklin,2018,GAAP,15633778.0,15134285.0,12347417.0,aos/City_2018_GAAP_Summarized.XLSX
City of Green,Summit,2018,GAAP,24004953.0,24183712.0,22534603.0,aos/City_2018_GAAP_Summarized.XLSX
City of Greenville,Darke,2018,GAAP,7515570.0,7611062.0,7611062.0,aos/City_2018_GAAP_Summarized.XLSX
City of Grove City,Franklin,2018,GAAP,24975645.0,25328352.0,25328352.0,aos/City_2018_GAAP_Summarized.XLSX
City of Groveport,Franklin,2018,GAAP,18609805.0,17379991.0,13934169.0,aos/City_2018_GAAP_Summarized.XLSX
City of Hamilton,Butler,2018,GAAP,26716305.0,26935090.0,20877018.0,aos/City_2018_GAAP_Summarized.XLSX
City of Harrison,Hamilton,2018,GAAP,3790538.0,3881264.0,3881264.0,aos/City_2018_GAAP_Summarized.XLSX
City of Heath,Licking,2018,GAAP,8553511.0,8550824.0,7526745.0,aos/City_2018_GAAP_Summarized.XLSX
City of Highland Heights,Cuyahoga,2018,GAAP,13269536.0,13147683.0,12161606.0,aos/City_2018_GAAP_Summarized.XLSX
City of Hilliard,Franklin,2018,GAAP,28126257.0,28495230.0,18535192.0,aos/City_2018_GAAP_Summarized.XLSX
City of Hillsboro,Highland,2018,GAAP,3695479.0,0.0,0.0,aos/City_2018_GAAP_Summarized.XLSX
City of Hubbard,Trumbull,2018,GAAP,2439848.0,2064952.0,2064952.0,aos/City_2018_GAAP_Summarized.XLSX
City of Huber Heights,Montgomery,2018,GAAP,19084963.0,18408536.0,6615647.0,aos/City_2018_GAAP_Summarized.XLSX
City of Hudson,Summit,2018,GAAP,22992258.0,22197225.0,17573164.0,aos/City_2018_GAAP_Summarized.XLSX
City of Huron,Erie,2018,GAAP,2674541.0,2650941.0,1805033.0,aos/City_2018_GAAP_Summarized.XLSX
City of Independence,Cuyahoga,2018,GAAP,34444017.0,33653307.0,33653307.0,aos/City_2018_GAAP_Summarized.XLSX
City of Jackson,Jackson,2018,GAAP,862797.0,690000.0,0.0,aos/City_2018_GAAP_Summarized.XLSX
City of Kent,Portage,2018,GAAP,16105879.0,16173757.0,3462679.0,aos/City_2018_GAAP_Summarized.XLSX
City of Kettering,Montgomery,2018,GAAP,47490344.0,47663176.0,47663176.0,aos/City_2018_GAAP_Summarized.XLSX
City of Kirtland,Lake,2018,GAAP,3835254.0,3711670.0,3711670.0,aos/City_2018_GAAP_Summarized.XLSX
City of Lakewood,Cuyahoga,2018,GAAP,24888422.0,24470492.0,24470492.0,aos/City_2018_GAAP_Summarized.XLSX
City of Lancaster,Fairfield,2018,GAAP,19526066.0,20070363.0,11545473.0,aos/City_2018_GAAP_Summarized.XLSX
City of Lebanon,Warren,2018,GAAP,9847997.0,9873295.0,5530844.0,aos/City_2018_GAAP_Summarized.XLSX
City of Lima,Allen,2018,GAAP,18407610.0,18286350.0,18286350.0,aos/City_2018_GAAP_Summarized.XLSX
City of Logan,Hocking,2018,GAAP,4566545.0,4526563.0,3847578.0,aos/City_2018_GAAP_Summarized.XLSX
City of London,Madison,2018,GAAP,6194457.0,0.0,0.0,aos/City_2018_GAAP_Summarized.XLSX
City of Lorain,Lorain,2018,GAAP,24856006.0,24856451.0,20015197.0,aos/City_2018_GAAP_Summarized.XLSX
City of Louisville,Stark,2018,GAAP,3536558.0,3669464.0,3669464.0,aos/City_2018_GAAP_Summarized.XLSX
City of Loveland,Hamilton,2018,GAAP,4495030.0,4496060.0,4496060.0,aos/City_2018_GAAP_Summarized.XLSX
City of Lyndhurst,Cuyahoga,2018,GAAP,10107502.0,10069035.0,10069035.0,aos/City_2018_GAAP_Summarized.XLSX
City of Macedonia,Summit,2018,GAAP,10942893.0,10789542.0,8618842.0,aos/City_2018_GAAP_Summarized.XLSX
City of Madeira,Hamilton,2018,GAAP,2870089.0,0.0,0.0,aos/City_2018_GAAP_Summarized.XLSX
City of Mansfield,Richland,2018,GAAP,30670279.0,30813462.0,15409720.0,aos/City_2018_GAAP_Summarized.XLSX
City of Maple Heights,Cuyahoga,2018,GAAP,6553940.0,7110695.0,7110695.0,aos/City_2018_GAAP_Summarized.XLSX
City of Marietta,Washington,2018,GAAP,10576860.0,10602247.0,7615296.0,aos/City_2018_GAAP_Summarized.XLSX
City of Marion,Marion,2018,GAAP,16968150.0,16940727.0,8432662.0,aos/City_2018_GAAP_Summarized.XLSX
City of Martins Ferry,Belmont,2018,GAAP,1645192.0,1657317.0,1657317.0,aos/City_2018_GAAP_Summarized.XLSX
City of Marysville,Union,2018,GAAP,18386826.0,18769821.0,18769821.0,aos/City_2018_GAAP_Summarized.XLSX
City of Mason,Warren,2018,GAAP,37542739.0,38372115.0,38372115.0,aos/City_2018_GAAP_Summarized.XLSX
City of Massillon,Stark,2018,GAAP,21673574.0,20367927.0,14643319.0,aos/City_2018_GAAP_Summarized.XLSX
City of Maumee,Lucas,2018,GAAP,16666042.0,16493527.0,10991636.0,aos/City_2018_GAAP_Summarized.XLSX
City of Mayfield Heights,Cuyahoga,2018,GAAP,16922402.0,16522229.0,16522229.0,aos/City_2018_GAAP_Summarized.XLSX
City of Medina,Medina,2018,GAAP,15731439.0,15244603.0,3676253.0,aos/City_2018_GAAP_Summarized.XLSX
City of Mentor,Lake,2018,GAAP,43614088.0,43321075.0,43321075.0,aos/City_2018_GAAP_Summarized.XLSX
City of Mentor-on-the-Lake,Lake,2018,GAAP,1158683.0,1130696.0,1130696.0,aos/City_2018_GAAP_Summarized.XLSX
City of Miamisburg,Montgomery,2018,GAAP,16181695.0,16298390.0,13540355.0,aos/City_2018_GAAP_Summarized.XLSX
City of Middleburg Heights,Cuyahoga,2018,GAAP,20484806.0,20451474.0,16038429.0,aos/City_2018_GAAP_Summarized.XLSX
City of Middletown,Butler,2018,GAAP,23541368.0,23441368.0,18363559.0,aos/City_2018_GAAP_Summarized.XLSX
City of Milford,Clermont,2018,GAAP,3955289.0,3809770.0,3673006.0,aos/City_2018_GAAP_Summarized.XLSX
City of Monroe,Butler,2018,GAAP,11451372.0,11520127.0,11520127.0,aos/City_2018_GAAP_Summarized.XLSX
City of Montgomery,Hamilton,2018,GAAP,9528350.0,0.0,0.0,aos/City_2018_GAAP_Summarized.XLSX
City of Moraine,Montgomery,2018,GAAP,18523503.0,18495136.0,18495136.0,aos/City_2018_GAAP_Summarized.XLSX
City of Mount Vernon,Knox,2018,GAAP,16401453.0,0.0,0.0,aos/City_2018_GAAP_Summarized.XLSX
City of Mt. Healthy,Hamilton,2018,GAAP,2463372.0,2328372.0,1811848.0,aos/City_2018_GAAP_Summarized.XLSX
City of Munroe Falls,Summit,2018,GAAP,1433699.0,1386013.0,1215976.0,aos/City_2018_GAAP_Summarized.XLSX
City of Napoleon,Henry,2018,GAAP,3272728.0,3251699.0,3251699.0,aos/City_2018_GAAP_Summarized.XLSX
City of Nelsonville,Athens,2018,GAAP,1495914.0,1474999.0,1231774.0,aos/City_2018_GAAP_Summarized.XLSX
City of New Albany,Franklin,2018,GAAP,36654313.0,36072544.0,20212539.0,aos/City_2018_GAAP_Summarized.XLSX
City of New Carlisle,Clark,2018,GAAP,1779127.0,1621690.0,1082966.0,aos/City_2018_GAAP_Summarized.XLSX
City of New Franklin,Summit,2018,GAAP,3268822.0,3048973.0,2902615.0,aos/City_2018_GAAP_Summarized.XLSX
City of New Philadelphia,Tuscarawas,2018,GAAP,8178907.0,8038464.0,3724349.0,aos/City_2018_GAAP_Summarized.XLSX
City of Newark,Licking,2018,GAAP,23055696.0,0.0,0.0,aos/City_2018_GAAP_Summarized.XLSX
City of Niles,Trumbull,2018,GAAP,10359931.0,9272635.0,4666562.0,aos/City_2018_GAAP_Summarized.XLSX
City of North Canton,Stark,2018,GAAP,7852993.0,7940216.0,5785337.0,aos/City_2018_GAAP_Summarized.XLSX
City of North Olmsted,Cuyahoga,2018,GAAP,15357622.0,16008308.0,11205816.0,aos/City_2018_GAAP_Summarized.XLSX
City of North Ridgeville,Lorain,2018,GAAP,13199882.0,11666601.0,9674779.0,aos/City_2018_GAAP_Summarized.XLSX
City of North Royalton,Cuyahoga,2018,GAAP,16278577.0,16096800.0,13126298.0,aos/City_2018_GAAP_Summarized.XLSX
City of Northwood,Wood,2018,GAAP,6256790.0,6248709.0,4374096.0,aos/City_2018_GAAP_Summarized.XLSX
City of Norton,Summit,2018,GAAP,6336185.0,5998755.0,5479088.0,aos/City_2018_GAAP_Summarized.XLSX
City of Norwalk,Huron,2018,GAAP,6369137.0,5772849.0,4618284.0,aos/City_2018_GAAP_Summarized.XLSX
City of Norwood,Hamilton,2018,GAAP,17758300.0,18276134.0,17978055.0,aos/City_2018_GAAP_Summarized.XLSX
City of Oakwood,Montgomery,2018,GAAP,7253007.0,7197932.0,7197932.0,aos/City_2018_GAAP_Summarized.XLSX
City of Oberlin,Lorain,2018,GAAP,7816369.0,7816369.0,5624719.0,aos/City_2018_GAAP_Summarized.XLSX
City of Olmsted Falls,Cuyahoga,2018,GAAP,3179749.0,3186739.0,2818862.0,aos/City_2018_GAAP_Summarized.XLSX
City of Ontario,Richland,2018,GAAP,5341893.0,5382081.0,3697468.0,aos/City_2018_GAAP_Summarized.XLSX
City of Oregon,Lucas,2018,GAAP,24062037.0,24147046.0,19880043.0,aos/City_2018_GAAP_Summarized.XLSX
City of Orrville,Wayne,2018,GAAP,7095690.0,6566266.0,4632193.0,aos/City_2018_GAAP_Summarized.XLSX
City of Oxford,Butler,2018,GAAP,11023834.0,10520961.0,9199824.0,aos/City_2018_GAAP_Summarized.XLSX
City of Painesville,Lake,2018,GAAP,8645785.0,8311750.0,8311750.0,aos/City_2018_GAAP_Summarized.XLSX
City of Parma,Cuyahoga,2018,GAAP,40503486.0,40403845.0,31818024.0,aos/City_2018_GAAP_Summarized.XLSX
City of Parma Heights,Cuyahoga,2018,GAAP,3713213.0,7982836.0,7982836.0,aos/City_2018_GAAP_Summarized.XLSX
City of Pataskala,Licking,2018,GAAP,6016173.0,5743416.0,0.0,aos/City_2018_GAAP_Summarized.XLSX
City of Pepper Pike,Cuyahoga,2018,GAAP,6897537.0,6336929.0,6336929.0,aos/City_2018_GAAP_Summarized.XLSX
City of Perrysburg,Wood,2018,GAAP,18981382.0,18970555.0,18970555.0,aos/City_2018_GAAP_Summarized.XLSX
City of Pickerington,Fairfield,2018,GAAP,6993683.0,7082357.0,7082357.0,aos/City_2018_GAAP_Summarized.XLSX
City of Piqua,Miami,2018,GAAP,10619123.0,10791675.0,7929327.0,aos/City_2018_GAAP_Summarized.XLSX
City of Portsmouth,Scioto,2018,GAAP,14305157.0,14295893.0,12579495.0,aos/City_2018_GAAP_Summarized.XLSX
City of Powell,Delaware,2018,GAAP,5954083.0,5808300.0,5808300.0,aos/City_2018_GAAP_Summarized.XLSX
City of Ravenna,Portage,2018,GAAP,9483505.0,9475693.0,6059006.0,aos/City_2018_GAAP_Summarized.XLSX
City of Reading,Hamilton,2018,GAAP,7415828.0,7567248.0,7567248.0,aos/City_2018_GAAP_Summarized.XLSX
City of Reynoldsburg,Franklin,2018,GAAP,23799351.0,23371152.0,15110048.0,aos/City_2018_GAAP_Summarized.XLSX
City of Richmond Heights,Cuyahoga,2018,GAAP,8160504.0,7161561.0,7161561.0,aos/City_2018_GAAP_Summarized.XLSX
City of Rittman,Wayne,2018,GAAP,1934224.0,1960533.0,1470399.0,aos/City_2018_GAAP_Summarized.XLSX
City of Riverside,Montgomery,2018,GAAP,6038480.0,6102218.0,4402088.0,aos/City_2018_GAAP_Summarized.XLSX
City of Rocky River,Cuyahoga,2018,GAAP,14836850.0,13780979.0,8962915.0,aos/City_2018_GAAP_Summarized.XLSX
City of Rossford,Wood,2018,GAAP,4394945.0,4176168.0,4176168.0,aos/City_2018_GAAP_Summarized.XLSX
City of Salem,Columbiana,2018,GAAP,6733297.0,6728222.0,4495446.0,aos/City_2018_GAAP_Summarized.XLSX
City of Sandusky,Erie,2018,GAAP,12957559.0,12728980.0,11363346.0,aos/City_2018_GAAP_Summarized.XLSX
City of Seven Hills,Cuyahoga,2018,GAAP,8120539.0,7543573.0,7543573.0,aos/City_2018_GAAP_Summarized.XLSX
City of Shaker Heights,Cuyahoga,2018,GAAP,34125923.0,33992625.0,33992625.0,aos/City_2018_GAAP_Summarized.XLSX
City of Sharonville,Hamilton,2018,GAAP,27236740.0,27349863.0,18500654.0,aos/City_2018_GAAP_Summarized.XLSX
City of Sheffield Lake,Lorain,2018,GAAP,3615291.0,3524391.0,3059229.0,aos/City_2018_GAAP_Summarized.XLSX
City of Shelby,Richland,2018,GAAP,4103560.0,3877927.0,2570081.0,aos/City_2018_GAAP_Summarized.XLSX
City of Sidney,Shelby,2018,GAAP,20585439.0,19566662.0,13831090.0,aos/City_2018_GAAP_Summarized.XLSX
City of Solon,Cuyahoga,2018,GAAP,46338543.0,45618936.0,34118257.0,aos/City_2018_GAAP_Summarized.XLSX
City of South Euclid,Cuyahoga,2018,GAAP,11141278.0,10607684.0,10607684.0,aos/City_2018_GAAP_Summarized.XLSX
City of Springboro,Warren,2018,GAAP,13899458.0,13762046.0,9175159.0,aos/City_2018_GAAP_Summarized.XLSX
City of Springdale,Hamilton,2018,GAAP,14669361.0,14494795.0,14494795.0,aos/City_2018_GAAP_Summarized.XLSX
City of Springfield,Clark,2018,GAAP,38639825.0,38418966.0,34577070.0,aos/City_2018_GAAP_Summarized.XLSX
City of St. Clairsville,Belmont,2018,GAAP,1390944.0,1328546.0,664273.0,aos/City_2018_GAAP_Summarized.XLSX
City of St. Marys,Auglaize,2018,GAAP,4783511.0,4752335.0,2542414.0,aos/City_2018_GAAP_Summarized.XLSX
City of Steubenville,Jefferson,2018,GAAP,10849076.0,11159685.0,9788284.0,aos/City_2018_GAAP_Summarized.XLSX
City of Stow,Summit,2018,GAAP,15830768.0,15822349.0,10519522.0,aos/City_2018_GAAP_Summarized.XLSX
City of Streetsboro,Portage,2018,GAAP,12594161.0,12305914.0,9629575.0,aos/City_2018_GAAP_Summarized.XLSX
City of Strongsville,Cuyahoga,2018,GAAP,35702476.0,35922033.0,32045383.0,aos/City_2018_GAAP_Summarized.XLSX
City of Sylvania,Lucas,2018,GAAP,10704634.0,10694964.0,9839878.0,aos/City_2018_GAAP_Summarized.XLSX
City of Tallmadge,Summit,2018,GAAP,10110310.0,10011817.0,10011817.0,aos/City_2018_GAAP_Summarized.XLSX
City of the Village of Indian Hill,Hamilton,2018,GAAP,12343682.0,8424484.0,8424484.0,aos/City_2018_GAAP_Summarized.XLSX
City of Tiffin,Seneca,2018,GAAP,8898617.0,8880074.0,8031407.0,aos/City_2018_GAAP_Summarized.XLSX
City of Tipp City,Miami,2018,GAAP,6041201.0,6004394.0,3202740.0,aos/City_2018_GAAP_Summarized.XLSX
City of Toledo,Lucas,2018,GAAP,184098000.0,183618000.0,183618000.0,aos/City_2018_GAAP_Summarized.XLSX
City of Toronto,Jefferson,2018,GAAP,2966834.0,2939147.0,2939147.0,aos/City_2018_GAAP_Summarized.XLSX
City of Trenton,Butler,2018,GAAP,2033311.0,1930427.0,1930427.0,aos/City_2018_GAAP_Summarized.XLSX
City of Trotwood,Montgomery,2018,GAAP,5372176.0,5187820.0,5187820.0,aos/City_2018_GAAP_Summarized.XLSX
City of Troy,Miami,2018,GAAP,18698514.0,19320391.0,19320391.0,aos/City_2018_GAAP_Summarized.XLSX
City of Twinsburg,Summit,2018,GAAP,21584620.0,22720517.0,22720517.0,aos/City_2018_GAAP_Summarized.XLSX
City of Uhrichsville,Tuscarawas,2018,GAAP,2056995.0,1964218.0,1350400.0,aos/City_2018_GAAP_Summarized.XLSX
City of Union,Montgomery,2018,GAAP,1066136.0,1060096.0,1060096.0,aos/City_2018_GAAP_Summarized.XLSX
City of University Heights,Cuyahoga,2018,GAAP,10215413.0,10128355.0,9571247.0,aos/City_2018_GAAP_Summarized.XLSX
City of Upper Arlington,Franklin,2018,GAAP,29730445.0,28232156.0,28232156.0,aos/City_2018_GAAP_Summarized.XLSX
City of Upper Sandusky,Wyandot,2018,GAAP,2648561.0,3129138.0,2302385.0,aos/City_2018_GAAP_Summarized.XLSX
City of Urbana,Champaign,2018,GAAP,6793091.0,6799233.0,3642166.0,aos/City_2018_GAAP_Summarized.XLSX
City of Vandalia,Montgomery,2018,GAAP,15237654.0,14671269.0,12805408.0,aos/City_2018_GAAP_Summarized.XLSX
City of Vermilion,Erie,2018,GAAP,3488146.0,3582325.0,2241310.0,aos/City_2018_GAAP_Summarized.XLSX
City of Wadsworth,Medina,2018,GAAP,10980927.0,10199442.0,7300363.0,aos/City_2018_GAAP_Summarized.XLSX
City of Wapakoneta,Auglaize,2018,GAAP,4276937.0,4064067.0,4064067.0,aos/City_2018_GAAP_Summarized.XLSX
City of Warren,Trumbull,2018,GAAP,21345452.0,20679002.0,20679002.0,aos/City_2018_GAAP_Summarized.XLSX
City of Warrensville Heights,Cuyahoga,2018,GAAP,17797030.0,17802827.0,17802827.0,aos/City_2018_GAAP_Summarized.XLSX
City of Washington Court House,Fayette,2018,GAAP,7607428.0,7712659.0,3971223.0,aos/City_2018_GAAP_Summarized.XLSX
City of Waterville,Lucas,2018,GAAP,3519994.0,3463081.0,2597311.0,aos/City_2018_GAAP_Summarized.XLSX
City of Wauseon,Fulton,2018,GAAP,4058441.0,0.0,0.0,aos/City_2018_GAAP_Summarized.XLSX
City of Wellston,Jackson,2018,GAAP,1164641.0,1164641.0,1164641.0,aos/City_2018_GAAP_Summarized.XLSX
City of West Carrollton,Montgomery,2018,GAAP,6724206.0,6942041.0,5359143.0,aos/City_2018_GAAP_Summarized.XLSX
City of Westerville,Franklin,2018,GAAP,50539428.0,49524972.0,33359114.0,aos/City_2018_GAAP_Summarized.XLSX
City of Westlake,Cuyahoga,2018,GAAP,32683513.0,31715656.0,21070803.0,aos/City_2018_GAAP_Summarized.XLSX
City of Whitehall,Franklin,2018,GAAP,27069615.0,26321635.0,26321635.0,aos/City_2018_GAAP_Summarized.XLSX
City of Wickliffe,Lake,2018,GAAP,11113870.0,11113870.0,11113870.0,aos/City_2018_GAAP_Summarized.XLSX
City of Willard,Huron,2018,GAAP,3363575.0,3189844.0,2149153.0,aos/City_2018_GAAP_Summarized.XLSX
City of Willoughby,Lake,2018,GAAP,18399404.0,17959082.0,17959082.0,aos/City_2018_GAAP_Summarized.XLSX
City of Willoughby Hills,Lake,2018,GAAP,5593884.0,5237817.0,4164143.0,aos/City_2018_GAAP_Summarized.XLSX
City of Willowick,Lake,2018,GAAP,3114414.0,2954162.0,2954162.0,aos/City_2018_GAAP_Summarized.XLSX
City of Wilmington,Clinton,2018,GAAP,8267995.0,8050301.0,8050301.0,aos/City_2018_GAAP_Summarized.XLSX
City of Wooster,Wayne,2018,GAAP,17986197.0,0.0,0.0,aos/City_2018_GAAP_Summarized.XLSX
City of Worthington,Franklin,2018,GAAP,26986800.0,25368712.0,20297497.0,aos/City_2018_GAAP_Summarized.XLSX
City of Wyoming,Hamilton,2018,GAAP,6490783.0,6304830.0,6304830.0,aos/City_2018_GAAP_Summarized.XLSX
City of Xenia,Greene,2018,GAAP,12628073.0,12753832.0,5572716.0,aos/City_2018_GAAP_Summarized.XLSX
City of Youngstown,Mahoning,2018,GAAP,44844233.0,42751333.0,23098935.0,aos/City_2018_GAAP_Summarized.XLSX
City of Zanesville,Muskingum,2018,GAAP,17810308.0,17771279.0,9791935.0,aos/City_2018_GAAP_Summarized.XLSX
City of Germantown,Montgomery,2018,MOD,1465047.0,1465047.0,1465047.0,aos/City_2018_MOD_Summarized.XLSX
City of Ironton,Lawrence,2018,MOD,2416310.0,0.0,0.0,aos/City_2018_MOD_Summarized.XLSX
City of Kenton,Hardin,2019,CASH,3606900.0,3606900.0,3606900.0,aos/City_2019_CASH_Summarized.XLSX
City of North College Hill,Hamilton,2019,CASH,2577090.0,2577090.0,2577090.0,aos/City_2019_CASH_Summarized.XLSX
City of Port Clinton,Ottawa,2019,CASH,2588628.0,2588628.0,2588628.0,aos/City_2019_CASH_Summarized.XLSX
City of Struthers,Mahoning,2019,CASH,3175516.0,3175516.0,3175516.0,aos/City_2019_CASH_Summarized.XLSX
City of Van Wert,Van Wert,2019,CASH,7759311.0,7759311.0,4571117.0,aos/City_2019_CASH_Summarized.XLSX
City of Akron,Summit,2019,GAAP,170036813.0,167479460.0,94474366.0,aos/City_2019_GAAP_Summarized.XLSX
City of Alliance,Stark,2019,GAAP,10702325.0,10652126.0,10114600.0,aos/City_2019_GAAP_Summarized.XLSX
City of Amherst,Lorain,2019,GAAP,5843092.0,5590021.0,4236500.0,aos/City_2019_GAAP_Summarized.XLSX
City of Ashland,Ashland,2019,GAAP,15376298.0,15560339.0,10392528.0,aos/City_2019_GAAP_Summarized.XLSX
City of Ashtabula,Ashtabula,2019,GAAP,7217109.0,7465183.0,6722785.0,aos/City_2019_GAAP_Summarized.XLSX
City of Athens,Athens,2019,GAAP,14433560.0,14750274.0,9184346.0,aos/City_2019_GAAP_Summarized.XLSX
City of Aurora,Portage,2019,GAAP,16155683.0,15777740.0,15177740.0,aos/City_2019_GAAP_Summarized.XLSX
City of Avon,Lorain,2019,GAAP,20299002.0,20134539.0,10769274.0,aos/City_2019_GAAP_Summarized.XLSX
City of Avon Lake,Lorain,2019,GAAP,12851527.0,12763965.0,8364847.0,aos/City_2019_GAAP_Summarized.XLSX
City of Barberton,Summit,2019,GAAP,13473349.0,13995531.0,12438608.0,aos/City_2019_GAAP_Summarized.XLSX
City of Bay Village,Cuyahoga,2019,GAAP,7626319.0,7745891.0,7281137.0,aos/City_2019_GAAP_Summarized.XLSX
City of Beachwood,Cuyahoga,2019,GAAP,38158389.0,38375841.0,38375841.0,aos/City_2019_GAAP_Summarized.XLSX
City of Bedford,Cuyahoga,2019,GAAP,12034748.0,11629516.0,10699156.0,aos/City_2019_GAAP_Summarized.XLSX
City of Bedford Heights,Cuyahoga,2019,GAAP,10324697.0,10410484.0,10410484.0,aos/City_2019_GAAP_Summarized.XLSX
City of Bellefontaine,Logan,2019,GAAP,7045391.0,6870991.0,6870991.0,aos/City_2019_GAAP_Summarized.XLSX
City of Bellevue,Huron,2019,GAAP,5952249.0,5774894.0,5774894.0,aos/City_2019_GAAP_Summarized.XLSX
City of Belpre,Washington,2019,GAAP,1594454.0,1726468.0,1726468.0,aos/City_2019_GAAP_Summarized.XLSX
City of Berea,Cuyahoga,2019,GAAP,13810887.0,14350327.0,14350327.0,aos/City_2019_GAAP_Summarized.XLSX
City of Bexley,Franklin,2019,GAAP,12652808.0,12961574.0,12961574.0,aos/City_2019_GAAP_Summarized.XLSX
City of Blue Ash,Hamilton,2019,GAAP,34524308.0,34494737.0,34494737.0,aos/City_2019_GAAP_Summarized.XLSX
City of Bowling Green,Wood,2019,GAAP,21128645.0,21102559.0,7913459.0,aos/City_2019_GAAP_Summarized.XLSX
City of Brecksville,Cuyahoga,2019,GAAP,20639958.0,20105526.0,17885522.0,aos/City_2019_GAAP_Summarized.XLSX
City of Broadview Heights,Cuyahoga,2019,GAAP,13808709.0,13876416.0,13876416.0,aos/City_2019_GAAP_Summarized.XLSX
City of Brook Park,Cuyahoga,2019,GAAP,20813013.0,20547833.0,17501715.0,aos/City_2019_GAAP_Summarized.XLSX
City of Brooklyn,Cuyahoga,2019,GAAP,16922186.0,16764531.0,14082207.0,aos/City_2019_GAAP_Summarized.XLSX
City of Brookville,Montgomery,2019,GAAP,3296261.0,3331300.0,3331300.0,aos/City_2019_GAAP_Summarized.XLSX
City of Brunswick,Medina,2019,GAAP,20143424.0,20495690.0,5478371.0,aos/City_2019_GAAP_Summarized.XLSX
City of Bryan,Williams,2019,GAAP,7401751.0,0.0,0.0,aos/City_2019_GAAP_Summarized.XLSX
City of Bucyrus,Crawford,2019,GAAP,6447076.0,6192653.0,3099872.0,aos/City_2019_GAAP_Summarized.XLSX
City of Cambridge,Guernsey,2019,GAAP,7813917.0,7630167.0,5436987.0,aos/City_2019_GAAP_Summarized.XLSX
City of Campbell,Mahoning,2019,GAAP,1825177.0,2027645.0,1824880.0,aos/City_2019_GAAP_Summarized.XLSX
City of Canal Fulton,Stark,2019,GAAP,2439590.0,2430744.0,2267864.0,aos/City_2019_GAAP_Summarized.XLSX
City of Canal Winchester,Franklin,2019,GAAP,7455910.0,7684047.0,7684047.0,aos/City_2019_GAAP_Summarized.XLSX
City of Canfield,Mahoning,2019,GAAP,3534899.0,3548578.0,3548578.0,aos/City_2019_GAAP_Summarized.XLSX
City of Canton,Stark,2019,GAAP,63689354.0,62602915.0,41177097.0,aos/City_2019_GAAP_Summarized.XLSX
City of Celina,Mercer,2019,GAAP,6671511.0,6589740.0,4414896.0,aos/City_2019_GAAP_Summarized.XLSX
City of Centerville,Montgomery,2019,GAAP,22027383.0,22223560.0,22223560.0,aos/City_2019_GAAP_Summarized.XLSX
City of Chardon,Geauga,2019,GAAP,6497177.0,6674499.0,6471322.0,aos/City_2019_GAAP_Summarized.XLSX
City of Cheviot,Hamilton,2019,GAAP,1863304.0,1946011.0,1946011.0,aos/City_2019_GAAP_Summarized.XLSX
City of Chillicothe,Ross,2019,GAAP,15768604.0,16170025.0,12135582.0,aos/City_2019_GAAP_Summarized.XLSX
City of Cincinnati,Hamilton,2019,GAAP,392004000.0,392004000.0,288736000.0,aos/City_2019_GAAP_Summarized.XLSX
City of Circleville,Pickaway,2019,GAAP,6632805.0,6752580.0,2631018.0,aos/City_2019_GAAP_Summarized.XLSX
City of Clayton,Montgomery,2019,GAAP,4875365.0,4922930.0,3282104.0,aos/City_2019_GAAP_Summarized.XLSX
City of Cleveland,Cuyahoga,2019,GAAP,487077000.0,486792000.0,432704000.0,aos/City_2019_GAAP_Summarized.XLSX
City of Cleveland Heights,Cuyahoga,2019,GAAP,25858382.0,26880604.0,26880604.0,aos/City_2019_GAAP_Summarized.XLSX
City of Clyde,Sandusky,2019,GAAP,4872916.0,4847311.0,3488898.0,aos/City_2019_GAAP_Summarized.XLSX
City of Columbiana,Columbiana,2019,GAAP,2587832.0,0.0,0.0,aos/City_2019_GAAP_Summarized.XLSX
City of Columbus,Franklin,2019,GAAP,953106000.0,948106000.0,711076000.0,aos/City_2019_GAAP_Summarized.XLSX
City of Conneaut,Ashtabula,2019,GAAP,3327462.0,3289860.0,2590106.0,aos/City_2019_GAAP_Summarized.XLSX
City of Coshocton,Coshocton,2019,GAAP,6911759.0,6597957.0,2446525.0,aos/City_2019_GAAP_Summarized.XLSX
City of Cuyahoga Falls,Summit,2019,GAAP,26340231.0,23788787.0,15333542.0,aos/City_2019_GAAP_Summarized.XLSX
City of Dayton,Montgomery,2019,GAAP,134065969.0,133573282.0,133573282.0,aos/City_2019_GAAP_Summarized.XLSX
City of Deer Park,Hamilton,2019,GAAP,1345957.0,0.0,0.0,aos/City_2019_GAAP_Summarized.XLSX
City of Defiance,Defiance,2019,GAAP,10831730.0,10895274.0,7225713.0,aos/City_2019_GAAP_Summarized.XLSX
City of Delaware,Delaware,2019,GAAP,29123276.0,28352880.0,15001364.0,aos/City_2019_GAAP_Summarized.XLSX
City of Delphos,Allen,2019,GAAP,3563455.0,3617402.0,2064016.0,aos/City_2019_GAAP_Summarized.XLSX
City of Dover,Tuscarawas,2019,GAAP,7902523.0,8005171.0,4509629.0,aos/City_2019_GAAP_Summarized.XLSX
City of Dublin,Franklin,2019,GAAP,93329933.0,91709730.0,68130384.0,aos/City_2019_GAAP_Summarized.XLSX
City of East Cleveland,Cuyahoga,2019,GAAP,3567444.0,4729481.0,4729481.0,aos/City_2019_GAAP_Summarized.XLSX
City of East Liverpool,Columbiana,2019,GAAP,3093957.0,3157602.0,2922105.0,aos/City_2019_GAAP_Summarized.XLSX
City of Eastlake,Lake,2019,GAAP,8353461.0,8297941.0,8297941.0,aos/City_2019_GAAP_Summarized.XLSX
City of Eaton,Preble,2019,GAAP,5574818.0,5503849.0,1467693.0,aos/City_2019_GAAP_Summarized.XLSX
City of Elyria,Lorain,2019,GAAP,32278919.0,35560651.0,23628788.0,aos/City_2019_GAAP_Summarized.XLSX
City of Englewood,Montgomery,2019,GAAP,7956825.0,7791448.0,7791448.0,aos/City_2019_GAAP_Summarized.XLSX
City of Euclid,Cuyahoga,2019,GAAP,28858946.0,27868161.0,27868161.0,aos/City_2019_GAAP_Summarized.XLSX
City of Fairborn,Greene,2019,GAAP,13969602.0,13835468.0,9223111.0,aos/City_2019_GAAP_Summarized.XLSX
City of Fairfield,Butler,2019,GAAP,30773706.0,30571598.0,24377758.0,aos/City_2019_GAAP_Summarized.XLSX
City of Fairlawn,Summit,2019,GAAP,11852835.0,12050497.0,9151227.0,aos/City_2019_GAAP_Summarized.XLSX
City of Fairview Park,Cuyahoga,2019,GAAP,10410022.0,10397732.0,6508034.0,aos/City_2019_GAAP_Summarized.XLSX
City of Findlay,Hancock,2019,GAAP,26565962.0,25928394.0,25928394.0,aos/City_2019_GAAP_Summarized.XLSX
City of Forest Park,Hamilton,2019,GAAP,10280740.0,10840520.0,10840520.0,aos/City_2019_GAAP_Summarized.XLSX
City of Fostoria,Seneca,2019,GAAP,5799643.0,6551680.0,6551680.0,aos/City_2019_GAAP_Summarized.XLSX
City of Franklin,Warren,2019,GAAP,8787229.0,8455157.0,8455157.0,aos/City_2019_GAAP_Summarized.XLSX
City of Fremont,Sandusky,2019,GAAP,10048250.0,9942472.0,9942472.0,aos/City_2019_GAAP_Summarized.XLSX
City of Gahanna,Franklin,2019,GAAP,23410081.0,23727439.0,19340752.0,aos/City_2019_GAAP_Summarized.XLSX
City of Galion,Crawford,2019,GAAP,5867180.0,5616109.0,2807554.0,aos/City_2019_GAAP_Summarized.XLSX
City of Garfield Heights,Cuyahoga,2019,GAAP,10991225.0,11920714.0,9728226.0,aos/City_2019_GAAP_Summarized.XLSX
City of Geneva,Ashtabula,2019,GAAP,3034790.0,3023238.0,3023238.0,aos/City_2019_GAAP_Summarized.XLSX
City of Girard,Trumbull,2019,GAAP,4103253.0,4010291.0,3384017.0,aos/City_2019_GAAP_Summarized.XLSX
City of Grandview Heights,Franklin,2019,GAAP,16212561.0,16564024.0,13027199.0,aos/City_2019_GAAP_Summarized.XLSX
City of Green,Summit,2019,GAAP,24923642.0,24689853.0,23005758.0,aos/City_2019_GAAP_Summarized.XLSX
City of Greenville,Darke,2019,GAAP,7166388.0,7301531.0,7301531.0,aos/City_2019_GAAP_Summarized.XLSX
City of Grove City,Franklin,2019,GAAP,26409257.0,26443162.0,26443162.0,aos/City_2019_GAAP_Summarized.XLSX
City of Groveport,Franklin,2019,GAAP,17517895.0,17882855.0,14338247.0,aos/City_2019_GAAP_Summarized.XLSX
City of Hamilton,Butler,2019,GAAP,28838412.0,28672605.0,22221230.0,aos/City_2019_GAAP_Summarized.XLSX
City of Harrison,Hamilton,2019,GAAP,3996737.0,4268600.0,4268600.0,aos/City_2019_GAAP_Summarized.XLSX
City of Heath,Licking,2019,GAAP,9435004.0,9371770.0,8281649.0,aos/City_2019_GAAP_Summarized.XLSX
City of Highland Heights,Cuyahoga,2019,GAAP,12412033.0,11902564.0,11009872.0,aos/City_2019_GAAP_Summarized.XLSX
City of Hilliard,Franklin,2019,GAAP,30004276.0,29833908.0,19636288.0,aos/City_2019_GAAP_Summarized.XLSX
City of Hillsboro,Highland,2019,GAAP,3976911.0,3910434.0,3910434.0,aos/City_2019_GAAP_Summarized.XLSX
City of Hubbard,Trumbull,2019,GAAP,1932027.0,2252729.0,2252729.0,aos/City_2019_GAAP_Summarized.XLSX
City of Huber Heights,Montgomery,2019,GAAP,19719790.0,20132130.0,7237145.0,aos/City_2019_GAAP_Summarized.XLSX
City of Hudson,Summit,2019,GAAP,25481159.0,24487385.0,19275688.0,aos/City_2019_GAAP_Summarized.XLSX
City of Huron,Erie,2019,GAAP,2986483.0,2874126.0,2029051.0,aos/City_2019_GAAP_Summarized.XLSX
City of Independence,Cuyahoga,2019,GAAP,33313603.0,33956815.0,33956815.0,aos/City_2019_GAAP_Summarized.XLSX
City of Jackson,Jackson,2019,GAAP,6034.0,92291.0,0.0,aos/City_2019_GAAP_Summarized.XLSX
City of Kent,Portage,2019,GAAP,17344598.0,16626196.0,3364347.0,aos/City_2019_GAAP_Summarized.XLSX
City of Kettering,Montgomery,2019,GAAP,51649781.0,51507371.0,51507371.0,aos/City_2019_GAAP_Summarized.XLSX
City of Kirtland,Lake,2019,GAAP,3837332.0,3773705.0,3773705.0,aos/City_2019_GAAP_Summarized.XLSX
City of Lakewood,Cuyahoga,2019,GAAP,26449000.0,25677023.0,25677023.0,aos/City_2019_GAAP_Summarized.XLSX
City of Lancaster,Fairfield,2019,GAAP,20977070.0,20762124.0,11541210.0,aos/City_2019_GAAP_Summarized.XLSX
City of Lebanon,Warren,2019,GAAP,10580698.0,10480206.0,6065668.0,aos/City_2019_GAAP_Summarized.XLSX
City of Lima,Allen,2019,GAAP,19212528.0,19927637.0,19927637.0,aos/City_2019_GAAP_Summarized.XLSX
City of Logan,Hocking,2019,GAAP,4566579.0,4565143.0,3882307.0,aos/City_2019_GAAP_Summarized.XLSX
City of London,Madison,2019,GAAP,5785272.0,6290375.0,4000078.0,aos/City_2019_GAAP_Summarized.XLSX
City of Lorain,Lorain,2019,GAAP,25154687.0,25581209.0,20571471.0,aos/City_2019_GAAP_Summarized.XLSX
City of Louisville,Stark,2019,GAAP,3794626.0,3703175.0,3703175.0,aos/City_2019_GAAP_Summarized.XLSX
City of Loveland,Hamilton,2019,GAAP,4773872.0,4811133.0,4811133.0,aos/City_2019_GAAP_Summarized.XLSX
City of Lyndhurst,Cuyahoga,2019,GAAP,9868432.0,10327765.0,10327765.0,aos/City_2019_GAAP_Summarized.XLSX
City of Macedonia,Summit,2019,GAAP,13087897.0,13097618.0,9577893.0,aos/City_2019_GAAP_Summarized.XLSX
City of Madeira,Hamilton,2019,GAAP,3295805.0,0.0,0.0,aos/City_2019_GAAP_Summarized.XLSX
City of Mansfield,Richland,2019,GAAP,31193125.0,31932640.0,15969152.0,aos/City_2019_GAAP_Summarized.XLSX
City of Maple Heights,Cuyahoga,2019,GAAP,7544901.0,7444835.0,7444835.0,aos/City_2019_GAAP_Summarized.XLSX
City of Marietta,Washington,2019,GAAP,11824232.0,11831144.0,7798576.0,aos/City_2019_GAAP_Summarized.XLSX
City of Marion,Marion,2019,GAAP,17108300.0,17051543.0,8499770.0,aos/City_2019_GAAP_Summarized.XLSX
City of Martins Ferry,Belmont,2019,GAAP,1373798.0,1552840.0,1552840.0,aos/City_2019_GAAP_Summarized.XLSX
City of Marysville,Union,2019,GAAP,19779333.0,19773436.0,19773436.0,aos/City_2019_GAAP_Summarized.XLSX
City of Mason,Warren,2019,GAAP,36291906.0,36038764.0,36038764.0,aos/City_2019_GAAP_Summarized.XLSX
City of Massillon,Stark,2019,GAAP,19287284.0,20849702.0,14840946.0,aos/City_2019_GAAP_Summarized.XLSX
City of Maumee,Lucas,2019,GAAP,16385602.0,16692113.0,11124059.0,aos/City_2019_GAAP_Summarized.XLSX
City of Mayfield Heights,Cuyahoga,2019,GAAP,16831413.0,16948074.0,16948074.0,aos/City_2019_GAAP_Summarized.XLSX
City of Medina,Medina,2019,GAAP,16815153.0,16186566.0,3830155.0,aos/City_2019_GAAP_Summarized.XLSX
City of Mentor,Lake,2019,GAAP,46145774.0,45616221.0,45616221.0,aos/City_2019_GAAP_Summarized.XLSX
City of Mentor-on-the-Lake,Lake,2019,GAAP,1179411.0,1292103.0,1292103.0,aos/City_2019_GAAP_Summarized.XLSX
City of Miamisburg,Montgomery,2019,GAAP,16894877.0,17019164.0,14158162.0,aos/City_2019_GAAP_Summarized.XLSX
City of Middleburg Heights,Cuyahoga,2019,GAAP,21448382.0,21466125.0,17215767.0,aos/City_2019_GAAP_Summarized.XLSX
City of Middletown,Butler,2019,GAAP,26009538.0,26409538.0,21084648.0,aos/City_2019_GAAP_Summarized.XLSX
City of Milford,Clermont,2019,GAAP,4346575.0,4277350.0,4129320.0,aos/City_2019_GAAP_Summarized.XLSX
City of Monroe,Butler,2019,GAAP,13407727.0,13044974.0,9643051.0,aos/City_2019_GAAP_Summarized.XLSX
City of Montgomery,Hamilton,2019,GAAP,9899146.0,0.0,0.0,aos/City_2019_GAAP_Summarized.XLSX
City of Moraine,Montgomery,2019,GAAP,20832783.0,20599987.0,20599987.0,aos/City_2019_GAAP_Summarized.XLSX
City of Mount Vernon,Knox,2019,GAAP,16733601.0,19721322.0,5138283.0,aos/City_2019_GAAP_Summarized.XLSX
City of Mt. Healthy,Hamilton,2019,GAAP,2389721.0,2452721.0,1928878.0,aos/City_2019_GAAP_Summarized.XLSX
City of Munroe Falls,Summit,2019,GAAP,1979206.0,1835822.0,1658181.0,aos/City_2019_GAAP_Summarized.XLSX
City of Napoleon,Henry,2019,GAAP,4017857.0,3998165.0,3998165.0,aos/City_2019_GAAP_Summarized.XLSX
City of Nelsonville,Athens,2019,GAAP,1407771.0,1416194.0,1176912.0,aos/City_2019_GAAP_Summarized.XLSX
City of New Albany,Franklin,2019,GAAP,40774119.0,39510853.0,21742065.0,aos/City_2019_GAAP_Summarized.XLSX
City of New Carlisle,Clark,2019,GAAP,1764138.0,1768212.0,1185662.0,aos/City_2019_GAAP_Summarized.XLSX
City of New Franklin,Summit,2019,GAAP,3196294.0,3111486.0,2961908.0,aos/City_2019_GAAP_Summarized.XLSX
City of New Philadelphia,Tuscarawas,2019,GAAP,8277892.0,8491791.0,3919502.0,aos/City_2019_GAAP_Summarized.XLSX
City of Newark,Licking,2019,GAAP,24146929.0,0.0,0.0,aos/City_2019_GAAP_Summarized.XLSX
City of Niles,Trumbull,2019,GAAP,10162446.0,9887870.0,5024671.0,aos/City_2019_GAAP_Summarized.XLSX
City of North Canton,Stark,2019,GAAP,7865124.0,8038595.0,5759218.0,aos/City_2019_GAAP_Summarized.XLSX
City of North Olmsted,Cuyahoga,2019,GAAP,16544287.0,16070820.0,11249574.0,aos/City_2019_GAAP_Summarized.XLSX
City of North Ridgeville,Lorain,2019,GAAP,12084600.0,13102900.0,11137465.0,aos/City_2019_GAAP_Summarized.XLSX
City of North Royalton,Cuyahoga,2019,GAAP,17774764.0,17485287.0,14118983.0,aos/City_2019_GAAP_Summarized.XLSX
City of Northwood,Wood,2019,GAAP,6275194.0,6243886.0,4370720.0,aos/City_2019_GAAP_Summarized.XLSX
City of Norton,Summit,2019,GAAP,6525740.0,6887698.0,6243396.0,aos/City_2019_GAAP_Summarized.XLSX
City of Norwalk,Huron,2019,GAAP,6721397.0,6998259.0,5598540.0,aos/City_2019_GAAP_Summarized.XLSX
City of Norwood,Hamilton,2019,GAAP,18921678.0,19046249.0,18754728.0,aos/City_2019_GAAP_Summarized.XLSX
City of Oakwood,Montgomery,2019,GAAP,7964892.0,8074898.0,8074898.0,aos/City_2019_GAAP_Summarized.XLSX
City of Oberlin,Lorain,2019,GAAP,7442107.0,7442107.0,5354614.0,aos/City_2019_GAAP_Summarized.XLSX
City of Olmsted Falls,Cuyahoga,2019,GAAP,3231590.0,3242640.0,2866897.0,aos/City_2019_GAAP_Summarized.XLSX
City of Ontario,Richland,2019,GAAP,5767270.0,5712917.0,3909573.0,aos/City_2019_GAAP_Summarized.XLSX
City of Oregon,Lucas,2019,GAAP,21464394.0,21387943.0,17646505.0,aos/City_2019_GAAP_Summarized.XLSX
City of Orrville,Wayne,2019,GAAP,8761814.0,7497519.0,5287649.0,aos/City_2019_GAAP_Summarized.XLSX
City of Oxford,Butler,2019,GAAP,10665915.0,10575970.0,9261290.0,aos/City_2019_GAAP_Summarized.XLSX
City of Painesville,Lake,2019,GAAP,9123409.0,9474433.0,9474433.0,aos/City_2019_GAAP_Summarized.XLSX
City of Parma,Cuyahoga,2019,GAAP,40897234.0,40901428.0,32209871.0,aos/City_2019_GAAP_Summarized.XLSX
City of Parma Heights,Cuyahoga,2019,GAAP,7827124.0,8626611.0,8626611.0,aos/City_2019_GAAP_Summarized.XLSX
City of Pataskala,Licking,2019,GAAP,5970471.0,5899011.0,0.0,aos/City_2019_GAAP_Summarized.XLSX
City of Pepper Pike,Cuyahoga,2019,GAAP,6610939.0,6525528.0,6525528.0,aos/City_2019_GAAP_Summarized.XLSX
City of Perrysburg,Wood,2019,GAAP,20687736.0,20537602.0,20537602.0,aos/City_2019_GAAP_Summarized.XLSX
City of Pickerington,Fairfield,2019,GAAP,8204007.0,7942803.0,7942803.0,aos/City_2019_GAAP_Summarized.XLSX
City of Piqua,Miami,2019,GAAP,11214549.0,11214549.0,8239975.0,aos/City_2019_GAAP_Summarized.XLSX
City of Portsmouth,Scioto,2019,GAAP,14710992.0,14711378.0,12945626.0,aos/City_2019_GAAP_Summarized.XLSX
City of Powell,Delaware,2019,GAAP,6591293.0,6381281.0,6381281.0,aos/City_2019_GAAP_Summarized.XLSX
City of Ravenna,Portage,2019,GAAP,9755724.0,9682107.0,6223041.0,aos/City_2019_GAAP_Summarized.XLSX
City of Reading,Hamilton,2019,GAAP,7688445.0,7637893.0,7637893.0,aos/City_2019_GAAP_Summarized.XLSX
City of Reynoldsburg,Franklin,2019,GAAP,25775850.0,26139135.0,18524611.0,aos/City_2019_GAAP_Summarized.XLSX
City of Richmond Heights,Cuyahoga,2019,GAAP,6834034.0,7314594.0,7314594.0,aos/City_2019_GAAP_Summarized.XLSX
City of Rittman,Wayne,2019,GAAP,2060144.0,2067829.0,1550871.0,aos/City_2019_GAAP_Summarized.XLSX
City of Riverside,Montgomery,2019,GAAP,6235704.0,6380530.0,4594947.0,aos/City_2019_GAAP_Summarized.XLSX
City of Rocky River,Cuyahoga,2019,GAAP,15937337.0,16363652.0,11726366.0,aos/City_2019_GAAP_Summarized.XLSX
City of Rossford,Wood,2019,GAAP,4780412.0,4897033.0,4897033.0,aos/City_2019_GAAP_Summarized.XLSX
City of Salem,Columbiana,2019,GAAP,6693235.0,6701096.0,4493525.0,aos/City_2019_GAAP_Summarized.XLSX
City of Sandusky,Erie,2019,GAAP,12341766.0,12965348.0,11578141.0,aos/City_2019_GAAP_Summarized.XLSX
City of Seven Hills,Cuyahoga,2019,GAAP,8700823.0,8216522.0,8216522.0,aos/City_2019_GAAP_Summarized.XLSX
City of Shaker Heights,Cuyahoga,2019,GAAP,37406115.0,36703070.0,36703070.0,aos/City_2019_GAAP_Summarized.XLSX
City of Sharonville,Hamilton,2019,GAAP,27575296.0,28384683.0,19223403.0,aos/City_2019_GAAP_Summarized.XLSX
City of Sheffield Lake,Lorain,2019,GAAP,3496962.0,3654462.0,3175154.0,aos/City_2019_GAAP_Summarized.XLSX
City of Shelby,Richland,2019,GAAP,3915036.0,4016553.0,2676495.0,aos/City_2019_GAAP_Summarized.XLSX
City of Sidney,Shelby,2019,GAAP,16818241.0,17135773.0,11949395.0,aos/City_2019_GAAP_Summarized.XLSX
City of Solon,Cuyahoga,2019,GAAP,43226393.0,44141686.0,33106265.0,aos/City_2019_GAAP_Summarized.XLSX
City of South Euclid,Cuyahoga,2019,GAAP,9917479.0,11044183.0,11044183.0,aos/City_2019_GAAP_Summarized.XLSX
City of Springboro,Warren,2019,GAAP,14297708.0,13898865.0,9265763.0,aos/City_2019_GAAP_Summarized.XLSX
City of Springdale,Hamilton,2019,GAAP,15983441.0,16065380.0,16065380.0,aos/City_2019_GAAP_Summarized.XLSX
City of Springfield,Clark,2019,GAAP,40953866.0,41046500.0,36941850.0,aos/City_2019_GAAP_Summarized.XLSX
City of St. Clairsville,Belmont,2019,GAAP,1362533.0,1379863.0,689932.0,aos/City_2019_GAAP_Summarized.XLSX
City of St. Marys,Auglaize,2019,GAAP,4806628.0,4780156.0,2497914.0,aos/City_2019_GAAP_Summarized.XLSX
City of Steubenville,Jefferson,2019,GAAP,10751894.0,10919441.0,9773754.0,aos/City_2019_GAAP_Summarized.XLSX
City of Stow,Summit,2019,GAAP,16803867.0,16970903.0,11376798.0,aos/City_2019_GAAP_Summarized.XLSX
City of Streetsboro,Portage,2019,GAAP,12194300.0,13035184.0,10272563.0,aos/City_2019_GAAP_Summarized.XLSX
City of Strongsville,Cuyahoga,2019,GAAP,37453465.0,37780744.0,33706024.0,aos/City_2019_GAAP_Summarized.XLSX
City of Sylvania,Lucas,2019,GAAP,11558260.0,11484066.0,10565341.0,aos/City_2019_GAAP_Summarized.XLSX
City of Tallmadge,Summit,2019,GAAP,11161240.0,10938609.0,10938609.0,aos/City_2019_GAAP_Summarized.XLSX
City of the Village of Indian Hill,Hamilton,2019,GAAP,13946906.0,13673575.0,13673575.0,aos/City_2019_GAAP_Summarized.XLSX
City of Tiffin,Seneca,2019,GAAP,10713843.0,10526488.0,8401847.0,aos/City_2019_GAAP_Summarized.XLSX
City of Tipp City,Miami,2019,GAAP,6477955.0,6484450.0,3458703.0,aos/City_2019_GAAP_Summarized.XLSX
City of Toledo,Lucas,2019,GAAP,190455000.0,189434000.0,189434000.0,aos/City_2019_GAAP_Summarized.XLSX
City of Toronto,Jefferson,2019,GAAP,4215440.0,3705254.0,3705254.0,aos/City_2019_GAAP_Summarized.XLSX
City of Trenton,Butler,2019,GAAP,2023865.0,2060438.0,2060438.0,aos/City_2019_GAAP_Summarized.XLSX
City of Trotwood,Montgomery,2019,GAAP,5415319.0,5489001.0,5489001.0,aos/City_2019_GAAP_Summarized.XLSX
City of Troy,Miami,2019,GAAP,21541455.0,21347488.0,21347488.0,aos/City_2019_GAAP_Summarized.XLSX
City of Twinsburg,Summit,2019,GAAP,26664266.0,24406591.0,24431591.0,aos/City_2019_GAAP_Summarized.XLSX
City of Uhrichsville,Tuscarawas,2019,GAAP,1944067.0,2011796.0,1383109.0,aos/City_2019_GAAP_Summarized.XLSX
City of Union,Montgomery,2019,GAAP,1304663.0,1300732.0,1300732.0,aos/City_2019_GAAP_Summarized.XLSX
City of University Heights,Cuyahoga,2019,GAAP,10241709.0,10266394.0,9690916.0,aos/City_2019_GAAP_Summarized.XLSX
City of Upper Arlington,Franklin,2019,GAAP,29291541.0,30494715.0,30494715.0,aos/City_2019_GAAP_Summarized.XLSX
City of Upper Sandusky,Wyandot,2019,GAAP,3207976.0,3190928.0,2340566.0,aos/City_2019_GAAP_Summarized.XLSX
City of Urbana,Champaign,2019,GAAP,6992153.0,6873968.0,3682483.0,aos/City_2019_GAAP_Summarized.XLSX
City of Vandalia,Montgomery,2019,GAAP,15797423.0,16497181.0,14392494.0,aos/City_2019_GAAP_Summarized.XLSX
City of Vermilion,Erie,2019,GAAP,3982808.0,3773146.0,2409720.0,aos/City_2019_GAAP_Summarized.XLSX
City of Wadsworth,Medina,2019,GAAP,10774873.0,10456181.0,6949153.0,aos/City_2019_GAAP_Summarized.XLSX
City of Wapakoneta,Auglaize,2019,GAAP,4586319.0,4569465.0,2990900.0,aos/City_2019_GAAP_Summarized.XLSX
City of Warren,Trumbull,2019,GAAP,20787329.0,21366470.0,21366470.0,aos/City_2019_GAAP_Summarized.XLSX
City of Warrensville Heights,Cuyahoga,2019,GAAP,18916565.0,18992918.0,18992918.0,aos/City_2019_GAAP_Summarized.XLSX
City of Washington Court House,Fayette,2019,GAAP,8099164.0,8005040.0,4122048.0,aos/City_2019_GAAP_Summarized.XLSX
City of Waterville,Lucas,2019,GAAP,3602352.0,3721701.0,2791274.0,aos/City_2019_GAAP_Summarized.XLSX
City of Wauseon,Fulton,2019,GAAP,3959019.0,0.0,0.0,aos/City_2019_GAAP_Summarized.XLSX
City of Wellston,Jackson,2019,GAAP,1228105.0,1228105.0,1228105.0,aos/City_2019_GAAP_Summarized.XLSX
City of West Carrollton,Montgomery,2019,GAAP,7322632.0,7246708.0,5652432.0,aos/City_2019_GAAP_Summarized.XLSX
City of Westerville,Franklin,2019,GAAP,47099940.0,48832792.0,33011217.0,aos/City_2019_GAAP_Summarized.XLSX
City of Westlake,Cuyahoga,2019,GAAP,32710602.0,32525899.0,21536285.0,aos/City_2019_GAAP_Summarized.XLSX
City of Whitehall,Franklin,2019,GAAP,27457380.0,27922968.0,27922968.0,aos/City_2019_GAAP_Summarized.XLSX
City of Wickliffe,Lake,2019,GAAP,9746312.0,9746312.0,9746312.0,aos/City_2019_GAAP_Summarized.XLSX
City of Willard,Huron,2019,GAAP,3421843.0,3513305.0,2474500.0,aos/City_2019_GAAP_Summarized.XLSX
City of Willoughby,Lake,2019,GAAP,19733618.0,19167062.0,19167062.0,aos/City_2019_GAAP_Summarized.XLSX
City of Willoughby Hills,Lake,2019,GAAP,6097178.0,5728440.0,4592199.0,aos/City_2019_GAAP_Summarized.XLSX
City of Willowick,Lake,2019,GAAP,3067662.0,3205959.0,3205959.0,aos/City_2019_GAAP_Summarized.XLSX
City of Wilmington,Clinton,2019,GAAP,8449578.0,8559151.0,8559151.0,aos/City_2019_GAAP_Summarized.XLSX
City of Wooster,Wayne,2019,GAAP,20507009.0,0.0,0.0,aos/City_2019_GAAP_Summarized.XLSX
City of Worthington,Franklin,2019,GAAP,26745221.0,26717808.0,21371719.0,aos/City_2019_GAAP_Summarized.XLSX
City of Wyoming,Hamilton,2019,GAAP,6860348.0,6685733.0,6685733.0,aos/City_2019_GAAP_Summarized.XLSX
City of Xenia,Greene,2019,GAAP,14530532.0,13842805.0,6151034.0,aos/City_2019_GAAP_Summarized.XLSX
City of Youngstown,Mahoning,2019,GAAP,42012940.0,45006967.0,24118325.0,aos/City_2019_GAAP_Summarized.XLSX
City of Zanesville,Muskingum,2019,GAAP,18559208.0,18583667.0,10448016.0,aos/City_2019_GAAP_Summarized.XLSX
City of Germantown,Montgomery,2019,MOD,1802971.0,1802971.0,1802971.0,aos/City_2019_MOD_Summarized.XLSX
City of Ironton,Lawrence,2019,MOD,2574298.0,0.0,0.0,aos/City_2019_MOD_Summarized.XLSX
City of Kenton,Hardin,2020,CASH,3298372.0,3298372.0,3298372.0,aos/City_2020_CASH_Summarized.XLSX
City of North College Hill,Hamilton,2020,CASH,2658261.0,2658261.0,2658261.0,aos/City_2020_CASH_Summarized.XLSX
City of Port Clinton,Ottawa,2020,CASH,2513945.0,2513945.0,2513945.0,aos/City_2020_CASH_Summarized.XLSX
City of Struthers,Mahoning,2020,CASH,3139579.0,3139579.0,3139579.0,aos/City_2020_CASH_Summarized.XLSX
City of Van Wert,Van Wert,2020,CASH,7475893.0,7475893.0,4412822.0,aos/City_2020_CASH_Summarized.XLSX
City of Akron,Summit,2020,GAAP,165377499.0,168873815.0,95931507.0,aos/City_2020_GAAP_Summarized.XLSX
City of Alliance,Stark,2020,GAAP,10136657.0,10152933.0,9655149.0,aos/City_2020_GAAP_Summarized.XLSX
City of Amherst,Lorain,2020,GAAP,6044497.0,6012379.0,4583645.0,aos/City_2020_GAAP_Summarized.XLSX
City of Ashland,Ashland,2020,GAAP,15305322.0,15622224.0,10386123.0,aos/City_2020_GAAP_Summarized.XLSX
City of Ashtabula,Ashtabula,2020,GAAP,7170045.0,7192478.0,6478604.0,aos/City_2020_GAAP_Summarized.XLSX
City of Athens,Athens,2020,GAAP,14599810.0,14926803.0,9484712.0,aos/City_2020_GAAP_Summarized.XLSX
City of Aurora,Portage,2020,GAAP,15321437.0,15410488.0,14810488.0,aos/City_2020_GAAP_Summarized.XLSX
City of Avon,Lorain,2020,GAAP,19979583.0,20237577.0,10672080.0,aos/City_2020_GAAP_Summarized.XLSX
City of Avon Lake,Lorain,2020,GAAP,12809267.0,12383810.0,8127624.0,aos/City_2020_GAAP_Summarized.XLSX
City of Barberton,Summit,2020,GAAP,12426378.0,12372621.0,10987351.0,aos/City_2020_GAAP_Summarized.XLSX
City of Bay Village,Cuyahoga,2020,GAAP,7894758.0,7866015.0,7394055.0,aos/City_2020_GAAP_Summarized.XLSX
City of Beachwood,Cuyahoga,2020,GAAP,37676377.0,37554566.0,37554566.0,aos/City_2020_GAAP_Summarized.XLSX
City of Bedford,Cuyahoga,2020,GAAP,11545218.0,11619382.0,10689832.0,aos/City_2020_GAAP_Summarized.XLSX
City of Bedford Heights,Cuyahoga,2020,GAAP,9987196.0,9863283.0,9863283.0,aos/City_2020_GAAP_Summarized.XLSX
City of Bellefontaine,Logan,2020,GAAP,6225863.0,6269795.0,6269795.0,aos/City_2020_GAAP_Summarized.XLSX
City of Bellevue,Huron,2020,GAAP,5621524.0,5572377.0,5572377.0,aos/City_2020_GAAP_Summarized.XLSX
City of Belpre,Washington,2020,GAAP,1558882.0,1597068.0,1597068.0,aos/City_2020_GAAP_Summarized.XLSX
City of Berea,Cuyahoga,2020,GAAP,15485414.0,14922547.0,14922547.0,aos/City_2020_GAAP_Summarized.XLSX
City of Bexley,Franklin,2020,GAAP,12730010.0,13867862.0,13867862.0,aos/City_2020_GAAP_Summarized.XLSX
City of Blue Ash,Hamilton,2020,GAAP,34810276.0,34588428.0,34588428.0,aos/City_2020_GAAP_Summarized.XLSX
City of Bowling Green,Wood,2020,GAAP,20501322.0,20410461.0,7653924.0,aos/City_2020_GAAP_Summarized.XLSX
City of Brecksville,Cuyahoga,2020,GAAP,20240276.0,20334466.0,17314462.0,aos/City_2020_GAAP_Summarized.XLSX
City of Broadview Heights,Cuyahoga,2020,GAAP,13729574.0,13547704.0,13547704.0,aos/City_2020_GAAP_Summarized.XLSX
City of Brook Park,Cuyahoga,2020,GAAP,19566804.0,19230909.0,16487621.0,aos/City_2020_GAAP_Summarized.XLSX
City of Brooklyn,Cuyahoga,2020,GAAP,16201279.0,16806326.0,14226064.0,aos/City_2020_GAAP_Summarized.XLSX
City of Brookville,Montgomery,2020,GAAP,3040736.0,3061682.0,3061682.0,aos/City_2020_GAAP_Summarized.XLSX
City of Brunswick,Medina,2020,GAAP,20953512.0,20892248.0,5849227.0,aos/City_2020_GAAP_Summarized.XLSX
City of Bryan,Williams,2020,GAAP,7176468.0,0.0,0.0,aos/City_2020_GAAP_Summarized.XLSX
City of Bucyrus,Crawford,2020,GAAP,6053668.0,6209479.0,3111611.0,aos/City_2020_GAAP_Summarized.XLSX
City of Cambridge,Guernsey,2020,GAAP,7491690.0,7591705.0,5409275.0,aos/City_2020_GAAP_Summarized.XLSX
City of Campbell,Mahoning,2020,GAAP,1888216.0,2017018.0,1815316.0,aos/City_2020_GAAP_Summarized.XLSX
City of Canal Fulton,Stark,2020,GAAP,3583549.0,2907945.0,2748817.0,aos/City_2020_GAAP_Summarized.XLSX
City of Canal Winchester,Franklin,2020,GAAP,8160488.0,7151463.0,7151463.0,aos/City_2020_GAAP_Summarized.XLSX
City of Canfield,Mahoning,2020,GAAP,3476420.0,3466441.0,3466441.0,aos/City_2020_GAAP_Summarized.XLSX
City of Canton,Stark,2020,GAAP,58926120.0,59595993.0,39078838.0,aos/City_2020_GAAP_Summarized.XLSX
City of Celina,Mercer,2020,GAAP,6474288.0,6558749.0,4392187.0,aos/City_2020_GAAP_Summarized.XLSX
City of Centerville,Montgomery,2020,GAAP,19649461.0,20443575.0,20443575.0,aos/City_2020_GAAP_Summarized.XLSX
City of Chardon,Geauga,2020,GAAP,6596392.0,6414694.0,6096898.0,aos/City_2020_GAAP_Summarized.XLSX
City of Cheviot,Hamilton,2020,GAAP,2345730.0,2286746.0,2286746.0,aos/City_2020_GAAP_Summarized.XLSX
City of Chillicothe,Ross,2020,GAAP,16399261.0,15782117.0,11837962.0,aos/City_2020_GAAP_Summarized.XLSX
City of Cincinnati,Hamilton,2020,GAAP,417086000.0,417086000.0,308931000.0,aos/City_2020_GAAP_Summarized.XLSX
City of Circleville,Pickaway,2020,GAAP,8304315.0,7992420.0,2572933.0,aos/City_2020_GAAP_Summarized.XLSX
City of Clayton,Montgomery,2020,GAAP,4406656.0,4330028.0,2886845.0,aos/City_2020_GAAP_Summarized.XLSX
City of Cleveland,Cuyahoga,2020,GAAP,458943000.0,466699000.0,414844000.0,aos/City_2020_GAAP_Summarized.XLSX
City of Cleveland Heights,Cuyahoga,2020,GAAP,29612738.0,28679829.0,28679829.0,aos/City_2020_GAAP_Summarized.XLSX
City of Clyde,Sandusky,2020,GAAP,4622381.0,4664451.0,3359206.0,aos/City_2020_GAAP_Summarized.XLSX
City of Columbiana,Columbiana,2020,GAAP,2413420.0,0.0,0.0,aos/City_2020_GAAP_Summarized.XLSX
City of Columbus,Franklin,2020,GAAP,938016000.0,947016000.0,710261000.0,aos/City_2020_GAAP_Summarized.XLSX
City of Conneaut,Ashtabula,2020,GAAP,2822326.0,2904977.0,2287086.0,aos/City_2020_GAAP_Summarized.XLSX
City of Coshocton,Coshocton,2020,GAAP,6574584.0,6553050.0,2411696.0,aos/City_2020_GAAP_Summarized.XLSX
City of Cuyahoga Falls,Summit,2020,GAAP,26087859.0,24869240.0,17060913.0,aos/City_2020_GAAP_Summarized.XLSX
City of Dayton,Montgomery,2020,GAAP,133827851.0,133500732.0,133500732.0,aos/City_2020_GAAP_Summarized.XLSX
City of Deer Park,Hamilton,2020,GAAP,1286066.0,0.0,0.0,aos/City_2020_GAAP_Summarized.XLSX
City of Defiance,Defiance,2020,GAAP,10582549.0,10339096.0,6915707.0,aos/City_2020_GAAP_Summarized.XLSX
City of Delaware,Delaware,2020,GAAP,28731184.0,28660381.0,15205717.0,aos/City_2020_GAAP_Summarized.XLSX
City of Delphos,Allen,2020,GAAP,3682946.0,3769259.0,2149152.0,aos/City_2020_GAAP_Summarized.XLSX
City of Dover,Tuscarawas,2020,GAAP,6851244.0,7041976.0,3380651.0,aos/City_2020_GAAP_Summarized.XLSX
City of Dublin,Franklin,2020,GAAP,91600680.0,90714675.0,67327496.0,aos/City_2020_GAAP_Summarized.XLSX
City of East Cleveland,Cuyahoga,2020,GAAP,5078268.0,5014981.0,5014981.0,aos/City_2020_GAAP_Summarized.XLSX
City of East Liverpool,Columbiana,2020,GAAP,3149958.0,3053495.0,2825197.0,aos/City_2020_GAAP_Summarized.XLSX
City of Eastlake,Lake,2020,GAAP,7933806.0,7716272.0,7716272.0,aos/City_2020_GAAP_Summarized.XLSX
City of Eaton,Preble,2020,GAAP,4984431.0,5009986.0,1335996.0,aos/City_2020_GAAP_Summarized.XLSX
City of Elyria,Lorain,2020,GAAP,30944840.0,32763879.0,21552126.0,aos/City_2020_GAAP_Summarized.XLSX
City of Englewood,Montgomery,2020,GAAP,7603513.0,7699505.0,7699505.0,aos/City_2020_GAAP_Summarized.XLSX
City of Euclid,Cuyahoga,2020,GAAP,27969279.0,28018378.0,28018378.0,aos/City_2020_GAAP_Summarized.XLSX
City of Fairborn,Greene,2020,GAAP,13393142.0,13819620.0,9213089.0,aos/City_2020_GAAP_Summarized.XLSX
City of Fairfield,Butler,2020,GAAP,33288670.0,32873183.0,26275895.0,aos/City_2020_GAAP_Summarized.XLSX
City of Fairlawn,Summit,2020,GAAP,12217153.0,11694970.0,8760745.0,aos/City_2020_GAAP_Summarized.XLSX
City of Fairview Park,Cuyahoga,2020,GAAP,10706033.0,10465793.0,6551034.0,aos/City_2020_GAAP_Summarized.XLSX
City of Findlay,Hancock,2020,GAAP,22057157.0,23992399.0,23992399.0,aos/City_2020_GAAP_Summarized.XLSX
City of Forest Park,Hamilton,2020,GAAP,10047903.0,9398748.0,9398748.0,aos/City_2020_GAAP_Summarized.XLSX
City of Fostoria,Seneca,2020,GAAP,6496361.0,6429113.0,6429113.0,aos/City_2020_GAAP_Summarized.XLSX
City of Franklin,Warren,2020,GAAP,8233811.0,8540491.0,8540491.0,aos/City_2020_GAAP_Summarized.XLSX
City of Fremont,Sandusky,2020,GAAP,9474626.0,9605626.0,9605626.0,aos/City_2020_GAAP_Summarized.XLSX
City of Gahanna,Franklin,2020,GAAP,30297152.0,29550669.0,18292992.0,aos/City_2020_GAAP_Summarized.XLSX
City of Galion,Crawford,2020,GAAP,5492155.0,5370852.0,2685926.0,aos/City_2020_GAAP_Summarized.XLSX
City of Garfield Heights,Cuyahoga,2020,GAAP,13570432.0,13438722.0,9653499.0,aos/City_2020_GAAP_Summarized.XLSX
City of Geneva,Ashtabula,2020,GAAP,2909609.0,2940212.0,2940212.0,aos/City_2020_GAAP_Summarized.XLSX
City of Girard,Trumbull,2020,GAAP,3263657.0,3554824.0,3028714.0,aos/City_2020_GAAP_Summarized.XLSX
City of Grandview Heights,Franklin,2020,GAAP,17596520.0,17597868.0,13773265.0,aos/City_2020_GAAP_Summarized.XLSX
City of Green,Summit,2020,GAAP,23038999.0,23912242.0,22291779.0,aos/City_2020_GAAP_Summarized.XLSX
City of Greenville,Darke,2020,GAAP,7258644.0,7304234.0,7304234.0,aos/City_2020_GAAP_Summarized.XLSX
City of Grove City,Franklin,2020,GAAP,30230936.0,28354354.0,28354354.0,aos/City_2020_GAAP_Summarized.XLSX
City of Groveport,Franklin,2020,GAAP,15650467.0,15864542.0,12787794.0,aos/City_2020_GAAP_Summarized.XLSX
City of Hamilton,Butler,2020,GAAP,30414174.0,30374233.0,23587806.0,aos/City_2020_GAAP_Summarized.XLSX
City of Harrison,Hamilton,2020,GAAP,4343327.0,4507579.0,4507579.0,aos/City_2020_GAAP_Summarized.XLSX
City of Heath,Licking,2020,GAAP,8936297.0,8929115.0,7815159.0,aos/City_2020_GAAP_Summarized.XLSX
City of Highland Heights,Cuyahoga,2020,GAAP,11045879.0,11636812.0,10764050.0,aos/City_2020_GAAP_Summarized.XLSX
City of Hilliard,Franklin,2020,GAAP,32978704.0,35315922.0,22949736.0,aos/City_2020_GAAP_Summarized.XLSX
City of Hillsboro,Highland,2020,GAAP,3722346.0,0.0,0.0,aos/City_2020_GAAP_Summarized.XLSX
City of Hubbard,Trumbull,2020,GAAP,2341105.0,2174419.0,2174419.0,aos/City_2020_GAAP_Summarized.XLSX
City of Huber Heights,Montgomery,2020,GAAP,20791900.0,19876393.0,7142277.0,aos/City_2020_GAAP_Summarized.XLSX
City of Hudson,Summit,2020,GAAP,26507027.0,26899880.0,21225863.0,aos/City_2020_GAAP_Summarized.XLSX
City of Huron,Erie,2020,GAAP,3134244.0,2822187.0,1697187.0,aos/City_2020_GAAP_Summarized.XLSX
City of Independence,Cuyahoga,2020,GAAP,33573510.0,33212107.0,33212107.0,aos/City_2020_GAAP_Summarized.XLSX
City of Jackson,Jackson,2020,GAAP,0.0,7620.0,0.0,aos/City_2020_GAAP_Summarized.XLSX
City of Kent,Portage,2020,GAAP,14668597.0,16163567.0,3261597.0,aos/City_2020_GAAP_Summarized.XLSX
City of Kettering,Montgomery,2020,GAAP,51868398.0,51818582.0,51818582.0,aos/City_2020_GAAP_Summarized.XLSX
City of Kirtland,Lake,2020,GAAP,3808155.0,3831824.0,3831824.0,aos/City_2020_GAAP_Summarized.XLSX
City of Lakewood,Cuyahoga,2020,GAAP,26325261.0,25839952.0,25839952.0,aos/City_2020_GAAP_Summarized.XLSX
City of Lancaster,Fairfield,2020,GAAP,20733365.0,20721935.0,11546830.0,aos/City_2020_GAAP_Summarized.XLSX
City of Lebanon,Warren,2020,GAAP,10113404.0,10455825.0,6034529.0,aos/City_2020_GAAP_Summarized.XLSX
City of Lima,Allen,2020,GAAP,18634896.0,18487984.0,18487984.0,aos/City_2020_GAAP_Summarized.XLSX
City of Logan,Hocking,2020,GAAP,4468301.0,4495814.0,3821434.0,aos/City_2020_GAAP_Summarized.XLSX
City of London,Madison,2020,GAAP,5991138.0,5901060.0,3770570.0,aos/City_2020_GAAP_Summarized.XLSX
City of Lorain,Lorain,2020,GAAP,25070423.0,25423129.0,20463717.0,aos/City_2020_GAAP_Summarized.XLSX
City of Louisville,Stark,2020,GAAP,3748356.0,3629718.0,3629718.0,aos/City_2020_GAAP_Summarized.XLSX
City of Loveland,Hamilton,2020,GAAP,5090110.0,5054386.0,5054386.0,aos/City_2020_GAAP_Summarized.XLSX
City of Lyndhurst,Cuyahoga,2020,GAAP,9790512.0,9427924.0,9427924.0,aos/City_2020_GAAP_Summarized.XLSX
City of Macedonia,Summit,2020,GAAP,12643242.0,12036645.0,8325819.0,aos/City_2020_GAAP_Summarized.XLSX
City of Madeira,Hamilton,2020,GAAP,3215009.0,0.0,0.0,aos/City_2020_GAAP_Summarized.XLSX
City of Mansfield,Richland,2020,GAAP,28945600.0,29611296.0,14806792.0,aos/City_2020_GAAP_Summarized.XLSX
City of Maple Heights,Cuyahoga,2020,GAAP,7324425.0,7244053.0,7244053.0,aos/City_2020_GAAP_Summarized.XLSX
City of Marietta,Washington,2020,GAAP,11858554.0,11861244.0,7868983.0,aos/City_2020_GAAP_Summarized.XLSX
City of Marion,Marion,2020,GAAP,17222641.0,17242534.0,8632134.0,aos/City_2020_GAAP_Summarized.XLSX
City of Martins Ferry,Belmont,2020,GAAP,1466000.0,1498672.0,1478415.0,aos/City_2020_GAAP_Summarized.XLSX
City of Marysville,Union,2020,GAAP,21121248.0,20765241.0,20765241.0,aos/City_2020_GAAP_Summarized.XLSX
City of Mason,Warren,2020,GAAP,39221456.0,39337722.0,39337722.0,aos/City_2020_GAAP_Summarized.XLSX
City of Massillon,Stark,2020,GAAP,19582236.0,20276827.0,14261908.0,aos/City_2020_GAAP_Summarized.XLSX
City of Maumee,Lucas,2020,GAAP,16961921.0,16962679.0,11320489.0,aos/City_2020_GAAP_Summarized.XLSX
City of Mayfield Heights,Cuyahoga,2020,GAAP,20354571.0,20138557.0,16650677.0,aos/City_2020_GAAP_Summarized.XLSX
City of Medina,Medina,2020,GAAP,15658742.0,15928044.0,3839732.0,aos/City_2020_GAAP_Summarized.XLSX
City of Mentor,Lake,2020,GAAP,45156058.0,45550954.0,45550954.0,aos/City_2020_GAAP_Summarized.XLSX
City of Mentor-on-the-Lake,Lake,2020,GAAP,1061766.0,1060486.0,1060486.0,aos/City_2020_GAAP_Summarized.XLSX
City of Miamisburg,Montgomery,2020,GAAP,17827141.0,17330780.0,14426901.0,aos/City_2020_GAAP_Summarized.XLSX
City of Middleburg Heights,Cuyahoga,2020,GAAP,21188280.0,20945074.0,17085328.0,aos/City_2020_GAAP_Summarized.XLSX
City of Middletown,Butler,2020,GAAP,24482882.0,24072882.0,19256346.0,aos/City_2020_GAAP_Summarized.XLSX
City of Milford,Clermont,2020,GAAP,4244098.0,4288131.0,4234542.0,aos/City_2020_GAAP_Summarized.XLSX
City of Monroe,Butler,2020,GAAP,14161490.0,14073875.0,10660241.0,aos/City_2020_GAAP_Summarized.XLSX
City of Montgomery,Hamilton,2020,GAAP,10350161.0,0.0,0.0,aos/City_2020_GAAP_Summarized.XLSX
City of Moraine,Montgomery,2020,GAAP,18845105.0,19341606.0,19341606.0,aos/City_2020_GAAP_Summarized.XLSX
City of Mount Vernon,Knox,2020,GAAP,13629646.0,0.0,0.0,aos/City_2020_GAAP_Summarized.XLSX
City of Mt. Healthy,Hamilton,2020,GAAP,2414522.0,2389522.0,1844166.0,aos/City_2020_GAAP_Summarized.XLSX
City of Munroe Falls,Summit,2020,GAAP,1564861.0,1583147.0,1430620.0,aos/City_2020_GAAP_Summarized.XLSX
City of Napoleon,Henry,2020,GAAP,4289399.0,4259675.0,4259675.0,aos/City_2020_GAAP_Summarized.XLSX
City of Nelsonville,Athens,2020,GAAP,1555414.0,1625375.0,1535100.0,aos/City_2020_GAAP_Summarized.XLSX
City of New Albany,Franklin,2020,GAAP,38185807.0,39559028.0,22693564.0,aos/City_2020_GAAP_Summarized.XLSX
City of New Carlisle,Clark,2020,GAAP,1634577.0,1642493.0,1100070.0,aos/City_2020_GAAP_Summarized.XLSX
City of New Franklin,Summit,2020,GAAP,2897184.0,3092727.0,2943341.0,aos/City_2020_GAAP_Summarized.XLSX
City of New Philadelphia,Tuscarawas,2020,GAAP,7921771.0,8343430.0,3813223.0,aos/City_2020_GAAP_Summarized.XLSX
City of Newark,Licking,2020,GAAP,23273642.0,0.0,0.0,aos/City_2020_GAAP_Summarized.XLSX
City of Niles,Trumbull,2020,GAAP,8473596.0,8487969.0,4352250.0,aos/City_2020_GAAP_Summarized.XLSX
City of North Canton,Stark,2020,GAAP,9477324.0,8791618.0,6335089.0,aos/City_2020_GAAP_Summarized.XLSX
City of North Olmsted,Cuyahoga,2020,GAAP,15162859.0,15256916.0,10679838.0,aos/City_2020_GAAP_Summarized.XLSX
City of North Ridgeville,Lorain,2020,GAAP,12846530.0,12399230.0,10539264.0,aos/City_2020_GAAP_Summarized.XLSX
City of North Royalton,Cuyahoga,2020,GAAP,17212705.0,16792309.0,13942054.0,aos/City_2020_GAAP_Summarized.XLSX
City of Northwood,Wood,2020,GAAP,6195530.0,6183224.0,4328287.0,aos/City_2020_GAAP_Summarized.XLSX
City of Norton,Summit,2020,GAAP,6370304.0,6330910.0,5832687.0,aos/City_2020_GAAP_Summarized.XLSX
City of Norwalk,Huron,2020,GAAP,6206541.0,5828553.0,4658802.0,aos/City_2020_GAAP_Summarized.XLSX
City of Norwood,Hamilton,2020,GAAP,21365919.0,21089904.0,20981032.0,aos/City_2020_GAAP_Summarized.XLSX
City of Oakwood,Montgomery,2020,GAAP,8675437.0,8697817.0,8697817.0,aos/City_2020_GAAP_Summarized.XLSX
City of Oberlin,Lorain,2020,GAAP,7513608.0,7513608.0,5409770.0,aos/City_2020_GAAP_Summarized.XLSX
City of Olmsted Falls,Cuyahoga,2020,GAAP,3371139.0,3165325.0,2798478.0,aos/City_2020_GAAP_Summarized.XLSX
City of Ontario,Richland,2020,GAAP,6935203.0,6369216.0,4413260.0,aos/City_2020_GAAP_Summarized.XLSX
City of Oregon,Lucas,2020,GAAP,20082436.0,20086634.0,16683657.0,aos/City_2020_GAAP_Summarized.XLSX
City of Orrville,Wayne,2020,GAAP,5970166.0,7192772.0,5069591.0,aos/City_2020_GAAP_Summarized.XLSX
City of Oxford,Butler,2020,GAAP,9869080.0,9692511.0,8479194.0,aos/City_2020_GAAP_Summarized.XLSX
City of Painesville,Lake,2020,GAAP,9220580.0,9236961.0,9236961.0,aos/City_2020_GAAP_Summarized.XLSX
City of Parma,Cuyahoga,2020,GAAP,35995290.0,36474089.0,28100673.0,aos/City_2020_GAAP_Summarized.XLSX
City of Parma Heights,Cuyahoga,2020,GAAP,7515736.0,8717664.0,8717664.0,aos/City_2020_GAAP_Summarized.XLSX
City of Pataskala,Licking,2020,GAAP,6271030.0,6073123.0,0.0,aos/City_2020_GAAP_Summarized.XLSX
City of Pepper Pike,Cuyahoga,2020,GAAP,7318637.0,7041157.0,7041157.0,aos/City_2020_GAAP_Summarized.XLSX
City of Perrysburg,Wood,2020,GAAP,19555084.0,19622683.0,19622683.0,aos/City_2020_GAAP_Summarized.XLSX
City of Pickerington,Fairfield,2020,GAAP,7887473.0,7988209.0,7988209.0,aos/City_2020_GAAP_Summarized.XLSX
City of Piqua,Miami,2020,GAAP,11755500.0,11583500.0,8512171.0,aos/City_2020_GAAP_Summarized.XLSX
City of Portsmouth,Scioto,2020,GAAP,15050130.0,14870954.0,13086409.0,aos/City_2020_GAAP_Summarized.XLSX
City of Powell,Delaware,2020,GAAP,6660016.0,6521991.0,6521991.0,aos/City_2020_GAAP_Summarized.XLSX
City of Ravenna,Portage,2020,GAAP,9280407.0,9248648.0,5914987.0,aos/City_2020_GAAP_Summarized.XLSX
City of Reading,Hamilton,2020,GAAP,7502340.0,7719289.0,7719289.0,aos/City_2020_GAAP_Summarized.XLSX
City of Reynoldsburg,Franklin,2020,GAAP,25315115.0,25130382.0,17848555.0,aos/City_2020_GAAP_Summarized.XLSX
City of Richmond Heights,Cuyahoga,2020,GAAP,7059804.0,7368978.0,7368978.0,aos/City_2020_GAAP_Summarized.XLSX
City of Rittman,Wayne,2020,GAAP,2002841.0,2051509.0,1538631.0,aos/City_2020_GAAP_Summarized.XLSX
City of Riverside,Montgomery,2020,GAAP,5003587.0,5591118.0,3727582.0,aos/City_2020_GAAP_Summarized.XLSX
City of Rocky River,Cuyahoga,2020,GAAP,15282615.0,15799630.0,12637559.0,aos/City_2020_GAAP_Summarized.XLSX
City of Rossford,Wood,2020,GAAP,5371797.0,5415780.0,5415780.0,aos/City_2020_GAAP_Summarized.XLSX
City of Salem,Columbiana,2020,GAAP,5943642.0,6069052.0,4140707.0,aos/City_2020_GAAP_Summarized.XLSX
City of Sandusky,Erie,2020,GAAP,11314395.0,10402798.0,9231595.0,aos/City_2020_GAAP_Summarized.XLSX
City of Seven Hills,Cuyahoga,2020,GAAP,8020593.0,8275074.0,8275074.0,aos/City_2020_GAAP_Summarized.XLSX
City of Shaker Heights,Cuyahoga,2020,GAAP,34303727.0,33358871.0,33358871.0,aos/City_2020_GAAP_Summarized.XLSX
City of Sharonville,Hamilton,2020,GAAP,28890671.0,27197852.0,18408138.0,aos/City_2020_GAAP_Summarized.XLSX
City of Sheffield Lake,Lorain,2020,GAAP,3060497.0,3432297.0,2979546.0,aos/City_2020_GAAP_Summarized.XLSX
City of Shelby,Richland,2020,GAAP,3897304.0,3857045.0,2557224.0,aos/City_2020_GAAP_Summarized.XLSX
City of Sidney,Shelby,2020,GAAP,13903525.0,15165965.0,10931123.0,aos/City_2020_GAAP_Summarized.XLSX
City of Solon,Cuyahoga,2020,GAAP,45211412.0,43872642.0,32840703.0,aos/City_2020_GAAP_Summarized.XLSX
City of South Euclid,Cuyahoga,2020,GAAP,13048246.0,12154843.0,12154843.0,aos/City_2020_GAAP_Summarized.XLSX
City of Springboro,Warren,2020,GAAP,15032782.0,14742790.0,9829739.0,aos/City_2020_GAAP_Summarized.XLSX
City of Springdale,Hamilton,2020,GAAP,19432081.0,18322482.0,18322482.0,aos/City_2020_GAAP_Summarized.XLSX
City of Springfield,Clark,2020,GAAP,41506710.0,39809986.0,35828989.0,aos/City_2020_GAAP_Summarized.XLSX
City of St. Clairsville,Belmont,2020,GAAP,1263055.0,1240245.0,624090.0,aos/City_2020_GAAP_Summarized.XLSX
City of St. Marys,Auglaize,2020,GAAP,4257563.0,4327836.0,2204194.0,aos/City_2020_GAAP_Summarized.XLSX
City of Steubenville,Jefferson,2020,GAAP,10510777.0,10538174.0,9401065.0,aos/City_2020_GAAP_Summarized.XLSX
City of Stow,Summit,2020,GAAP,18257728.0,17275857.0,11221292.0,aos/City_2020_GAAP_Summarized.XLSX
City of Streetsboro,Portage,2020,GAAP,12848432.0,12576632.0,11808365.0,aos/City_2020_GAAP_Summarized.XLSX
City of Strongsville,Cuyahoga,2020,GAAP,36085653.0,36289026.0,32384960.0,aos/City_2020_GAAP_Summarized.XLSX
City of Sylvania,Lucas,2020,GAAP,11325077.0,11319582.0,10415288.0,aos/City_2020_GAAP_Summarized.XLSX
City of Tallmadge,Summit,2020,GAAP,11709492.0,12118753.0,10898705.0,aos/City_2020_GAAP_Summarized.XLSX
City of the Village of Indian Hill,Hamilton,2020,GAAP,12401928.0,14442060.0,14442060.0,aos/City_2020_GAAP_Summarized.XLSX
City of Tiffin,Seneca,2020,GAAP,10312977.0,10635037.0,8425340.0,aos/City_2020_GAAP_Summarized.XLSX
City of Tipp City,Miami,2020,GAAP,6508608.0,6659827.0,3562154.0,aos/City_2020_GAAP_Summarized.XLSX
City of Toledo,Lucas,2020,GAAP,189333000.0,181695000.0,181695000.0,aos/City_2020_GAAP_Summarized.XLSX
City of Toronto,Jefferson,2020,GAAP,2677300.0,2540991.0,2540991.0,aos/City_2020_GAAP_Summarized.XLSX
City of Trenton,Butler,2020,GAAP,2127712.0,2028896.0,2028896.0,aos/City_2020_GAAP_Summarized.XLSX
City of Trotwood,Montgomery,2020,GAAP,5272961.0,5362792.0,5362792.0,aos/City_2020_GAAP_Summarized.XLSX
City of Troy,Miami,2020,GAAP,20403139.0,20824810.0,20824810.0,aos/City_2020_GAAP_Summarized.XLSX
City of Twinsburg,Summit,2020,GAAP,22922726.0,21849951.0,21849951.0,aos/City_2020_GAAP_Summarized.XLSX
City of Uhrichsville,Tuscarawas,2020,GAAP,1992968.0,1990703.0,1368608.0,aos/City_2020_GAAP_Summarized.XLSX
City of Union,Montgomery,2020,GAAP,1742557.0,1680510.0,1680510.0,aos/City_2020_GAAP_Summarized.XLSX
City of University Heights,Cuyahoga,2020,GAAP,9645577.0,9942615.0,9715790.0,aos/City_2020_GAAP_Summarized.XLSX
City of Upper Arlington,Franklin,2020,GAAP,31494428.0,31469336.0,31469336.0,aos/City_2020_GAAP_Summarized.XLSX
City of Upper Sandusky,Wyandot,2020,GAAP,3116991.0,3116833.0,2299796.0,aos/City_2020_GAAP_Summarized.XLSX
City of Urbana,Champaign,2020,GAAP,6264384.0,6268786.0,3362850.0,aos/City_2020_GAAP_Summarized.XLSX
City of Vandalia,Montgomery,2020,GAAP,16732440.0,16016008.0,13970562.0,aos/City_2020_GAAP_Summarized.XLSX
City of Vermilion,Erie,2020,GAAP,4342516.0,3532769.0,2230897.0,aos/City_2020_GAAP_Summarized.XLSX
City of Wadsworth,Medina,2020,GAAP,9249754.0,10681373.0,7364986.0,aos/City_2020_GAAP_Summarized.XLSX
City of Wapakoneta,Auglaize,2020,GAAP,4865675.0,4833772.0,2511264.0,aos/City_2020_GAAP_Summarized.XLSX
City of Warren,Trumbull,2020,GAAP,20965891.0,20585133.0,20585133.0,aos/City_2020_GAAP_Summarized.XLSX
City of Warrensville Heights,Cuyahoga,2020,GAAP,17201265.0,16484233.0,16484233.0,aos/City_2020_GAAP_Summarized.XLSX
City of Washington Court House,Fayette,2020,GAAP,8248179.0,8351598.0,4288588.0,aos/City_2020_GAAP_Summarized.XLSX
City of Waterville,Lucas,2020,GAAP,3791437.0,3677786.0,2758332.0,aos/City_2020_GAAP_Summarized.XLSX
City of Wauseon,Fulton,2020,GAAP,3882992.0,0.0,0.0,aos/City_2020_GAAP_Summarized.XLSX
City of Wellston,Jackson,2020,GAAP,1329669.0,1325718.0,1325718.0,aos/City_2020_GAAP_Summarized.XLSX
City of West Carrollton,Montgomery,2020,GAAP,6799189.0,6778608.0,5287315.0,aos/City_2020_GAAP_Summarized.XLSX
City of Westerville,Franklin,2020,GAAP,52094029.0,50075704.0,33908551.0,aos/City_2020_GAAP_Summarized.XLSX
City of Westlake,Cuyahoga,2020,GAAP,32336691.0,32453058.0,21564968.0,aos/City_2020_GAAP_Summarized.XLSX
City of Whitehall,Franklin,2020,GAAP,29265071.0,28812168.0,28812168.0,aos/City_2020_GAAP_Summarized.XLSX
City of Wickliffe,Lake,2020,GAAP,8452910.0,8452910.0,8452910.0,aos/City_2020_GAAP_Summarized.XLSX
City of Willard,Huron,2020,GAAP,3359114.0,3456575.0,2351460.0,aos/City_2020_GAAP_Summarized.XLSX
City of Willoughby,Lake,2020,GAAP,17810021.0,18079276.0,18079276.0,aos/City_2020_GAAP_Summarized.XLSX
City of Willoughby Hills,Lake,2020,GAAP,5825635.0,6038616.0,4770221.0,aos/City_2020_GAAP_Summarized.XLSX
City of Willowick,Lake,2020,GAAP,3191494.0,3161815.0,3161815.0,aos/City_2020_GAAP_Summarized.XLSX
City of Wilmington,Clinton,2020,GAAP,10208215.0,9915086.0,9915086.0,aos/City_2020_GAAP_Summarized.XLSX
City of Wooster,Wayne,2020,GAAP,18025492.0,0.0,0.0,aos/City_2020_GAAP_Summarized.XLSX
City of Worthington,Franklin,2020,GAAP,26770166.0,26757531.0,21406025.0,aos/City_2020_GAAP_Summarized.XLSX
City of Wyoming,Hamilton,2020,GAAP,6323977.0,6554030.0,6554030.0,aos/City_2020_GAAP_Summarized.XLSX
City of Xenia,Greene,2020,GAAP,13383792.0,13159717.0,5791940.0,aos/City_2020_GAAP_Summarized.XLSX
City of Youngstown,Mahoning,2020,GAAP,42815206.0,43593182.0,23702855.0,aos/City_2020_GAAP_Summarized.XLSX
City of Zanesville,Muskingum,2020,GAAP,18385410.0,18282032.0,10224808.0,aos/City_2020_GAAP_Summarized.XLSX
City of Germantown,Montgomery,2020,MOD,1745697.0,1745697.0,1745697.0,aos/City_2020_MOD_Summarized.XLSX
City of Ironton,Lawrence,2020,MOD,2583859.0,0.0,0.0,aos/City_2020_MOD_Summarized.XLSX
City of Ironton,Lawrence,2021,CASH,3415426.0,0.0,0.0,aos/City_2021_CASH_Summarized.XLSX
City of Kenton,Hardin,2021,CASH,3629855.0,3629855.0,3629855.0,aos/City_2021_CASH_Summarized.XLSX
City of Marion,Marion,2021,CASH,19472324.0,19472324.0,19472324.0,aos/City_2021_CASH_Summarized.XLSX
City of North College Hill,Hamilton,2021,CASH,2898619.0,2898619.0,2898619.0,aos/City_2021_CASH_Summarized.XLSX
City of Port Clinton,Ottawa,2021,CASH,2858057.0,2858057.0,2858057.0,aos/City_2021_CASH_Summarized.XLSX
City of Struthers,Mahoning,2021,CASH,3613900.0,3613900.0,3613900.0,aos/City_2021_CASH_Summarized.XLSX
City of Sunbury,Delaware,2021,CASH,3618848.0,3618848.0,3618848.0,aos/City_2021_CASH_Summarized.XLSX
City of Van Wert,Van Wert,2021,CASH,8309663.0,8309663.0,4893129.0,aos/City_2021_CASH_Summarized.XLSX
City of Akron,Summit,2021,GAAP,189794686.0,185608165.0,104975599.0,aos/City_2021_GAAP_Summarized.XLSX
City of Alliance,Stark,2021,GAAP,11613495.0,11585481.0,9477271.0,aos/City_2021_GAAP_Summarized.XLSX
City of Amherst,Lorain,2021,GAAP,6380857.0,6473065.0,4946448.0,aos/City_2021_GAAP_Summarized.XLSX
City of Ashland,Ashland,2021,GAAP,17499010.0,17391716.0,11558637.0,aos/City_2021_GAAP_Summarized.XLSX
City of Ashtabula,Ashtabula,2021,GAAP,8075605.0,8023423.0,7232979.0,aos/City_2021_GAAP_Summarized.XLSX
City of Athens,Athens,2021,GAAP,15493779.0,15860038.0,10023265.0,aos/City_2021_GAAP_Summarized.XLSX
City of Aurora,Portage,2021,GAAP,19521925.0,19069986.0,18454986.0,aos/City_2021_GAAP_Summarized.XLSX
City of Avon,Lorain,2021,GAAP,24041269.0,24330867.0,13150044.0,aos/City_2021_GAAP_Summarized.XLSX
City of Avon Lake,Lorain,2021,GAAP,13346755.0,13687237.0,8129227.0,aos/City_2021_GAAP_Summarized.XLSX
City of Barberton,Summit,2021,GAAP,13436898.0,13119436.0,11650668.0,aos/City_2021_GAAP_Summarized.XLSX
City of Bay Village,Cuyahoga,2021,GAAP,8575203.0,8836549.0,8306356.0,aos/City_2021_GAAP_Summarized.XLSX
City of Beachwood,Cuyahoga,2021,GAAP,37712799.0,37649248.0,37649248.0,aos/City_2021_GAAP_Summarized.XLSX
City of Bedford,Cuyahoga,2021,GAAP,12520295.0,13076822.0,12030677.0,aos/City_2021_GAAP_Summarized.XLSX
City of Bedford Heights,Cuyahoga,2021,GAAP,12310533.0,12815997.0,12815997.0,aos/City_2021_GAAP_Summarized.XLSX
City of Bellefontaine,Logan,2021,GAAP,7084926.0,7099319.0,7099319.0,aos/City_2021_GAAP_Summarized.XLSX
City of Bellevue,Huron,2021,GAAP,6447990.0,6563284.0,6563284.0,aos/City_2021_GAAP_Summarized.XLSX
City of Belpre,Washington,2021,GAAP,2002786.0,1848406.0,1848406.0,aos/City_2021_GAAP_Summarized.XLSX
City of Berea,Cuyahoga,2021,GAAP,16072370.0,16487783.0,16487783.0,aos/City_2021_GAAP_Summarized.XLSX
City of Bexley,Franklin,2021,GAAP,15805335.0,14514119.0,14514119.0,aos/City_2021_GAAP_Summarized.XLSX
City of Blue Ash,Hamilton,2021,GAAP,37147196.0,37043120.0,37043120.0,aos/City_2021_GAAP_Summarized.XLSX
City of Bowling Green,Wood,2021,GAAP,22077837.0,22223251.0,8333719.0,aos/City_2021_GAAP_Summarized.XLSX
City of Brecksville,Cuyahoga,2021,GAAP,21443836.0,21738198.0,18718194.0,aos/City_2021_GAAP_Summarized.XLSX
City of Broadview Heights,Cuyahoga,2021,GAAP,15490068.0,15325237.0,15325237.0,aos/City_2021_GAAP_Summarized.XLSX
City of Brook Park,Cuyahoga,2021,GAAP,20386017.0,20915423.0,17878537.0,aos/City_2021_GAAP_Summarized.XLSX
City of Brooklyn,Cuyahoga,2021,GAAP,19951562.0,18370770.0,15905284.0,aos/City_2021_GAAP_Summarized.XLSX
City of Brookville,Montgomery,2021,GAAP,3413208.0,3355059.0,3355059.0,aos/City_2021_GAAP_Summarized.XLSX
City of Brunswick,Medina,2021,GAAP,26128142.0,24036095.0,7891413.0,aos/City_2021_GAAP_Summarized.XLSX
City of Bryan,Williams,2021,GAAP,7500417.0,0.0,0.0,aos/City_2021_GAAP_Summarized.XLSX
City of Bucyrus,Crawford,2021,GAAP,6871628.0,6904562.0,3456709.0,aos/City_2021_GAAP_Summarized.XLSX
City of Cambridge,Guernsey,2021,GAAP,8561905.0,8283675.0,5766231.0,aos/City_2021_GAAP_Summarized.XLSX
City of Campbell,Mahoning,2021,GAAP,1841002.0,1968680.0,1765950.0,aos/City_2021_GAAP_Summarized.XLSX
City of Canal Fulton,Stark,2021,GAAP,2937575.0,2885042.0,2693811.0,aos/City_2021_GAAP_Summarized.XLSX
City of Canal Winchester,Franklin,2021,GAAP,9677377.0,9503124.0,9503124.0,aos/City_2021_GAAP_Summarized.XLSX
City of Canfield,Mahoning,2021,GAAP,4028922.0,4000722.0,4000722.0,aos/City_2021_GAAP_Summarized.XLSX
City of Canton,Stark,2021,GAAP,68558692.0,68914401.0,45229227.0,aos/City_2021_GAAP_Summarized.XLSX
City of Carlisle,Warren,2021,GAAP,1523948.0,1473509.0,982332.0,aos/City_2021_GAAP_Summarized.XLSX
City of Celina,Mercer,2021,GAAP,7327686.0,7029099.0,4702716.0,aos/City_2021_GAAP_Summarized.XLSX
City of Centerville,Montgomery,2021,GAAP,23684668.0,22614175.0,22614175.0,aos/City_2021_GAAP_Summarized.XLSX
City of Chardon,Geauga,2021,GAAP,7432746.0,7226823.0,6864300.0,aos/City_2021_GAAP_Summarized.XLSX
City of Cheviot,Hamilton,2021,GAAP,2530457.0,2437732.0,2437732.0,aos/City_2021_GAAP_Summarized.XLSX
City of Chillicothe,Ross,2021,GAAP,17416615.0,17249172.0,12938467.0,aos/City_2021_GAAP_Summarized.XLSX
City of Cincinnati,Hamilton,2021,GAAP,403708000.0,403708000.0,323642000.0,aos/City_2021_GAAP_Summarized.XLSX
City of Circleville,Pickaway,2021,GAAP,10023331.0,9906388.0,3100842.0,aos/City_2021_GAAP_Summarized.XLSX
City of Clayton,Montgomery,2021,GAAP,5242944.0,5231581.0,3489327.0,aos/City_2021_GAAP_Summarized.XLSX
City of Cleveland,Cuyahoga,2021,GAAP,495297000.0,495532000.0,440473000.0,aos/City_2021_GAAP_Summarized.XLSX
City of Cleveland Heights,Cuyahoga,2021,GAAP,32534589.0,31984999.0,31984999.0,aos/City_2021_GAAP_Summarized.XLSX
City of Clyde,Sandusky,2021,GAAP,6251249.0,6148078.0,4392088.0,aos/City_2021_GAAP_Summarized.XLSX
City of Columbiana,Columbiana,2021,GAAP,2566594.0,0.0,0.0,aos/City_2021_GAAP_Summarized.XLSX
City of Columbus,Franklin,2021,GAAP,1053645000.0,1031645000.0,773734000.0,aos/City_2021_GAAP_Summarized.XLSX
City of Conneaut,Ashtabula,2021,GAAP,3228781.0,3214521.0,2524065.0,aos/City_2021_GAAP_Summarized.XLSX
City of Coshocton,Coshocton,2021,GAAP,6652006.0,6502059.0,2394337.0,aos/City_2021_GAAP_Summarized.XLSX
City of Cuyahoga Falls,Summit,2021,GAAP,26801618.0,28573353.0,18990402.0,aos/City_2021_GAAP_Summarized.XLSX
City of Dayton,Montgomery,2021,GAAP,147325533.0,146380742.0,146380742.0,aos/City_2021_GAAP_Summarized.XLSX
City of Deer Park,Hamilton,2021,GAAP,1424182.0,0.0,0.0,aos/City_2021_GAAP_Summarized.XLSX
City of Defiance,Defiance,2021,GAAP,12081854.0,12025606.0,7982420.0,aos/City_2021_GAAP_Summarized.XLSX
City of Delaware,Delaware,2021,GAAP,2425237.0,32756780.0,17424280.0,aos/City_2021_GAAP_Summarized.XLSX
City of Delphos,Allen,2021,GAAP,4764837.0,4576067.0,2608797.0,aos/City_2021_GAAP_Summarized.XLSX
City of Dover,Tuscarawas,2021,GAAP,7686384.0,7842612.0,3783979.0,aos/City_2021_GAAP_Summarized.XLSX
City of Dublin,Franklin,2021,GAAP,99462111.0,96522020.0,0.0,aos/City_2021_GAAP_Summarized.XLSX
City of East Cleveland,Cuyahoga,2021,GAAP,5437998.0,5401668.0,5401668.0,aos/City_2021_GAAP_Summarized.XLSX
City of East Liverpool,Columbiana,2021,GAAP,3272558.0,3411220.0,3155693.0,aos/City_2021_GAAP_Summarized.XLSX
City of Eastlake,Lake,2021,GAAP,8269913.0,8739152.0,8739152.0,aos/City_2021_GAAP_Summarized.XLSX
City of Eaton,Preble,2021,GAAP,5445604.0,5645969.0,1505591.0,aos/City_2021_GAAP_Summarized.XLSX
City of Elyria,Lorain,2021,GAAP,34285691.0,34312156.0,22981258.0,aos/City_2021_GAAP_Summarized.XLSX
City of Englewood,Montgomery,2021,GAAP,8672768.0,8317130.0,8317130.0,aos/City_2021_GAAP_Summarized.XLSX
City of Euclid,Cuyahoga,2021,GAAP,26242686.0,30018752.0,30018752.0,aos/City_2021_GAAP_Summarized.XLSX
City of Fairborn,Greene,2021,GAAP,19683084.0,19052667.0,9991299.0,aos/City_2021_GAAP_Summarized.XLSX
City of Fairfield,Butler,2021,GAAP,37330331.0,35712137.0,28543807.0,aos/City_2021_GAAP_Summarized.XLSX
City of Fairlawn,Summit,2021,GAAP,15309140.0,15015118.0,12129963.0,aos/City_2021_GAAP_Summarized.XLSX
City of Fairview Park,Cuyahoga,2021,GAAP,10874426.0,11066395.0,6917238.0,aos/City_2021_GAAP_Summarized.XLSX
City of Findlay,Hancock,2021,GAAP,31471723.0,30997492.0,30997492.0,aos/City_2021_GAAP_Summarized.XLSX
City of Forest Park,Hamilton,2021,GAAP,11460262.0,10463391.0,10463391.0,aos/City_2021_GAAP_Summarized.XLSX
City of Fostoria,Seneca,2021,GAAP,7615914.0,7179405.0,7179405.0,aos/City_2021_GAAP_Summarized.XLSX
City of Franklin,Warren,2021,GAAP,9799231.0,9460464.0,9460464.0,aos/City_2021_GAAP_Summarized.XLSX
City of Fremont,Sandusky,2021,GAAP,11943948.0,11838355.0,11838355.0,aos/City_2021_GAAP_Summarized.XLSX
City of Gahanna,Franklin,2021,GAAP,36718410.0,34000804.0,20675712.0,aos/City_2021_GAAP_Summarized.XLSX
City of Galion,Crawford,2021,GAAP,5671405.0,5880899.0,2940802.0,aos/City_2021_GAAP_Summarized.XLSX
City of Garfield Heights,Cuyahoga,2021,GAAP,13508616.0,12923800.0,9912991.0,aos/City_2021_GAAP_Summarized.XLSX
City of Geneva,Ashtabula,2021,GAAP,3128489.0,3133300.0,3133300.0,aos/City_2021_GAAP_Summarized.XLSX
City of Girard,Trumbull,2021,GAAP,3586056.0,3629820.0,2961189.0,aos/City_2021_GAAP_Summarized.XLSX
City of Grandview Heights,Franklin,2021,GAAP,18057454.0,17303588.0,13787352.0,aos/City_2021_GAAP_Summarized.XLSX
City of Green,Summit,2021,GAAP,28868364.0,27165761.0,25322578.0,aos/City_2021_GAAP_Summarized.XLSX
City of Greenville,Darke,2021,GAAP,8765002.0,8363895.0,8363895.0,aos/City_2021_GAAP_Summarized.XLSX
City of Grove City,Franklin,2021,GAAP,35908831.0,35039171.0,35039171.0,aos/City_2021_GAAP_Summarized.XLSX
City of Groveport,Franklin,2021,GAAP,18366827.0,18323466.0,15597445.0,aos/City_2021_GAAP_Summarized.XLSX
City of Hamilton,Butler,2021,GAAP,31245133.0,31250083.0,24240373.0,aos/City_2021_GAAP_Summarized.XLSX
City of Harrison,Hamilton,2021,GAAP,5031280.0,5004092.0,5004092.0,aos/City_2021_GAAP_Summarized.XLSX
City of Heath,Licking,2021,GAAP,11436345.0,11526193.0,10142135.0,aos/City_2021_GAAP_Summarized.XLSX
City of Highland Heights,Cuyahoga,2021,GAAP,11460629.0,11590506.0,10778773.0,aos/City_2021_GAAP_Summarized.XLSX
City of Hilliard,Franklin,2021,GAAP,39645874.0,36827631.0,23230177.0,aos/City_2021_GAAP_Summarized.XLSX
City of Hillsboro,Highland,2021,GAAP,4332240.0,0.0,0.0,aos/City_2021_GAAP_Summarized.XLSX
City of Hubbard,Trumbull,2021,GAAP,2728454.0,2521304.0,2521304.0,aos/City_2021_GAAP_Summarized.XLSX
City of Huber Heights,Montgomery,2021,GAAP,22874145.0,22426524.0,8055987.0,aos/City_2021_GAAP_Summarized.XLSX
City of Hudson,Summit,2021,GAAP,28366483.0,27272349.0,21539887.0,aos/City_2021_GAAP_Summarized.XLSX
City of Huron,Erie,2021,GAAP,3335127.0,3354343.0,2340503.0,aos/City_2021_GAAP_Summarized.XLSX
City of Independence,Cuyahoga,2021,GAAP,34967308.0,35311745.0,35311745.0,aos/City_2021_GAAP_Summarized.XLSX
City of Jackson,Jackson,2021,GAAP,3296699.0,2929422.0,0.0,aos/City_2021_GAAP_Summarized.XLSX
City of Johnstown,Licking,2021,GAAP,2570075.0,2544086.0,2544086.0,aos/City_2021_GAAP_Summarized.XLSX
City of Kent,Portage,2021,GAAP,17030964.0,17220734.0,4961029.0,aos/City_2021_GAAP_Summarized.XLSX
City of Kettering,Montgomery,2021,GAAP,52995180.0,53952954.0,53952954.0,aos/City_2021_GAAP_Summarized.XLSX
City of Kirtland,Lake,2021,GAAP,4307353.0,4627382.0,4627382.0,aos/City_2021_GAAP_Summarized.XLSX
City of Lakewood,Cuyahoga,2021,GAAP,27661079.0,27583567.0,27583567.0,aos/City_2021_GAAP_Summarized.XLSX
City of Lancaster,Fairfield,2021,GAAP,30503110.0,29465343.0,13800601.0,aos/City_2021_GAAP_Summarized.XLSX
City of Lebanon,Warren,2021,GAAP,11708708.0,11597238.0,6671441.0,aos/City_2021_GAAP_Summarized.XLSX
City of Lima,Allen,2021,GAAP,20012958.0,19879074.0,19879074.0,aos/City_2021_GAAP_Summarized.XLSX
City of Logan,Hocking,2021,GAAP,4680569.0,4657353.0,3907515.0,aos/City_2021_GAAP_Summarized.XLSX
City of London,Madison,2021,GAAP,7472239.0,7092966.0,4411670.0,aos/City_2021_GAAP_Summarized.XLSX
City of Lorain,Lorain,2021,GAAP,28917501.0,28105362.0,22628258.0,aos/City_2021_GAAP_Summarized.XLSX
City of Louisville,Stark,2021,GAAP,4874906.0,4563782.0,4563782.0,aos/City_2021_GAAP_Summarized.XLSX
City of Loveland,Hamilton,2021,GAAP,5716851.0,5975674.0,5975674.0,aos/City_2021_GAAP_Summarized.XLSX
City of Lyndhurst,Cuyahoga,2021,GAAP,10838767.0,10904583.0,10904583.0,aos/City_2021_GAAP_Summarized.XLSX
City of Macedonia,Summit,2021,GAAP,14842946.0,15304838.0,10824932.0,aos/City_2021_GAAP_Summarized.XLSX
City of Madeira,Hamilton,2021,GAAP,4969385.0,0.0,0.0,aos/City_2021_GAAP_Summarized.XLSX
City of Mansfield,Richland,2021,GAAP,33873930.0,32754078.0,16379207.0,aos/City_2021_GAAP_Summarized.XLSX
City of Maple Heights,Cuyahoga,2021,GAAP,7448283.0,7760317.0,7759080.0,aos/City_2021_GAAP_Summarized.XLSX
City of Marietta,Washington,2021,GAAP,12770715.0,12754470.0,8457846.0,aos/City_2021_GAAP_Summarized.XLSX
City of Martins Ferry,Belmont,2021,GAAP,1561919.0,1638532.0,1519069.0,aos/City_2021_GAAP_Summarized.XLSX
City of Marysville,Union,2021,GAAP,23345343.0,23382779.0,23382779.0,aos/City_2021_GAAP_Summarized.XLSX
City of Mason,Warren,2021,GAAP,45434993.0,45336168.0,45336168.0,aos/City_2021_GAAP_Summarized.XLSX
City of Massillon,Stark,2021,GAAP,24036514.0,22827305.0,16055903.0,aos/City_2021_GAAP_Summarized.XLSX
City of Maumee,Lucas,2021,GAAP,19259322.0,19261101.0,12860078.0,aos/City_2021_GAAP_Summarized.XLSX
City of Mayfield Heights,Cuyahoga,2021,GAAP,24534656.0,24708393.0,17239400.0,aos/City_2021_GAAP_Summarized.XLSX
City of Medina,Medina,2021,GAAP,17209602.0,17902582.0,4297725.0,aos/City_2021_GAAP_Summarized.XLSX
City of Mentor,Lake,2021,GAAP,57232996.0,57259999.0,57259999.0,aos/City_2021_GAAP_Summarized.XLSX
City of Mentor-on-the-Lake,Lake,2021,GAAP,1229603.0,1141564.0,1141564.0,aos/City_2021_GAAP_Summarized.XLSX
City of Miamisburg,Montgomery,2021,GAAP,16968412.0,20232739.0,16799817.0,aos/City_2021_GAAP_Summarized.XLSX
City of Middleburg Heights,Cuyahoga,2021,GAAP,23800195.0,24112945.0,19937174.0,aos/City_2021_GAAP_Summarized.XLSX
City of Middletown,Butler,2021,GAAP,35984999.0,35692999.0,27271745.0,aos/City_2021_GAAP_Summarized.XLSX
City of Milford,Clermont,2021,GAAP,4695006.0,4993355.0,4993355.0,aos/City_2021_GAAP_Summarized.XLSX
City of Monroe,Butler,2021,GAAP,16484948.0,16713791.0,12613256.0,aos/City_2021_GAAP_Summarized.XLSX
City of Montgomery,Hamilton,2021,GAAP,11040471.0,0.0,0.0,aos/City_2021_GAAP_Summarized.XLSX
City of Moraine,Montgomery,2021,GAAP,21060368.0,20505447.0,20505447.0,aos/City_2021_GAAP_Summarized.XLSX
City of Mount Vernon,Knox,2021,GAAP,14258201.0,0.0,0.0,aos/City_2021_GAAP_Summarized.XLSX
City of Mt. Healthy,Hamilton,2021,GAAP,2763416.0,2661416.0,2054950.0,aos/City_2021_GAAP_Summarized.XLSX
City of Munroe Falls,Summit,2021,GAAP,1795108.0,1747087.0,1602908.0,aos/City_2021_GAAP_Summarized.XLSX
City of Napoleon,Henry,2021,GAAP,4904826.0,4886335.0,4886335.0,aos/City_2021_GAAP_Summarized.XLSX
City of Nelsonville,Athens,2021,GAAP,1940805.0,1917513.0,1736610.0,aos/City_2021_GAAP_Summarized.XLSX
City of New Albany,Franklin,2021,GAAP,52212031.0,50691660.0,27587327.0,aos/City_2021_GAAP_Summarized.XLSX
City of New Carlisle,Clark,2021,GAAP,1805172.0,1300423.0,1300423.0,aos/City_2021_GAAP_Summarized.XLSX
City of New Franklin,Summit,2021,GAAP,3648474.0,3643615.0,3467653.0,aos/City_2021_GAAP_Summarized.XLSX
City of New Philadelphia,Tuscarawas,2021,GAAP,9559013.0,9268230.0,4025383.0,aos/City_2021_GAAP_Summarized.XLSX
City of Newark,Licking,2021,GAAP,26323603.0,0.0,0.0,aos/City_2021_GAAP_Summarized.XLSX
City of Niles,Trumbull,2021,GAAP,9225180.0,9701878.0,4980947.0,aos/City_2021_GAAP_Summarized.XLSX
City of North Canton,Stark,2021,GAAP,7986139.0,8305927.0,6742410.0,aos/City_2021_GAAP_Summarized.XLSX
City of North Olmsted,Cuyahoga,2021,GAAP,17879082.0,18448087.0,12913663.0,aos/City_2021_GAAP_Summarized.XLSX
City of North Ridgeville,Lorain,2021,GAAP,14516699.0,14527099.0,12348034.0,aos/City_2021_GAAP_Summarized.XLSX
City of North Royalton,Cuyahoga,2021,GAAP,18378584.0,18519255.0,15556072.0,aos/City_2021_GAAP_Summarized.XLSX
City of Northwood,Wood,2021,GAAP,6429133.0,6420793.0,4494555.0,aos/City_2021_GAAP_Summarized.XLSX
City of Norton,Summit,2021,GAAP,7998408.0,7984572.0,7614571.0,aos/City_2021_GAAP_Summarized.XLSX
City of Norwalk,Huron,2021,GAAP,7216287.0,7000988.0,5672700.0,aos/City_2021_GAAP_Summarized.XLSX
City of Norwood,Hamilton,2021,GAAP,20141114.0,20370900.0,20370900.0,aos/City_2021_GAAP_Summarized.XLSX
City of Oakwood,Montgomery,2021,GAAP,9766133.0,9644435.0,9644435.0,aos/City_2021_GAAP_Summarized.XLSX
City of Oberlin,Lorain,2021,GAAP,8213730.0,8213730.0,5912564.0,aos/City_2021_GAAP_Summarized.XLSX
City of Obetz,Franklin,2021,GAAP,11798832.0,12344013.0,9164013.0,aos/City_2021_GAAP_Summarized.XLSX
City of Olmsted Falls,Cuyahoga,2021,GAAP,3527021.0,3608232.0,3188976.0,aos/City_2021_GAAP_Summarized.XLSX
City of Ontario,Richland,2021,GAAP,6692930.0,6519649.0,4481231.0,aos/City_2021_GAAP_Summarized.XLSX
City of Oregon,Lucas,2021,GAAP,19094470.0,18980341.0,15450648.0,aos/City_2021_GAAP_Summarized.XLSX
City of Orrville,Wayne,2021,GAAP,7612326.0,7428639.0,5227504.0,aos/City_2021_GAAP_Summarized.XLSX
City of Oxford,Butler,2021,GAAP,9962247.0,10302477.0,9001754.0,aos/City_2021_GAAP_Summarized.XLSX
City of Painesville,Lake,2021,GAAP,10223262.0,10155450.0,10155450.0,aos/City_2021_GAAP_Summarized.XLSX
City of Parma,Cuyahoga,2021,GAAP,41561922.0,41829327.0,32940591.0,aos/City_2021_GAAP_Summarized.XLSX
City of Parma Heights,Cuyahoga,2021,GAAP,10468571.0,9230745.0,9230745.0,aos/City_2021_GAAP_Summarized.XLSX
City of Pataskala,Licking,2021,GAAP,6793034.0,7115462.0,0.0,aos/City_2021_GAAP_Summarized.XLSX
City of Pepper Pike,Cuyahoga,2021,GAAP,8634611.0,8614106.0,8614106.0,aos/City_2021_GAAP_Summarized.XLSX
City of Perrysburg,Wood,2021,GAAP,23268447.0,23240657.0,23240657.0,aos/City_2021_GAAP_Summarized.XLSX
City of Pickerington,Fairfield,2021,GAAP,9531822.0,9470895.0,9470895.0,aos/City_2021_GAAP_Summarized.XLSX
City of Piqua,Miami,2021,GAAP,13072163.0,12920163.0,9493130.0,aos/City_2021_GAAP_Summarized.XLSX
City of Portsmouth,Scioto,2021,GAAP,16118525.0,16161000.0,14220855.0,aos/City_2021_GAAP_Summarized.XLSX
City of Powell,Delaware,2021,GAAP,7874916.0,7796395.0,7796395.0,aos/City_2021_GAAP_Summarized.XLSX
City of Ravenna,Portage,2021,GAAP,10451624.0,10441103.0,6643518.0,aos/City_2021_GAAP_Summarized.XLSX
City of Reading,Hamilton,2021,GAAP,8608616.0,8263289.0,8263289.0,aos/City_2021_GAAP_Summarized.XLSX
City of Reminderville,Summit,2021,GAAP,3017584.0,3073658.0,2038375.0,aos/City_2021_GAAP_Summarized.XLSX
City of Reynoldsburg,Franklin,2021,GAAP,32399660.0,32678643.0,23193862.0,aos/City_2021_GAAP_Summarized.XLSX
City of Richmond Heights,Cuyahoga,2021,GAAP,8054243.0,7917480.0,7917480.0,aos/City_2021_GAAP_Summarized.XLSX
City of Rittman,Wayne,2021,GAAP,2174133.0,2263261.0,1697446.0,aos/City_2021_GAAP_Summarized.XLSX
City of Riverside,Montgomery,2021,GAAP,6652290.0,6357803.0,4238709.0,aos/City_2021_GAAP_Summarized.XLSX
City of Rocky River,Cuyahoga,2021,GAAP,18109512.0,17878179.0,14335684.0,aos/City_2021_GAAP_Summarized.XLSX
City of Rossford,Wood,2021,GAAP,8280908.0,8320100.0,8320100.0,aos/City_2021_GAAP_Summarized.XLSX
City of Salem,Columbiana,2021,GAAP,6359745.0,6342976.0,4615682.0,aos/City_2021_GAAP_Summarized.XLSX
City of Sandusky,Erie,2021,GAAP,13144722.0,13721798.0,12178378.0,aos/City_2021_GAAP_Summarized.XLSX
City of Seven Hills,Cuyahoga,2021,GAAP,8878403.0,8932669.0,8932669.0,aos/City_2021_GAAP_Summarized.XLSX
City of Shaker Heights,Cuyahoga,2021,GAAP,41533564.0,42551636.0,42551636.0,aos/City_2021_GAAP_Summarized.XLSX
City of Sharonville,Hamilton,2021,GAAP,30633075.0,31037019.0,21021578.0,aos/City_2021_GAAP_Summarized.XLSX
City of Sheffield Lake,Lorain,2021,GAAP,3709586.0,3793886.0,3298857.0,aos/City_2021_GAAP_Summarized.XLSX
City of Shelby,Richland,2021,GAAP,4993730.0,4902196.0,3374158.0,aos/City_2021_GAAP_Summarized.XLSX
City of Sidney,Shelby,2021,GAAP,20120128.0,18719390.0,13789749.0,aos/City_2021_GAAP_Summarized.XLSX
City of Solon,Cuyahoga,2021,GAAP,47809743.0,47926429.0,35803846.0,aos/City_2021_GAAP_Summarized.XLSX
City of South Euclid,Cuyahoga,2021,GAAP,13141537.0,12949254.0,12949254.0,aos/City_2021_GAAP_Summarized.XLSX
City of South Lebanon,Warren,2021,GAAP,2380254.0,2162945.0,2162945.0,aos/City_2021_GAAP_Summarized.XLSX
City of Springboro,Warren,2021,GAAP,15367154.0,15621472.0,10403005.0,aos/City_2021_GAAP_Summarized.XLSX
City of Springdale,Hamilton,2021,GAAP,20110891.0,20792614.0,20792614.0,aos/City_2021_GAAP_Summarized.XLSX
City of Springfield,Clark,2021,GAAP,45966560.0,44718428.0,40246585.0,aos/City_2021_GAAP_Summarized.XLSX
City of St. Clairsville,Belmont,2021,GAAP,1305256.0,1427494.0,713747.0,aos/City_2021_GAAP_Summarized.XLSX
City of St. Marys,Auglaize,2021,GAAP,5104945.0,4911871.0,2702772.0,aos/City_2021_GAAP_Summarized.XLSX
City of Steubenville,Jefferson,2021,GAAP,12036892.0,12009225.0,10839018.0,aos/City_2021_GAAP_Summarized.XLSX
City of Stow,Summit,2021,GAAP,20748106.0,20589575.0,13070386.0,aos/City_2021_GAAP_Summarized.XLSX
City of Streetsboro,Portage,2021,GAAP,15480622.0,15400175.0,12634618.0,aos/City_2021_GAAP_Summarized.XLSX
City of Strongsville,Cuyahoga,2021,GAAP,41912287.0,42075931.0,37458833.0,aos/City_2021_GAAP_Summarized.XLSX
City of Sylvania,Lucas,2021,GAAP,12131026.0,12131450.0,11160934.0,aos/City_2021_GAAP_Summarized.XLSX
City of Tallmadge,Summit,2021,GAAP,14848907.0,14040922.0,12499992.0,aos/City_2021_GAAP_Summarized.XLSX
City of the Village of Indian Hill,Hamilton,2021,GAAP,25188149.0,16105128.0,16105128.0,aos/City_2021_GAAP_Summarized.XLSX
City of Tiffin,Seneca,2021,GAAP,11177866.0,11313074.0,8914922.0,aos/City_2021_GAAP_Summarized.XLSX
City of Tipp City,Miami,2021,GAAP,7774120.0,7710631.0,4103093.0,aos/City_2021_GAAP_Summarized.XLSX
City of Toledo,Lucas,2021,GAAP,212867000.0,211175000.0,191447000.0,aos/City_2021_GAAP_Summarized.XLSX
City of Toronto,Jefferson,2021,GAAP,1396639.0,1616142.0,1616142.0,aos/City_2021_GAAP_Summarized.XLSX
City of Trenton,Butler,2021,GAAP,3009219.0,2906792.0,2906792.0,aos/City_2021_GAAP_Summarized.XLSX
City of Trotwood,Montgomery,2021,GAAP,5984261.0,5877846.0,5877846.0,aos/City_2021_GAAP_Summarized.XLSX
City of Troy,Miami,2021,GAAP,23557082.0,22266627.0,22266627.0,aos/City_2021_GAAP_Summarized.XLSX
City of Twinsburg,Summit,2021,GAAP,22548429.0,23286448.0,23286448.0,aos/City_2021_GAAP_Summarized.XLSX
City of Uhrichsville,Tuscarawas,2021,GAAP,2035485.0,2061493.0,1437417.0,aos/City_2021_GAAP_Summarized.XLSX
City of Union,Montgomery,2021,GAAP,2970100.0,2783311.0,2783311.0,aos/City_2021_GAAP_Summarized.XLSX
City of University Heights,Cuyahoga,2021,GAAP,10757731.0,10926930.0,10383431.0,aos/City_2021_GAAP_Summarized.XLSX
City of Upper Arlington,Franklin,2021,GAAP,36687197.0,35866221.0,35866221.0,aos/City_2021_GAAP_Summarized.XLSX
City of Upper Sandusky,Wyandot,2021,GAAP,3387354.0,3372651.0,2470249.0,aos/City_2021_GAAP_Summarized.XLSX
City of Urbana,Champaign,2021,GAAP,7437221.0,6884572.0,3688886.0,aos/City_2021_GAAP_Summarized.XLSX
City of Vandalia,Montgomery,2021,GAAP,17855845.0,17564496.0,15407610.0,aos/City_2021_GAAP_Summarized.XLSX
City of Vermilion,Erie,2021,GAAP,4029919.0,4035011.0,2565734.0,aos/City_2021_GAAP_Summarized.XLSX
City of Wadsworth,Medina,2021,GAAP,11514134.0,11678562.0,9257110.0,aos/City_2021_GAAP_Summarized.XLSX
City of Wapakoneta,Auglaize,2021,GAAP,5059714.0,4878682.0,3242982.0,aos/City_2021_GAAP_Summarized.XLSX
City of Warren,Trumbull,2021,GAAP,22774896.0,22029137.0,22029137.0,aos/City_2021_GAAP_Summarized.XLSX
City of Warrensville Heights,Cuyahoga,2021,GAAP,19244124.0,19698733.0,19698733.0,aos/City_2021_GAAP_Summarized.XLSX
City of Washington Court House,Fayette,2021,GAAP,10059876.0,9474455.0,4868214.0,aos/City_2021_GAAP_Summarized.XLSX
City of Waterville,Lucas,2021,GAAP,4109044.0,4122919.0,3092190.0,aos/City_2021_GAAP_Summarized.XLSX
City of Wauseon,Fulton,2021,GAAP,4480382.0,0.0,0.0,aos/City_2021_GAAP_Summarized.XLSX
City of Wellston,Jackson,2021,GAAP,1319572.0,1295275.0,1295275.0,aos/City_2021_GAAP_Summarized.XLSX
City of West Carrollton,Montgomery,2021,GAAP,8392936.0,8083479.0,6305113.0,aos/City_2021_GAAP_Summarized.XLSX
City of Westerville,Franklin,2021,GAAP,55830881.0,54482817.0,38516090.0,aos/City_2021_GAAP_Summarized.XLSX
City of Westlake,Cuyahoga,2021,GAAP,32669800.0,33302308.0,22156197.0,aos/City_2021_GAAP_Summarized.XLSX
City of Whitehall,Franklin,2021,GAAP,29894806.0,30285239.0,30285239.0,aos/City_2021_GAAP_Summarized.XLSX
City of Wickliffe,Lake,2021,GAAP,9394951.0,9394951.0,9394951.0,aos/City_2021_GAAP_Summarized.XLSX
City of Willard,Huron,2021,GAAP,3789297.0,3873485.0,2673215.0,aos/City_2021_GAAP_Summarized.XLSX
City of Willoughby,Lake,2021,GAAP,19734824.0,19902595.0,19902595.0,aos/City_2021_GAAP_Summarized.XLSX
City of Willoughby Hills,Lake,2021,GAAP,6606006.0,6613626.0,5283227.0,aos/City_2021_GAAP_Summarized.XLSX
City of Willowick,Lake,2021,GAAP,3482378.0,3507298.0,3507298.0,aos/City_2021_GAAP_Summarized.XLSX
City of Wilmington,Clinton,2021,GAAP,10831202.0,10571329.0,10571329.0,aos/City_2021_GAAP_Summarized.XLSX
City of Wooster,Wayne,2021,GAAP,21917445.0,0.0,0.0,aos/City_2021_GAAP_Summarized.XLSX
City of Worthington,Franklin,2021,GAAP,31731764.0,31268523.0,25014879.0,aos/City_2021_GAAP_Summarized.XLSX
City of Wyoming,Hamilton,2021,GAAP,7339422.0,6890540.0,6890540.0,aos/City_2021_GAAP_Summarized.XLSX
City of Xenia,Greene,2021,GAAP,13628181.0,13819220.0,6191178.0,aos/City_2021_GAAP_Summarized.XLSX
City of Youngstown,Mahoning,2021,GAAP,46084432.0,45280394.0,24586242.0,aos/City_2021_GAAP_Summarized.XLSX
City of Zanesville,Muskingum,2021,GAAP,21942942.0,21981523.0,12322385.0,aos/City_2021_GAAP_Summarized.XLSX
City of Germantown,Montgomery,2021,MOD,1993255.0,1993255.0,1993255.0,aos/City_2021_MOD_Summarized.XLSX
City of Kenton,Hardin,2022,CASH,3928421.0,3928421.0,3928421.0,aos/City_2022_CASH_Summarized.XLSX
City of North College Hill,Hamilton,2022,CASH,2883701.0,2883701.0,2883701.0,aos/City_2022_CASH_Summarized.XLSX
City of Port Clinton,Ottawa,2022,CASH,3140578.0,3140578.0,3140578.0,aos/City_2022_CASH_Summarized.XLSX
City of Struthers,Mahoning,2022,CASH,3694738.0,3694738.0,3694738.0,aos/City_2022_CASH_Summarized.XLSX
City of Sunbury,Delaware,2022,CASH,3935844.0,3935844.0,3935844.0,aos/City_2022_CASH_Summarized.XLSX
City of Van Wert,Van Wert,2022,CASH,8810002.0,8810002.0,5228737.0,aos/City_2022_CASH_Summarized.XLSX
City of Akron,Summit,2022,GAAP,186718101.0,188171386.0,101068321.0,aos/City_2022_GAAP_Summarized.XLSX
City of Alliance,Stark,2022,GAAP,13490189.0,13235532.0,10988656.0,aos/City_2022_GAAP_Summarized.XLSX
City of Amherst,Lorain,2022,GAAP,7280358.0,6972468.0,5260819.0,aos/City_2022_GAAP_Summarized.XLSX
City of Ashland,Ashland,2022,GAAP,20739260.0,19562758.0,13012198.0,aos/City_2022_GAAP_Summarized.XLSX
City of Ashtabula,Ashtabula,2022,GAAP,8907222.0,8830253.0,7953194.0,aos/City_2022_GAAP_Summarized.XLSX
City of Athens,Athens,2022,GAAP,16571274.0,16571274.0,10461439.0,aos/City_2022_GAAP_Summarized.XLSX
City of Aurora,Portage,2022,GAAP,22506179.0,21616729.0,20896729.0,aos/City_2022_GAAP_Summarized.XLSX
City of Avon,Lorain,2022,GAAP,27649761.0,27915595.0,15171804.0,aos/City_2022_GAAP_Summarized.XLSX
City of Avon Lake,Lorain,2022,GAAP,18004000.0,17789607.0,9113112.0,aos/City_2022_GAAP_Summarized.XLSX
City of Barberton,Summit,2022,GAAP,16046422.0,15441497.0,13712442.0,aos/City_2022_GAAP_Summarized.XLSX
City of Bay Village,Cuyahoga,2022,GAAP,10448832.0,9129409.0,9686568.0,aos/City_2022_GAAP_Summarized.XLSX
City of Beachwood,Cuyahoga,2022,GAAP,38956945.0,39240681.0,39240681.0,aos/City_2022_GAAP_Summarized.XLSX
City of Bedford,Cuyahoga,2022,GAAP,14512536.0,13899274.0,12787272.0,aos/City_2022_GAAP_Summarized.XLSX
City of Bedford Heights,Cuyahoga,2022,GAAP,13947396.0,13464200.0,13464200.0,aos/City_2022_GAAP_Summarized.XLSX
City of Bellefontaine,Logan,2022,GAAP,7639306.0,650731.0,7747120.0,aos/City_2022_GAAP_Summarized.XLSX
City of Bellevue,Huron,2022,GAAP,8394237.0,8727925.0,8727925.0,aos/City_2022_GAAP_Summarized.XLSX
City of Belpre,Washington,2022,GAAP,2025592.0,2102259.0,2102259.0,aos/City_2022_GAAP_Summarized.XLSX
City of Berea,Cuyahoga,2022,GAAP,18084206.0,18054215.0,18054215.0,aos/City_2022_GAAP_Summarized.XLSX
City of Bexley,Franklin,2022,GAAP,17866140.0,16670700.0,16670700.0,aos/City_2022_GAAP_Summarized.XLSX
City of Blue Ash,Hamilton,2022,GAAP,38633860.0,38095007.0,38095007.0,aos/City_2022_GAAP_Summarized.XLSX
City of Bowling Green,Wood,2022,GAAP,24098057.0,23964220.0,8986581.0,aos/City_2022_GAAP_Summarized.XLSX
City of Brecksville,Cuyahoga,2022,GAAP,20601455.0,20500945.0,17664275.0,aos/City_2022_GAAP_Summarized.XLSX
City of Broadview Heights,Cuyahoga,2022,GAAP,16839932.0,17173099.0,17173099.0,aos/City_2022_GAAP_Summarized.XLSX
City of Brook Park,Cuyahoga,2022,GAAP,22648395.0,21795019.0,18614710.0,aos/City_2022_GAAP_Summarized.XLSX
City of Brooklyn,Cuyahoga,2022,GAAP,16705594.0,17772203.0,14931206.0,aos/City_2022_GAAP_Summarized.XLSX
City of Brookville,Montgomery,2022,GAAP,3791025.0,3653225.0,3653225.0,aos/City_2022_GAAP_Summarized.XLSX
City of Brunswick,Medina,2022,GAAP,27426376.0,26795546.0,8886372.0,aos/City_2022_GAAP_Summarized.XLSX
City of Bryan,Williams,2022,GAAP,9270179.0,0.0,0.0,aos/City_2022_GAAP_Summarized.XLSX
City of Bucyrus,Crawford,2022,GAAP,6897235.0,6849166.0,3428677.0,aos/City_2022_GAAP_Summarized.XLSX
City of Cambridge,Guernsey,2022,GAAP,9050027.0,9223615.0,6527905.0,aos/City_2022_GAAP_Summarized.XLSX
City of Campbell,Mahoning,2022,GAAP,2091377.0,2195818.0,1976236.0,aos/City_2022_GAAP_Summarized.XLSX
City of Canal Fulton,Stark,2022,GAAP,3119754.0,3130624.0,2990588.0,aos/City_2022_GAAP_Summarized.XLSX
City of Canal Winchester,Franklin,2022,GAAP,11482869.0,11255009.0,11255009.0,aos/City_2022_GAAP_Summarized.XLSX
City of Canfield,Mahoning,2022,GAAP,4535207.0,4416694.0,4416694.0,aos/City_2022_GAAP_Summarized.XLSX
City of Canton,Stark,2022,GAAP,73493705.0,73101195.0,50020498.0,aos/City_2022_GAAP_Summarized.XLSX
City of Carlisle,Warren,2022,GAAP,1864813.0,1858113.0,1238815.0,aos/City_2022_GAAP_Summarized.XLSX
City of Celina,Mercer,2022,GAAP,6994970.0,7250121.0,4844394.0,aos/City_2022_GAAP_Summarized.XLSX
City of Centerville,Montgomery,2022,GAAP,25911657.0,25597712.0,25597712.0,aos/City_2022_GAAP_Summarized.XLSX
City of Chardon,Geauga,2022,GAAP,7839120.0,7598804.0,7217189.0,aos/City_2022_GAAP_Summarized.XLSX
City of Cheviot,Hamilton,2022,GAAP,2555913.0,2637391.0,2637391.0,aos/City_2022_GAAP_Summarized.XLSX
City of Chillicothe,Ross,2022,GAAP,18299814.0,18458566.0,13844543.0,aos/City_2022_GAAP_Summarized.XLSX
City of Cincinnati,Hamilton,2022,GAAP,396173000.0,396173000.0,342040000.0,aos/City_2022_GAAP_Summarized.XLSX
City of Circleville,Pickaway,2022,GAAP,10607495.0,10597130.0,3323117.0,aos/City_2022_GAAP_Summarized.XLSX
City of Clayton,Montgomery,2022,GAAP,5472632.0,5284567.0,3524668.0,aos/City_2022_GAAP_Summarized.XLSX
City of Cleveland,Cuyahoga,2022,GAAP,518825000.0,512741000.0,455770000.0,aos/City_2022_GAAP_Summarized.XLSX
City of Cleveland Heights,Cuyahoga,2022,GAAP,35123309.0,34526469.0,34526469.0,aos/City_2022_GAAP_Summarized.XLSX
City of Clyde,Sandusky,2022,GAAP,6335646.0,6306170.0,4558042.0,aos/City_2022_GAAP_Summarized.XLSX
City of Columbiana,Columbiana,2022,GAAP,3314973.0,0.0,0.0,aos/City_2022_GAAP_Summarized.XLSX
City of Columbus,Franklin,2022,GAAP,1084838000.0,1081838000.0,810936000.0,aos/City_2022_GAAP_Summarized.XLSX
City of Conneaut,Ashtabula,2022,GAAP,3786554.0,3634737.0,2861342.0,aos/City_2022_GAAP_Summarized.XLSX
City of Coshocton,Coshocton,2022,GAAP,7146898.0,7316802.0,2702272.0,aos/City_2022_GAAP_Summarized.XLSX
City of Cuyahoga Falls,Summit,2022,GAAP,31823387.0,31394242.0,20252820.0,aos/City_2022_GAAP_Summarized.XLSX
City of Dayton,Montgomery,2022,GAAP,153481195.0,151089530.0,151089530.0,aos/City_2022_GAAP_Summarized.XLSX
City of Deer Park,Hamilton,2022,GAAP,1519946.0,0.0,0.0,aos/City_2022_GAAP_Summarized.XLSX
City of Defiance,Defiance,2022,GAAP,13089306.0,13370159.0,8875388.0,aos/City_2022_GAAP_Summarized.XLSX
City of Delaware,Delaware,2022,GAAP,38351489.0,38009034.0,20545272.0,aos/City_2022_GAAP_Summarized.XLSX
City of Delphos,Allen,2022,GAAP,4435507.0,4448727.0,2666434.0,aos/City_2022_GAAP_Summarized.XLSX
City of Dover,Tuscarawas,2022,GAAP,9266202.0,8731920.0,4234575.0,aos/City_2022_GAAP_Summarized.XLSX
City of Dublin,Franklin,2022,GAAP,98544973.0,98414524.0,72162597.0,aos/City_2022_GAAP_Summarized.XLSX
City of East Cleveland,Cuyahoga,2022,GAAP,4394459.0,4302443.0,4302443.0,aos/City_2022_GAAP_Summarized.XLSX
City of East Liverpool,Columbiana,2022,GAAP,4108119.0,3842269.0,3554460.0,aos/City_2022_GAAP_Summarized.XLSX
City of Eastlake,Lake,2022,GAAP,10845670.0,10160661.0,10160661.0,aos/City_2022_GAAP_Summarized.XLSX
City of Eaton,Preble,2022,GAAP,6928900.0,6771400.0,1805706.0,aos/City_2022_GAAP_Summarized.XLSX
City of Elyria,Lorain,2022,GAAP,35415083.0,37943391.0,25069633.0,aos/City_2022_GAAP_Summarized.XLSX
City of Englewood,Montgomery,2022,GAAP,9311600.0,9258619.0,9258619.0,aos/City_2022_GAAP_Summarized.XLSX
City of Euclid,Cuyahoga,2022,GAAP,34086568.0,33193338.0,33193338.0,aos/City_2022_GAAP_Summarized.XLSX
City of Fairborn,Greene,2022,GAAP,22008599.0,21300903.0,10802374.0,aos/City_2022_GAAP_Summarized.XLSX
City of Fairfield,Butler,2022,GAAP,40717948.0,38843151.0,31005252.0,aos/City_2022_GAAP_Summarized.XLSX
City of Fairlawn,Summit,2022,GAAP,15942013.0,16091145.0,13050196.0,aos/City_2022_GAAP_Summarized.XLSX
City of Fairview Park,Cuyahoga,2022,GAAP,12408119.0,12654405.0,7913498.0,aos/City_2022_GAAP_Summarized.XLSX
City of Findlay,Hancock,2022,GAAP,37929348.0,37357707.0,37357707.0,aos/City_2022_GAAP_Summarized.XLSX
City of Forest Park,Hamilton,2022,GAAP,11335853.0,10765307.0,10765307.0,aos/City_2022_GAAP_Summarized.XLSX
City of Fostoria,Seneca,2022,GAAP,7269095.0,7700677.0,7700677.0,aos/City_2022_GAAP_Summarized.XLSX
City of Franklin,Warren,2022,GAAP,12044559.0,11665369.0,11665369.0,aos/City_2022_GAAP_Summarized.XLSX
City of Fremont,Sandusky,2022,GAAP,10996261.0,10987325.0,10987325.0,aos/City_2022_GAAP_Summarized.XLSX
City of Gahanna,Franklin,2022,GAAP,35744917.0,34986643.0,21302324.0,aos/City_2022_GAAP_Summarized.XLSX
City of Galion,Crawford,2022,GAAP,5935283.0,5949573.0,2974786.0,aos/City_2022_GAAP_Summarized.XLSX
City of Garfield Heights,Cuyahoga,2022,GAAP,14026310.0,15489286.0,12548138.0,aos/City_2022_GAAP_Summarized.XLSX
City of Geneva,Ashtabula,2022,GAAP,3585859.0,3543518.0,3543518.0,aos/City_2022_GAAP_Summarized.XLSX
City of Girard,Trumbull,2022,GAAP,4216409.0,4167477.0,3610852.0,aos/City_2022_GAAP_Summarized.XLSX
City of Grandview Heights,Franklin,2022,GAAP,15982817.0,16263862.0,13648437.0,aos/City_2022_GAAP_Summarized.XLSX
City of Green,Summit,2022,GAAP,30337921.0,29515251.0,27564817.0,aos/City_2022_GAAP_Summarized.XLSX
City of Greenville,Darke,2022,GAAP,10432926.0,9734614.0,9734614.0,aos/City_2022_GAAP_Summarized.XLSX
City of Grove City,Franklin,2022,GAAP,41515482.0,41352460.0,41352460.0,aos/City_2022_GAAP_Summarized.XLSX
City of Groveport,Franklin,2022,GAAP,23398228.0,21804624.0,18556430.0,aos/City_2022_GAAP_Summarized.XLSX
City of Hamilton,Butler,2022,GAAP,36761592.0,36344423.0,28199086.0,aos/City_2022_GAAP_Summarized.XLSX
City of Harrison,Hamilton,2022,GAAP,5299147.0,5401925.0,5401925.0,aos/City_2022_GAAP_Summarized.XLSX
City of Heath,Licking,2022,GAAP,11913647.0,0.0,0.0,aos/City_2022_GAAP_Summarized.XLSX
City of Highland Heights,Cuyahoga,2022,GAAP,11498429.0,11554396.0,10708269.0,aos/City_2022_GAAP_Summarized.XLSX
City of Hilliard,Franklin,2022,GAAP,43023595.0,42635107.0,22163820.0,aos/City_2022_GAAP_Summarized.XLSX
City of Hillsboro,Highland,2022,GAAP,5317897.0,575355.0,4904823.0,aos/City_2022_GAAP_Summarized.XLSX
City of Hubbard,Trumbull,2022,GAAP,2608325.0,2720604.0,2720604.0,aos/City_2022_GAAP_Summarized.XLSX
City of Huber Heights,Montgomery,2022,GAAP,25621908.0,25214022.0,9053594.0,aos/City_2022_GAAP_Summarized.XLSX
City of Hudson,Summit,2022,GAAP,31960617.0,30837835.0,24347419.0,aos/City_2022_GAAP_Summarized.XLSX
City of Huron,Erie,2022,GAAP,3878400.0,3828957.0,2777687.0,aos/City_2022_GAAP_Summarized.XLSX
City of Independence,Cuyahoga,2022,GAAP,34852612.0,34360013.0,34360013.0,aos/City_2022_GAAP_Summarized.XLSX
City of Jackson,Jackson,2022,GAAP,4249325.0,4082445.0,0.0,aos/City_2022_GAAP_Summarized.XLSX
City of Johnstown,Licking,2022,GAAP,2808644.0,2826518.0,2826518.0,aos/City_2022_GAAP_Summarized.XLSX
City of Kent,Portage,2022,GAAP,19270472.0,19237177.0,5803815.0,aos/City_2022_GAAP_Summarized.XLSX
City of Kettering,Montgomery,2022,GAAP,51551516.0,51813169.0,51813169.0,aos/City_2022_GAAP_Summarized.XLSX
City of Kirtland,Lake,2022,GAAP,4942946.0,4634220.0,4634220.0,aos/City_2022_GAAP_Summarized.XLSX
City of Lakewood,Cuyahoga,2022,GAAP,32378677.0,31213533.0,31213533.0,aos/City_2022_GAAP_Summarized.XLSX
City of Lancaster,Fairfield,2022,GAAP,35351543.0,0.0,0.0,aos/City_2022_GAAP_Summarized.XLSX
City of Lebanon,Warren,2022,GAAP,13159341.0,12761161.0,7186626.0,aos/City_2022_GAAP_Summarized.XLSX
City of Lima,Allen,2022,GAAP,22314651.0,22346466.0,22346466.0,aos/City_2022_GAAP_Summarized.XLSX
City of Logan,Hocking,2022,GAAP,5384703.0,5368954.0,4563858.0,aos/City_2022_GAAP_Summarized.XLSX
City of London,Madison,2022,GAAP,7736933.0,7874217.0,4798416.0,aos/City_2022_GAAP_Summarized.XLSX
City of Lorain,Lorain,2022,GAAP,29709698.0,29916740.0,24090956.0,aos/City_2022_GAAP_Summarized.XLSX
City of Louisville,Stark,2022,GAAP,5740923.0,5395707.0,5395707.0,aos/City_2022_GAAP_Summarized.XLSX
City of Loveland,Hamilton,2022,GAAP,7001717.0,6811640.0,6811640.0,aos/City_2022_GAAP_Summarized.XLSX
City of Lyndhurst,Cuyahoga,2022,GAAP,12040493.0,12147848.0,12147848.0,aos/City_2022_GAAP_Summarized.XLSX
City of Macedonia,Summit,2022,GAAP,16883285.0,16773364.0,11879051.0,aos/City_2022_GAAP_Summarized.XLSX
City of Madeira,Hamilton,2022,GAAP,6322041.0,0.0,0.0,aos/City_2022_GAAP_Summarized.XLSX
City of Mansfield,Richland,2022,GAAP,36397295.0,35555874.0,17779431.0,aos/City_2022_GAAP_Summarized.XLSX
City of Maple Heights,Cuyahoga,2022,GAAP,8422025.0,8435054.0,8435054.0,aos/City_2022_GAAP_Summarized.XLSX
City of Marietta,Washington,2022,GAAP,13522708.0,13525775.0,8967657.0,aos/City_2022_GAAP_Summarized.XLSX
City of Martins Ferry,Belmont,2022,GAAP,1809454.0,1916071.0,1573494.0,aos/City_2022_GAAP_Summarized.XLSX
City of Marysville,Union,2022,GAAP,25777475.0,25671140.0,25671140.0,aos/City_2022_GAAP_Summarized.XLSX
City of Mason,Warren,2022,GAAP,45543215.0,47301479.0,47301479.0,aos/City_2022_GAAP_Summarized.XLSX
City of Massillon,Stark,2022,GAAP,22682563.0,23246919.0,16381235.0,aos/City_2022_GAAP_Summarized.XLSX
City of Maumee,Lucas,2022,GAAP,19697862.0,19563439.0,13045528.0,aos/City_2022_GAAP_Summarized.XLSX
City of Mayfield Heights,Cuyahoga,2022,GAAP,23536772.0,22896243.0,15819883.0,aos/City_2022_GAAP_Summarized.XLSX
City of Medina,Medina,2022,GAAP,19912292.0,19461867.0,4863119.0,aos/City_2022_GAAP_Summarized.XLSX
City of Mentor,Lake,2022,GAAP,58185905.0,57880892.0,57880892.0,aos/City_2022_GAAP_Summarized.XLSX
City of Mentor-on-the-Lake,Lake,2022,GAAP,1565294.0,1493486.0,1493486.0,aos/City_2022_GAAP_Summarized.XLSX
City of Miamisburg,Montgomery,2022,GAAP,21933237.0,20984945.0,17540150.0,aos/City_2022_GAAP_Summarized.XLSX
City of Middleburg Heights,Cuyahoga,2022,GAAP,26001751.0,25497705.0,20967078.0,aos/City_2022_GAAP_Summarized.XLSX
City of Middletown,Butler,2022,GAAP,33803306.0,33606306.0,24716435.0,aos/City_2022_GAAP_Summarized.XLSX
City of Milford,Clermont,2022,GAAP,5626413.0,5162791.0,4955148.0,aos/City_2022_GAAP_Summarized.XLSX
City of Monroe,Butler,2022,GAAP,17692823.0,17666174.0,13316107.0,aos/City_2022_GAAP_Summarized.XLSX
City of Montgomery,Hamilton,2022,GAAP,12431861.0,12190591.0,9077014.0,aos/City_2022_GAAP_Summarized.XLSX
City of Moraine,Montgomery,2022,GAAP,21656654.0,21275939.0,21275939.0,aos/City_2022_GAAP_Summarized.XLSX
City of Mount Vernon,Knox,2022,GAAP,16948453.0,19720829.0,5226335.0,aos/City_2022_GAAP_Summarized.XLSX
City of Mt. Healthy,Hamilton,2022,GAAP,2796269.0,2861269.0,2208767.0,aos/City_2022_GAAP_Summarized.XLSX
City of Munroe Falls,Summit,2022,GAAP,2081641.0,2129252.0,1929683.0,aos/City_2022_GAAP_Summarized.XLSX
City of Napoleon,Henry,2022,GAAP,5894014.0,6114968.0,6114968.0,aos/City_2022_GAAP_Summarized.XLSX
City of Nelsonville,Athens,2022,GAAP,1568997.0,1633028.0,1437064.0,aos/City_2022_GAAP_Summarized.XLSX
City of New Albany,Franklin,2022,GAAP,47852378.0,46923546.0,26761910.0,aos/City_2022_GAAP_Summarized.XLSX
City of New Carlisle,Clark,2022,GAAP,1919394.0,2045127.0,1365993.0,aos/City_2022_GAAP_Summarized.XLSX
City of New Franklin,Summit,2022,GAAP,4215661.0,4250510.0,4043292.0,aos/City_2022_GAAP_Summarized.XLSX
City of New Philadelphia,Tuscarawas,2022,GAAP,9806323.0,9886293.0,4293715.0,aos/City_2022_GAAP_Summarized.XLSX
City of Newark,Licking,2022,GAAP,28153154.0,0.0,0.0,aos/City_2022_GAAP_Summarized.XLSX
City of Niles,Trumbull,2022,GAAP,12446332.0,12040979.0,6099154.0,aos/City_2022_GAAP_Summarized.XLSX
City of North Canton,Stark,2022,GAAP,9981062.0,9779705.0,8171892.0,aos/City_2022_GAAP_Summarized.XLSX
City of North Olmsted,Cuyahoga,2022,GAAP,20349739.0,19598471.0,13718929.0,aos/City_2022_GAAP_Summarized.XLSX
City of North Ridgeville,Lorain,2022,GAAP,15856093.0,15947393.0,13555284.0,aos/City_2022_GAAP_Summarized.XLSX
City of North Royalton,Cuyahoga,2022,GAAP,21431456.0,21909237.0,18386704.0,aos/City_2022_GAAP_Summarized.XLSX
City of Northwood,Wood,2022,GAAP,7329851.0,7362104.0,5153472.0,aos/City_2022_GAAP_Summarized.XLSX
City of Norton,Summit,2022,GAAP,9637605.0,9500952.0,8885632.0,aos/City_2022_GAAP_Summarized.XLSX
City of Norwalk,Huron,2022,GAAP,8002246.0,7959204.0,6214985.0,aos/City_2022_GAAP_Summarized.XLSX
City of Norwood,Hamilton,2022,GAAP,19336480.0,21442897.0,21287930.0,aos/City_2022_GAAP_Summarized.XLSX
City of Oakwood,Montgomery,2022,GAAP,10799997.0,10349463.0,10349463.0,aos/City_2022_GAAP_Summarized.XLSX
City of Oberlin,Lorain,2022,GAAP,8701341.0,8701341.0,6263811.0,aos/City_2022_GAAP_Summarized.XLSX
City of Obetz,Franklin,2022,GAAP,14342418.0,14706623.0,11511623.0,aos/City_2022_GAAP_Summarized.XLSX
City of Olmsted Falls,Cuyahoga,2022,GAAP,4350157.0,4399229.0,3887783.0,aos/City_2022_GAAP_Summarized.XLSX
City of Ontario,Richland,2022,GAAP,6915153.0,6938180.0,4763991.0,aos/City_2022_GAAP_Summarized.XLSX
City of Oregon,Lucas,2022,GAAP,33463346.0,32463584.0,26956999.0,aos/City_2022_GAAP_Summarized.XLSX
City of Orrville,Wayne,2022,GAAP,5194990.0,5952350.0,4231243.0,aos/City_2022_GAAP_Summarized.XLSX
City of Oxford,Butler,2022,GAAP,11156867.0,10954381.0,9579534.0,aos/City_2022_GAAP_Summarized.XLSX
City of Painesville,Lake,2022,GAAP,11360620.0,11440689.0,11440689.0,aos/City_2022_GAAP_Summarized.XLSX
City of Parma,Cuyahoga,2022,GAAP,51383819.0,51576634.0,40616595.0,aos/City_2022_GAAP_Summarized.XLSX
City of Parma Heights,Cuyahoga,2022,GAAP,11426218.0,10557760.0,10557760.0,aos/City_2022_GAAP_Summarized.XLSX
City of Pataskala,Licking,2022,GAAP,8072940.0,7918685.0,0.0,aos/City_2022_GAAP_Summarized.XLSX
City of Pepper Pike,Cuyahoga,2022,GAAP,9100565.0,8776812.0,8776812.0,aos/City_2022_GAAP_Summarized.XLSX
City of Perrysburg,Wood,2022,GAAP,23676367.0,23463542.0,23463542.0,aos/City_2022_GAAP_Summarized.XLSX
City of Pickerington,Fairfield,2022,GAAP,11068282.0,10928363.0,10928363.0,aos/City_2022_GAAP_Summarized.XLSX
City of Piqua,Miami,2022,GAAP,14773823.0,14287823.0,10500050.0,aos/City_2022_GAAP_Summarized.XLSX
City of Portsmouth,Scioto,2022,GAAP,16897668.0,16878186.0,14852623.0,aos/City_2022_GAAP_Summarized.XLSX
City of Powell,Delaware,2022,GAAP,15483675.0,14473256.0,14473256.0,aos/City_2022_GAAP_Summarized.XLSX
City of Ravenna,Portage,2022,GAAP,10933688.0,10981317.0,6779559.0,aos/City_2022_GAAP_Summarized.XLSX
City of Reading,Hamilton,2022,GAAP,9291198.0,9117106.0,9117106.0,aos/City_2022_GAAP_Summarized.XLSX
City of Reminderville,Summit,2022,GAAP,3349746.0,3403567.0,2263626.0,aos/City_2022_GAAP_Summarized.XLSX
City of Reynoldsburg,Franklin,2022,GAAP,29929978.0,30005635.0,21552014.0,aos/City_2022_GAAP_Summarized.XLSX
City of Richmond Heights,Cuyahoga,2022,GAAP,8529309.0,8523005.0,8523005.0,aos/City_2022_GAAP_Summarized.XLSX
City of Rittman,Wayne,2022,GAAP,1704523.0,1782294.0,1336721.0,aos/City_2022_GAAP_Summarized.XLSX
City of Riverside,Montgomery,2022,GAAP,9657446.0,9407547.0,3599452.0,aos/City_2022_GAAP_Summarized.XLSX
City of Rocky River,Cuyahoga,2022,GAAP,22282517.0,21652530.0,17326321.0,aos/City_2022_GAAP_Summarized.XLSX
City of Rossford,Wood,2022,GAAP,9516526.0,10014637.0,10014637.0,aos/City_2022_GAAP_Summarized.XLSX
City of Salem,Columbiana,2022,GAAP,7118007.0,7370520.0,4997485.0,aos/City_2022_GAAP_Summarized.XLSX
City of Sandusky,Erie,2022,GAAP,15992311.0,14797265.0,13132797.0,aos/City_2022_GAAP_Summarized.XLSX
City of Seven Hills,Cuyahoga,2022,GAAP,9491266.0,9485092.0,9485092.0,aos/City_2022_GAAP_Summarized.XLSX
City of Shaker Heights,Cuyahoga,2022,GAAP,41724664.0,42427574.0,42427574.0,aos/City_2022_GAAP_Summarized.XLSX
City of Sharonville,Hamilton,2022,GAAP,31387095.0,31741481.0,21546775.0,aos/City_2022_GAAP_Summarized.XLSX
City of Sheffield Lake,Lorain,2022,GAAP,4097960.0,4202460.0,3654372.0,aos/City_2022_GAAP_Summarized.XLSX
City of Shelby,Richland,2022,GAAP,5873606.0,5969768.0,3933323.0,aos/City_2022_GAAP_Summarized.XLSX
City of Sidney,Shelby,2022,GAAP,21810525.0,20821507.0,15133870.0,aos/City_2022_GAAP_Summarized.XLSX
City of Solon,Cuyahoga,2022,GAAP,50582575.0,50528078.0,37797142.0,aos/City_2022_GAAP_Summarized.XLSX
City of South Euclid,Cuyahoga,2022,GAAP,15522303.0,15270588.0,15270588.0,aos/City_2022_GAAP_Summarized.XLSX
City of South Lebanon,Warren,2022,GAAP,2601376.0,2495582.0,2495582.0,aos/City_2022_GAAP_Summarized.XLSX
City of Springboro,Warren,2022,GAAP,16951501.0,16745506.0,11164265.0,aos/City_2022_GAAP_Summarized.XLSX
City of Springdale,Hamilton,2022,GAAP,19952640.0,20017859.0,20017859.0,aos/City_2022_GAAP_Summarized.XLSX
City of Springfield,Clark,2022,GAAP,48309057.0,48488081.0,43639273.0,aos/City_2022_GAAP_Summarized.XLSX
City of St. Clairsville,Belmont,2022,GAAP,1479092.0,1414630.0,729157.0,aos/City_2022_GAAP_Summarized.XLSX
City of St. Marys,Auglaize,2022,GAAP,4895922.0,4927026.0,2417512.0,aos/City_2022_GAAP_Summarized.XLSX
City of Steubenville,Jefferson,2022,GAAP,12569089.0,12676905.0,11491674.0,aos/City_2022_GAAP_Summarized.XLSX
City of Stow,Summit,2022,GAAP,22033862.0,22116169.0,14922415.0,aos/City_2022_GAAP_Summarized.XLSX
City of Streetsboro,Portage,2022,GAAP,16670994.0,16688310.0,13760371.0,aos/City_2022_GAAP_Summarized.XLSX
City of Strongsville,Cuyahoga,2022,GAAP,47266077.0,45655511.0,40543056.0,aos/City_2022_GAAP_Summarized.XLSX
City of Sylvania,Lucas,2022,GAAP,13219253.0,13110421.0,12062551.0,aos/City_2022_GAAP_Summarized.XLSX
City of Tallmadge,Summit,2022,GAAP,14708305.0,14504283.0,12891814.0,aos/City_2022_GAAP_Summarized.XLSX
City of the Village of Indian Hill,Hamilton,2022,GAAP,17020974.0,22115462.0,22115462.0,aos/City_2022_GAAP_Summarized.XLSX
City of Tiffin,Seneca,2022,GAAP,12808096.0,11994976.0,9452560.0,aos/City_2022_GAAP_Summarized.XLSX
City of Tipp City,Miami,2022,GAAP,8405313.0,0.0,0.0,aos/City_2022_GAAP_Summarized.XLSX
City of Toledo,Lucas,2022,GAAP,272788000.0,249009000.0,224561000.0,aos/City_2022_GAAP_Summarized.XLSX
City of Toronto,Jefferson,2022,GAAP,2764433.0,2858230.0,2858230.0,aos/City_2022_GAAP_Summarized.XLSX
City of Trenton,Butler,2022,GAAP,3769243.0,3584592.0,3584592.0,aos/City_2022_GAAP_Summarized.XLSX
City of Trotwood,Montgomery,2022,GAAP,6420688.0,6384466.0,6384466.0,aos/City_2022_GAAP_Summarized.XLSX
City of Troy,Miami,2022,GAAP,24793126.0,25654132.0,25654132.0,aos/City_2022_GAAP_Summarized.XLSX
City of Twinsburg,Summit,2022,GAAP,25091504.0,25533112.0,25533112.0,aos/City_2022_GAAP_Summarized.XLSX
City of Uhrichsville,Tuscarawas,2022,GAAP,2024690.0,2068014.0,1399186.0,aos/City_2022_GAAP_Summarized.XLSX
City of Union,Montgomery,2022,GAAP,2995098.0,2967235.0,2967235.0,aos/City_2022_GAAP_Summarized.XLSX
City of University Heights,Cuyahoga,2022,GAAP,12595063.0,12233675.0,11624392.0,aos/City_2022_GAAP_Summarized.XLSX
City of Upper Arlington,Franklin,2022,GAAP,42876497.0,42103625.0,42103625.0,aos/City_2022_GAAP_Summarized.XLSX
City of Upper Sandusky,Wyandot,2022,GAAP,3731491.0,3695807.0,2727012.0,aos/City_2022_GAAP_Summarized.XLSX
City of Urbana,Champaign,2022,GAAP,9266261.0,9093035.0,4836077.0,aos/City_2022_GAAP_Summarized.XLSX
City of Vandalia,Montgomery,2022,GAAP,19396645.0,18890605.0,16173203.0,aos/City_2022_GAAP_Summarized.XLSX
City of Vermilion,Erie,2022,GAAP,4802184.0,4650759.0,2974068.0,aos/City_2022_GAAP_Summarized.XLSX
City of Wadsworth,Medina,2022,GAAP,12933054.0,13252446.0,9272666.0,aos/City_2022_GAAP_Summarized.XLSX
City of Wapakoneta,Auglaize,2022,GAAP,5616609.0,5578877.0,3204631.0,aos/City_2022_GAAP_Summarized.XLSX
City of Warren,Trumbull,2022,GAAP,23966106.0,23893321.0,23893321.0,aos/City_2022_GAAP_Summarized.XLSX
City of Warrensville Heights,Cuyahoga,2022,GAAP,22418704.0,20718629.0,20718629.0,aos/City_2022_GAAP_Summarized.XLSX
City of Washington Court House,Fayette,2022,GAAP,9895960.0,9948980.0,5059491.0,aos/City_2022_GAAP_Summarized.XLSX
City of Waterville,Lucas,2022,GAAP,4904220.0,4741851.0,3556417.0,aos/City_2022_GAAP_Summarized.XLSX
City of Wauseon,Fulton,2022,GAAP,5020158.0,0.0,0.0,aos/City_2022_GAAP_Summarized.XLSX
City of Wellston,Jackson,2022,GAAP,1341739.0,1350071.0,1350071.0,aos/City_2022_GAAP_Summarized.XLSX
City of West Carrollton,Montgomery,2022,GAAP,9540765.0,8827442.0,6885419.0,aos/City_2022_GAAP_Summarized.XLSX
City of Westerville,Franklin,2022,GAAP,58212343.0,58504473.0,39923592.0,aos/City_2022_GAAP_Summarized.XLSX
City of Westlake,Cuyahoga,2022,GAAP,39142219.0,38665752.0,25612462.0,aos/City_2022_GAAP_Summarized.XLSX
City of Whitehall,Franklin,2022,GAAP,32054416.0,31201426.0,31201426.0,aos/City_2022_GAAP_Summarized.XLSX
City of Wickliffe,Lake,2022,GAAP,9808402.0,9808402.0,9808402.0,aos/City_2022_GAAP_Summarized.XLSX
City of Willard,Huron,2022,GAAP,4564104.0,4278975.0,2919828.0,aos/City_2022_GAAP_Summarized.XLSX
City of Willoughby,Lake,2022,GAAP,24229345.0,23154770.0,21154770.0,aos/City_2022_GAAP_Summarized.XLSX
City of Willoughby Hills,Lake,2022,GAAP,7936987.0,7658581.0,6059416.0,aos/City_2022_GAAP_Summarized.XLSX
City of Willowick,Lake,2022,GAAP,4312592.0,4261373.0,4261373.0,aos/City_2022_GAAP_Summarized.XLSX
City of Wilmington,Clinton,2022,GAAP,11273441.0,11157086.0,11157086.0,aos/City_2022_GAAP_Summarized.XLSX
City of Wooster,Wayne,2022,GAAP,22404977.0,0.0,0.0,aos/City_2022_GAAP_Summarized.XLSX
City of Worthington,Franklin,2022,GAAP,33760465.0,33294382.0,26639303.0,aos/City_2022_GAAP_Summarized.XLSX
City of Wyoming,Hamilton,2022,GAAP,8152888.0,7844140.0,7844140.0,aos/City_2022_GAAP_Summarized.XLSX
City of Xenia,Greene,2022,GAAP,14633024.0,13521979.0,6027220.0,aos/City_2022_GAAP_Summarized.XLSX
City of Youngstown,Mahoning,2022,GAAP,49848847.0,54051561.0,29311968.0,aos/City_2022_GAAP_Summarized.XLSX
City of Zanesville,Muskingum,2022,GAAP,22036664.0,22056738.0,11900597.0,aos/City_2022_GAAP_Summarized.XLSX
City of Germantown,Montgomery,2022,MOD,2441357.0,2441359.0,2441359.0,aos/City_2022_MOD_Summarized.XLSX
City of Ironton,Lawrence,2022,MOD,3085751.0,0.0,0.0,aos/City_2022_MOD_Summarized.XLSX
City of Marion,Marion,2022,MOD,20728558.0,20728558.0,9328046.0,aos/City_2022_MOD_Summarized.XLSX
City of Kenton,Hardin,2023,CASH,4548984.0,4548984.0,4548984.0,aos/City_2023_CASH_Summarized.XLSX
City of North College Hill,Hamilton,2023,CASH,2997534.0,2997534.0,2997534.0,aos/City_2023_CASH_Summarized.XLSX
City of Port Clinton,Ottawa,2023,CASH,3527037.0,3527037.0,3527037.0,aos/City_2023_CASH_Summarized.XLSX
City of Struthers,Mahoning,2023,CASH,4090293.0,4090293.0,4090293.0,aos/City_2023_CASH_Summarized.XLSX
City of Sunbury,Delaware,2023,CASH,4757311.0,4757311.0,4757311.0,aos/City_2023_CASH_Summarized.XLSX
City of Uhrichsville,Tuscarawas,2023,CASH,2352431.0,2352431.0,1617313.0,aos/City_2023_CASH_Summarized.XLSX
City of Upper Sandusky,Wyandot,2023,CASH,3751942.0,3751942.0,2769816.0,aos/City_2023_CASH_Summarized.XLSX
City of Van Wert,Van Wert,2023,CASH,9396048.0,9396048.0,5565330.0,aos/City_2023_CASH_Summarized.XLSX
City of Akron,Summit,2023,GAAP,193305199.0,192146866.0,110999380.0,aos/City_2023_GAAP_Summarized.XLSX
City of Alliance,Stark,2023,GAAP,13188905.0,12899366.0,10681110.0,aos/City_2023_GAAP_Summarized.XLSX
City of Amherst,Lorain,2023,GAAP,7966432.0,7864560.0,6063817.0,aos/City_2023_GAAP_Summarized.XLSX
City of Ashland,Ashland,2023,GAAP,20360437.0,21481972.0,14306208.0,aos/City_2023_GAAP_Summarized.XLSX
City of Ashtabula,Ashtabula,2023,GAAP,9659261.0,9684235.0,8736945.0,aos/City_2023_GAAP_Summarized.XLSX
City of Athens,Athens,2023,GAAP,16901823.0,16901823.0,9986789.0,aos/City_2023_GAAP_Summarized.XLSX
City of Aurora,Portage,2023,GAAP,23632721.0,23660305.0,22925305.0,aos/City_2023_GAAP_Summarized.XLSX
City of Avon,Lorain,2023,GAAP,29839389.0,29498742.0,16377944.0,aos/City_2023_GAAP_Summarized.XLSX
City of Avon Lake,Lorain,2023,GAAP,17112354.0,17107120.0,8667405.0,aos/City_2023_GAAP_Summarized.XLSX
City of Barberton,Summit,2023,GAAP,16373553.0,17219052.0,15286317.0,aos/City_2023_GAAP_Summarized.XLSX
City of Bay Village,Cuyahoga,2023,GAAP,10675473.0,10163753.0,9583312.0,aos/City_2023_GAAP_Summarized.XLSX
City of Beachwood,Cuyahoga,2023,GAAP,43253157.0,43087628.0,43087628.0,aos/City_2023_GAAP_Summarized.XLSX
City of Bedford,Cuyahoga,2023,GAAP,14697861.0,13197918.0,12142084.0,aos/City_2023_GAAP_Summarized.XLSX
City of Bedford Heights,Cuyahoga,2023,GAAP,13159822.0,12975593.0,12975593.0,aos/City_2023_GAAP_Summarized.XLSX
City of Bellefontaine,Logan,2023,GAAP,8189602.0,8056313.0,8056313.0,aos/City_2023_GAAP_Summarized.XLSX
City of Bellevue,Huron,2023,GAAP,0.0,7977097.0,7977097.0,aos/City_2023_GAAP_Summarized.XLSX
City of Belpre,Washington,2023,GAAP,2208617.0,2179501.0,2179501.0,aos/City_2023_GAAP_Summarized.XLSX
City of Berea,Cuyahoga,2023,GAAP,19618278.0,19433906.0,19433906.0,aos/City_2023_GAAP_Summarized.XLSX
City of Bexley,Franklin,2023,GAAP,18298348.0,19122890.0,19122890.0,aos/City_2023_GAAP_Summarized.XLSX
City of Blue Ash,Hamilton,2023,GAAP,39777803.0,39810428.0,39810428.0,aos/City_2023_GAAP_Summarized.XLSX
City of Bowling Green,Wood,2023,GAAP,24955113.0,24886384.0,9332394.0,aos/City_2023_GAAP_Summarized.XLSX
City of Brecksville,Cuyahoga,2023,GAAP,22502766.0,20699346.0,18939346.0,aos/City_2023_GAAP_Summarized.XLSX
City of Broadview Heights,Cuyahoga,2023,GAAP,19470874.0,19892348.0,19892348.0,aos/City_2023_GAAP_Summarized.XLSX
City of Brook Park,Cuyahoga,2023,GAAP,23282069.0,22894434.0,19673335.0,aos/City_2023_GAAP_Summarized.XLSX
City of Brooklyn,Cuyahoga,2023,GAAP,19171036.0,19265148.0,16182725.0,aos/City_2023_GAAP_Summarized.XLSX
City of Brookville,Montgomery,2023,GAAP,3902809.0,3998181.0,3998181.0,aos/City_2023_GAAP_Summarized.XLSX
City of Brunswick,Medina,2023,GAAP,27563481.0,27257500.0,8319284.0,aos/City_2023_GAAP_Summarized.XLSX
City of Bryan,Williams,2023,GAAP,9455443.0,0.0,0.0,aos/City_2023_GAAP_Summarized.XLSX
City of Bucyrus,Crawford,2023,GAAP,7936451.0,7243109.0,3480037.0,aos/City_2023_GAAP_Summarized.XLSX
City of Cambridge,Guernsey,2023,GAAP,9283559.0,9113634.0,6452625.0,aos/City_2023_GAAP_Summarized.XLSX
City of Campbell,Mahoning,2023,GAAP,2616881.0,2407046.0,2166341.0,aos/City_2023_GAAP_Summarized.XLSX
City of Canal Fulton,Stark,2023,GAAP,3277193.0,3238002.0,3076049.0,aos/City_2023_GAAP_Summarized.XLSX
City of Canal Winchester,Franklin,2023,GAAP,12165892.0,11852544.0,11852544.0,aos/City_2023_GAAP_Summarized.XLSX
City of Canfield,Mahoning,2023,GAAP,4422105.0,4326613.0,4326613.0,aos/City_2023_GAAP_Summarized.XLSX
City of Canton,Stark,2023,GAAP,76381335.0,76062442.0,50180974.0,aos/City_2023_GAAP_Summarized.XLSX
City of Carlisle,Warren,2023,GAAP,2022715.0,1997963.0,1331975.0,aos/City_2023_GAAP_Summarized.XLSX
City of Celina,Mercer,2023,GAAP,7902641.0,7839173.0,5226434.0,aos/City_2023_GAAP_Summarized.XLSX
City of Centerville,Montgomery,2023,GAAP,26350867.0,26252488.0,26252488.0,aos/City_2023_GAAP_Summarized.XLSX
City of Chardon,Geauga,2023,GAAP,7950242.0,8159973.0,7750664.0,aos/City_2023_GAAP_Summarized.XLSX
City of Cheviot,Hamilton,2023,GAAP,2955111.0,2914035.0,2914035.0,aos/City_2023_GAAP_Summarized.XLSX
City of Chillicothe,Ross,2023,GAAP,18648524.0,18699726.0,14027916.0,aos/City_2023_GAAP_Summarized.XLSX
City of Cincinnati,Hamilton,2023,GAAP,407750000.0,407750000.0,346901000.0,aos/City_2023_GAAP_Summarized.XLSX
City of Circleville,Pickaway,2023,GAAP,11449562.0,11182838.0,3514753.0,aos/City_2023_GAAP_Summarized.XLSX
City of Clayton,Montgomery,2023,GAAP,5450208.0,5612753.0,3741915.0,aos/City_2023_GAAP_Summarized.XLSX
City of Cleveland,Cuyahoga,2023,GAAP,534003000.0,535148000.0,475687000.0,aos/City_2023_GAAP_Summarized.XLSX
City of Cleveland Heights,Cuyahoga,2023,GAAP,35326589.0,34871439.0,34871439.0,aos/City_2023_GAAP_Summarized.XLSX
City of Clyde,Sandusky,2023,GAAP,5018132.0,5028877.0,3610571.0,aos/City_2023_GAAP_Summarized.XLSX
City of Columbiana,Columbiana,2023,GAAP,3648381.0,0.0,0.0,aos/City_2023_GAAP_Summarized.XLSX
City of Columbus,Franklin,2023,GAAP,1151237000.0,1130237000.0,848120000.0,aos/City_2023_GAAP_Summarized.XLSX
City of Conneaut,Ashtabula,2023,GAAP,3532556.0,3598135.0,2833148.0,aos/City_2023_GAAP_Summarized.XLSX
City of Coshocton,Coshocton,2023,GAAP,7799699.0,7509498.0,2775559.0,aos/City_2023_GAAP_Summarized.XLSX
City of Cuyahoga Falls,Summit,2023,GAAP,33044584.0,32759860.0,21095488.0,aos/City_2023_GAAP_Summarized.XLSX
City of Dayton,Montgomery,2023,GAAP,153226419.0,151986995.0,151986995.0,aos/City_2023_GAAP_Summarized.XLSX
City of Deer Park,Hamilton,2023,GAAP,1899234.0,0.0,0.0,aos/City_2023_GAAP_Summarized.XLSX
City of Defiance,Defiance,2023,GAAP,13791604.0,13331901.0,8852129.0,aos/City_2023_GAAP_Summarized.XLSX
City of Delaware,Delaware,2023,GAAP,42264872.0,41490125.0,22424049.0,aos/City_2023_GAAP_Summarized.XLSX
City of Delphos,Allen,2023,GAAP,5093806.0,4923013.0,2870312.0,aos/City_2023_GAAP_Summarized.XLSX
City of Dover,Tuscarawas,2023,GAAP,9403036.0,9489089.0,5411213.0,aos/City_2023_GAAP_Summarized.XLSX
City of Dublin,Franklin,2023,GAAP,104835034.0,104653784.0,77547737.0,aos/City_2023_GAAP_Summarized.XLSX
City of East Liverpool,Columbiana,2023,GAAP,4338357.0,4128103.0,3840266.0,aos/City_2023_GAAP_Summarized.XLSX
City of Eastlake,Lake,2023,GAAP,12902139.0,12909830.0,12909830.0,aos/City_2023_GAAP_Summarized.XLSX
City of Eaton,Preble,2023,GAAP,6939664.0,6838026.0,1823474.0,aos/City_2023_GAAP_Summarized.XLSX
City of Elyria,Lorain,2023,GAAP,38028718.0,37391574.0,24825128.0,aos/City_2023_GAAP_Summarized.XLSX
City of Englewood,Montgomery,2023,GAAP,9622951.0,9617741.0,9617741.0,aos/City_2023_GAAP_Summarized.XLSX
City of Euclid,Cuyahoga,2023,GAAP,36095411.0,35655533.0,35655533.0,aos/City_2023_GAAP_Summarized.XLSX
City of Fairborn,Greene,2023,GAAP,20697099.0,22110248.0,11107184.0,aos/City_2023_GAAP_Summarized.XLSX
City of Fairfield,Butler,2023,GAAP,40404187.0,40041093.0,31951703.0,aos/City_2023_GAAP_Summarized.XLSX
City of Fairlawn,Summit,2023,GAAP,15300514.0,15380069.0,11779310.0,aos/City_2023_GAAP_Summarized.XLSX
City of Fairview Park,Cuyahoga,2023,GAAP,13536463.0,12970050.0,8113176.0,aos/City_2023_GAAP_Summarized.XLSX
City of Findlay,Hancock,2023,GAAP,35058407.0,35057371.0,35057371.0,aos/City_2023_GAAP_Summarized.XLSX
City of Forest Park,Hamilton,2023,GAAP,12363309.0,11965367.0,11965367.0,aos/City_2023_GAAP_Summarized.XLSX
City of Fostoria,Seneca,2023,GAAP,8546778.0,8299318.0,8299318.0,aos/City_2023_GAAP_Summarized.XLSX
City of Franklin,Warren,2023,GAAP,10977023.0,11185225.0,11185225.0,aos/City_2023_GAAP_Summarized.XLSX
City of Fremont,Sandusky,2023,GAAP,11636382.0,11483935.0,11483935.0,aos/City_2023_GAAP_Summarized.XLSX
City of Gahanna,Franklin,2023,GAAP,39531822.0,38395872.0,23675745.0,aos/City_2023_GAAP_Summarized.XLSX
City of Galion,Crawford,2023,GAAP,6400189.0,6389104.0,3194552.0,aos/City_2023_GAAP_Summarized.XLSX
City of Garfield Heights,Cuyahoga,2023,GAAP,14847023.0,14042381.0,11373593.0,aos/City_2023_GAAP_Summarized.XLSX
City of Geneva,Ashtabula,2023,GAAP,3375607.0,3373309.0,3373309.0,aos/City_2023_GAAP_Summarized.XLSX
City of Girard,Trumbull,2023,GAAP,5248240.0,5250606.0,5096982.0,aos/City_2023_GAAP_Summarized.XLSX
City of Grandview Heights,Franklin,2023,GAAP,15802698.0,15875599.0,14372153.0,aos/City_2023_GAAP_Summarized.XLSX
City of Green,Summit,2023,GAAP,28398022.0,29259003.0,27328283.0,aos/City_2023_GAAP_Summarized.XLSX
City of Greenville,Darke,2023,GAAP,10137887.0,10659009.0,10659009.0,aos/City_2023_GAAP_Summarized.XLSX
City of Grove City,Franklin,2023,GAAP,46086100.0,45094723.0,45094723.0,aos/City_2023_GAAP_Summarized.XLSX
City of Groveport,Franklin,2023,GAAP,23759484.0,26629792.0,22657825.0,aos/City_2023_GAAP_Summarized.XLSX
City of Hamilton,Butler,2023,GAAP,38494969.0,38146997.0,29601361.0,aos/City_2023_GAAP_Summarized.XLSX
City of Harrison,Hamilton,2023,GAAP,5894384.0,5926131.0,5926131.0,aos/City_2023_GAAP_Summarized.XLSX
City of Heath,Licking,2023,GAAP,13116339.0,12934941.0,11357061.0,aos/City_2023_GAAP_Summarized.XLSX
City of Highland Heights,Cuyahoga,2023,GAAP,12467114.0,12175596.0,11280976.0,aos/City_2023_GAAP_Summarized.XLSX
City of Hilliard,Franklin,2023,GAAP,53214551.0,51412853.0,26734682.0,aos/City_2023_GAAP_Summarized.XLSX
City of Hillsboro,Highland,2023,GAAP,5175770.0,5127465.0,5127465.0,aos/City_2023_GAAP_Summarized.XLSX
City of Hubbard,Trumbull,2023,GAAP,2903281.0,2820655.0,2820655.0,aos/City_2023_GAAP_Summarized.XLSX
City of Huber Heights,Montgomery,2023,GAAP,25475116.0,25744360.0,9236901.0,aos/City_2023_GAAP_Summarized.XLSX
City of Hudson,Summit,2023,GAAP,29978110.0,31259661.0,24587012.0,aos/City_2023_GAAP_Summarized.XLSX
City of Huron,Erie,2023,GAAP,3953730.0,3948757.0,2924483.0,aos/City_2023_GAAP_Summarized.XLSX
City of Independence,Cuyahoga,2023,GAAP,35462140.0,35454763.0,35454763.0,aos/City_2023_GAAP_Summarized.XLSX
City of Jackson,Jackson,2023,GAAP,4387451.0,4265062.0,0.0,aos/City_2023_GAAP_Summarized.XLSX
City of Johnstown,Licking,2023,GAAP,3093049.0,2978368.0,2978368.0,aos/City_2023_GAAP_Summarized.XLSX
City of Kent,Portage,2023,GAAP,20009073.0,19408191.0,5413466.0,aos/City_2023_GAAP_Summarized.XLSX
City of Kettering,Montgomery,2023,GAAP,57184421.0,55355011.0,55355011.0,aos/City_2023_GAAP_Summarized.XLSX
City of Kirtland,Lake,2023,GAAP,5256754.0,5227092.0,5227092.0,aos/City_2023_GAAP_Summarized.XLSX
City of Lakewood,Cuyahoga,2023,GAAP,33386202.0,32546444.0,32546444.0,aos/City_2023_GAAP_Summarized.XLSX
City of Lancaster,Fairfield,2023,GAAP,36927197.0,0.0,0.0,aos/City_2023_GAAP_Summarized.XLSX
City of Lebanon,Warren,2023,GAAP,14014523.0,13295803.0,7595641.0,aos/City_2023_GAAP_Summarized.XLSX
City of Lima,Allen,2023,GAAP,22744548.0,22693492.0,22693492.0,aos/City_2023_GAAP_Summarized.XLSX
City of Logan,Hocking,2023,GAAP,5348060.0,5346013.0,4544507.0,aos/City_2023_GAAP_Summarized.XLSX
City of London,Madison,2023,GAAP,8287311.0,8149525.0,4946236.0,aos/City_2023_GAAP_Summarized.XLSX
City of Lorain,Lorain,2023,GAAP,32055998.0,31704239.0,25520219.0,aos/City_2023_GAAP_Summarized.XLSX
City of Louisville,Stark,2023,GAAP,5575669.0,5901079.0,5901079.0,aos/City_2023_GAAP_Summarized.XLSX
City of Loveland,Hamilton,2023,GAAP,6819660.0,6781673.0,6781673.0,aos/City_2023_GAAP_Summarized.XLSX
City of Lyndhurst,Cuyahoga,2023,GAAP,12667638.0,11890038.0,11890038.0,aos/City_2023_GAAP_Summarized.XLSX
City of Macedonia,Summit,2023,GAAP,17100971.0,16707381.0,11855657.0,aos/City_2023_GAAP_Summarized.XLSX
City of Madeira,Hamilton,2023,GAAP,5093731.0,0.0,0.0,aos/City_2023_GAAP_Summarized.XLSX
City of Mansfield,Richland,2023,GAAP,39658501.0,38197402.0,19098513.0,aos/City_2023_GAAP_Summarized.XLSX
City of Maple Heights,Cuyahoga,2023,GAAP,8452352.0,8489460.0,8489460.0,aos/City_2023_GAAP_Summarized.XLSX
City of Marietta,Washington,2023,GAAP,14453349.0,14450303.0,9580005.0,aos/City_2023_GAAP_Summarized.XLSX
City of Martins Ferry,Belmont,2023,GAAP,1939208.0,1909299.0,1561140.0,aos/City_2023_GAAP_Summarized.XLSX
City of Marysville,Union,2023,GAAP,24583443.0,24520661.0,24520661.0,aos/City_2023_GAAP_Summarized.XLSX
City of Mason,Warren,2023,GAAP,46823804.0,46235534.0,46235534.0,aos/City_2023_GAAP_Summarized.XLSX
City of Massillon,Stark,2023,GAAP,24234799.0,24481849.0,17029029.0,aos/City_2023_GAAP_Summarized.XLSX
City of Maumee,Lucas,2023,GAAP,18359621.0,18458484.0,12317352.0,aos/City_2023_GAAP_Summarized.XLSX
City of Mayfield Heights,Cuyahoga,2023,GAAP,25939529.0,26162323.0,18079183.0,aos/City_2023_GAAP_Summarized.XLSX
City of Medina,Medina,2023,GAAP,20991365.0,21621521.0,5980517.0,aos/City_2023_GAAP_Summarized.XLSX
City of Mentor,Lake,2023,GAAP,60613946.0,60592833.0,60592833.0,aos/City_2023_GAAP_Summarized.XLSX
City of Mentor-on-the-Lake,Lake,2023,GAAP,1696935.0,1650942.0,1650942.0,aos/City_2023_GAAP_Summarized.XLSX
City of Miamisburg,Montgomery,2023,GAAP,20875812.0,21236211.0,17779673.0,aos/City_2023_GAAP_Summarized.XLSX
City of Middleburg Heights,Cuyahoga,2023,GAAP,25076301.0,25083287.0,19628674.0,aos/City_2023_GAAP_Summarized.XLSX
City of Middletown,Butler,2023,GAAP,43888678.0,42644678.0,33095389.0,aos/City_2023_GAAP_Summarized.XLSX
City of Milford,Clermont,2023,GAAP,5944536.0,6098933.0,5879342.0,aos/City_2023_GAAP_Summarized.XLSX
City of Monroe,Butler,2023,GAAP,19789207.0,18731313.0,14158577.0,aos/City_2023_GAAP_Summarized.XLSX
City of Montgomery,Hamilton,2023,GAAP,13201983.0,0.0,0.0,aos/City_2023_GAAP_Summarized.XLSX
City of Moraine,Montgomery,2023,GAAP,26020719.0,24878304.0,24878304.0,aos/City_2023_GAAP_Summarized.XLSX
City of Mount Vernon,Knox,2023,GAAP,20290751.0,23176186.0,6074964.0,aos/City_2023_GAAP_Summarized.XLSX
City of Mt. Healthy,Hamilton,2023,GAAP,3032722.0,3038722.0,2355516.0,aos/City_2023_GAAP_Summarized.XLSX
City of Munroe Falls,Summit,2023,GAAP,2376404.0,2350994.0,2124102.0,aos/City_2023_GAAP_Summarized.XLSX
City of Napoleon,Henry,2023,GAAP,6032896.0,5294925.0,5294925.0,aos/City_2023_GAAP_Summarized.XLSX
City of Nelsonville,Athens,2023,GAAP,2201947.0,2034126.0,1790032.0,aos/City_2023_GAAP_Summarized.XLSX
City of New Albany,Franklin,2023,GAAP,63019243.0,62689697.0,34405150.0,aos/City_2023_GAAP_Summarized.XLSX
City of New Carlisle,Clark,2023,GAAP,2118048.0,2179922.0,1453044.0,aos/City_2023_GAAP_Summarized.XLSX
City of New Franklin,Summit,2023,GAAP,4471247.0,4445678.0,4233193.0,aos/City_2023_GAAP_Summarized.XLSX
City of New Philadelphia,Tuscarawas,2023,GAAP,10631517.0,10490469.0,4617094.0,aos/City_2023_GAAP_Summarized.XLSX
City of Newark,Licking,2023,GAAP,29588501.0,0.0,0.0,aos/City_2023_GAAP_Summarized.XLSX
City of Niles,Trumbull,2023,GAAP,12684828.0,12424144.0,6363962.0,aos/City_2023_GAAP_Summarized.XLSX
City of North Canton,Stark,2023,GAAP,10941273.0,10905215.0,9165469.0,aos/City_2023_GAAP_Summarized.XLSX
City of North Olmsted,Cuyahoga,2023,GAAP,19099330.0,19448182.0,13613726.0,aos/City_2023_GAAP_Summarized.XLSX
City of North Ridgeville,Lorain,2023,GAAP,17582515.0,17377280.0,14770686.0,aos/City_2023_GAAP_Summarized.XLSX
City of North Royalton,Cuyahoga,2023,GAAP,22415270.0,22074115.0,18455624.0,aos/City_2023_GAAP_Summarized.XLSX
City of Northwood,Wood,2023,GAAP,7936745.0,7911770.0,5538588.0,aos/City_2023_GAAP_Summarized.XLSX
City of Norton,Summit,2023,GAAP,9771647.0,9425821.0,8741728.0,aos/City_2023_GAAP_Summarized.XLSX
City of Norwalk,Huron,2023,GAAP,8170272.0,7928668.0,6328666.0,aos/City_2023_GAAP_Summarized.XLSX
City of Norwood,Hamilton,2023,GAAP,22777414.0,22784271.0,22533148.0,aos/City_2023_GAAP_Summarized.XLSX
City of Oakwood,Montgomery,2023,GAAP,10459130.0,10480371.0,10480371.0,aos/City_2023_GAAP_Summarized.XLSX
City of Oberlin,Lorain,2023,GAAP,9411462.0,9411462.0,6776167.0,aos/City_2023_GAAP_Summarized.XLSX
City of Obetz,Franklin,2023,GAAP,11567295.0,11544861.0,8184861.0,aos/City_2023_GAAP_Summarized.XLSX
City of Olmsted Falls,Cuyahoga,2023,GAAP,4406078.0,4295318.0,3793699.0,aos/City_2023_GAAP_Summarized.XLSX
City of Ontario,Richland,2023,GAAP,7049204.0,7398550.0,5108096.0,aos/City_2023_GAAP_Summarized.XLSX
City of Oregon,Lucas,2023,GAAP,27256069.0,28178248.0,23307678.0,aos/City_2023_GAAP_Summarized.XLSX
City of Orrville,Wayne,2023,GAAP,8081447.0,7456716.0,5252335.0,aos/City_2023_GAAP_Summarized.XLSX
City of Oxford,Butler,2023,GAAP,11287478.0,11273589.0,9879261.0,aos/City_2023_GAAP_Summarized.XLSX
City of Painesville,Lake,2023,GAAP,12630352.0,12534167.0,12534167.0,aos/City_2023_GAAP_Summarized.XLSX
City of Parma,Cuyahoga,2023,GAAP,53562540.0,52962401.0,41707887.0,aos/City_2023_GAAP_Summarized.XLSX
City of Parma Heights,Cuyahoga,2023,GAAP,11160557.0,11637269.0,11612622.0,aos/City_2023_GAAP_Summarized.XLSX
City of Pataskala,Licking,2023,GAAP,8464063.0,8410442.0,0.0,aos/City_2023_GAAP_Summarized.XLSX
City of Pepper Pike,Cuyahoga,2023,GAAP,8891544.0,8907333.0,8907333.0,aos/City_2023_GAAP_Summarized.XLSX
City of Perrysburg,Wood,2023,GAAP,25649217.0,25861204.0,25861204.0,aos/City_2023_GAAP_Summarized.XLSX
City of Pickerington,Fairfield,2023,GAAP,13008128.0,12891423.0,12891423.0,aos/City_2023_GAAP_Summarized.XLSX
City of Piqua,Miami,2023,GAAP,15313720.0,15413720.0,11237316.0,aos/City_2023_GAAP_Summarized.XLSX
City of Portsmouth,Scioto,2023,GAAP,17398629.0,14024120.0,15385232.0,aos/City_2023_GAAP_Summarized.XLSX
City of Powell,Delaware,2023,GAAP,18118496.0,17208019.0,17208019.0,aos/City_2023_GAAP_Summarized.XLSX
City of Ravenna,Portage,2023,GAAP,11728060.0,11702262.0,7223975.0,aos/City_2023_GAAP_Summarized.XLSX
City of Reading,Hamilton,2023,GAAP,8364872.0,8653804.0,8653804.0,aos/City_2023_GAAP_Summarized.XLSX
City of Reminderville,Summit,2023,GAAP,3466156.0,3335762.0,2216979.0,aos/City_2023_GAAP_Summarized.XLSX
City of Reynoldsburg,Franklin,2023,GAAP,29966352.0,30191097.0,21475386.0,aos/City_2023_GAAP_Summarized.XLSX
City of Richmond Heights,Cuyahoga,2023,GAAP,8369434.0,8251302.0,8251302.0,aos/City_2023_GAAP_Summarized.XLSX
City of Rittman,Wayne,2023,GAAP,2119388.0,2104137.0,1578169.0,aos/City_2023_GAAP_Summarized.XLSX
City of Riverside,Montgomery,2023,GAAP,10158405.0,10264105.0,4105643.0,aos/City_2023_GAAP_Summarized.XLSX
City of Rocky River,Cuyahoga,2023,GAAP,22321912.0,22604905.0,17647900.0,aos/City_2023_GAAP_Summarized.XLSX
City of Rossford,Wood,2023,GAAP,9231582.0,9231582.0,9231582.0,aos/City_2023_GAAP_Summarized.XLSX
City of Salem,Columbiana,2023,GAAP,7166455.0,7331511.0,4911634.0,aos/City_2023_GAAP_Summarized.XLSX
City of Sandusky,Erie,2023,GAAP,15646973.0,16052177.0,14246525.0,aos/City_2023_GAAP_Summarized.XLSX
City of Seven Hills,Cuyahoga,2023,GAAP,9361882.0,9292789.0,9292789.0,aos/City_2023_GAAP_Summarized.XLSX
City of Shaker Heights,Cuyahoga,2023,GAAP,43470869.0,41850147.0,41850147.0,aos/City_2023_GAAP_Summarized.XLSX
City of Sharonville,Hamilton,2023,GAAP,32650366.0,0.0,21976153.0,aos/City_2023_GAAP_Summarized.XLSX
City of Sheffield Lake,Lorain,2023,GAAP,4577387.0,4261651.0,3714058.0,aos/City_2023_GAAP_Summarized.XLSX
City of Shelby,Richland,2023,GAAP,5375778.0,5097647.0,3400496.0,aos/City_2023_GAAP_Summarized.XLSX
City of Sidney,Shelby,2023,GAAP,19556190.0,19929875.0,14497908.0,aos/City_2023_GAAP_Summarized.XLSX
City of Solon,Cuyahoga,2023,GAAP,52899372.0,51916123.0,38797033.0,aos/City_2023_GAAP_Summarized.XLSX
City of South Euclid,Cuyahoga,2023,GAAP,15864996.0,15469064.0,15469064.0,aos/City_2023_GAAP_Summarized.XLSX
City of South Lebanon,Warren,2023,GAAP,2644694.0,2677080.0,2677080.0,aos/City_2023_GAAP_Summarized.XLSX
City of Springboro,Warren,2023,GAAP,17242435.0,17163767.0,11443126.0,aos/City_2023_GAAP_Summarized.XLSX
City of Springdale,Hamilton,2023,GAAP,19425273.0,19198824.0,19198824.0,aos/City_2023_GAAP_Summarized.XLSX
City of Springfield,Clark,2023,GAAP,48477142.0,49026722.0,44124050.0,aos/City_2023_GAAP_Summarized.XLSX
City of St. Clairsville,Belmont,2023,GAAP,1655668.0,1669368.0,834684.0,aos/City_2023_GAAP_Summarized.XLSX
City of St. Marys,Auglaize,2023,GAAP,5527291.0,5396108.0,2973066.0,aos/City_2023_GAAP_Summarized.XLSX
City of Steubenville,Jefferson,2023,GAAP,12884008.0,12643047.0,11458579.0,aos/City_2023_GAAP_Summarized.XLSX
City of Stow,Summit,2023,GAAP,23689901.0,23967078.0,15838899.0,aos/City_2023_GAAP_Summarized.XLSX
City of Streetsboro,Portage,2023,GAAP,17628946.0,17795066.0,14648249.0,aos/City_2023_GAAP_Summarized.XLSX
City of Strongsville,Cuyahoga,2023,GAAP,47198054.0,47143582.0,41845236.0,aos/City_2023_GAAP_Summarized.XLSX
City of Sylvania,Lucas,2023,GAAP,13296007.0,13368178.0,12298724.0,aos/City_2023_GAAP_Summarized.XLSX
City of Tallmadge,Summit,2023,GAAP,14641430.0,14646127.0,13018805.0,aos/City_2023_GAAP_Summarized.XLSX
City of the Village of Indian Hill,Hamilton,2023,GAAP,15202633.0,16544933.0,16544933.0,aos/City_2023_GAAP_Summarized.XLSX
City of Tiffin,Seneca,2023,GAAP,12184643.0,12364430.0,9746827.0,aos/City_2023_GAAP_Summarized.XLSX
City of Tipp City,Miami,2023,GAAP,8486653.0,0.0,0.0,aos/City_2023_GAAP_Summarized.XLSX
City of Toledo,Lucas,2023,GAAP,267468000.0,259143000.0,233184000.0,aos/City_2023_GAAP_Summarized.XLSX
City of Toronto,Jefferson,2023,GAAP,4317197.0,4192778.0,4192778.0,aos/City_2023_GAAP_Summarized.XLSX
City of Trenton,Butler,2023,GAAP,6425746.0,4989241.0,4989241.0,aos/City_2023_GAAP_Summarized.XLSX
City of Trotwood,Montgomery,2023,GAAP,7883197.0,7734115.0,6786402.0,aos/City_2023_GAAP_Summarized.XLSX
City of Troy,Miami,2023,GAAP,28422124.0,26968015.0,26968015.0,aos/City_2023_GAAP_Summarized.XLSX
City of Twinsburg,Summit,2023,GAAP,28196148.0,26928620.0,26928620.0,aos/City_2023_GAAP_Summarized.XLSX
City of Union,Montgomery,2023,GAAP,2793378.0,3002679.0,3002679.0,aos/City_2023_GAAP_Summarized.XLSX
City of University Heights,Cuyahoga,2023,GAAP,12157213.0,12152433.0,11549530.0,aos/City_2023_GAAP_Summarized.XLSX
City of Upper Arlington,Franklin,2023,GAAP,46138338.0,45066015.0,45066015.0,aos/City_2023_GAAP_Summarized.XLSX
City of Urbana,Champaign,2023,GAAP,7540809.0,8144969.0,4524451.0,aos/City_2023_GAAP_Summarized.XLSX
City of Vandalia,Montgomery,2023,GAAP,20338023.0,20688539.0,18223100.0,aos/City_2023_GAAP_Summarized.XLSX
City of Vermilion,Erie,2023,GAAP,4842645.0,4806767.0,3132156.0,aos/City_2023_GAAP_Summarized.XLSX
City of Wadsworth,Medina,2023,GAAP,14052229.0,13807537.0,8933557.0,aos/City_2023_GAAP_Summarized.XLSX
City of Wapakoneta,Auglaize,2023,GAAP,5704007.0,5697123.0,3559790.0,aos/City_2023_GAAP_Summarized.XLSX
City of Warren,Trumbull,2023,GAAP,25007964.0,25044445.0,25044445.0,aos/City_2023_GAAP_Summarized.XLSX
City of Warrensville Heights,Cuyahoga,2023,GAAP,21297748.0,21071857.0,21071857.0,aos/City_2023_GAAP_Summarized.XLSX
City of Washington Court House,Fayette,2023,GAAP,10109047.0,10138183.0,5235842.0,aos/City_2023_GAAP_Summarized.XLSX
City of Waterville,Lucas,2023,GAAP,5366138.0,5313417.0,3985062.0,aos/City_2023_GAAP_Summarized.XLSX
City of Wauseon,Fulton,2023,GAAP,6835708.0,0.0,0.0,aos/City_2023_GAAP_Summarized.XLSX
City of Wellston,Jackson,2023,GAAP,1561194.0,1386870.0,1386870.0,aos/City_2023_GAAP_Summarized.XLSX
City of West Carrollton,Montgomery,2023,GAAP,9798060.0,9754565.0,7620984.0,aos/City_2023_GAAP_Summarized.XLSX
City of Westerville,Franklin,2023,GAAP,64634085.0,61800501.0,41151954.0,aos/City_2023_GAAP_Summarized.XLSX
City of Westlake,Cuyahoga,2023,GAAP,42552767.0,42000228.0,27970214.0,aos/City_2023_GAAP_Summarized.XLSX
City of Whitehall,Franklin,2023,GAAP,27180310.0,28367184.0,28367184.0,aos/City_2023_GAAP_Summarized.XLSX
City of Wickliffe,Lake,2023,GAAP,9599798.0,9599798.0,9599798.0,aos/City_2023_GAAP_Summarized.XLSX
City of Willard,Huron,2023,GAAP,4802307.0,4852086.0,3338756.0,aos/City_2023_GAAP_Summarized.XLSX
City of Willoughby,Lake,2023,GAAP,24342990.0,24466399.0,21866399.0,aos/City_2023_GAAP_Summarized.XLSX
City of Willoughby Hills,Lake,2023,GAAP,7628082.0,7689363.0,6163746.0,aos/City_2023_GAAP_Summarized.XLSX
City of Willowick,Lake,2023,GAAP,4732860.0,4659776.0,4659776.0,aos/City_2023_GAAP_Summarized.XLSX
City of Wilmington,Clinton,2023,GAAP,12264196.0,12411569.0,12411569.0,aos/City_2023_GAAP_Summarized.XLSX
City of Wooster,Wayne,2023,GAAP,25279874.0,0.0,0.0,aos/City_2023_GAAP_Summarized.XLSX
City of Worthington,Franklin,2023,GAAP,34541958.0,34308326.0,27453242.0,aos/City_2023_GAAP_Summarized.XLSX
City of Wyoming,Hamilton,2023,GAAP,7388759.0,7754428.0,7754428.0,aos/City_2023_GAAP_Summarized.XLSX
City of Xenia,Greene,2023,GAAP,17003297.0,16708923.0,7565557.0,aos/City_2023_GAAP_Summarized.XLSX
City of Youngstown,Mahoning,2023,GAAP,70106808.0,64840367.0,35493852.0,aos/City_2023_GAAP_Summarized.XLSX
City of Zanesville,Muskingum,2023,GAAP,22630483.0,22533664.0,11713293.0,aos/City_2023_GAAP_Summarized.XLSX
City of Germantown,Montgomery,2023,MOD,2409766.0,2409766.0,2409766.0,aos/City_2023_MOD_Summarized.XLSX
City of Kenton,Hardin,2024,CASH,4647706.0,4647706.0,4647706.0,aos/City_2024_CASH_Summarized.XLSX
City of North College Hill,Hamilton,2024,CASH,3548717.0,3548717.0,3548717.0,aos/City_2024_CASH_Summarized.XLSX
City of Port Clinton,Ottawa,2024,CASH,3582448.0,3582448.0,3582448.0,aos/City_2024_CASH_Summarized.XLSX
City of Uhrichsville,Tuscarawas,2024,CASH,2336865.0,2336865.0,1608056.0,aos/City_2024_CASH_Summarized.XLSX
City of Upper Sandusky,Wyandot,2024,CASH,4114052.0,4114052.0,3063672.0,aos/City_2024_CASH_Summarized.XLSX
City of Van Wert,Van Wert,2024,CASH,9527196.0,9527196.0,5645848.0,aos/City_2024_CASH_Summarized.XLSX
City of Akron,Summit,2024,GAAP,202851916.0,202230176.0,113415745.0,aos/City_2024_GAAP_Summarized.XLSX
City of Alliance,Stark,2024,GAAP,12728088.0,12772701.0,10621578.0,aos/City_2024_GAAP_Summarized.XLSX
City of Amherst,Lorain,2024,GAAP,7479760.0,7427304.0,5731116.0,aos/City_2024_GAAP_Summarized.XLSX
City of Ashland,Ashland,2024,GAAP,20360740.0,20475606.0,13684219.0,aos/City_2024_GAAP_Summarized.XLSX
City of Ashtabula,Ashtabula,2024,GAAP,10695097.0,9920353.0,8958949.0,aos/City_2024_GAAP_Summarized.XLSX
City of Athens,Athens,2024,GAAP,17151874.0,17151874.0,10375670.0,aos/City_2024_GAAP_Summarized.XLSX
City of Aurora,Portage,2024,GAAP,23576940.0,23370670.0,22530670.0,aos/City_2024_GAAP_Summarized.XLSX
City of Avon,Lorain,2024,GAAP,31082620.0,30860854.0,16935880.0,aos/City_2024_GAAP_Summarized.XLSX
City of Avon Lake,Lorain,2024,GAAP,18965339.0,18681878.0,13018166.0,aos/City_2024_GAAP_Summarized.XLSX
City of Barberton,Summit,2024,GAAP,17270789.0,17374259.0,15422991.0,aos/City_2024_GAAP_Summarized.XLSX
City of Bay Village,Cuyahoga,2024,GAAP,10633317.0,10789548.0,10112792.0,aos/City_2024_GAAP_Summarized.XLSX
City of Beachwood,Cuyahoga,2024,GAAP,44495317.0,44136745.0,44136745.0,aos/City_2024_GAAP_Summarized.XLSX
City of Bedford,Cuyahoga,2024,GAAP,15282661.0,13893688.0,12782193.0,aos/City_2024_GAAP_Summarized.XLSX
City of Bedford Heights,Cuyahoga,2024,GAAP,12441092.0,12455366.0,12455366.0,aos/City_2024_GAAP_Summarized.XLSX
City of Bellefontaine,Logan,2024,GAAP,8829624.0,8891929.0,8891929.0,aos/City_2024_GAAP_Summarized.XLSX
City of Bellevue,Huron,2024,GAAP,8643310.0,8378303.0,8378303.0,aos/City_2024_GAAP_Summarized.XLSX
City of Belpre,Washington,2024,GAAP,2283493.0,2314888.0,2314888.0,aos/City_2024_GAAP_Summarized.XLSX
City of Berea,Cuyahoga,2024,GAAP,20304207.0,19953107.0,19953107.0,aos/City_2024_GAAP_Summarized.XLSX
City of Bexley,Franklin,2024,GAAP,17236588.0,16473659.0,16473659.0,aos/City_2024_GAAP_Summarized.XLSX
City of Blue Ash,Hamilton,2024,GAAP,38389459.0,38180220.0,38180220.0,aos/City_2024_GAAP_Summarized.XLSX
City of Bowling Green,Wood,2024,GAAP,26702397.0,26722579.0,9777375.0,aos/City_2024_GAAP_Summarized.XLSX
City of Brecksville,Cuyahoga,2024,GAAP,19514128.0,21095926.0,16932588.0,aos/City_2024_GAAP_Summarized.XLSX
City of Broadview Heights,Cuyahoga,2024,GAAP,19727285.0,18856133.0,18856133.0,aos/City_2024_GAAP_Summarized.XLSX
City of Brook Park,Cuyahoga,2024,GAAP,22849276.0,23409691.0,19647739.0,aos/City_2024_GAAP_Summarized.XLSX
City of Brooklyn,Cuyahoga,2024,GAAP,20325842.0,20235160.0,16997534.0,aos/City_2024_GAAP_Summarized.XLSX
City of Brookville,Montgomery,2024,GAAP,5516275.0,5505226.0,5505226.0,aos/City_2024_GAAP_Summarized.XLSX
City of Brunswick,Medina,2024,GAAP,28436761.0,27751816.0,8744739.0,aos/City_2024_GAAP_Summarized.XLSX
City of Bryan,Williams,2024,GAAP,10181556.0,0.0,0.0,aos/City_2024_GAAP_Summarized.XLSX
City of Bucyrus,Crawford,2024,GAAP,7932071.0,8077271.0,3603885.0,aos/City_2024_GAAP_Summarized.XLSX
City of Cambridge,Guernsey,2024,GAAP,9538142.0,9280321.0,6619618.0,aos/City_2024_GAAP_Summarized.XLSX
City of Campbell,Mahoning,2024,GAAP,2464196.0,2524948.0,2272454.0,aos/City_2024_GAAP_Summarized.XLSX
City of Canal Fulton,Stark,2024,GAAP,3509796.0,3388230.0,3218753.0,aos/City_2024_GAAP_Summarized.XLSX
City of Canal Winchester,Franklin,2024,GAAP,12720596.0,12720498.0,12720498.0,aos/City_2024_GAAP_Summarized.XLSX
City of Canfield,Mahoning,2024,GAAP,4400764.0,4388764.0,4388764.0,aos/City_2024_GAAP_Summarized.XLSX
City of Canton,Stark,2024,GAAP,75578633.0,76376723.0,50314418.0,aos/City_2024_GAAP_Summarized.XLSX
City of Carlisle,Warren,2024,GAAP,2240804.0,2185486.0,1456991.0,aos/City_2024_GAAP_Summarized.XLSX
City of Celina,Mercer,2024,GAAP,8484487.0,8186723.0,5457823.0,aos/City_2024_GAAP_Summarized.XLSX
City of Centerville,Montgomery,2024,GAAP,26658568.0,26270695.0,26270695.0,aos/City_2024_GAAP_Summarized.XLSX
City of Chardon,Geauga,2024,GAAP,10033494.0,9624778.0,9141861.0,aos/City_2024_GAAP_Summarized.XLSX
City of Cheviot,Hamilton,2024,GAAP,3185958.0,3152487.0,3152487.0,aos/City_2024_GAAP_Summarized.XLSX
City of Chillicothe,Ross,2024,GAAP,19339967.0,19005886.0,14254609.0,aos/City_2024_GAAP_Summarized.XLSX
City of Cincinnati,Hamilton,2024,GAAP,420273000.0,420273000.0,362699000.0,aos/City_2024_GAAP_Summarized.XLSX
City of Circleville,Pickaway,2024,GAAP,11682996.0,11705235.0,3697538.0,aos/City_2024_GAAP_Summarized.XLSX
City of Clayton,Montgomery,2024,GAAP,6114056.0,6116762.0,4077842.0,aos/City_2024_GAAP_Summarized.XLSX
City of Cleveland,Cuyahoga,2024,GAAP,565411000.0,561862000.0,499433000.0,aos/City_2024_GAAP_Summarized.XLSX
City of Cleveland Heights,Cuyahoga,2024,GAAP,36339302.0,36493366.0,36493366.0,aos/City_2024_GAAP_Summarized.XLSX
City of Clyde,Sandusky,2024,GAAP,4712419.0,4747169.0,3361623.0,aos/City_2024_GAAP_Summarized.XLSX
City of Columbiana,Columbiana,2024,GAAP,4025478.0,0.0,0.0,aos/City_2024_GAAP_Summarized.XLSX
City of Columbus,Franklin,2024,GAAP,1134941000.0,1144941000.0,1144941000.0,aos/City_2024_GAAP_Summarized.XLSX
City of Conneaut,Ashtabula,2024,GAAP,3758195.0,3652973.0,2876006.0,aos/City_2024_GAAP_Summarized.XLSX
City of Coshocton,Coshocton,2024,GAAP,8825757.0,7984824.0,2940046.0,aos/City_2024_GAAP_Summarized.XLSX
City of Cuyahoga Falls,Summit,2024,GAAP,34000940.0,34263571.0,21992611.0,aos/City_2024_GAAP_Summarized.XLSX
City of Dayton,Montgomery,2024,GAAP,162417934.0,160963283.0,160963283.0,aos/City_2024_GAAP_Summarized.XLSX
City of Deer Park,Hamilton,2024,GAAP,2192991.0,0.0,0.0,aos/City_2024_GAAP_Summarized.XLSX
City of Defiance,Defiance,2024,GAAP,13415922.0,13920689.0,9234078.0,aos/City_2024_GAAP_Summarized.XLSX
City of Delaware,Delaware,2024,GAAP,48456699.0,44939858.0,24296123.0,aos/City_2024_GAAP_Summarized.XLSX
City of Delphos,Allen,2024,GAAP,4555935.0,4720351.0,2761813.0,aos/City_2024_GAAP_Summarized.XLSX
City of Dover,Tuscarawas,2024,GAAP,9945699.0,9657551.0,5244497.0,aos/City_2024_GAAP_Summarized.XLSX
City of Dublin,Franklin,2024,GAAP,110289880.0,109733492.0,81568227.0,aos/City_2024_GAAP_Summarized.XLSX
City of East Liverpool,Columbiana,2024,GAAP,3812467.0,3915483.0,3623683.0,aos/City_2024_GAAP_Summarized.XLSX
City of Eastlake,Lake,2024,GAAP,10490310.0,10730983.0,10730983.0,aos/City_2024_GAAP_Summarized.XLSX
City of Eaton,Preble,2024,GAAP,6711673.0,6979136.0,1861103.0,aos/City_2024_GAAP_Summarized.XLSX
City of Elyria,Lorain,2024,GAAP,37880190.0,37773690.0,25308849.0,aos/City_2024_GAAP_Summarized.XLSX
City of Englewood,Montgomery,2024,GAAP,9852751.0,9963662.0,9963662.0,aos/City_2024_GAAP_Summarized.XLSX
City of Euclid,Cuyahoga,2024,GAAP,39316796.0,37495181.0,37495181.0,aos/City_2024_GAAP_Summarized.XLSX
City of Fairborn,Greene,2024,GAAP,26513495.0,26215625.0,13147654.0,aos/City_2024_GAAP_Summarized.XLSX
City of Fairfield,Butler,2024,GAAP,42161151.0,39444773.0,31470647.0,aos/City_2024_GAAP_Summarized.XLSX
City of Fairlawn,Summit,2024,GAAP,15823788.0,15788658.0,12382189.0,aos/City_2024_GAAP_Summarized.XLSX
City of Fairview Park,Cuyahoga,2024,GAAP,12969990.0,13231695.0,8270373.0,aos/City_2024_GAAP_Summarized.XLSX
City of Findlay,Hancock,2024,GAAP,31644310.0,31887989.0,31887989.0,aos/City_2024_GAAP_Summarized.XLSX
City of Forest Park,Hamilton,2024,GAAP,13030994.0,12840076.0,12840076.0,aos/City_2024_GAAP_Summarized.XLSX
City of Fostoria,Seneca,2024,GAAP,8429883.0,8290158.0,8290158.0,aos/City_2024_GAAP_Summarized.XLSX
City of Franklin,Warren,2024,GAAP,11387933.0,11363539.0,11363539.0,aos/City_2024_GAAP_Summarized.XLSX
City of Fremont,Sandusky,2024,GAAP,12426713.0,12283672.0,12283672.0,aos/City_2024_GAAP_Summarized.XLSX
City of Gahanna,Franklin,2024,GAAP,39782516.0,39820125.0,24261829.0,aos/City_2024_GAAP_Summarized.XLSX
City of Galion,Crawford,2024,GAAP,7260483.0,7056858.0,3528429.0,aos/City_2024_GAAP_Summarized.XLSX
City of Garfield Heights,Cuyahoga,2024,GAAP,15020801.0,14988229.0,12413071.0,aos/City_2024_GAAP_Summarized.XLSX
City of Geneva,Ashtabula,2024,GAAP,3382447.0,3380987.0,3380987.0,aos/City_2024_GAAP_Summarized.XLSX
City of Girard,Trumbull,2024,GAAP,5795508.0,5800139.0,5689587.0,aos/City_2024_GAAP_Summarized.XLSX
City of Grandview Heights,Franklin,2024,GAAP,17295276.0,17439880.0,15463017.0,aos/City_2024_GAAP_Summarized.XLSX
City of Green,Summit,2024,GAAP,30249363.0,29873383.0,28618646.0,aos/City_2024_GAAP_Summarized.XLSX
City of Greenville,Darke,2024,GAAP,8689670.0,8733195.0,8733195.0,aos/City_2024_GAAP_Summarized.XLSX
City of Grove City,Franklin,2024,GAAP,43826148.0,43748492.0,43748492.0,aos/City_2024_GAAP_Summarized.XLSX
City of Groveport,Franklin,2024,GAAP,25201005.0,25495522.0,21693693.0,aos/City_2024_GAAP_Summarized.XLSX
City of Hamilton,Butler,2024,GAAP,37113258.0,37572733.0,29149489.0,aos/City_2024_GAAP_Summarized.XLSX
City of Harrison,Hamilton,2024,GAAP,6766695.0,6653284.0,6653284.0,aos/City_2024_GAAP_Summarized.XLSX
City of Heath,Licking,2024,GAAP,13813644.0,13733098.0,12066468.0,aos/City_2024_GAAP_Summarized.XLSX
City of Highland Heights,Cuyahoga,2024,GAAP,12139718.0,12317592.0,11413289.0,aos/City_2024_GAAP_Summarized.XLSX
City of Hilliard,Franklin,2024,GAAP,54417382.0,55507110.0,28863697.0,aos/City_2024_GAAP_Summarized.XLSX
City of Hillsboro,Highland,2024,GAAP,4783278.0,4941969.0,4941969.0,aos/City_2024_GAAP_Summarized.XLSX
City of Hubbard,Trumbull,2024,GAAP,2905425.0,2906595.0,2906595.0,aos/City_2024_GAAP_Summarized.XLSX
City of Hudson,Summit,2024,GAAP,30817769.0,30426073.0,24003485.0,aos/City_2024_GAAP_Summarized.XLSX
City of Huron,Erie,2024,GAAP,4002259.0,4131517.0,3081534.0,aos/City_2024_GAAP_Summarized.XLSX
City of Independence,Cuyahoga,2024,GAAP,34886120.0,34500663.0,34500663.0,aos/City_2024_GAAP_Summarized.XLSX
City of Jackson,Jackson,2024,GAAP,4582271.0,4536484.0,0.0,aos/City_2024_GAAP_Summarized.XLSX
City of Kent,Portage,2024,GAAP,20774202.0,20745615.0,5297213.0,aos/City_2024_GAAP_Summarized.XLSX
City of Kettering,Montgomery,2024,GAAP,55890034.0,55321854.0,55321854.0,aos/City_2024_GAAP_Summarized.XLSX
City of Kirtland,Lake,2024,GAAP,6079004.0,5874996.0,5874996.0,aos/City_2024_GAAP_Summarized.XLSX
City of Lakewood,Cuyahoga,2024,GAAP,35001496.0,33111647.0,33111647.0,aos/City_2024_GAAP_Summarized.XLSX
City of Lancaster,Fairfield,2024,GAAP,39381199.0,0.0,0.0,aos/City_2024_GAAP_Summarized.XLSX
City of Lebanon,Warren,2024,GAAP,19555938.0,18454509.0,7853415.0,aos/City_2024_GAAP_Summarized.XLSX
City of Lima,Allen,2024,GAAP,23246734.0,23051279.0,23051279.0,aos/City_2024_GAAP_Summarized.XLSX
City of Logan,Hocking,2024,GAAP,5568163.0,5511212.0,4705771.0,aos/City_2024_GAAP_Summarized.XLSX
City of London,Madison,2024,GAAP,8692168.0,8644494.0,5260535.0,aos/City_2024_GAAP_Summarized.XLSX
City of Lorain,Lorain,2024,GAAP,33627736.0,33369916.0,26837342.0,aos/City_2024_GAAP_Summarized.XLSX
City of Louisville,Stark,2024,GAAP,6339171.0,6369526.0,6369526.0,aos/City_2024_GAAP_Summarized.XLSX
City of Loveland,Hamilton,2024,GAAP,6873641.0,7056677.0,7056677.0,aos/City_2024_GAAP_Summarized.XLSX
City of Lyndhurst,Cuyahoga,2024,GAAP,11877429.0,11889827.0,11889827.0,aos/City_2024_GAAP_Summarized.XLSX
City of Macedonia,Summit,2024,GAAP,16892950.0,17011814.0,12071833.0,aos/City_2024_GAAP_Summarized.XLSX
City of Madeira,Hamilton,2024,GAAP,5705768.0,0.0,0.0,aos/City_2024_GAAP_Summarized.XLSX
City of Mansfield,Richland,2024,GAAP,37662752.0,38358118.0,19178088.0,aos/City_2024_GAAP_Summarized.XLSX
City of Maple Heights,Cuyahoga,2024,GAAP,8997305.0,8918463.0,8918463.0,aos/City_2024_GAAP_Summarized.XLSX
City of Marietta,Washington,2024,GAAP,14464436.0,14457898.0,9552308.0,aos/City_2024_GAAP_Summarized.XLSX
City of Martins Ferry,Belmont,2024,GAAP,1840382.0,1924365.0,1543421.0,aos/City_2024_GAAP_Summarized.XLSX
City of Marysville,Union,2024,GAAP,27584942.0,27357080.0,27357080.0,aos/City_2024_GAAP_Summarized.XLSX
City of Mason,Warren,2024,GAAP,54406840.0,52176792.0,52176792.0,aos/City_2024_GAAP_Summarized.XLSX
City of Massillon,Stark,2024,GAAP,25798298.0,24560401.0,17092375.0,aos/City_2024_GAAP_Summarized.XLSX
City of Maumee,Lucas,2024,GAAP,18791298.0,18740046.0,12486285.0,aos/City_2024_GAAP_Summarized.XLSX
City of Mayfield Heights,Cuyahoga,2024,GAAP,29286135.0,28521371.0,19628047.0,aos/City_2024_GAAP_Summarized.XLSX
City of Medina,Medina,2024,GAAP,22257209.0,21346602.0,5936812.0,aos/City_2024_GAAP_Summarized.XLSX
City of Mentor,Lake,2024,GAAP,65365252.0,63676370.0,63676370.0,aos/City_2024_GAAP_Summarized.XLSX
City of Mentor-on-the-Lake,Lake,2024,GAAP,1849399.0,1813499.0,1813499.0,aos/City_2024_GAAP_Summarized.XLSX
City of Miamisburg,Montgomery,2024,GAAP,21936142.0,21617054.0,17999581.0,aos/City_2024_GAAP_Summarized.XLSX
City of Middleburg Heights,Cuyahoga,2024,GAAP,24861108.0,25708056.0,20127731.0,aos/City_2024_GAAP_Summarized.XLSX
City of Middletown,Butler,2024,GAAP,38324541.0,37271541.0,27905765.0,aos/City_2024_GAAP_Summarized.XLSX
City of Milford,Clermont,2024,GAAP,5939205.0,5788199.0,5557137.0,aos/City_2024_GAAP_Summarized.XLSX
City of Monroe,Butler,2024,GAAP,19971285.0,20034766.0,15100594.0,aos/City_2024_GAAP_Summarized.XLSX
City of Montgomery,Hamilton,2024,GAAP,12894408.0,0.0,0.0,aos/City_2024_GAAP_Summarized.XLSX
City of Moraine,Montgomery,2024,GAAP,26785886.0,25902666.0,25902666.0,aos/City_2024_GAAP_Summarized.XLSX
City of Mt. Healthy,Hamilton,2024,GAAP,3133141.0,3088141.0,2381666.0,aos/City_2024_GAAP_Summarized.XLSX
City of Munroe Falls,Summit,2024,GAAP,2547536.0,2495709.0,2251933.0,aos/City_2024_GAAP_Summarized.XLSX
City of Napoleon,Henry,2024,GAAP,5570254.0,5679713.0,5679713.0,aos/City_2024_GAAP_Summarized.XLSX
City of Nelsonville,Athens,2024,GAAP,1881915.0,1944829.0,1711449.0,aos/City_2024_GAAP_Summarized.XLSX
City of New Albany,Franklin,2024,GAAP,71486456.0,71654452.0,43145222.0,aos/City_2024_GAAP_Summarized.XLSX
City of New Carlisle,Clark,2024,GAAP,2407159.0,2245227.0,1497507.0,aos/City_2024_GAAP_Summarized.XLSX
City of New Franklin,Summit,2024,GAAP,4619839.0,4526685.0,4307652.0,aos/City_2024_GAAP_Summarized.XLSX
City of New Philadelphia,Tuscarawas,2024,GAAP,10601557.0,10698987.0,4973390.0,aos/City_2024_GAAP_Summarized.XLSX
City of Newark,Licking,2024,GAAP,30687811.0,0.0,0.0,aos/City_2024_GAAP_Summarized.XLSX
City of Niles,Trumbull,2024,GAAP,11898229.0,12108789.0,6186949.0,aos/City_2024_GAAP_Summarized.XLSX
City of North Canton,Stark,2024,GAAP,11245811.0,11497000.0,9407489.0,aos/City_2024_GAAP_Summarized.XLSX
City of North Olmsted,Cuyahoga,2024,GAAP,18393836.0,18125955.0,12688922.0,aos/City_2024_GAAP_Summarized.XLSX
City of North Ridgeville,Lorain,2024,GAAP,17192852.0,17247041.0,14659984.0,aos/City_2024_GAAP_Summarized.XLSX
City of North Royalton,Cuyahoga,2024,GAAP,23284848.0,23363598.0,19613416.0,aos/City_2024_GAAP_Summarized.XLSX
City of Northwood,Wood,2024,GAAP,6337944.0,6475550.0,4532885.0,aos/City_2024_GAAP_Summarized.XLSX
City of Norton,Summit,2024,GAAP,9748880.0,9992081.0,9298889.0,aos/City_2024_GAAP_Summarized.XLSX
City of Norwalk,Huron,2024,GAAP,7942307.0,8132283.0,6490988.0,aos/City_2024_GAAP_Summarized.XLSX
City of Norwood,Hamilton,2024,GAAP,23035206.0,22722882.0,22722882.0,aos/City_2024_GAAP_Summarized.XLSX
City of Oakwood,Montgomery,2024,GAAP,12014596.0,11639341.0,11639341.0,aos/City_2024_GAAP_Summarized.XLSX
City of Oberlin,Lorain,2024,GAAP,9560335.0,9560335.0,6883343.0,aos/City_2024_GAAP_Summarized.XLSX
City of Obetz,Franklin,2024,GAAP,12730352.0,12742318.0,9382318.0,aos/City_2024_GAAP_Summarized.XLSX
City of Olmsted Falls,Cuyahoga,2024,GAAP,4442807.0,4393679.0,3861348.0,aos/City_2024_GAAP_Summarized.XLSX
City of Ontario,Richland,2024,GAAP,8360595.0,8101720.0,5525264.0,aos/City_2024_GAAP_Summarized.XLSX
City of Oregon,Lucas,2024,GAAP,21270887.0,21175358.0,16789273.0,aos/City_2024_GAAP_Summarized.XLSX
City of Orrville,Wayne,2024,GAAP,7612179.0,7772406.0,5499304.0,aos/City_2024_GAAP_Summarized.XLSX
City of Oxford,Butler,2024,GAAP,11688871.0,11782728.0,10337970.0,aos/City_2024_GAAP_Summarized.XLSX
City of Painesville,Lake,2024,GAAP,13357860.0,12845425.0,12845425.0,aos/City_2024_GAAP_Summarized.XLSX
City of Parma,Cuyahoga,2024,GAAP,56299833.0,56608874.0,44579484.0,aos/City_2024_GAAP_Summarized.XLSX
City of Parma Heights,Cuyahoga,2024,GAAP,12027659.0,11959672.0,11959672.0,aos/City_2024_GAAP_Summarized.XLSX
City of Pataskala,Licking,2024,GAAP,9398357.0,9431336.0,0.0,aos/City_2024_GAAP_Summarized.XLSX
City of Pepper Pike,Cuyahoga,2024,GAAP,8156997.0,8217843.0,8217843.0,aos/City_2024_GAAP_Summarized.XLSX
City of Perrysburg,Wood,2024,GAAP,27167607.0,26470715.0,26470715.0,aos/City_2024_GAAP_Summarized.XLSX
City of Pickerington,Fairfield,2024,GAAP,12657329.0,12638449.0,12638449.0,aos/City_2024_GAAP_Summarized.XLSX
City of Piqua,Miami,2024,GAAP,14526400.0,15026400.0,3812630.0,aos/City_2024_GAAP_Summarized.XLSX
City of Portsmouth,Scioto,2024,GAAP,17938665.0,0.0,0.0,aos/City_2024_GAAP_Summarized.XLSX
City of Powell,Delaware,2024,GAAP,17499525.0,17483235.0,17483235.0,aos/City_2024_GAAP_Summarized.XLSX
City of Ravenna,Portage,2024,GAAP,12790892.0,12819439.0,6987480.0,aos/City_2024_GAAP_Summarized.XLSX
City of Reading,Hamilton,2024,GAAP,9451676.0,9171212.0,9171212.0,aos/City_2024_GAAP_Summarized.XLSX
City of Reminderville,Summit,2024,GAAP,3864291.0,3744375.0,2510906.0,aos/City_2024_GAAP_Summarized.XLSX
City of Reynoldsburg,Franklin,2024,GAAP,30920791.0,31074359.0,21958644.0,aos/City_2024_GAAP_Summarized.XLSX
City of Richmond Heights,Cuyahoga,2024,GAAP,8607006.0,8667776.0,8667776.0,aos/City_2024_GAAP_Summarized.XLSX
City of Rittman,Wayne,2024,GAAP,2985364.0,2761456.0,2070931.0,aos/City_2024_GAAP_Summarized.XLSX
City of Riverside,Montgomery,2024,GAAP,10860462.0,10353260.0,4141304.0,aos/City_2024_GAAP_Summarized.XLSX
City of Rocky River,Cuyahoga,2024,GAAP,22023700.0,22486390.0,18250874.0,aos/City_2024_GAAP_Summarized.XLSX
City of Rossford,Wood,2024,GAAP,10378095.0,10378095.0,10378095.0,aos/City_2024_GAAP_Summarized.XLSX
City of Salem,Columbiana,2024,GAAP,7488363.0,7521645.0,5001997.0,aos/City_2024_GAAP_Summarized.XLSX
City of Sandusky,Erie,2024,GAAP,15799088.0,16183504.0,14363216.0,aos/City_2024_GAAP_Summarized.XLSX
City of Seven Hills,Cuyahoga,2024,GAAP,9359766.0,9313920.0,9313920.0,aos/City_2024_GAAP_Summarized.XLSX
City of Shaker Heights,Cuyahoga,2024,GAAP,44416508.0,44590747.0,44590747.0,aos/City_2024_GAAP_Summarized.XLSX
City of Sharonville,Hamilton,2024,GAAP,33652129.0,34283175.0,23217938.0,aos/City_2024_GAAP_Summarized.XLSX
City of Sheffield Lake,Lorain,2024,GAAP,4398306.0,4724765.0,4105637.0,aos/City_2024_GAAP_Summarized.XLSX
City of Shelby,Richland,2024,GAAP,5696505.0,5599798.0,3308896.0,aos/City_2024_GAAP_Summarized.XLSX
City of Sidney,Shelby,2024,GAAP,19390760.0,19464594.0,13899685.0,aos/City_2024_GAAP_Summarized.XLSX
City of Solon,Cuyahoga,2024,GAAP,51988213.0,52085828.0,38954370.0,aos/City_2024_GAAP_Summarized.XLSX
City of South Euclid,Cuyahoga,2024,GAAP,17018107.0,16701287.0,16701287.0,aos/City_2024_GAAP_Summarized.XLSX
City of South Lebanon,Warren,2024,GAAP,2475157.0,2587886.0,2587886.0,aos/City_2024_GAAP_Summarized.XLSX
City of Springboro,Warren,2024,GAAP,17471590.0,17542161.0,15816280.0,aos/City_2024_GAAP_Summarized.XLSX
City of Springdale,Hamilton,2024,GAAP,19356271.0,19601919.0,19601919.0,aos/City_2024_GAAP_Summarized.XLSX
City of Springfield,Clark,2024,GAAP,50597864.0,50893816.0,45804433.0,aos/City_2024_GAAP_Summarized.XLSX
City of St. Clairsville,Belmont,2024,GAAP,1654451.0,1696515.0,848257.0,aos/City_2024_GAAP_Summarized.XLSX
City of St. Marys,Auglaize,2024,GAAP,5244640.0,5342794.0,2802152.0,aos/City_2024_GAAP_Summarized.XLSX
City of Steubenville,Jefferson,2024,GAAP,12307017.0,12665460.0,11480487.0,aos/City_2024_GAAP_Summarized.XLSX
City of Stow,Summit,2024,GAAP,23210692.0,23322297.0,14978887.0,aos/City_2024_GAAP_Summarized.XLSX
City of Streetsboro,Portage,2024,GAAP,18211132.0,17983235.0,14810760.0,aos/City_2024_GAAP_Summarized.XLSX
City of Strongsville,Cuyahoga,2024,GAAP,49119031.0,48517256.0,43029018.0,aos/City_2024_GAAP_Summarized.XLSX
City of Sunbury,Delaware,2024,GAAP,5190651.0,5110781.0,5110781.0,aos/City_2024_GAAP_Summarized.XLSX
City of Sylvania,Lucas,2024,GAAP,13246846.0,13228500.0,12170220.0,aos/City_2024_GAAP_Summarized.XLSX
City of Tallmadge,Summit,2024,GAAP,15583556.0,15643718.0,13908136.0,aos/City_2024_GAAP_Summarized.XLSX
City of the Village of Indian Hill,Hamilton,2024,GAAP,15089953.0,14472197.0,14472197.0,aos/City_2024_GAAP_Summarized.XLSX
City of Tiffin,Seneca,2024,GAAP,12689955.0,12903295.0,9670936.0,aos/City_2024_GAAP_Summarized.XLSX
City of Tipp City,Miami,2024,GAAP,8691773.0,0.0,0.0,aos/City_2024_GAAP_Summarized.XLSX
City of Toledo,Lucas,2024,GAAP,276594000.0,263842000.0,237707000.0,aos/City_2024_GAAP_Summarized.XLSX
City of Toronto,Jefferson,2024,GAAP,5198541.0,5236934.0,5236934.0,aos/City_2024_GAAP_Summarized.XLSX
City of Trenton,Butler,2024,GAAP,6256312.0,5934967.0,5934967.0,aos/City_2024_GAAP_Summarized.XLSX
City of Trotwood,Montgomery,2024,GAAP,9616181.0,9477968.0,7913417.0,aos/City_2024_GAAP_Summarized.XLSX
City of Troy,Miami,2024,GAAP,27750224.0,27372598.0,27372598.0,aos/City_2024_GAAP_Summarized.XLSX
City of Twinsburg,Summit,2024,GAAP,26258961.0,26285187.0,26285187.0,aos/City_2024_GAAP_Summarized.XLSX
City of Union,Montgomery,2024,GAAP,5133235.0,4850232.0,4850232.0,aos/City_2024_GAAP_Summarized.XLSX
City of University Heights,Cuyahoga,2024,GAAP,12750998.0,13119184.0,12381954.0,aos/City_2024_GAAP_Summarized.XLSX
City of Upper Arlington,Franklin,2024,GAAP,48531752.0,48416638.0,48416638.0,aos/City_2024_GAAP_Summarized.XLSX
City of Urbana,Champaign,2024,GAAP,7702841.0,8296110.0,4636732.0,aos/City_2024_GAAP_Summarized.XLSX
City of Vandalia,Montgomery,2024,GAAP,20196616.0,20373797.0,17810760.0,aos/City_2024_GAAP_Summarized.XLSX
City of Vermilion,Erie,2024,GAAP,5017162.0,5015702.0,3209613.0,aos/City_2024_GAAP_Summarized.XLSX
City of Wadsworth,Medina,2024,GAAP,13552994.0,14093316.0,10313900.0,aos/City_2024_GAAP_Summarized.XLSX
City of Wapakoneta,Auglaize,2024,GAAP,5805499.0,5584071.0,3718118.0,aos/City_2024_GAAP_Summarized.XLSX
City of Warren,Trumbull,2024,GAAP,25057055.0,25219058.0,25219058.0,aos/City_2024_GAAP_Summarized.XLSX
City of Warrensville Heights,Cuyahoga,2024,GAAP,21854832.0,22437268.0,22437268.0,aos/City_2024_GAAP_Summarized.XLSX
City of Washington Court House,Fayette,2024,GAAP,10891760.0,10739334.0,5508391.0,aos/City_2024_GAAP_Summarized.XLSX
City of Waterville,Lucas,2024,GAAP,5479185.0,5546250.0,4159687.0,aos/City_2024_GAAP_Summarized.XLSX
City of Wauseon,Fulton,2024,GAAP,6148655.0,0.0,0.0,aos/City_2024_GAAP_Summarized.XLSX
City of Wellston,Jackson,2024,GAAP,1551233.0,1677330.0,1677330.0,aos/City_2024_GAAP_Summarized.XLSX
City of Westerville,Franklin,2024,GAAP,68810886.0,66919727.0,45915544.0,aos/City_2024_GAAP_Summarized.XLSX
City of Westlake,Cuyahoga,2024,GAAP,41772804.0,41781584.0,27812783.0,aos/City_2024_GAAP_Summarized.XLSX
City of Whitehall,Franklin,2024,GAAP,32547744.0,32729698.0,32729698.0,aos/City_2024_GAAP_Summarized.XLSX
City of Wickliffe,Lake,2024,GAAP,10083805.0,10083805.0,10083805.0,aos/City_2024_GAAP_Summarized.XLSX
City of Willard,Huron,2024,GAAP,5081425.0,5181858.0,2830407.0,aos/City_2024_GAAP_Summarized.XLSX
City of Willoughby,Lake,2024,GAAP,25700150.0,25462634.0,21962634.0,aos/City_2024_GAAP_Summarized.XLSX
City of Willoughby Hills,Lake,2024,GAAP,7260004.0,7385061.0,5799382.0,aos/City_2024_GAAP_Summarized.XLSX
City of Willowick,Lake,2024,GAAP,4526549.0,4618303.0,4618303.0,aos/City_2024_GAAP_Summarized.XLSX
City of Wilmington,Clinton,2024,GAAP,14765824.0,13145738.0,13145738.0,aos/City_2024_GAAP_Summarized.XLSX
City of Wooster,Wayne,2024,GAAP,27008705.0,0.0,0.0,aos/City_2024_GAAP_Summarized.XLSX
City of Worthington,Franklin,2024,GAAP,35352944.0,35153171.0,28130006.0,aos/City_2024_GAAP_Summarized.XLSX
City of Wyoming,Hamilton,2024,GAAP,7823316.0,7811372.0,7811372.0,aos/City_2024_GAAP_Summarized.XLSX
City of Xenia,Greene,2024,GAAP,17200157.0,17653737.0,7976570.0,aos/City_2024_GAAP_Summarized.XLSX
City of Youngstown,Mahoning,2024,GAAP,55714028.0,60261182.0,32770619.0,aos/City_2024_GAAP_Summarized.XLSX
City of Zanesville,Muskingum,2024,GAAP,23257746.0,23233717.0,12608602.0,aos/City_2024_GAAP_Summarized.XLSX
City of Germantown,Montgomery,2024,MOD,2734652.0,2734652.0,2734652.0,aos/City_2024_MOD_Summarized.XLSX
City of Huber Heights,Montgomery,2024,MOD,27271998.0,27271998.0,9783752.0,aos/City_2024_MOD_Summarized.XLSX
City of Ironton,Lawrence,2024,MOD,3320350.0,0.0,0.0,aos/City_2024_MOD_Summarized.XLSX
City of Kenton,Hardin,2025,CASH,4438131.0,4438131.0,4438131.0,aos/City_2025_CASH_Summarized.XLSX
City of North College Hill,Hamilton,2025,CASH,3441851.0,3441851.0,3441851.0,aos/City_2025_CASH_Summarized.XLSX
City of Port Clinton,Ottawa,2025,CASH,3952724.0,3952724.0,3952724.0,aos/City_2025_CASH_Summarized.XLSX
City of Uhrichsville,Tuscarawas,2025,CASH,2511258.0,2511258.0,1727691.0,aos/City_2025_CASH_Summarized.XLSX
City of Upper Sandusky,Wyandot,2025,CASH,3841938.0,3841938.0,3014986.0,aos/City_2025_CASH_Summarized.XLSX
City of Van Wert,Van Wert,2025,CASH,9909163.0,9909163.0,6070385.0,aos/City_2025_CASH_Summarized.XLSX
City of Akron,Summit,2025,GAAP,194012132.0,197644824.0,112655671.0,aos/City_2025_GAAP_Summarized.XLSX
City of Alliance,Stark,2025,GAAP,13620638.0,13515447.0,11241116.0,aos/City_2025_GAAP_Summarized.XLSX
City of Amherst,Lorain,2025,GAAP,7923211.0,7809704.0,6060639.0,aos/City_2025_GAAP_Summarized.XLSX
City of Ashland,Ashland,2025,GAAP,20283600.0,20964338.0,13775112.0,aos/City_2025_GAAP_Summarized.XLSX
City of Ashtabula,Ashtabula,2025,GAAP,9779045.0,9896291.0,8925640.0,aos/City_2025_GAAP_Summarized.XLSX
City of Athens,Athens,2025,GAAP,18423692.0,18423692.0,11141571.0,aos/City_2025_GAAP_Summarized.XLSX
City of Aurora,Portage,2025,GAAP,24897699.0,24680337.0,23840337.0,aos/City_2025_GAAP_Summarized.XLSX
City of Avon,Lorain,2025,GAAP,33139249.0,32722485.0,18059490.0,aos/City_2025_GAAP_Summarized.XLSX
City of Avon Lake,Lorain,2025,GAAP,18533291.0,18496752.0,14481510.0,aos/City_2025_GAAP_Summarized.XLSX
City of Barberton,Summit,2025,GAAP,17526616.0,17635477.0,15650788.0,aos/City_2025_GAAP_Summarized.XLSX
City of Bay Village,Cuyahoga,2025,GAAP,11040725.0,10962265.0,10304625.0,aos/City_2025_GAAP_Summarized.XLSX
City of Beachwood,Cuyahoga,2025,GAAP,46753115.0,48445364.0,48445364.0,aos/City_2025_GAAP_Summarized.XLSX
City of Bedford,Cuyahoga,2025,GAAP,12527664.0,12743245.0,11723785.0,aos/City_2025_GAAP_Summarized.XLSX
City of Bellefontaine,Logan,2025,GAAP,9889168.0,10325630.0,8664148.0,aos/City_2025_GAAP_Summarized.XLSX
City of Bellevue,Huron,2025,GAAP,7211075.0,7581162.0,7581162.0,aos/City_2025_GAAP_Summarized.XLSX
City of Belpre,Washington,2025,GAAP,2489357.0,2417982.0,2417982.0,aos/City_2025_GAAP_Summarized.XLSX
City of Berea,Cuyahoga,2025,GAAP,20754745.0,20647201.0,20647201.0,aos/City_2025_GAAP_Summarized.XLSX
City of Bexley,Franklin,2025,GAAP,19524748.0,19175259.0,19175259.0,aos/City_2025_GAAP_Summarized.XLSX
City of Blue Ash,Hamilton,2025,GAAP,43091566.0,42766528.0,42766528.0,aos/City_2025_GAAP_Summarized.XLSX
City of Bowling Green,Wood,2025,GAAP,25645066.0,25638129.0,9856076.0,aos/City_2025_GAAP_Summarized.XLSX
City of Brecksville,Cuyahoga,2025,GAAP,22624838.0,23088789.0,20068785.0,aos/City_2025_GAAP_Summarized.XLSX
City of Broadview Heights,Cuyahoga,2025,GAAP,20717922.0,20543309.0,20543309.0,aos/City_2025_GAAP_Summarized.XLSX
City of Brook Park,Cuyahoga,2025,GAAP,24387931.0,24305032.0,20550295.0,aos/City_2025_GAAP_Summarized.XLSX
City of Brooklyn,Cuyahoga,2025,GAAP,21292154.0,20789762.0,17463399.0,aos/City_2025_GAAP_Summarized.XLSX
City of Brookville,Montgomery,2025,GAAP,6169258.0,6032133.0,6032133.0,aos/City_2025_GAAP_Summarized.XLSX
City of Brunswick,Medina,2025,GAAP,29601513.0,29180265.0,9586878.0,aos/City_2025_GAAP_Summarized.XLSX
City of Bryan,Williams,2025,GAAP,10010228.0,0.0,0.0,aos/City_2025_GAAP_Summarized.XLSX
City of Bucyrus,Crawford,2025,GAAP,9338376.0,8587228.0,3839968.0,aos/City_2025_GAAP_Summarized.XLSX
City of Cambridge,Guernsey,2025,GAAP,9556143.0,9566099.0,6819616.0,aos/City_2025_GAAP_Summarized.XLSX
City of Campbell,Mahoning,2025,GAAP,2769826.0,2702356.0,2432120.0,aos/City_2025_GAAP_Summarized.XLSX
City of Canal Fulton,Stark,2025,GAAP,3214906.0,161080.0,3060614.0,aos/City_2025_GAAP_Summarized.XLSX
City of Canal Winchester,Franklin,2025,GAAP,13097978.0,13958680.0,13958680.0,aos/City_2025_GAAP_Summarized.XLSX
City of Canfield,Mahoning,2025,GAAP,4809738.0,4780338.0,4780338.0,aos/City_2025_GAAP_Summarized.XLSX
City of Canton,Stark,2025,GAAP,74972547.0,75073205.0,49665272.0,aos/City_2025_GAAP_Summarized.XLSX
City of Carlisle,Warren,2025,GAAP,2208366.0,2225204.0,1483469.0,aos/City_2025_GAAP_Summarized.XLSX
City of Celina,Mercer,2025,GAAP,8922570.0,8664363.0,5776155.0,aos/City_2025_GAAP_Summarized.XLSX
City of Centerville,Montgomery,2025,GAAP,27134244.0,27214179.0,27214179.0,aos/City_2025_GAAP_Summarized.XLSX
City of Chardon,Geauga,2025,GAAP,8115924.0,8372577.0,7952503.0,aos/City_2025_GAAP_Summarized.XLSX
City of Cheviot,Hamilton,2025,GAAP,3208781.0,3249264.0,3249264.0,aos/City_2025_GAAP_Summarized.XLSX
City of Chillicothe,Ross,2025,GAAP,19556089.0,19909471.0,14932617.0,aos/City_2025_GAAP_Summarized.XLSX
City of Cincinnati,Hamilton,2025,GAAP,445638000.0,445638000.0,384301000.0,aos/City_2025_GAAP_Summarized.XLSX
City of Circleville,Pickaway,2025,GAAP,10758469.0,10735485.0,4040184.0,aos/City_2025_GAAP_Summarized.XLSX
City of Clayton,Montgomery,2025,GAAP,6241076.0,6217254.0,4144836.0,aos/City_2025_GAAP_Summarized.XLSX
City of Cleveland,Cuyahoga,2025,GAAP,573927000.0,573026000.0,509356000.0,aos/City_2025_GAAP_Summarized.XLSX
City of Columbiana,Columbiana,2025,GAAP,3877551.0,0.0,0.0,aos/City_2025_GAAP_Summarized.XLSX
City of Columbus,Franklin,2025,GAAP,1257726000.0,1242726000.0,1242726000.0,aos/City_2025_GAAP_Summarized.XLSX
City of Conneaut,Ashtabula,2025,GAAP,3746428.0,3741181.0,2957344.0,aos/City_2025_GAAP_Summarized.XLSX
City of Coshocton,Coshocton,2025,GAAP,6951176.0,7870518.0,2825092.0,aos/City_2025_GAAP_Summarized.XLSX
City of Cuyahoga Falls,Summit,2025,GAAP,34748496.0,34415087.0,21939764.0,aos/City_2025_GAAP_Summarized.XLSX
City of Dayton,Montgomery,2025,GAAP,153860284.0,155432004.0,155432004.0,aos/City_2025_GAAP_Summarized.XLSX
City of Deer Park,Hamilton,2025,GAAP,2376850.0,0.0,0.0,aos/City_2025_GAAP_Summarized.XLSX
City of Defiance,Defiance,2025,GAAP,15324832.0,15324734.0,10172867.0,aos/City_2025_GAAP_Summarized.XLSX
City of Delaware,Delaware,2025,GAAP,48227438.0,47719137.0,25796362.0,aos/City_2025_GAAP_Summarized.XLSX
City of Delphos,Allen,2025,GAAP,5212591.0,5214697.0,3032160.0,aos/City_2025_GAAP_Summarized.XLSX
City of Dover,Tuscarawas,2025,GAAP,10014850.0,10181684.0,5499515.0,aos/City_2025_GAAP_Summarized.XLSX
City of Dublin,Franklin,2025,GAAP,117732501.0,115572054.0,85989938.0,aos/City_2025_GAAP_Summarized.XLSX
City of East Liverpool,Columbiana,2025,GAAP,4832313.0,4576272.0,4348957.0,aos/City_2025_GAAP_Summarized.XLSX
City of Eastlake,Lake,2025,GAAP,10758329.0,10970262.0,10970262.0,aos/City_2025_GAAP_Summarized.XLSX
City of Eaton,Preble,2025,GAAP,6457737.0,6456092.0,1721562.0,aos/City_2025_GAAP_Summarized.XLSX
City of Elyria,Lorain,2025,GAAP,40415959.0,39951834.0,26615357.0,aos/City_2025_GAAP_Summarized.XLSX
City of Englewood,Montgomery,2025,GAAP,10519684.0,10532249.0,10532249.0,aos/City_2025_GAAP_Summarized.XLSX
City of Euclid,Cuyahoga,2025,GAAP,38390039.0,38016918.0,38016918.0,aos/City_2025_GAAP_Summarized.XLSX
City of Fairborn,Greene,2025,GAAP,24000106.0,23629744.0,11845506.0,aos/City_2025_GAAP_Summarized.XLSX
City of Fairfield,Butler,2025,GAAP,41587627.0,41928313.0,33450628.0,aos/City_2025_GAAP_Summarized.XLSX
City of Fairlawn,Summit,2025,GAAP,17674692.0,16768951.0,13314412.0,aos/City_2025_GAAP_Summarized.XLSX
City of Fairview Park,Cuyahoga,2025,GAAP,13884073.0,13710013.0,8571366.0,aos/City_2025_GAAP_Summarized.XLSX
City of Findlay,Hancock,2025,GAAP,27090533.0,27963069.0,27963069.0,aos/City_2025_GAAP_Summarized.XLSX
City of Forest Park,Hamilton,2025,GAAP,13575413.0,13224188.0,13224188.0,aos/City_2025_GAAP_Summarized.XLSX
City of Fostoria,Seneca,2025,GAAP,8848921.0,8778118.0,8778118.0,aos/City_2025_GAAP_Summarized.XLSX
City of Franklin,Warren,2025,GAAP,11993909.0,11868819.0,11868819.0,aos/City_2025_GAAP_Summarized.XLSX
City of Fremont,Sandusky,2025,GAAP,12391976.0,12608492.0,12608492.0,aos/City_2025_GAAP_Summarized.XLSX
City of Gahanna,Franklin,2025,GAAP,45079088.0,44492554.0,27218994.0,aos/City_2025_GAAP_Summarized.XLSX
City of Galion,Crawford,2025,GAAP,7122548.0,7083238.0,3541619.0,aos/City_2025_GAAP_Summarized.XLSX
City of Garfield Heights,Cuyahoga,2025,GAAP,16952080.0,16262374.0,13646519.0,aos/City_2025_GAAP_Summarized.XLSX
City of Geneva,Ashtabula,2025,GAAP,3649756.0,3625150.0,3420446.0,aos/City_2025_GAAP_Summarized.XLSX
City of Girard,Trumbull,2025,GAAP,4855579.0,4825577.0,4709666.0,aos/City_2025_GAAP_Summarized.XLSX
City of Grandview Heights,Franklin,2025,GAAP,18340814.0,18225811.0,16314520.0,aos/City_2025_GAAP_Summarized.XLSX
City of Green,Summit,2025,GAAP,30879203.0,30658275.0,29363312.0,aos/City_2025_GAAP_Summarized.XLSX
City of Greenville,Darke,2025,GAAP,8543043.0,8665800.0,8665800.0,aos/City_2025_GAAP_Summarized.XLSX
City of Grove City,Franklin,2025,GAAP,44975297.0,45606996.0,45606996.0,aos/City_2025_GAAP_Summarized.XLSX
City of Groveport,Franklin,2025,GAAP,29123906.0,27710929.0,23576791.0,aos/City_2025_GAAP_Summarized.XLSX
City of Hamilton,Butler,2025,GAAP,43191610.0,42488434.0,32954899.0,aos/City_2025_GAAP_Summarized.XLSX
City of Harrison,Hamilton,2025,GAAP,7489395.0,7399190.0,7399190.0,aos/City_2025_GAAP_Summarized.XLSX
City of Heath,Licking,2025,GAAP,13817512.0,13866202.0,12191479.0,aos/City_2025_GAAP_Summarized.XLSX
City of Highland Heights,Cuyahoga,2025,GAAP,12764012.0,12604371.0,11659042.0,aos/City_2025_GAAP_Summarized.XLSX
City of Hilliard,Franklin,2025,GAAP,56663474.0,57209312.0,29748843.0,aos/City_2025_GAAP_Summarized.XLSX
City of Hubbard,Trumbull,2025,GAAP,2913214.0,2953747.0,2953747.0,aos/City_2025_GAAP_Summarized.XLSX
City of Hudson,Summit,2025,GAAP,30462869.0,30686695.0,24246331.0,aos/City_2025_GAAP_Summarized.XLSX
City of Huron,Erie,2025,GAAP,4247917.0,3801167.0,2703645.0,aos/City_2025_GAAP_Summarized.XLSX
City of Independence,Cuyahoga,2025,GAAP,37520202.0,37375934.0,37375934.0,aos/City_2025_GAAP_Summarized.XLSX
City of Jackson,Jackson,2025,GAAP,4651029.0,4629039.0,0.0,aos/City_2025_GAAP_Summarized.XLSX
City of Kent,Portage,2025,GAAP,20391523.0,20275942.0,4751998.0,aos/City_2025_GAAP_Summarized.XLSX
City of Kettering,Montgomery,2025,GAAP,58524235.0,56780078.0,56780078.0,aos/City_2025_GAAP_Summarized.XLSX
City of Kirtland,Lake,2025,GAAP,5614044.0,5741481.0,5741481.0,aos/City_2025_GAAP_Summarized.XLSX
City of Lakewood,Cuyahoga,2025,GAAP,35900040.0,34167729.0,34167729.0,aos/City_2025_GAAP_Summarized.XLSX
City of Lancaster,Fairfield,2025,GAAP,40775748.0,0.0,0.0,aos/City_2025_GAAP_Summarized.XLSX
City of Lebanon,Warren,2025,GAAP,20568108.0,20335661.0,10092913.0,aos/City_2025_GAAP_Summarized.XLSX
City of Lima,Allen,2025,GAAP,22882872.0,22802398.0,22802398.0,aos/City_2025_GAAP_Summarized.XLSX
City of Logan,Hocking,2025,GAAP,5752964.0,5799236.0,5220195.0,aos/City_2025_GAAP_Summarized.XLSX
City of London,Madison,2025,GAAP,8919915.0,8711224.0,5281828.0,aos/City_2025_GAAP_Summarized.XLSX
City of Louisville,Stark,2025,GAAP,7887446.0,6665997.0,6665997.0,aos/City_2025_GAAP_Summarized.XLSX
City of Loveland,Hamilton,2025,GAAP,7261939.0,6918590.0,6918590.0,aos/City_2025_GAAP_Summarized.XLSX
City of Lyndhurst,Cuyahoga,2025,GAAP,12937052.0,12986176.0,12986176.0,aos/City_2025_GAAP_Summarized.XLSX
City of Macedonia,Summit,2025,GAAP,18698657.0,18033010.0,12823158.0,aos/City_2025_GAAP_Summarized.XLSX
City of Madeira,Hamilton,2025,GAAP,5962262.0,0.0,0.0,aos/City_2025_GAAP_Summarized.XLSX
City of Mansfield,Richland,2025,GAAP,36224663.0,37664174.0,18831653.0,aos/City_2025_GAAP_Summarized.XLSX
City of Maple Heights,Cuyahoga,2025,GAAP,8999882.0,8872002.0,8872002.0,aos/City_2025_GAAP_Summarized.XLSX
City of Marietta,Washington,2025,GAAP,15463595.0,15428650.0,10179149.0,aos/City_2025_GAAP_Summarized.XLSX
City of Martins Ferry,Belmont,2025,GAAP,1808865.0,1771193.0,1390258.0,aos/City_2025_GAAP_Summarized.XLSX
City of Marysville,Union,2025,GAAP,28334543.0,28161394.0,28161394.0,aos/City_2025_GAAP_Summarized.XLSX
City of Mason,Warren,2025,GAAP,51392472.0,51068953.0,51068953.0,aos/City_2025_GAAP_Summarized.XLSX
City of Massillon,Stark,2025,GAAP,27690118.0,26445571.0,18407417.0,aos/City_2025_GAAP_Summarized.XLSX
City of Maumee,Lucas,2025,GAAP,19112864.0,19132579.0,12754302.0,aos/City_2025_GAAP_Summarized.XLSX
City of Mayfield Heights,Cuyahoga,2025,GAAP,26651895.0,27344806.0,19242768.0,aos/City_2025_GAAP_Summarized.XLSX
City of Medina,Medina,2025,GAAP,21631139.0,21045037.0,5670681.0,aos/City_2025_GAAP_Summarized.XLSX
City of Mentor,Lake,2025,GAAP,65356268.0,64739162.0,64739162.0,aos/City_2025_GAAP_Summarized.XLSX
City of Mentor-on-the-Lake,Lake,2025,GAAP,2015710.0,2006004.0,2006004.0,aos/City_2025_GAAP_Summarized.XLSX
City of Miamisburg,Montgomery,2025,GAAP,22688107.0,22419650.0,18677054.0,aos/City_2025_GAAP_Summarized.XLSX
City of Middleburg Heights,Cuyahoga,2025,GAAP,25829767.0,26911624.0,21180553.0,aos/City_2025_GAAP_Summarized.XLSX
City of Middletown,Butler,2025,GAAP,38361764.0,37558764.0,27758338.0,aos/City_2025_GAAP_Summarized.XLSX
City of Milford,Clermont,2025,GAAP,4407404.0,6410495.0,6188081.0,aos/City_2025_GAAP_Summarized.XLSX
City of Monroe,Butler,2025,GAAP,21320146.0,21066500.0,15929553.0,aos/City_2025_GAAP_Summarized.XLSX
City of Montgomery,Hamilton,2025,GAAP,12489936.0,0.0,0.0,aos/City_2025_GAAP_Summarized.XLSX
City of Moraine,Montgomery,2025,GAAP,29711285.0,29963939.0,29963939.0,aos/City_2025_GAAP_Summarized.XLSX
City of Mt. Healthy,Hamilton,2025,GAAP,3114924.0,3101924.0,2399197.0,aos/City_2025_GAAP_Summarized.XLSX
City of Munroe Falls,Summit,2025,GAAP,2761801.0,2680679.0,2421227.0,aos/City_2025_GAAP_Summarized.XLSX
City of Napoleon,Henry,2025,GAAP,6153276.0,6214635.0,6214635.0,aos/City_2025_GAAP_Summarized.XLSX
City of Nelsonville,Athens,2025,GAAP,2073315.0,2042006.0,1809836.0,aos/City_2025_GAAP_Summarized.XLSX
City of New Albany,Franklin,2025,GAAP,93081611.0,94750552.0,59137416.0,aos/City_2025_GAAP_Summarized.XLSX
City of New Carlisle,Clark,2025,GAAP,2766041.0,2381381.0,1587744.0,aos/City_2025_GAAP_Summarized.XLSX
City of New Franklin,Summit,2025,GAAP,5013428.0,5084138.0,4840531.0,aos/City_2025_GAAP_Summarized.XLSX
City of New Philadelphia,Tuscarawas,2025,GAAP,11218884.0,11188724.0,5125888.0,aos/City_2025_GAAP_Summarized.XLSX
City of Newark,Licking,2025,GAAP,32515118.0,0.0,0.0,aos/City_2025_GAAP_Summarized.XLSX
City of Niles,Trumbull,2025,GAAP,13446172.0,13550368.0,6904191.0,aos/City_2025_GAAP_Summarized.XLSX
City of North Canton,Stark,2025,GAAP,11748153.0,11401263.0,9597535.0,aos/City_2025_GAAP_Summarized.XLSX
City of North Olmsted,Cuyahoga,2025,GAAP,19703288.0,19966298.0,13976411.0,aos/City_2025_GAAP_Summarized.XLSX
City of North Ridgeville,Lorain,2025,GAAP,18594104.0,18240755.0,15504642.0,aos/City_2025_GAAP_Summarized.XLSX
City of North Royalton,Cuyahoga,2025,GAAP,23982190.0,23548449.0,19908399.0,aos/City_2025_GAAP_Summarized.XLSX
City of Northwood,Wood,2025,GAAP,6350128.0,6376562.0,5096183.0,aos/City_2025_GAAP_Summarized.XLSX
City of Norton,Summit,2025,GAAP,10306842.0,10426355.0,9801355.0,aos/City_2025_GAAP_Summarized.XLSX
City of Norwalk,Huron,2025,GAAP,8608125.0,8528194.0,6805707.0,aos/City_2025_GAAP_Summarized.XLSX
City of Oakwood,Montgomery,2025,GAAP,10483628.0,10555876.0,10555876.0,aos/City_2025_GAAP_Summarized.XLSX
City of Oberlin,Lorain,2025,GAAP,9862771.0,9862771.0,7101375.0,aos/City_2025_GAAP_Summarized.XLSX
City of Obetz,Franklin,2025,GAAP,13214591.0,13172967.0,9812967.0,aos/City_2025_GAAP_Summarized.XLSX
City of Olmsted Falls,Cuyahoga,2025,GAAP,4683674.0,4589983.0,4039611.0,aos/City_2025_GAAP_Summarized.XLSX
City of Ontario,Richland,2025,GAAP,8657636.0,8547864.0,5889934.0,aos/City_2025_GAAP_Summarized.XLSX
City of Oregon,Lucas,2025,GAAP,29019912.0,29051792.0,24139197.0,aos/City_2025_GAAP_Summarized.XLSX
City of Orrville,Wayne,2025,GAAP,7893467.0,8080528.0,5680187.0,aos/City_2025_GAAP_Summarized.XLSX
City of Oxford,Butler,2025,GAAP,12425084.0,12213949.0,10709587.0,aos/City_2025_GAAP_Summarized.XLSX
City of Painesville,Lake,2025,GAAP,12272719.0,12898346.0,12898346.0,aos/City_2025_GAAP_Summarized.XLSX
City of Parma,Cuyahoga,2025,GAAP,57861182.0,57570061.0,45336419.0,aos/City_2025_GAAP_Summarized.XLSX
City of Parma Heights,Cuyahoga,2025,GAAP,12638426.0,12417223.0,12417223.0,aos/City_2025_GAAP_Summarized.XLSX
City of Pataskala,Licking,2025,GAAP,11829690.0,11544625.0,0.0,aos/City_2025_GAAP_Summarized.XLSX
City of Pepper Pike,Cuyahoga,2025,GAAP,8578632.0,8783386.0,8783386.0,aos/City_2025_GAAP_Summarized.XLSX
City of Perrysburg,Wood,2025,GAAP,28319757.0,28260566.0,28260566.0,aos/City_2025_GAAP_Summarized.XLSX
City of Pickerington,Fairfield,2025,GAAP,13994091.0,13838231.0,13838231.0,aos/City_2025_GAAP_Summarized.XLSX
City of Piqua,Miami,2025,GAAP,14843083.0,14943083.0,3824715.0,aos/City_2025_GAAP_Summarized.XLSX
City of Portsmouth,Scioto,2025,GAAP,19244261.0,21175000.0,18891000.0,aos/City_2025_GAAP_Summarized.XLSX
City of Powell,Delaware,2025,GAAP,18170674.0,17987377.0,17987377.0,aos/City_2025_GAAP_Summarized.XLSX
City of Ravenna,Portage,2025,GAAP,12552466.0,12327202.0,6437578.0,aos/City_2025_GAAP_Summarized.XLSX
City of Reading,Hamilton,2025,GAAP,9291935.0,9265709.0,9265709.0,aos/City_2025_GAAP_Summarized.XLSX
City of Reminderville,Summit,2025,GAAP,3748404.0,3818980.0,2552424.0,aos/City_2025_GAAP_Summarized.XLSX
City of Richmond Heights,Cuyahoga,2025,GAAP,9955541.0,9868719.0,9868719.0,aos/City_2025_GAAP_Summarized.XLSX
City of Riverside,Montgomery,2025,GAAP,11484483.0,11493523.0,4597413.0,aos/City_2025_GAAP_Summarized.XLSX
City of Rocky River,Cuyahoga,2025,GAAP,22643005.0,22440976.0,18960588.0,aos/City_2025_GAAP_Summarized.XLSX
City of Rossford,Wood,2025,GAAP,10585621.0,9977879.0,9977879.0,aos/City_2025_GAAP_Summarized.XLSX
City of Salem,Columbiana,2025,GAAP,7865831.0,7578922.0,5012993.0,aos/City_2025_GAAP_Summarized.XLSX
City of Sandusky,Erie,2025,GAAP,15002891.0,14620426.0,12976743.0,aos/City_2025_GAAP_Summarized.XLSX
City of Seven Hills,Cuyahoga,2025,GAAP,10045071.0,10220775.0,10220775.0,aos/City_2025_GAAP_Summarized.XLSX
City of Shaker Heights,Cuyahoga,2025,GAAP,46302758.0,45875852.0,45875852.0,aos/City_2025_GAAP_Summarized.XLSX
City of Sharonville,Hamilton,2025,GAAP,34240042.0,34113954.0,23090561.0,aos/City_2025_GAAP_Summarized.XLSX
City of Sheffield Lake,Lorain,2025,GAAP,4777536.0,4720881.0,4108244.0,aos/City_2025_GAAP_Summarized.XLSX
City of Shelby,Richland,2025,GAAP,6170220.0,6177270.0,3473299.0,aos/City_2025_GAAP_Summarized.XLSX
City of Sidney,Shelby,2025,GAAP,17675195.0,18423688.0,14865114.0,aos/City_2025_GAAP_Summarized.XLSX
City of South Euclid,Cuyahoga,2025,GAAP,16980730.0,16940983.0,16940983.0,aos/City_2025_GAAP_Summarized.XLSX
City of South Lebanon,Warren,2025,GAAP,3256654.0,3244160.0,3244160.0,aos/City_2025_GAAP_Summarized.XLSX
City of Springboro,Warren,2025,GAAP,18148538.0,18173441.0,18065450.0,aos/City_2025_GAAP_Summarized.XLSX
City of Springdale,Hamilton,2025,GAAP,16152869.0,16790292.0,16790292.0,aos/City_2025_GAAP_Summarized.XLSX
City of St. Clairsville,Belmont,2025,GAAP,1649174.0,1639316.0,820736.0,aos/City_2025_GAAP_Summarized.XLSX
City of St. Marys,Auglaize,2025,GAAP,5210564.0,5266396.0,2816403.0,aos/City_2025_GAAP_Summarized.XLSX
City of Steubenville,Jefferson,2025,GAAP,13247940.0,12972435.0,11780556.0,aos/City_2025_GAAP_Summarized.XLSX
City of Streetsboro,Portage,2025,GAAP,20177941.0,19758400.0,16269671.0,aos/City_2025_GAAP_Summarized.XLSX
City of Strongsville,Cuyahoga,2025,GAAP,48602620.0,49142326.0,43570916.0,aos/City_2025_GAAP_Summarized.XLSX
City of Sunbury,Delaware,2025,GAAP,5981506.0,5894183.0,5894183.0,aos/City_2025_GAAP_Summarized.XLSX
City of Sylvania,Lucas,2025,GAAP,13977837.0,14080313.0,12939035.0,aos/City_2025_GAAP_Summarized.XLSX
City of Tallmadge,Summit,2025,GAAP,15133287.0,15390306.0,13658717.0,aos/City_2025_GAAP_Summarized.XLSX
City of the Village of Indian Hill,Hamilton,2025,GAAP,19009433.0,15551729.0,15551729.0,aos/City_2025_GAAP_Summarized.XLSX
City of Tiffin,Seneca,2025,GAAP,13672641.0,13013710.0,9857711.0,aos/City_2025_GAAP_Summarized.XLSX
City of Tipp City,Miami,2025,GAAP,8923533.0,8866765.0,5910995.0,aos/City_2025_GAAP_Summarized.XLSX
City of Toledo,Lucas,2025,GAAP,227441000.0,261971000.0,236841000.0,aos/City_2025_GAAP_Summarized.XLSX
City of Toronto,Jefferson,2025,GAAP,4512681.0,4605759.0,4605759.0,aos/City_2025_GAAP_Summarized.XLSX
City of Trenton,Butler,2025,GAAP,5570264.0,5805283.0,5805283.0,aos/City_2025_GAAP_Summarized.XLSX
City of Trotwood,Montgomery,2025,GAAP,9036968.0,9175169.0,8116239.0,aos/City_2025_GAAP_Summarized.XLSX
City of Troy,Miami,2025,GAAP,26730168.0,27257205.0,27257205.0,aos/City_2025_GAAP_Summarized.XLSX
City of Twinsburg,Summit,2025,GAAP,25720231.0,25805197.0,25805197.0,aos/City_2025_GAAP_Summarized.XLSX
City of Union,Montgomery,2025,GAAP,7033957.0,6688994.0,6688994.0,aos/City_2025_GAAP_Summarized.XLSX
City of University Heights,Cuyahoga,2025,GAAP,13657460.0,13172776.0,12520597.0,aos/City_2025_GAAP_Summarized.XLSX
City of Upper Arlington,Franklin,2025,GAAP,50056156.0,52421549.0,52421549.0,aos/City_2025_GAAP_Summarized.XLSX
City of Urbana,Champaign,2025,GAAP,12221934.0,10722268.0,5758204.0,aos/City_2025_GAAP_Summarized.XLSX
City of Vandalia,Montgomery,2025,GAAP,22224030.0,22007718.0,19263574.0,aos/City_2025_GAAP_Summarized.XLSX
City of Vermilion,Erie,2025,GAAP,4860326.0,4897598.0,2946202.0,aos/City_2025_GAAP_Summarized.XLSX
City of Wadsworth,Medina,2025,GAAP,15003359.0,14506252.0,10821162.0,aos/City_2025_GAAP_Summarized.XLSX
City of Wapakoneta,Auglaize,2025,GAAP,5740624.0,5836920.0,3889486.0,aos/City_2025_GAAP_Summarized.XLSX
City of Warren,Trumbull,2025,GAAP,26111344.0,26304453.0,26304453.0,aos/City_2025_GAAP_Summarized.XLSX
City of Warrensville Heights,Cuyahoga,2025,GAAP,21871522.0,22438116.0,22438116.0,aos/City_2025_GAAP_Summarized.XLSX
City of Washington Court House,Fayette,2025,GAAP,11471186.0,11316503.0,5791840.0,aos/City_2025_GAAP_Summarized.XLSX
City of Waterville,Lucas,2025,GAAP,5601212.0,5543253.0,4157440.0,aos/City_2025_GAAP_Summarized.XLSX
City of Wauseon,Fulton,2025,GAAP,6233359.0,0.0,0.0,aos/City_2025_GAAP_Summarized.XLSX
City of Wellston,Jackson,2025,GAAP,1552594.0,1560310.0,1560310.0,aos/City_2025_GAAP_Summarized.XLSX
City of Westerville,Franklin,2025,GAAP,67216160.0,68789986.0,47771216.0,aos/City_2025_GAAP_Summarized.XLSX
City of Westlake,Cuyahoga,2025,GAAP,42796248.0,43041457.0,28586151.0,aos/City_2025_GAAP_Summarized.XLSX
City of Whitehall,Franklin,2025,GAAP,35448391.0,34579279.0,34579279.0,aos/City_2025_GAAP_Summarized.XLSX
City of Willard,Huron,2025,GAAP,5219862.0,5199503.0,2842132.0,aos/City_2025_GAAP_Summarized.XLSX
City of Willoughby,Lake,2025,GAAP,27434900.0,27105536.0,23805536.0,aos/City_2025_GAAP_Summarized.XLSX
City of Willoughby Hills,Lake,2025,GAAP,8098870.0,7954131.0,6276309.0,aos/City_2025_GAAP_Summarized.XLSX
City of Willowick,Lake,2025,GAAP,5196593.0,5012880.0,5012880.0,aos/City_2025_GAAP_Summarized.XLSX
City of Wilmington,Clinton,2025,GAAP,11878366.0,13092159.0,13092159.0,aos/City_2025_GAAP_Summarized.XLSX
City of Wooster,Wayne,2025,GAAP,24906656.0,0.0,0.0,aos/City_2025_GAAP_Summarized.XLSX
City of Worthington,Franklin,2025,GAAP,34815360.0,35356847.0,28295368.0,aos/City_2025_GAAP_Summarized.XLSX
City of Wyoming,Hamilton,2025,GAAP,9086554.0,8641219.0,8641219.0,aos/City_2025_GAAP_Summarized.XLSX
City of Xenia,Greene,2025,GAAP,18767059.0,0.0,8166274.0,aos/City_2025_GAAP_Summarized.XLSX
City of Youngstown,Mahoning,2025,GAAP,56896735.0,55307577.0,30398972.0,aos/City_2025_GAAP_Summarized.XLSX
City of Zanesville,Muskingum,2025,GAAP,24568627.0,24605735.0,13238062.0,aos/City_2025_GAAP_Summarized.XLSX
City of Germantown,Montgomery,2025,MOD,2658138.0,2658138.0,2658138.0,aos/City_2025_MOD_Summarized.XLSX
City of Ironton,Lawrence,2025,MOD,3554316.0,3899539.0,0.0,aos/City_2025_MOD_Summarized.XLSX
