municipality,fips,class,administrator,tax_rate,credit_factor,credit_cap,effective_date,changes_2019_2023,source,survey_raw_credit_limit,notes,verified
Ada,00198,village,CCA,1.65,100.0,1.65,20110701,"Columbus list 2021-01: admin CCA->RITA | CCA 2021 table: no longer listed | joined RITA 01/01/2021: RITA 2021 rate 1.65, credit 100, cap 1.65",https://web.archive.org/web/20240520101454/https://thefinder.tax.ohio.gov/StreamlineSalesTaxWeb/Download/BoundaryData/Muni/OHMuniRateTable.csv ; https://web.archive.org/web/20191223165826/https://www.columbus.gov/tax/PrintAllMunis.aspx ; https://web.archive.org/web/20221208230828/http://ccatax.ci.cleveland.oh.us/csv/taxrates/2019-m.csv ; rita_member_rates_2016_2025.csv (RITA ACFR extract),100/1.65,,
Akron,01000,city,self,2.5,100.0,2.5,20180101,,https://web.archive.org/web/20240520101454/https://thefinder.tax.ohio.gov/StreamlineSalesTaxWeb/Download/BoundaryData/Muni/OHMuniRateTable.csv ; https://web.archive.org/web/20191223165826/https://www.columbus.gov/tax/PrintAllMunis.aspx ; https://www.akronohio.gov/departments/finance/individual_joint_filers.php,100/2.5,city source check (partial) confirms,partial
Alger,01210,village,CCA,1.0,100.0,1.0,20020101,"Columbus list 2021-01: admin CCA->RITA | CCA 2021 table: no longer listed | joined RITA 01/01/2021: RITA 2021 rate 1.00, credit 100, cap 1.00",https://web.archive.org/web/20240520101454/https://thefinder.tax.ohio.gov/StreamlineSalesTaxWeb/Download/BoundaryData/Muni/OHMuniRateTable.csv ; https://web.archive.org/web/20191223165826/https://www.columbus.gov/tax/PrintAllMunis.aspx ; https://web.archive.org/web/20221208230828/http://ccatax.ci.cleveland.oh.us/csv/taxrates/2019-m.csv ; rita_member_rates_2016_2025.csv (RITA ACFR extract),100/1,,
Alliance,01420,city,self,2.0,100.0,1.75,20070701,,https://web.archive.org/web/20240520101454/https://thefinder.tax.ohio.gov/StreamlineSalesTaxWeb/Download/BoundaryData/Muni/OHMuniRateTable.csv ; https://web.archive.org/web/20191223165826/https://www.columbus.gov/tax/PrintAllMunis.aspx ; https://codelibrary.amlegal.com/codes/alliance/latest/alliance_oh/0-0-0-3018,100/1.75,city source check (yes) confirms,yes
Amberley,01672,village,self,2.0,100.0,2.0,20020101,,https://web.archive.org/web/20240520101454/https://thefinder.tax.ohio.gov/StreamlineSalesTaxWeb/Download/BoundaryData/Muni/OHMuniRateTable.csv ; https://web.archive.org/web/20191223165826/https://www.columbus.gov/tax/PrintAllMunis.aspx,100/2,,
Amelia,01742,village,RITA,1.0,0.0,0.0,20180701,rate 0% eff 20210101 (Finder),https://web.archive.org/web/20240520101454/https://thefinder.tax.ohio.gov/StreamlineSalesTaxWeb/Download/BoundaryData/Muni/OHMuniRateTable.csv ; https://web.archive.org/web/20191223165826/https://www.columbus.gov/tax/PrintAllMunis.aspx,0/0,Columbus list shows RITA on 12/2019 but baseline RITA file has member_on_2019_12_31=0 (start date missing),
Amherst,01798,city,self,1.5,100.0,1.0,20020101,,https://web.archive.org/web/20240520101454/https://thefinder.tax.ohio.gov/StreamlineSalesTaxWeb/Download/BoundaryData/Muni/OHMuniRateTable.csv ; https://web.archive.org/web/20191223165826/https://www.columbus.gov/tax/PrintAllMunis.aspx,100/1,,
Anna,02092,village,self,1.75,100.0,1.75,20020101,,https://web.archive.org/web/20240520101454/https://thefinder.tax.ohio.gov/StreamlineSalesTaxWeb/Download/BoundaryData/Muni/OHMuniRateTable.csv ; https://web.archive.org/web/20191223165826/https://www.columbus.gov/tax/PrintAllMunis.aspx,100/1.75,,
Ansonia,02120,village,self,1.0,100.0,1.0,20020101,,https://web.archive.org/web/20240520101454/https://thefinder.tax.ohio.gov/StreamlineSalesTaxWeb/Download/BoundaryData/Muni/OHMuniRateTable.csv ; https://web.archive.org/web/20191223165826/https://www.columbus.gov/tax/PrintAllMunis.aspx,100/1,,
Apple Creek,02232,village,self,1.0,50.0,1.0,20020101,"joined RITA 01/01/2024: RITA 2024 rate 1.00, credit nan, cap nan",https://web.archive.org/web/20240520101454/https://thefinder.tax.ohio.gov/StreamlineSalesTaxWeb/Download/BoundaryData/Muni/OHMuniRateTable.csv ; https://web.archive.org/web/20191223165826/https://www.columbus.gov/tax/PrintAllMunis.aspx ; rita_member_rates_2016_2025.csv (RITA ACFR extract),0.5/0.5,"survey credit 0.5 read as fraction: 50% factor, cap own rate",
Arcanum,02330,village,self,1.0,0.0,0.0,20110101,"joined RITA 07/01/2025: RITA 2025 rate 1.00, credit nan, cap nan",https://web.archive.org/web/20240520101454/https://thefinder.tax.ohio.gov/StreamlineSalesTaxWeb/Download/BoundaryData/Muni/OHMuniRateTable.csv ; https://web.archive.org/web/20191223165826/https://www.columbus.gov/tax/PrintAllMunis.aspx ; rita_member_rates_2016_2025.csv (RITA ACFR extract),0/0,,
Archbold,02344,village,self,1.5,100.0,1.5,20020101,rate 1.8% eff 20230101 (Finder) | Columbus list 2023-12: cap 1.5->1.8,https://web.archive.org/web/20240520101454/https://thefinder.tax.ohio.gov/StreamlineSalesTaxWeb/Download/BoundaryData/Muni/OHMuniRateTable.csv ; https://web.archive.org/web/20191223165826/https://www.columbus.gov/tax/PrintAllMunis.aspx,100/1.5,,
Arlington,02400,village,self,1.0,100.0,1.0,20020101,,https://web.archive.org/web/20240520101454/https://thefinder.tax.ohio.gov/StreamlineSalesTaxWeb/Download/BoundaryData/Muni/OHMuniRateTable.csv ; https://web.archive.org/web/20191223165826/https://www.columbus.gov/tax/PrintAllMunis.aspx,100/1,,
Ashland,02568,city,self,1.5,100,1.0,20170101,,https://web.archive.org/web/20240520101454/https://thefinder.tax.ohio.gov/StreamlineSalesTaxWeb/Download/BoundaryData/Muni/OHMuniRateTable.csv ; https://web.archive.org/web/20191223165826/https://www.columbus.gov/tax/PrintAllMunis.aspx ; https://www.ashlandincometax.com/upload/chap_230_-_nov_28_2023.pdf,66.67/1,"cap converted from max-credit 1% of income at 66.67% factor; city source check (yes) confirms; credit 66.67% up to 1.5 (max 1.0% of income); city chapter 230 describes base rate 1.5% with temporary +0.5% 2022-2026, conflicting with ODT Finder/Columbus 2.0% from 2017, UNRESOLVED | CORRECTED 2026-09-23: 2019 rate 1.5% (temp +0.5% 2022-26); cap 1.0% per ch.230 (2023 text; 2019 inferred); factor 100 (full credit up to 1.0% cap; 66.67 was a derived ratio)",yes
Ashtabula,02638,city,self,1.8,50.0,1.8,20020101,,https://web.archive.org/web/20240520101454/https://thefinder.tax.ohio.gov/StreamlineSalesTaxWeb/Download/BoundaryData/Muni/OHMuniRateTable.csv ; https://web.archive.org/web/20191223165826/https://www.columbus.gov/tax/PrintAllMunis.aspx,50/1.8,,
Athens,02736,city,self,1.85,100.0,1.25,20170101,rate 1.95% eff 20230101 (Finder),https://web.archive.org/web/20240520101454/https://thefinder.tax.ohio.gov/StreamlineSalesTaxWeb/Download/BoundaryData/Muni/OHMuniRateTable.csv ; https://web.archive.org/web/20191223165826/https://www.columbus.gov/tax/PrintAllMunis.aspx ; https://web.archive.org/web/20190118033238/http://www.ci.athens.oh.us:80/112/Income-Tax,100/1.25,city source check (yes) confirms,yes
Barberton,03828,city,CCA,2.25,100.0,2.25,20140101,"Columbus list 2021-01: admin CCA->RITA | CCA 2021 table: no longer listed | joined RITA 01/01/2021: RITA 2021 rate 2.25, credit 100, cap 2.25",https://web.archive.org/web/20240520101454/https://thefinder.tax.ohio.gov/StreamlineSalesTaxWeb/Download/BoundaryData/Muni/OHMuniRateTable.csv ; https://web.archive.org/web/20191223165826/https://www.columbus.gov/tax/PrintAllMunis.aspx ; https://web.archive.org/web/20221208230828/http://ccatax.ci.cleveland.oh.us/csv/taxrates/2019-m.csv ; rita_member_rates_2016_2025.csv (RITA ACFR extract),100/2.25,,
Beach City,04458,village,self,1.0,50.0,1.0,20020101,Columbus list 2019-12: cap 0.5->0,https://web.archive.org/web/20240520101454/https://thefinder.tax.ohio.gov/StreamlineSalesTaxWeb/Download/BoundaryData/Muni/OHMuniRateTable.csv ; https://web.archive.org/web/20191223165826/https://www.columbus.gov/tax/PrintAllMunis.aspx,50/0,survey gave no limit; cap set to own tax rate,
Bedford,04878,city,self,3.0,75.0,3.0,20180101,"Columbus list 2019-02: credit 66.67->75 | Columbus list 2023-12: credit 75->100, admin self->RITA | joined RITA 02/01/2023: RITA 2023 rate 3.00, credit 100, cap 2.25",https://web.archive.org/web/20240520101454/https://thefinder.tax.ohio.gov/StreamlineSalesTaxWeb/Download/BoundaryData/Muni/OHMuniRateTable.csv ; https://web.archive.org/web/20191223165826/https://www.columbus.gov/tax/PrintAllMunis.aspx ; rita_member_rates_2016_2025.csv (RITA ACFR extract),75/2.25,,
Bellaire,05074,village,self,1.0,100.0,1.0,20020101,"joined RITA 07/01/2025: RITA 2025 rate 1.00, credit 100.00, cap 1.00",https://web.archive.org/web/20240520101454/https://thefinder.tax.ohio.gov/StreamlineSalesTaxWeb/Download/BoundaryData/Muni/OHMuniRateTable.csv ; https://web.archive.org/web/20191223165826/https://www.columbus.gov/tax/PrintAllMunis.aspx ; rita_member_rates_2016_2025.csv (RITA ACFR extract),100/1,,
Bellefontaine,05130,city,RITA,1.333,100.0,0.666,20020101,,https://web.archive.org/web/20240520101454/https://thefinder.tax.ohio.gov/StreamlineSalesTaxWeb/Download/BoundaryData/Muni/OHMuniRateTable.csv ; https://web.archive.org/web/20191223165826/https://www.columbus.gov/tax/PrintAllMunis.aspx,100/0.666,Columbus list shows RITA on 12/2019 but baseline RITA file has member_on_2019_12_31=0 (start date missing),
Beverly,06222,village,self,1.0,100.0,1.0,20020101,"rate 1.25% eff 20230101 (Finder) | Columbus list 2023-12: cap 1->1.25 | joined RITA 01/01/2024: RITA 2024 rate 1.25, credit 100, cap 1.25",https://web.archive.org/web/20240520101454/https://thefinder.tax.ohio.gov/StreamlineSalesTaxWeb/Download/BoundaryData/Muni/OHMuniRateTable.csv ; https://web.archive.org/web/20191223165826/https://www.columbus.gov/tax/PrintAllMunis.aspx ; rita_member_rates_2016_2025.csv (RITA ACFR extract),100/1,,
Blue Ash,07300,city,self,1.25,100.0,1.25,20070101,,https://web.archive.org/web/20240520101454/https://thefinder.tax.ohio.gov/StreamlineSalesTaxWeb/Download/BoundaryData/Muni/OHMuniRateTable.csv ; https://web.archive.org/web/20191223165826/https://www.columbus.gov/tax/PrintAllMunis.aspx,100/1.25,,
Bluffton,07426,village,self,1.25,100.0,1.25,20060101,,https://web.archive.org/web/20240520101454/https://thefinder.tax.ohio.gov/StreamlineSalesTaxWeb/Download/BoundaryData/Muni/OHMuniRateTable.csv ; https://web.archive.org/web/20191223165826/https://www.columbus.gov/tax/PrintAllMunis.aspx,100/1.25,,
Bolivar,07594,village,self,1.0,100.0,0.5,20020101,,https://web.archive.org/web/20240520101454/https://thefinder.tax.ohio.gov/StreamlineSalesTaxWeb/Download/BoundaryData/Muni/OHMuniRateTable.csv ; https://web.archive.org/web/20191223165826/https://www.columbus.gov/tax/PrintAllMunis.aspx,0.5/1,survey credit field 0.5 is a rate (limit 1); read as 100% up to 0.5% AMBIGUOUS,
Botkins,07832,village,contract: St Marys,1.5,100.0,1.5,20020101,,https://web.archive.org/web/20240520101454/https://thefinder.tax.ohio.gov/StreamlineSalesTaxWeb/Download/BoundaryData/Muni/OHMuniRateTable.csv ; https://web.archive.org/web/20191223165826/https://www.columbus.gov/tax/PrintAllMunis.aspx,100/1.5,,
Bowerston,07916,village,self,1.0,100.0,1.0,20020101,,https://web.archive.org/web/20240520101454/https://thefinder.tax.ohio.gov/StreamlineSalesTaxWeb/Download/BoundaryData/Muni/OHMuniRateTable.csv ; https://web.archive.org/web/20191223165826/https://www.columbus.gov/tax/PrintAllMunis.aspx,100/1,,
Bowling Green,07972,city,self,2.0,50.0,2.0,20110101,,https://web.archive.org/web/20240520101454/https://thefinder.tax.ohio.gov/StreamlineSalesTaxWeb/Download/BoundaryData/Muni/OHMuniRateTable.csv ; https://web.archive.org/web/20191223165826/https://www.columbus.gov/tax/PrintAllMunis.aspx ; https://www.bgohio.gov/m/faq?cat=0#question-236,50/0.5,cap converted from max-credit 0.5% of income at 50% factor; city source check (partial): 50/1 -> 50/2; 50% of lesser rate (max credit 1.0% of income); survey 0.5 limit looks wrong,partial
Bradford,08084,village,self,1.0,100.0,1.0,20020101,"joined RITA 10/01/2024: RITA 2024 rate 1.00, credit 100, cap 1.00",https://web.archive.org/web/20240520101454/https://thefinder.tax.ohio.gov/StreamlineSalesTaxWeb/Download/BoundaryData/Muni/OHMuniRateTable.csv ; https://web.archive.org/web/20191223165826/https://www.columbus.gov/tax/PrintAllMunis.aspx ; rita_member_rates_2016_2025.csv (RITA ACFR extract),100/1,,
Bradner,08112,village,self,1.0,0.0,0.0,20020101,,https://web.archive.org/web/20240520101454/https://thefinder.tax.ohio.gov/StreamlineSalesTaxWeb/Download/BoundaryData/Muni/OHMuniRateTable.csv ; https://web.archive.org/web/20191223165826/https://www.columbus.gov/tax/PrintAllMunis.aspx,0/0,,
Bratenahl,08336,village,CCA,2.0,50.0,2.0,20190601,"2019 CCA table: BRATENAHL 1/1/19-5/31/19: rate 1.50% credit 50% limit 0.75%; BRATENAHL 6/1/19-12/31/19: rate 2.00% credit 50% limit 1.00% | rate 2% eff 20190601 (Finder) | Columbus list 2021-01: admin CCA->RITA | Columbus list 2021-02: cap 0.75->2 | CCA 2021 table: no longer listed | joined RITA 01/01/2021: RITA 2021 rate 2.00, credit 50, cap 2.00",https://web.archive.org/web/20240520101454/https://thefinder.tax.ohio.gov/StreamlineSalesTaxWeb/Download/BoundaryData/Muni/OHMuniRateTable.csv ; https://web.archive.org/web/20191223165826/https://www.columbus.gov/tax/PrintAllMunis.aspx ; https://web.archive.org/web/20221208230828/http://ccatax.ci.cleveland.oh.us/csv/taxrates/2019-m.csv ; rita_member_rates_2016_2025.csv (RITA ACFR extract),50/1,,
Brewster,08504,village,self,1.5,100.0,1.5,20170101,rate 2% eff 20200101 (Finder) | Columbus list 2020-01: cap 1.5->2,https://web.archive.org/web/20240520101454/https://thefinder.tax.ohio.gov/StreamlineSalesTaxWeb/Download/BoundaryData/Muni/OHMuniRateTable.csv ; https://web.archive.org/web/20191223165826/https://www.columbus.gov/tax/PrintAllMunis.aspx,100/1.5,,
Brook Park,09288,city,self,2.0,100.0,2.0,20020101,,https://web.archive.org/web/20240520101454/https://thefinder.tax.ohio.gov/StreamlineSalesTaxWeb/Download/BoundaryData/Muni/OHMuniRateTable.csv ; https://web.archive.org/web/20191223165826/https://www.columbus.gov/tax/PrintAllMunis.aspx ; https://cityofbrookpark.com/tax/2018/2018%20Individual%20and%20Business%20Tax%20Form%20(Fillable%20PDF).pdf,100/2,city source check (partial) confirms,partial
Brookville,09358,city,self,2.0,100.0,2.0,20160101,,https://web.archive.org/web/20240520101454/https://thefinder.tax.ohio.gov/StreamlineSalesTaxWeb/Download/BoundaryData/Muni/OHMuniRateTable.csv ; https://web.archive.org/web/20191223165826/https://www.columbus.gov/tax/PrintAllMunis.aspx,100/2,,
Brunswick,09680,city,self,2.0,100.0,1.0,20180101,,https://web.archive.org/web/20240520101454/https://thefinder.tax.ohio.gov/StreamlineSalesTaxWeb/Download/BoundaryData/Muni/OHMuniRateTable.csv ; https://web.archive.org/web/20191223165826/https://www.columbus.gov/tax/PrintAllMunis.aspx ; https://www.brunswick.oh.us/wp-content/uploads/2020/01/2019-fill-in-tax-form.pdf,100/1,city source check (yes) confirms,yes
Bryan,09792,city,self,1.8,100.0,1.8,20060101,"Columbus list 2022-01: admin self->RITA | joined RITA 08/01/2021: RITA 2021 rate 1.80, credit 100, cap 1.80",https://web.archive.org/web/20240520101454/https://thefinder.tax.ohio.gov/StreamlineSalesTaxWeb/Download/BoundaryData/Muni/OHMuniRateTable.csv ; https://web.archive.org/web/20191223165826/https://www.columbus.gov/tax/PrintAllMunis.aspx ; rita_member_rates_2016_2025.csv (RITA ACFR extract),100/1.8,,
Bucyrus,10030,city,self,2.0,100.0,2.0,20140101,rate 2.25% eff 20230701 (Finder) | Columbus list 2023-12: credit 100->88.89,https://web.archive.org/web/20240520101454/https://thefinder.tax.ohio.gov/StreamlineSalesTaxWeb/Download/BoundaryData/Muni/OHMuniRateTable.csv ; https://web.archive.org/web/20191223165826/https://www.columbus.gov/tax/PrintAllMunis.aspx,100/2,,
Burton,10436,village,CCA,1.0,50.0,1.0,20020101,,https://web.archive.org/web/20240520101454/https://thefinder.tax.ohio.gov/StreamlineSalesTaxWeb/Download/BoundaryData/Muni/OHMuniRateTable.csv ; https://web.archive.org/web/20191223165826/https://www.columbus.gov/tax/PrintAllMunis.aspx ; https://web.archive.org/web/20221208230828/http://ccatax.ci.cleveland.oh.us/csv/taxrates/2019-m.csv,50/0.5,,
Butler,10632,village,self,1.0,50.0,1.0,20020101,"Columbus list 2022-01: cap 0.5->1, admin self->RITA | joined RITA 07/01/2021: RITA 2021 rate 1.00, credit 50, cap 1.00",https://web.archive.org/web/20240520101454/https://thefinder.tax.ohio.gov/StreamlineSalesTaxWeb/Download/BoundaryData/Muni/OHMuniRateTable.csv ; https://web.archive.org/web/20191223165826/https://www.columbus.gov/tax/PrintAllMunis.aspx ; rita_member_rates_2016_2025.csv (RITA ACFR extract),50/0.5,,
Byesville,10716,village,self,1.0,100.0,1.0,20020101,,https://web.archive.org/web/20240520101454/https://thefinder.tax.ohio.gov/StreamlineSalesTaxWeb/Download/BoundaryData/Muni/OHMuniRateTable.csv ; https://web.archive.org/web/20191223165826/https://www.columbus.gov/tax/PrintAllMunis.aspx,100/1,,
Cadiz,10800,village,self,1.0,100.0,1.0,20020101,,https://web.archive.org/web/20240520101454/https://thefinder.tax.ohio.gov/StreamlineSalesTaxWeb/Download/BoundaryData/Muni/OHMuniRateTable.csv ; https://web.archive.org/web/20191223165826/https://www.columbus.gov/tax/PrintAllMunis.aspx,100/1,,
Caldwell,10940,village,self,1.0,,1.0,20180101,"Columbus list 2019-03: credit nan->nan | Columbus list 2019-04: credit nan->nan | Columbus list 2019-05: credit nan->nan | Columbus list 2019-06: credit nan->nan | Columbus list 2019-07: credit nan->nan | Columbus list 2019-08: credit nan->nan | Columbus list 2019-09: credit nan->nan | Columbus list 2019-10: credit nan->nan | Columbus list 2019-11: credit nan->nan | Columbus list 2019-12: credit nan->nan | Columbus list 2020-01: credit nan->nan | Columbus list 2020-02: credit nan->nan | Columbus list 2020-03: credit nan->nan | Columbus list 2020-04: credit nan->nan | Columbus list 2020-05: credit nan->nan | Columbus list 2020-06: credit nan->nan | Columbus list 2020-07: credit nan->nan | Columbus list 2020-08: credit nan->nan | Columbus list 2020-09: credit nan->nan | Columbus list 2020-10: credit nan->nan | Columbus list 2020-11: credit nan->nan | Columbus list 2020-12: credit nan->nan | Columbus list 2021-01: credit nan->nan | Columbus list 2021-02: credit nan->nan | Columbus list 2021-03: credit nan->nan | Columbus list 2021-04: credit nan->nan | Columbus list 2021-05: credit nan->nan | Columbus list 2021-06: credit nan->nan | Columbus list 2021-07: credit nan->nan | Columbus list 2021-08: credit nan->nan | Columbus list 2021-09: credit nan->nan | Columbus list 2021-10: credit nan->nan | Columbus list 2021-11: credit nan->nan | Columbus list 2021-12: credit nan->nan | Columbus list 2022-01: credit nan->100, admin self->RITA | joined RITA 01/01/2022: RITA 2022 rate 1.00, credit 100, cap 1.00",https://web.archive.org/web/20240520101454/https://thefinder.tax.ohio.gov/StreamlineSalesTaxWeb/Download/BoundaryData/Muni/OHMuniRateTable.csv ; https://web.archive.org/web/20191223165826/https://www.columbus.gov/tax/PrintAllMunis.aspx ; rita_member_rates_2016_2025.csv (RITA ACFR extract),,,
Cambridge,10996,city,self,2.0,100.0,2.0,20100101,,https://web.archive.org/web/20240520101454/https://thefinder.tax.ohio.gov/StreamlineSalesTaxWeb/Download/BoundaryData/Muni/OHMuniRateTable.csv ; https://web.archive.org/web/20191223165826/https://www.columbus.gov/tax/PrintAllMunis.aspx,100/2,,
Canal Fulton,11304,city,self,1.5,50.0,1.0,20080101,"rate 2% eff 20200101 (Finder) | Columbus list 2020-01: credit 50->100, cap 0.5->2 | joined RITA 10/01/2025: RITA 2025 rate 2.00, credit 100, cap 2.00",https://web.archive.org/web/20240520101454/https://thefinder.tax.ohio.gov/StreamlineSalesTaxWeb/Download/BoundaryData/Muni/OHMuniRateTable.csv ; https://web.archive.org/web/20191223165826/https://www.columbus.gov/tax/PrintAllMunis.aspx ; rita_member_rates_2016_2025.csv (RITA ACFR extract),50/0.5,cap converted from max-credit 0.5% of income at 50% factor,
Canfield,11360,city,self,1.0,50.0,1.0,20020101,,https://web.archive.org/web/20240520101454/https://thefinder.tax.ohio.gov/StreamlineSalesTaxWeb/Download/BoundaryData/Muni/OHMuniRateTable.csv ; https://web.archive.org/web/20191223165826/https://www.columbus.gov/tax/PrintAllMunis.aspx,50/0.5,,
Canton,12000,city,self,2.5,100.0,2.5,20180701,,https://web.archive.org/web/20240520101454/https://thefinder.tax.ohio.gov/StreamlineSalesTaxWeb/Download/BoundaryData/Muni/OHMuniRateTable.csv ; https://web.archive.org/web/20191223165826/https://www.columbus.gov/tax/PrintAllMunis.aspx ; https://www.cantonincometax.com/tax/pdf/2021_Instr.pdf,100/2.5,city source check (partial) confirms,partial
Carey,12112,village,self,1.5,100.0,1.0,20020101,"Columbus list 2019-02: credit 0->100, admin CCA->self",https://web.archive.org/web/20240520101454/https://thefinder.tax.ohio.gov/StreamlineSalesTaxWeb/Download/BoundaryData/Muni/OHMuniRateTable.csv ; https://web.archive.org/web/20191223165826/https://www.columbus.gov/tax/PrintAllMunis.aspx,100/1,,
Carlisle,12168,village,self,1.5,100.0,1.5,20020101,,https://web.archive.org/web/20240520101454/https://thefinder.tax.ohio.gov/StreamlineSalesTaxWeb/Download/BoundaryData/Muni/OHMuniRateTable.csv ; https://web.archive.org/web/20191223165826/https://www.columbus.gov/tax/PrintAllMunis.aspx,100/1.5,,
Celina,12868,city,self,1.5,100.0,1.0,20110101,,https://web.archive.org/web/20240520101454/https://thefinder.tax.ohio.gov/StreamlineSalesTaxWeb/Download/BoundaryData/Muni/OHMuniRateTable.csv ; https://web.archive.org/web/20191223165826/https://www.columbus.gov/tax/PrintAllMunis.aspx,1/1,survey credit field 1 is a rate (limit 1); read as 100% up to 1%,
Centerville,13190,city,self,2.25,100.0,2.25,20170101,,https://web.archive.org/web/20240520101454/https://thefinder.tax.ohio.gov/StreamlineSalesTaxWeb/Download/BoundaryData/Muni/OHMuniRateTable.csv ; https://web.archive.org/web/20191223165826/https://www.columbus.gov/tax/PrintAllMunis.aspx ; https://www.centervilleohio.gov/FAQ.aspx?QID=101,100/2.25,city source check (yes) confirms,yes
Cheviot,14128,city,self,2.0,100.0,2.0,20020101,,https://web.archive.org/web/20240520101454/https://thefinder.tax.ohio.gov/StreamlineSalesTaxWeb/Download/BoundaryData/Muni/OHMuniRateTable.csv ; https://web.archive.org/web/20191223165826/https://www.columbus.gov/tax/PrintAllMunis.aspx,100/2,,
Chillicothe,14184,city,self,2.0,50.0,1.0,20160101,,https://web.archive.org/web/20240520101454/https://thefinder.tax.ohio.gov/StreamlineSalesTaxWeb/Download/BoundaryData/Muni/OHMuniRateTable.csv ; https://web.archive.org/web/20191223165826/https://www.columbus.gov/tax/PrintAllMunis.aspx ; https://www.chillicotheoh.gov/departments/income_tax/index.php,50/0.5,cap converted from max-credit 0.5% of income at 50% factor; city source check (partial) confirms; cap not confirmed from ordinance text | CAP UNVERIFIED: survey 0.5 vs ordinance excerpt implying 1.0,partial
Cincinnati,15000,city,self,2.1,100.0,2.1,20020101,rate 1.8% eff 20201001 (Finder) | Columbus list 2020-12: cap 2.1->1.8,https://web.archive.org/web/20240520101454/https://thefinder.tax.ohio.gov/StreamlineSalesTaxWeb/Download/BoundaryData/Muni/OHMuniRateTable.csv ; https://web.archive.org/web/20191223165826/https://www.columbus.gov/tax/PrintAllMunis.aspx ; https://www.cincinnati-oh.gov/finance/income-taxes/,100/2.1,city source check (yes) confirms; rate and credit cap 2.1->1.8 eff 2020-10-02,yes
Clay Center,15588,village,self,1.5,100.0,1.5,20020101,,https://web.archive.org/web/20240520101454/https://thefinder.tax.ohio.gov/StreamlineSalesTaxWeb/Download/BoundaryData/Muni/OHMuniRateTable.csv ; https://web.archive.org/web/20191223165826/https://www.columbus.gov/tax/PrintAllMunis.aspx,100/1.5,,
Clayton,15644,city,CCA,1.5,50.0,1.5,20040101,,https://web.archive.org/web/20240520101454/https://thefinder.tax.ohio.gov/StreamlineSalesTaxWeb/Download/BoundaryData/Muni/OHMuniRateTable.csv ; https://web.archive.org/web/20191223165826/https://www.columbus.gov/tax/PrintAllMunis.aspx ; https://web.archive.org/web/20221208230828/http://ccatax.ci.cleveland.oh.us/csv/taxrates/2019-m.csv,50/0.75,,
Cleveland,16000,city,CCA,2.5,100.0,2.5,20170101,,https://web.archive.org/web/20240520101454/https://thefinder.tax.ohio.gov/StreamlineSalesTaxWeb/Download/BoundaryData/Muni/OHMuniRateTable.csv ; https://web.archive.org/web/20191223165826/https://www.columbus.gov/tax/PrintAllMunis.aspx ; https://web.archive.org/web/20221208230828/http://ccatax.ci.cleveland.oh.us/csv/taxrates/2019-m.csv,100/2.5,,
Clyde,16308,city,self,1.5,100.0,1.5,20020101,,https://web.archive.org/web/20240520101454/https://thefinder.tax.ohio.gov/StreamlineSalesTaxWeb/Download/BoundaryData/Muni/OHMuniRateTable.csv ; https://web.archive.org/web/20191223165826/https://www.columbus.gov/tax/PrintAllMunis.aspx,100/1.5,,
Coal Grove,16378,village,self,1.0,100.0,0.75,20020101,"joined RITA 11/01/2024: RITA 2024 rate 1.00, credit 100, cap 0.75",https://web.archive.org/web/20240520101454/https://thefinder.tax.ohio.gov/StreamlineSalesTaxWeb/Download/BoundaryData/Muni/OHMuniRateTable.csv ; https://web.archive.org/web/20191223165826/https://www.columbus.gov/tax/PrintAllMunis.aspx ; rita_member_rates_2016_2025.csv (RITA ACFR extract),0.75/1,survey credit field 0.75 is a rate (limit 1); read as 100% up to 0.75% AMBIGUOUS,
Coldwater,16532,village,self,1.0,100.0,1.0,20020101,,https://web.archive.org/web/20240520101454/https://thefinder.tax.ohio.gov/StreamlineSalesTaxWeb/Download/BoundaryData/Muni/OHMuniRateTable.csv ; https://web.archive.org/web/20191223165826/https://www.columbus.gov/tax/PrintAllMunis.aspx,100/1,,
Columbus,18000,city,self,2.5,100.0,2.5,20091001,,https://web.archive.org/web/20240520101454/https://thefinder.tax.ohio.gov/StreamlineSalesTaxWeb/Download/BoundaryData/Muni/OHMuniRateTable.csv ; https://web.archive.org/web/20191223165826/https://www.columbus.gov/tax/PrintAllMunis.aspx ; https://www.columbus.gov/files/sharedassets/city/v/1/city-auditor/tax-forms/individuals/instructions-for-2018-ir-25-annual-city-tax-return-for-individuals-english.pdf,100/2.5,city source check (yes) confirms,yes
Columbus Grove,18014,village,self,1.25,100.0,1.0,20040101,,https://web.archive.org/web/20240520101454/https://thefinder.tax.ohio.gov/StreamlineSalesTaxWeb/Download/BoundaryData/Muni/OHMuniRateTable.csv ; https://web.archive.org/web/20191223165826/https://www.columbus.gov/tax/PrintAllMunis.aspx,1/0,survey credit field 1 is a rate (limit 0); read as 100% up to 1%,
Conneaut,18350,city,self,1.65,100.0,1.65,20130101,,https://web.archive.org/web/20240520101454/https://thefinder.tax.ohio.gov/StreamlineSalesTaxWeb/Download/BoundaryData/Muni/OHMuniRateTable.csv ; https://web.archive.org/web/20191223165826/https://www.columbus.gov/tax/PrintAllMunis.aspx,100/1.65,,
Convoy,18546,village,self,1.0,50.0,1.0,20020101,Columbus list 2019-11: credit 100->50 | Columbus list 2023-12: cap 1->0.5,https://web.archive.org/web/20240520101454/https://thefinder.tax.ohio.gov/StreamlineSalesTaxWeb/Download/BoundaryData/Muni/OHMuniRateTable.csv ; https://web.archive.org/web/20191223165826/https://www.columbus.gov/tax/PrintAllMunis.aspx,50/1,,
Coshocton,18868,city,self,2.0,100.0,1.0,20150701,,https://web.archive.org/web/20240520101454/https://thefinder.tax.ohio.gov/StreamlineSalesTaxWeb/Download/BoundaryData/Muni/OHMuniRateTable.csv ; https://web.archive.org/web/20191223165826/https://www.columbus.gov/tax/PrintAllMunis.aspx,1/1,survey credit field 1 is a rate (limit 1); read as 100% up to 1%,
Covington,19050,village,contract: St Marys,1.5,100.0,1.5,20020101,"Columbus list 2020-12: credit 100->50, cap 1.5->0.75 | Columbus list 2022-01: credit 50->100, cap 0.75->0.5",https://web.archive.org/web/20240520101454/https://thefinder.tax.ohio.gov/StreamlineSalesTaxWeb/Download/BoundaryData/Muni/OHMuniRateTable.csv ; https://web.archive.org/web/20191223165826/https://www.columbus.gov/tax/PrintAllMunis.aspx,100/1.5,,
Creston,19344,village,self,1.0,0.0,0.0,20080204,"joined RITA 01/01/2024: RITA 2024 rate 1.00, credit nan, cap nan",https://web.archive.org/web/20240520101454/https://thefinder.tax.ohio.gov/StreamlineSalesTaxWeb/Download/BoundaryData/Muni/OHMuniRateTable.csv ; https://web.archive.org/web/20191223165826/https://www.columbus.gov/tax/PrintAllMunis.aspx ; rita_member_rates_2016_2025.csv (RITA ACFR extract),0/0,,
Cridersville,19400,village,contract: St Marys,1.0,25.0,1.0,20040401,rate 1.5% eff 20210701 (Finder) | Columbus list 2022-01: credit 0.25->100,https://web.archive.org/web/20240520101454/https://thefinder.tax.ohio.gov/StreamlineSalesTaxWeb/Download/BoundaryData/Muni/OHMuniRateTable.csv ; https://web.archive.org/web/20191223165826/https://www.columbus.gov/tax/PrintAllMunis.aspx,0.25/0.25,"survey credit 0.25 read as fraction: 25% factor, cap own rate",
Crooksville,19456,village,self,1.5,100.0,1.5,20020101,"Columbus list 2023-12: admin self->RITA | joined RITA 01/01/2023: RITA 2023 rate 1.50, credit 100, cap 1.50",https://web.archive.org/web/20240520101454/https://thefinder.tax.ohio.gov/StreamlineSalesTaxWeb/Download/BoundaryData/Muni/OHMuniRateTable.csv ; https://web.archive.org/web/20191223165826/https://www.columbus.gov/tax/PrintAllMunis.aspx ; rita_member_rates_2016_2025.csv (RITA ACFR extract),100/1.5,,
Cygnet,19820,village,self,1.0,0.0,0.0,20020101,,https://web.archive.org/web/20240520101454/https://thefinder.tax.ohio.gov/StreamlineSalesTaxWeb/Download/BoundaryData/Muni/OHMuniRateTable.csv ; https://web.archive.org/web/20191223165826/https://www.columbus.gov/tax/PrintAllMunis.aspx,0/0,,
Dalton,19974,village,self,1.0,100.0,1.0,20020101,Columbus list 2022-01: admin self->CCA,https://web.archive.org/web/20240520101454/https://thefinder.tax.ohio.gov/StreamlineSalesTaxWeb/Download/BoundaryData/Muni/OHMuniRateTable.csv ; https://web.archive.org/web/20191223165826/https://www.columbus.gov/tax/PrintAllMunis.aspx,100/1,,
Dayton,21000,city,self,2.5,100.0,2.5,20170101,,https://web.archive.org/web/20240520101454/https://thefinder.tax.ohio.gov/StreamlineSalesTaxWeb/Download/BoundaryData/Muni/OHMuniRateTable.csv ; https://web.archive.org/web/20191223165826/https://www.columbus.gov/tax/PrintAllMunis.aspx ; https://www.daytonohio.gov/DocumentCenter/View/639/Income-Tax-Rules-and-Regulations-PDF,100/2.5,city source check (partial) confirms,partial
Deer Park,21266,city,self,1.5,100.0,1.5,20020101,,https://web.archive.org/web/20240520101454/https://thefinder.tax.ohio.gov/StreamlineSalesTaxWeb/Download/BoundaryData/Muni/OHMuniRateTable.csv ; https://web.archive.org/web/20191223165826/https://www.columbus.gov/tax/PrintAllMunis.aspx,100/1.5,,
Defiance,21308,city,self,1.8,100.0,1.8,20140101,,https://web.archive.org/web/20240520101454/https://thefinder.tax.ohio.gov/StreamlineSalesTaxWeb/Download/BoundaryData/Muni/OHMuniRateTable.csv ; https://web.archive.org/web/20191223165826/https://www.columbus.gov/tax/PrintAllMunis.aspx,100/1.8,,
Delaware,21434,city,self,1.85,50.0,1.85,20110101,,https://web.archive.org/web/20240520101454/https://thefinder.tax.ohio.gov/StreamlineSalesTaxWeb/Download/BoundaryData/Muni/OHMuniRateTable.csv ; https://web.archive.org/web/20191223165826/https://www.columbus.gov/tax/PrintAllMunis.aspx ; https://www.delawareohio.net/government/departments/income-tax/faqs,50/0.925,city source check (yes) confirms; lesser of 50% of tax paid or 0.925% of income,yes
Delphos,21602,city,self,1.75,100.0,0.75,20140701,,https://web.archive.org/web/20240520101454/https://thefinder.tax.ohio.gov/StreamlineSalesTaxWeb/Download/BoundaryData/Muni/OHMuniRateTable.csv ; https://web.archive.org/web/20191223165826/https://www.columbus.gov/tax/PrintAllMunis.aspx,0.75/0.75,survey credit field 0.75 is a rate (limit 0.75); read as 100% up to 0.75%,
Delta,21616,village,self,1.5,100.0,1.0,20020101,,https://web.archive.org/web/20240520101454/https://thefinder.tax.ohio.gov/StreamlineSalesTaxWeb/Download/BoundaryData/Muni/OHMuniRateTable.csv ; https://web.archive.org/web/20191223165826/https://www.columbus.gov/tax/PrintAllMunis.aspx,1/1,survey credit field 1 is a rate (limit 1); read as 100% up to 1%,
Deshler,21812,village,self,1.0,0.0,0.0,20150101,,https://web.archive.org/web/20240520101454/https://thefinder.tax.ohio.gov/StreamlineSalesTaxWeb/Download/BoundaryData/Muni/OHMuniRateTable.csv ; https://web.archive.org/web/20191223165826/https://www.columbus.gov/tax/PrintAllMunis.aspx,0/0,,
Dover,22456,city,self,1.5,100.0,1.5,20070101,,https://web.archive.org/web/20240520101454/https://thefinder.tax.ohio.gov/StreamlineSalesTaxWeb/Download/BoundaryData/Muni/OHMuniRateTable.csv ; https://web.archive.org/web/20191223165826/https://www.columbus.gov/tax/PrintAllMunis.aspx,100/1.5,,
Doylestown,22568,village,self,2.0,100.0,2.0,20080101,"Columbus list 2022-01: admin self->RITA | joined RITA 01/01/2022: RITA 2022 rate 2.00, credit 100, cap 2.00",https://web.archive.org/web/20240520101454/https://thefinder.tax.ohio.gov/StreamlineSalesTaxWeb/Download/BoundaryData/Muni/OHMuniRateTable.csv ; https://web.archive.org/web/20191223165826/https://www.columbus.gov/tax/PrintAllMunis.aspx ; rita_member_rates_2016_2025.csv (RITA ACFR extract),100/2,,
Dresden,22610,village,CCA,1.0,50.0,1.0,20020101,"CCA 2022 table: no longer listed | joined RITA 02/01/2025: RITA 2025 rate 1.00, credit 50, cap 1.00",https://web.archive.org/web/20240520101454/https://thefinder.tax.ohio.gov/StreamlineSalesTaxWeb/Download/BoundaryData/Muni/OHMuniRateTable.csv ; https://web.archive.org/web/20191223165826/https://www.columbus.gov/tax/PrintAllMunis.aspx ; https://web.archive.org/web/20221208230828/http://ccatax.ci.cleveland.oh.us/csv/taxrates/2019-m.csv ; rita_member_rates_2016_2025.csv (RITA ACFR extract),50/0.5,,
Dublin,22694,city,self,2.0,100.0,2.0,20020101,,https://web.archive.org/web/20240520101454/https://thefinder.tax.ohio.gov/StreamlineSalesTaxWeb/Download/BoundaryData/Muni/OHMuniRateTable.csv ; https://web.archive.org/web/20191223165826/https://www.columbus.gov/tax/PrintAllMunis.aspx ; https://dublinohiousa.gov/dev/dev/wp-content/uploads/2020/01/2019-DIR-1040-Instructions-Dublin.pdf,100/2,city source check (partial) confirms,partial
Dunkirk,22946,village,self,1.0,50.0,1.0,20020101,"Columbus list 2020-01: cap 0.5->1, admin self->RITA | joined RITA 01/01/2020: RITA 2020 rate 1.00, credit 50, cap 1.00",https://web.archive.org/web/20240520101454/https://thefinder.tax.ohio.gov/StreamlineSalesTaxWeb/Download/BoundaryData/Muni/OHMuniRateTable.csv ; https://web.archive.org/web/20191223165826/https://www.columbus.gov/tax/PrintAllMunis.aspx ; rita_member_rates_2016_2025.csv (RITA ACFR extract),50/0.5,,
East Canton,23324,village,self,1.5,100.0,1.5,20040101,,https://web.archive.org/web/20240520101454/https://thefinder.tax.ohio.gov/StreamlineSalesTaxWeb/Download/BoundaryData/Muni/OHMuniRateTable.csv ; https://web.archive.org/web/20191223165826/https://www.columbus.gov/tax/PrintAllMunis.aspx,100/1.5,,
East Liverpool,23730,city,self,1.5,0.0,0.0,20020101,,https://web.archive.org/web/20240520101454/https://thefinder.tax.ohio.gov/StreamlineSalesTaxWeb/Download/BoundaryData/Muni/OHMuniRateTable.csv ; https://web.archive.org/web/20191223165826/https://www.columbus.gov/tax/PrintAllMunis.aspx,0/0,,
Edon,24640,village,self,1.5,100.0,1.5,20040101,rate 1.75% eff 20210101 (Finder) | Columbus list 2021-01: cap 1.5->1.75,https://web.archive.org/web/20240520101454/https://thefinder.tax.ohio.gov/StreamlineSalesTaxWeb/Download/BoundaryData/Muni/OHMuniRateTable.csv ; https://web.archive.org/web/20191223165826/https://www.columbus.gov/tax/PrintAllMunis.aspx,100/1.5,,
Elida,24808,village,CCA,0.75,0.0,0.0,20060401,,https://web.archive.org/web/20240520101454/https://thefinder.tax.ohio.gov/StreamlineSalesTaxWeb/Download/BoundaryData/Muni/OHMuniRateTable.csv ; https://web.archive.org/web/20191223165826/https://www.columbus.gov/tax/PrintAllMunis.aspx ; https://web.archive.org/web/20221208230828/http://ccatax.ci.cleveland.oh.us/csv/taxrates/2019-m.csv,0/0,,
Englewood,25396,city,self,1.75,100.0,1.75,20020101,,https://web.archive.org/web/20240520101454/https://thefinder.tax.ohio.gov/StreamlineSalesTaxWeb/Download/BoundaryData/Muni/OHMuniRateTable.csv ; https://web.archive.org/web/20191223165826/https://www.columbus.gov/tax/PrintAllMunis.aspx,100/1.75,,
Euclid,25704,city,self,2.85,100.0,2.85,20020101,"Columbus list 2021-02: admin self->RITA | joined RITA 02/01/2021: RITA 2021 rate 2.85, credit 100, cap 2.85",https://web.archive.org/web/20240520101454/https://thefinder.tax.ohio.gov/StreamlineSalesTaxWeb/Download/BoundaryData/Muni/OHMuniRateTable.csv ; https://web.archive.org/web/20191223165826/https://www.columbus.gov/tax/PrintAllMunis.aspx ; rita_member_rates_2016_2025.csv (RITA ACFR extract) ; https://codelibrary.amlegal.com/codes/euclid/latest/euclid_oh/0-0-0-12664,100/2.85,city source check (yes) confirms,yes
Evendale,25802,village,self,1.2,100.0,1.2,20050101,,https://web.archive.org/web/20240520101454/https://thefinder.tax.ohio.gov/StreamlineSalesTaxWeb/Download/BoundaryData/Muni/OHMuniRateTable.csv ; https://web.archive.org/web/20191223165826/https://www.columbus.gov/tax/PrintAllMunis.aspx,100/1.2,,
Fairfax,25942,village,self,1.75,100.0,1.75,20040401,,https://web.archive.org/web/20240520101454/https://thefinder.tax.ohio.gov/StreamlineSalesTaxWeb/Download/BoundaryData/Muni/OHMuniRateTable.csv ; https://web.archive.org/web/20191223165826/https://www.columbus.gov/tax/PrintAllMunis.aspx,100/1.75,,
Fairfield,25970,city,self,1.5,100.0,1.5,20020101,,https://web.archive.org/web/20240520101454/https://thefinder.tax.ohio.gov/StreamlineSalesTaxWeb/Download/BoundaryData/Muni/OHMuniRateTable.csv ; https://web.archive.org/web/20191223165826/https://www.columbus.gov/tax/PrintAllMunis.aspx ; https://codelibrary.amlegal.com/codes/fairfield/latest/fairfield_oh/0-0-0-34974,100/1.5,city source check (partial) confirms,partial
Fairlawn,26166,city,self,2.0,100.0,2.0,20020101,,https://web.archive.org/web/20240520101454/https://thefinder.tax.ohio.gov/StreamlineSalesTaxWeb/Download/BoundaryData/Muni/OHMuniRateTable.csv ; https://web.archive.org/web/20191223165826/https://www.columbus.gov/tax/PrintAllMunis.aspx,100/2,,
Farmersville,26656,village,self,1.0,50.0,1.0,20020101,,https://web.archive.org/web/20240520101454/https://thefinder.tax.ohio.gov/StreamlineSalesTaxWeb/Download/BoundaryData/Muni/OHMuniRateTable.csv ; https://web.archive.org/web/20191223165826/https://www.columbus.gov/tax/PrintAllMunis.aspx,50/0.5,,
Findlay,27048,city,self,1.0,0.0,0.0,20130101,,https://web.archive.org/web/20240520101454/https://thefinder.tax.ohio.gov/StreamlineSalesTaxWeb/Download/BoundaryData/Muni/OHMuniRateTable.csv ; https://web.archive.org/web/20191223165826/https://www.columbus.gov/tax/PrintAllMunis.aspx ; https://www.findlayohio.gov/government/city-departments/income-tax/faqs,0/0,city source check (yes) confirms; no credit since 2009-01-01,yes
Forest,27636,village,self,1.25,0.0,0.0,20020101,"Columbus list 2023-12: admin self->RITA | joined RITA 01/01/2023: RITA 2023 rate 1.25, credit nan, cap nan",https://web.archive.org/web/20240520101454/https://thefinder.tax.ohio.gov/StreamlineSalesTaxWeb/Download/BoundaryData/Muni/OHMuniRateTable.csv ; https://web.archive.org/web/20191223165826/https://www.columbus.gov/tax/PrintAllMunis.aspx ; rita_member_rates_2016_2025.csv (RITA ACFR extract),0/0,,
Forest Park,27706,city,self,1.5,25.0,1.5,20070701,,https://web.archive.org/web/20240520101454/https://thefinder.tax.ohio.gov/StreamlineSalesTaxWeb/Download/BoundaryData/Muni/OHMuniRateTable.csv ; https://web.archive.org/web/20191223165826/https://www.columbus.gov/tax/PrintAllMunis.aspx ; https://www.forestpark.org/government/income_tax/individuals.php,0.25/0.375,"survey credit 0.25 read as fraction: 25% factor, cap own rate; city source check (partial) confirms; 25% of tax paid (max 0.375% of income)",partial
Fort Loramie,27832,village,contract: St Marys,1.5,100.0,1.5,20020101,,https://web.archive.org/web/20240520101454/https://thefinder.tax.ohio.gov/StreamlineSalesTaxWeb/Download/BoundaryData/Muni/OHMuniRateTable.csv ; https://web.archive.org/web/20191223165826/https://www.columbus.gov/tax/PrintAllMunis.aspx,100/1.5,,
Fort Recovery,27902,village,self,1.0,100.0,1.0,20020101,,https://web.archive.org/web/20240520101454/https://thefinder.tax.ohio.gov/StreamlineSalesTaxWeb/Download/BoundaryData/Muni/OHMuniRateTable.csv ; https://web.archive.org/web/20191223165826/https://www.columbus.gov/tax/PrintAllMunis.aspx,100/1,,
Franklin,28476,city,self,2.0,100.0,2.0,20110701,,https://web.archive.org/web/20240520101454/https://thefinder.tax.ohio.gov/StreamlineSalesTaxWeb/Download/BoundaryData/Muni/OHMuniRateTable.csv ; https://web.archive.org/web/20191223165826/https://www.columbus.gov/tax/PrintAllMunis.aspx,100/2,,
Frazeysburg,28574,village,CCA,1.0,100.0,1.0,20020101,"Columbus list 2021-01: admin CCA->RITA | CCA 2021 table: no longer listed | joined RITA 01/01/2021: RITA 2021 rate 1.00, credit 100, cap 1.00",https://web.archive.org/web/20240520101454/https://thefinder.tax.ohio.gov/StreamlineSalesTaxWeb/Download/BoundaryData/Muni/OHMuniRateTable.csv ; https://web.archive.org/web/20191223165826/https://www.columbus.gov/tax/PrintAllMunis.aspx ; https://web.archive.org/web/20221208230828/http://ccatax.ci.cleveland.oh.us/csv/taxrates/2019-m.csv ; rita_member_rates_2016_2025.csv (RITA ACFR extract),100/1,,
Fredericksburg,28616,village,unknown,1.0,,,20120101,,https://web.archive.org/web/20240520101454/https://thefinder.tax.ohio.gov/StreamlineSalesTaxWeb/Download/BoundaryData/Muni/OHMuniRateTable.csv,,"not in Columbus list; rate from ODT Finder only, credit unknown",
Gallipolis,29204,village,self,1.0,100.0,1.0,20020101,,https://web.archive.org/web/20240520101454/https://thefinder.tax.ohio.gov/StreamlineSalesTaxWeb/Download/BoundaryData/Muni/OHMuniRateTable.csv ; https://web.archive.org/web/20191223165826/https://www.columbus.gov/tax/PrintAllMunis.aspx,100/1,,
Gambier,29246,village,self,1.5,100.0,1.5,20020101,,https://web.archive.org/web/20240520101454/https://thefinder.tax.ohio.gov/StreamlineSalesTaxWeb/Download/BoundaryData/Muni/OHMuniRateTable.csv ; https://web.archive.org/web/20191223165826/https://www.columbus.gov/tax/PrintAllMunis.aspx,100/1.5,,
Garrettsville,29442,village,self,1.75,50.0,1.75,20080101,,https://web.archive.org/web/20240520101454/https://thefinder.tax.ohio.gov/StreamlineSalesTaxWeb/Download/BoundaryData/Muni/OHMuniRateTable.csv ; https://web.archive.org/web/20191223165826/https://www.columbus.gov/tax/PrintAllMunis.aspx,50/1.75,,
Gates Mills,29498,village,CCA,1.0,50.0,1.0,20020101,"Columbus list 2022-01: cap 0.5->1, admin CCA->RITA | CCA 2021 table: no longer listed | joined RITA 07/01/2020: RITA 2020 rate 1.00, credit 50, cap 1.00",https://web.archive.org/web/20240520101454/https://thefinder.tax.ohio.gov/StreamlineSalesTaxWeb/Download/BoundaryData/Muni/OHMuniRateTable.csv ; https://web.archive.org/web/20191223165826/https://www.columbus.gov/tax/PrintAllMunis.aspx ; https://web.archive.org/web/20221208230828/http://ccatax.ci.cleveland.oh.us/csv/taxrates/2019-m.csv ; rita_member_rates_2016_2025.csv (RITA ACFR extract),50/0.5,,
Geneva,29610,city,self,1.5,100.0,1.0,20020101,,https://web.archive.org/web/20240520101454/https://thefinder.tax.ohio.gov/StreamlineSalesTaxWeb/Download/BoundaryData/Muni/OHMuniRateTable.csv ; https://web.archive.org/web/20191223165826/https://www.columbus.gov/tax/PrintAllMunis.aspx,100/1,,
Geneva-On-The-Lake,29652,village,CCA,1.5,100.0,1.0,20120901,,https://web.archive.org/web/20240520101454/https://thefinder.tax.ohio.gov/StreamlineSalesTaxWeb/Download/BoundaryData/Muni/OHMuniRateTable.csv ; https://web.archive.org/web/20191223165826/https://www.columbus.gov/tax/PrintAllMunis.aspx ; https://web.archive.org/web/20221208230828/http://ccatax.ci.cleveland.oh.us/csv/taxrates/2019-m.csv,100/1,,
Genoa,29722,village,self,1.5,50.0,1.5,20020101,"Columbus list 2020-01: credit 50->100, cap 0->0.75, admin self->RITA | joined RITA 01/01/2020: RITA 2020 rate 1.50, credit 100, cap 0.75",https://web.archive.org/web/20240520101454/https://thefinder.tax.ohio.gov/StreamlineSalesTaxWeb/Download/BoundaryData/Muni/OHMuniRateTable.csv ; https://web.archive.org/web/20191223165826/https://www.columbus.gov/tax/PrintAllMunis.aspx ; rita_member_rates_2016_2025.csv (RITA ACFR extract),50/0,survey gave no limit; cap set to own tax rate,
Georgetown,29778,village,self,1.0,100.0,1.0,20140101,,https://web.archive.org/web/20240520101454/https://thefinder.tax.ohio.gov/StreamlineSalesTaxWeb/Download/BoundaryData/Muni/OHMuniRateTable.csv ; https://web.archive.org/web/20191223165826/https://www.columbus.gov/tax/PrintAllMunis.aspx,100/1,,
Germantown,29932,city,CCA,1.5,60.0,1.5,20190101,"Columbus list 2021-04: credit 0->60, cap 0->0.9",https://web.archive.org/web/20240520101454/https://thefinder.tax.ohio.gov/StreamlineSalesTaxWeb/Download/BoundaryData/Muni/OHMuniRateTable.csv ; https://web.archive.org/web/20191223165826/https://www.columbus.gov/tax/PrintAllMunis.aspx ; https://web.archive.org/web/20221208230828/http://ccatax.ci.cleveland.oh.us/csv/taxrates/2019-m.csv,60/0.9,,
Gibsonburg,30072,village,self,1.0,0.0,0.0,20020101,"Columbus list 2022-01: admin self->RITA | joined RITA 07/01/2021: RITA 2021 rate 1.00, credit nan, cap nan",https://web.archive.org/web/20240520101454/https://thefinder.tax.ohio.gov/StreamlineSalesTaxWeb/Download/BoundaryData/Muni/OHMuniRateTable.csv ; https://web.archive.org/web/20191223165826/https://www.columbus.gov/tax/PrintAllMunis.aspx ; rita_member_rates_2016_2025.csv (RITA ACFR extract),0/0,,
Glandorf,30282,village,self,1.5,100.0,1.5,20020101,,https://web.archive.org/web/20240520101454/https://thefinder.tax.ohio.gov/StreamlineSalesTaxWeb/Download/BoundaryData/Muni/OHMuniRateTable.csv ; https://web.archive.org/web/20191223165826/https://www.columbus.gov/tax/PrintAllMunis.aspx,100/1.5,,
Gnadenhutten,30702,village,self,1.5,100.0,1.5,20020101,,https://web.archive.org/web/20240520101454/https://thefinder.tax.ohio.gov/StreamlineSalesTaxWeb/Download/BoundaryData/Muni/OHMuniRateTable.csv ; https://web.archive.org/web/20191223165826/https://www.columbus.gov/tax/PrintAllMunis.aspx,100/1.5,,
Grand Rapids,31206,village,CCA,1.0,50.0,1.0,20020101,,https://web.archive.org/web/20240520101454/https://thefinder.tax.ohio.gov/StreamlineSalesTaxWeb/Download/BoundaryData/Muni/OHMuniRateTable.csv ; https://web.archive.org/web/20191223165826/https://www.columbus.gov/tax/PrintAllMunis.aspx ; https://web.archive.org/web/20221208230828/http://ccatax.ci.cleveland.oh.us/csv/taxrates/2019-m.csv,50/0.5,,
Grand River,31234,village,CCA,2.0,100.0,2.0,20020101,,https://web.archive.org/web/20240520101454/https://thefinder.tax.ohio.gov/StreamlineSalesTaxWeb/Download/BoundaryData/Muni/OHMuniRateTable.csv ; https://web.archive.org/web/20191223165826/https://www.columbus.gov/tax/PrintAllMunis.aspx ; https://web.archive.org/web/20221208230828/http://ccatax.ci.cleveland.oh.us/csv/taxrates/2019-m.csv,100/2,,
Granville,31402,village,self,1.5,50.0,1.5,20020101,,https://web.archive.org/web/20240520101454/https://thefinder.tax.ohio.gov/StreamlineSalesTaxWeb/Download/BoundaryData/Muni/OHMuniRateTable.csv ; https://web.archive.org/web/20191223165826/https://www.columbus.gov/tax/PrintAllMunis.aspx,0.75/50,survey fields swapped (0.75/50); read as 50% factor,
Green,31860,city,self,2.0,100.0,2.0,20040101,,https://web.archive.org/web/20240520101454/https://thefinder.tax.ohio.gov/StreamlineSalesTaxWeb/Download/BoundaryData/Muni/OHMuniRateTable.csv ; https://web.archive.org/web/20191223165826/https://www.columbus.gov/tax/PrintAllMunis.aspx ; https://www.cityofgreen.org/DocumentCenter/View/1567/2019-Income-Tax-Return-Form-Print-Only,100/2,city source check (yes) confirms,yes
Green Springs,32256,village,self,1.0,50.0,1.0,20020101,"joined RITA 07/01/2025: RITA 2025 rate 1.00, credit 50, cap 1.00",https://web.archive.org/web/20240520101454/https://thefinder.tax.ohio.gov/StreamlineSalesTaxWeb/Download/BoundaryData/Muni/OHMuniRateTable.csv ; https://web.archive.org/web/20191223165826/https://www.columbus.gov/tax/PrintAllMunis.aspx ; rita_member_rates_2016_2025.csv (RITA ACFR extract),50/0.5,,
Greenville,32340,city,self,1.5,100.0,1.5,20050101,,https://web.archive.org/web/20240520101454/https://thefinder.tax.ohio.gov/StreamlineSalesTaxWeb/Download/BoundaryData/Muni/OHMuniRateTable.csv ; https://web.archive.org/web/20191223165826/https://www.columbus.gov/tax/PrintAllMunis.aspx,100/1.5,,
Greenwich,32368,village,self,1.0,100.0,1.0,20020101,"Columbus list 2023-12: credit 100->nan, cap 1->nan",https://web.archive.org/web/20240520101454/https://thefinder.tax.ohio.gov/StreamlineSalesTaxWeb/Download/BoundaryData/Muni/OHMuniRateTable.csv ; https://web.archive.org/web/20191223165826/https://www.columbus.gov/tax/PrintAllMunis.aspx,100/1,,
Hamilton,33012,city,CCA,2.0,100.0,2.0,20020101,"Columbus list 2022-01: admin CCA->RITA | CCA 2022 table: no longer listed | joined RITA 01/01/2022: RITA 2022 rate 2.00, credit 100, cap 2.00",https://web.archive.org/web/20240520101454/https://thefinder.tax.ohio.gov/StreamlineSalesTaxWeb/Download/BoundaryData/Muni/OHMuniRateTable.csv ; https://web.archive.org/web/20191223165826/https://www.columbus.gov/tax/PrintAllMunis.aspx ; https://web.archive.org/web/20221208230828/http://ccatax.ci.cleveland.oh.us/csv/taxrates/2019-m.csv ; rita_member_rates_2016_2025.csv (RITA ACFR extract),100/2,,
Hamler,33096,village,self,1.0,0.0,0.0,20020101,,https://web.archive.org/web/20240520101454/https://thefinder.tax.ohio.gov/StreamlineSalesTaxWeb/Download/BoundaryData/Muni/OHMuniRateTable.csv ; https://web.archive.org/web/20191223165826/https://www.columbus.gov/tax/PrintAllMunis.aspx,0/0,,
Hartville,34328,village,self,1.0,0.0,0.0,20020101,"Columbus list 2019-11: credit 100->0, cap 1->0",https://web.archive.org/web/20240520101454/https://thefinder.tax.ohio.gov/StreamlineSalesTaxWeb/Download/BoundaryData/Muni/OHMuniRateTable.csv ; https://web.archive.org/web/20191223165826/https://www.columbus.gov/tax/PrintAllMunis.aspx,0/0,,
Heath,34748,city,self,2.0,100.0,1.5,20180101,,https://web.archive.org/web/20240520101454/https://thefinder.tax.ohio.gov/StreamlineSalesTaxWeb/Download/BoundaryData/Muni/OHMuniRateTable.csv ; https://web.archive.org/web/20191223165826/https://www.columbus.gov/tax/PrintAllMunis.aspx,1.5/1.5,survey credit field 1.5 is a rate (limit 1.5); read as 100% up to 1.5%,
Hebron,34790,village,self,1.5,100.0,1.5,20090701,,https://web.archive.org/web/20240520101454/https://thefinder.tax.ohio.gov/StreamlineSalesTaxWeb/Download/BoundaryData/Muni/OHMuniRateTable.csv ; https://web.archive.org/web/20191223165826/https://www.columbus.gov/tax/PrintAllMunis.aspx,100/1.5,,
Hicksville,35098,village,self,1.0,100.0,1.0,20020101,,https://web.archive.org/web/20240520101454/https://thefinder.tax.ohio.gov/StreamlineSalesTaxWeb/Download/BoundaryData/Muni/OHMuniRateTable.csv ; https://web.archive.org/web/20191223165826/https://www.columbus.gov/tax/PrintAllMunis.aspx,100/1,,
Highland Hills,35255,village,CCA,2.5,100.0,2.5,20020101,,https://web.archive.org/web/20240520101454/https://thefinder.tax.ohio.gov/StreamlineSalesTaxWeb/Download/BoundaryData/Muni/OHMuniRateTable.csv ; https://web.archive.org/web/20191223165826/https://www.columbus.gov/tax/PrintAllMunis.aspx ; https://web.archive.org/web/20221208230828/http://ccatax.ci.cleveland.oh.us/csv/taxrates/2019-m.csv,100/2.5,,
Hillsboro,35560,city,self,1.5,100.0,1.5,20020101,,https://web.archive.org/web/20240520101454/https://thefinder.tax.ohio.gov/StreamlineSalesTaxWeb/Download/BoundaryData/Muni/OHMuniRateTable.csv ; https://web.archive.org/web/20191223165826/https://www.columbus.gov/tax/PrintAllMunis.aspx,100/1.5,,
Holgate,35854,village,self,1.0,0.0,0.0,20020101,,https://web.archive.org/web/20240520101454/https://thefinder.tax.ohio.gov/StreamlineSalesTaxWeb/Download/BoundaryData/Muni/OHMuniRateTable.csv ; https://web.archive.org/web/20191223165826/https://www.columbus.gov/tax/PrintAllMunis.aspx,0/0,,
Hubbard,36582,city,self,1.5,100.0,1.0,20050101,,https://web.archive.org/web/20240520101454/https://thefinder.tax.ohio.gov/StreamlineSalesTaxWeb/Download/BoundaryData/Muni/OHMuniRateTable.csv ; https://web.archive.org/web/20191223165826/https://www.columbus.gov/tax/PrintAllMunis.aspx,1/1,survey credit field 1 is a rate (limit 1); read as 100% up to 1%,
Huber Heights,36610,city,self,2.25,100.0,2.25,20150101,,https://web.archive.org/web/20240520101454/https://thefinder.tax.ohio.gov/StreamlineSalesTaxWeb/Download/BoundaryData/Muni/OHMuniRateTable.csv ; https://web.archive.org/web/20191223165826/https://www.columbus.gov/tax/PrintAllMunis.aspx ; https://www.hhoh.org/DocumentCenter/View/269/Individual-Instructions-PDF,100/2.25,city source check (partial) confirms; 2023 ordinance amendments (2023-O-2593/2616) not read,partial
Huntsville,36988,village,self,1.0,100.0,1.0,20020101,"Columbus list 2019-07: admin CCA->self | Columbus list 2022-01: credit 100->0, cap 1->0",https://web.archive.org/web/20240520101454/https://thefinder.tax.ohio.gov/StreamlineSalesTaxWeb/Download/BoundaryData/Muni/OHMuniRateTable.csv ; https://web.archive.org/web/20191223165826/https://www.columbus.gov/tax/PrintAllMunis.aspx,100/1,,
Indian Hill,76582,city,self,0.525,0.0,0.0,20180101,,https://web.archive.org/web/20240520101454/https://thefinder.tax.ohio.gov/StreamlineSalesTaxWeb/Download/BoundaryData/Muni/OHMuniRateTable.csv ; https://web.archive.org/web/20191223165826/https://www.columbus.gov/tax/PrintAllMunis.aspx,0/0,,
Ironton,37464,city,self,1.0,0.0,1.0,20020101,,https://web.archive.org/web/20240520101454/https://thefinder.tax.ohio.gov/StreamlineSalesTaxWeb/Download/BoundaryData/Muni/OHMuniRateTable.csv ; https://web.archive.org/web/20191223165826/https://www.columbus.gov/tax/PrintAllMunis.aspx,0/1,,
Jamestown,38374,village,self,0.5,100.0,0.5,20020101,,https://web.archive.org/web/20240520101454/https://thefinder.tax.ohio.gov/StreamlineSalesTaxWeb/Download/BoundaryData/Muni/OHMuniRateTable.csv ; https://web.archive.org/web/20191223165826/https://www.columbus.gov/tax/PrintAllMunis.aspx,100/0.5,,
Jefferson,38500,village,self,1.5,100.0,1.5,20050701,,https://web.archive.org/web/20240520101454/https://thefinder.tax.ohio.gov/StreamlineSalesTaxWeb/Download/BoundaryData/Muni/OHMuniRateTable.csv ; https://web.archive.org/web/20191223165826/https://www.columbus.gov/tax/PrintAllMunis.aspx,100/1.5,,
Kalida,39536,village,self,1.0,100.0,1.0,20020101,,https://web.archive.org/web/20240520101454/https://thefinder.tax.ohio.gov/StreamlineSalesTaxWeb/Download/BoundaryData/Muni/OHMuniRateTable.csv ; https://web.archive.org/web/20191223165826/https://www.columbus.gov/tax/PrintAllMunis.aspx,100/1,,
Kenton,39886,city,self,1.5,0.0,0.0,20020101,,https://web.archive.org/web/20240520101454/https://thefinder.tax.ohio.gov/StreamlineSalesTaxWeb/Download/BoundaryData/Muni/OHMuniRateTable.csv ; https://web.archive.org/web/20191223165826/https://www.columbus.gov/tax/PrintAllMunis.aspx,0/0,,
Kettering,40040,city,self,2.25,100.0,2.25,20070101,,https://web.archive.org/web/20240520101454/https://thefinder.tax.ohio.gov/StreamlineSalesTaxWeb/Download/BoundaryData/Muni/OHMuniRateTable.csv ; https://web.archive.org/web/20191223165826/https://www.columbus.gov/tax/PrintAllMunis.aspx ; https://storage.googleapis.com/proudcity/ketteringoh/uploads/2020/02/2019-Individual-General-Information-and-Instructions.pdf,100/2.25,city source check (yes) confirms,yes
Kirby,40558,village,self,1.0,100.0,1.0,20020101,,https://web.archive.org/web/20240520101454/https://thefinder.tax.ohio.gov/StreamlineSalesTaxWeb/Download/BoundaryData/Muni/OHMuniRateTable.csv ; https://web.archive.org/web/20191223165826/https://www.columbus.gov/tax/PrintAllMunis.aspx,100/1,,
Lakeview,41608,village,contract: St Marys,1.5,100.0,1.0,20160101,Columbus list 2019-02: admin self->contract: St Marys,https://web.archive.org/web/20240520101454/https://thefinder.tax.ohio.gov/StreamlineSalesTaxWeb/Download/BoundaryData/Muni/OHMuniRateTable.csv ; https://web.archive.org/web/20191223165826/https://www.columbus.gov/tax/PrintAllMunis.aspx,1/1,survey credit field 1 is a rate (limit 1); read as 100% up to 1%,
Lakewood,41664,city,self,1.5,100.0,0.5,20020101,,https://web.archive.org/web/20240520101454/https://thefinder.tax.ohio.gov/StreamlineSalesTaxWeb/Download/BoundaryData/Muni/OHMuniRateTable.csv ; https://web.archive.org/web/20191223165826/https://www.columbus.gov/tax/PrintAllMunis.aspx ; https://lakewoodoh.gov/municipal-income-tax/faqs/,0.5/1,survey credit field 0.5 is a rate (limit 1); read as 100% up to 0.5% AMBIGUOUS; city source check (partial) confirms; credit limited to 0.5% of income (city keeps at least 1.0%),partial
Lancaster,41720,city,self,1.75,100.0,1.0,20050701,rate 2.2% eff 20210101 (Finder) | rate 2.3% eff 20230101 (Finder),https://web.archive.org/web/20240520101454/https://thefinder.tax.ohio.gov/StreamlineSalesTaxWeb/Download/BoundaryData/Muni/OHMuniRateTable.csv ; https://web.archive.org/web/20191223165826/https://www.columbus.gov/tax/PrintAllMunis.aspx ; https://www.lancasterohio.gov/DocumentCenter/View/5279/2019-Lancaster-Income-Tax-Instructions,1/1,survey credit field 1 is a rate (limit 1); read as 100% up to 1%; city source check (yes) confirms,yes
Lebanon,42364,city,self,1.0,100.0,0.5,20020101,"Columbus list 2020-12: credit 100->50, cap 0.5->1",https://web.archive.org/web/20240520101454/https://thefinder.tax.ohio.gov/StreamlineSalesTaxWeb/Download/BoundaryData/Muni/OHMuniRateTable.csv ; https://web.archive.org/web/20191223165826/https://www.columbus.gov/tax/PrintAllMunis.aspx ; https://www.lebanonohio.gov/residents/business/site_selection/taxes___incentives.php,100/0.5,city source check (partial) confirms; rate 1.0->1.5 and cap 0.5->1.0 eff 2024-01-01 (outside window),partial
Leesburg,42476,village,self,1.0,100.0,1.0,20050101,"joined RITA 02/01/2020: RITA 2020 rate 1.00, credit 100, cap 1.00",https://web.archive.org/web/20240520101454/https://thefinder.tax.ohio.gov/StreamlineSalesTaxWeb/Download/BoundaryData/Muni/OHMuniRateTable.csv ; https://web.archive.org/web/20191223165826/https://www.columbus.gov/tax/PrintAllMunis.aspx ; rita_member_rates_2016_2025.csv (RITA ACFR extract),100/1,,
Leipsic,42602,village,self,1.5,100.0,1.5,20020101,,https://web.archive.org/web/20240520101454/https://thefinder.tax.ohio.gov/StreamlineSalesTaxWeb/Download/BoundaryData/Muni/OHMuniRateTable.csv ; https://web.archive.org/web/20191223165826/https://www.columbus.gov/tax/PrintAllMunis.aspx,100/1.5,,
Lewisburg,42938,village,self,1.75,100.0,1.75,20160101,,https://web.archive.org/web/20240520101454/https://thefinder.tax.ohio.gov/StreamlineSalesTaxWeb/Download/BoundaryData/Muni/OHMuniRateTable.csv ; https://web.archive.org/web/20191223165826/https://www.columbus.gov/tax/PrintAllMunis.aspx,100/1.75,,
Lexington,42994,village,self,1.0,50.0,1.0,20020101,,https://web.archive.org/web/20240520101454/https://thefinder.tax.ohio.gov/StreamlineSalesTaxWeb/Download/BoundaryData/Muni/OHMuniRateTable.csv ; https://web.archive.org/web/20191223165826/https://www.columbus.gov/tax/PrintAllMunis.aspx,50/0.5,,
Lima,43554,city,self,1.5,100.0,1.5,20020101,,https://web.archive.org/web/20240520101454/https://thefinder.tax.ohio.gov/StreamlineSalesTaxWeb/Download/BoundaryData/Muni/OHMuniRateTable.csv ; https://web.archive.org/web/20191223165826/https://www.columbus.gov/tax/PrintAllMunis.aspx ; https://limaohio.gov/DocumentCenter/View/5558/Lima-Instructions-2019,100/1.5,city source check (yes) confirms,yes
Lincoln Heights,43722,village,self,2.0,100.0,1.0,20020101,"joined RITA 10/01/2022: RITA 2022 rate 2.00, credit 100, cap 1.00",https://web.archive.org/web/20240520101454/https://thefinder.tax.ohio.gov/StreamlineSalesTaxWeb/Download/BoundaryData/Muni/OHMuniRateTable.csv ; https://web.archive.org/web/20191223165826/https://www.columbus.gov/tax/PrintAllMunis.aspx ; rita_member_rates_2016_2025.csv (RITA ACFR extract),1/1,survey credit field 1 is a rate (limit 1); read as 100% up to 1%,
Linndale,43918,village,CCA,2.0,100.0,2.0,20020101,,https://web.archive.org/web/20240520101454/https://thefinder.tax.ohio.gov/StreamlineSalesTaxWeb/Download/BoundaryData/Muni/OHMuniRateTable.csv ; https://web.archive.org/web/20191223165826/https://www.columbus.gov/tax/PrintAllMunis.aspx ; https://web.archive.org/web/20221208230828/http://ccatax.ci.cleveland.oh.us/csv/taxrates/2019-m.csv,100/2,,
Lisbon,44030,village,self,1.5,100.0,1.5,20020101,rate 2% eff 20200101 (Finder) | Columbus list 2020-01: cap 1.5->2,https://web.archive.org/web/20240520101454/https://thefinder.tax.ohio.gov/StreamlineSalesTaxWeb/Download/BoundaryData/Muni/OHMuniRateTable.csv ; https://web.archive.org/web/20191223165826/https://www.columbus.gov/tax/PrintAllMunis.aspx,100/1.5,,
Logan,44632,city,self,2.0,100.0,1.5,20160101,,https://web.archive.org/web/20240520101454/https://thefinder.tax.ohio.gov/StreamlineSalesTaxWeb/Download/BoundaryData/Muni/OHMuniRateTable.csv ; https://web.archive.org/web/20191223165826/https://www.columbus.gov/tax/PrintAllMunis.aspx,1.5/1.5,survey credit field 1.5 is a rate (limit 1.5); read as 100% up to 1.5%,
London,44674,city,self,1.5,100.0,0.5,20130701,"Columbus list 2021-01: credit 0.5->0, cap 0.5->0",https://web.archive.org/web/20240520101454/https://thefinder.tax.ohio.gov/StreamlineSalesTaxWeb/Download/BoundaryData/Muni/OHMuniRateTable.csv ; https://web.archive.org/web/20191223165826/https://www.columbus.gov/tax/PrintAllMunis.aspx,0.5/0.5,survey credit field 0.5 is a rate (limit 0.5); read as 100% up to 0.5%,
Lorain,44856,city,self,2.5,100.0,2.0,20130101,,https://web.archive.org/web/20240520101454/https://thefinder.tax.ohio.gov/StreamlineSalesTaxWeb/Download/BoundaryData/Muni/OHMuniRateTable.csv ; https://web.archive.org/web/20191223165826/https://www.columbus.gov/tax/PrintAllMunis.aspx ; https://www.cityoflorain.org/faq.aspx?TID=16,100/2,city source check (partial) confirms; cap 2.0 since 2017-01-01,partial
Lordstown,44912,village,self,1.0,100.0,1.0,20060701,Columbus list 2023-12: cap 1->1.5,https://web.archive.org/web/20240520101454/https://thefinder.tax.ohio.gov/StreamlineSalesTaxWeb/Download/BoundaryData/Muni/OHMuniRateTable.csv ; https://web.archive.org/web/20191223165826/https://www.columbus.gov/tax/PrintAllMunis.aspx,100/1,,
Loudonville,45066,village,self,1.75,100.0,1.75,20020101,,https://web.archive.org/web/20240520101454/https://thefinder.tax.ohio.gov/StreamlineSalesTaxWeb/Download/BoundaryData/Muni/OHMuniRateTable.csv ; https://web.archive.org/web/20191223165826/https://www.columbus.gov/tax/PrintAllMunis.aspx,100/1.75,,
Louisville,45094,city,self,2.0,60.0,2.0,20020101,,https://web.archive.org/web/20240520101454/https://thefinder.tax.ohio.gov/StreamlineSalesTaxWeb/Download/BoundaryData/Muni/OHMuniRateTable.csv ; https://web.archive.org/web/20191223165826/https://www.columbus.gov/tax/PrintAllMunis.aspx,60/2,,
Luckey,45332,village,self,1.0,0.0,0.0,20020101,,https://web.archive.org/web/20240520101454/https://thefinder.tax.ohio.gov/StreamlineSalesTaxWeb/Download/BoundaryData/Muni/OHMuniRateTable.csv ; https://web.archive.org/web/20191223165826/https://www.columbus.gov/tax/PrintAllMunis.aspx,0/0,,
Madeira,46312,city,self,1.0,90.0,1.0,20020101,"Columbus list 2021-01: credit 90->60, cap 90->60 | Columbus list 2022-01: cap 60->1",https://web.archive.org/web/20240520101454/https://thefinder.tax.ohio.gov/StreamlineSalesTaxWeb/Download/BoundaryData/Muni/OHMuniRateTable.csv ; https://web.archive.org/web/20191223165826/https://www.columbus.gov/tax/PrintAllMunis.aspx,90/90,survey limit 90 exceeds own rate; cap set to own rate,
Malinta,46942,village,self,1.0,50.0,1.0,20020101,"Columbus list 2022-01: admin self->RITA | joined RITA 01/01/2022: RITA 2022 rate 1.00, credit 50, cap 1.00",https://web.archive.org/web/20240520101454/https://thefinder.tax.ohio.gov/StreamlineSalesTaxWeb/Download/BoundaryData/Muni/OHMuniRateTable.csv ; https://web.archive.org/web/20191223165826/https://www.columbus.gov/tax/PrintAllMunis.aspx ; rita_member_rates_2016_2025.csv (RITA ACFR extract),50/1,,
Malta,46970,village,self,1.0,100.0,1.0,20020101,,https://web.archive.org/web/20240520101454/https://thefinder.tax.ohio.gov/StreamlineSalesTaxWeb/Download/BoundaryData/Muni/OHMuniRateTable.csv ; https://web.archive.org/web/20191223165826/https://www.columbus.gov/tax/PrintAllMunis.aspx,1/1,survey credit field 1 is a rate (limit 1); read as 100% up to 1%,
Mansfield,47138,city,self,2.0,100.0,1.0,20140101,,https://web.archive.org/web/20240520101454/https://thefinder.tax.ohio.gov/StreamlineSalesTaxWeb/Download/BoundaryData/Muni/OHMuniRateTable.csv ; https://web.archive.org/web/20191223165826/https://www.columbus.gov/tax/PrintAllMunis.aspx ; https://mansfieldohio.gov/wp-content/uploads/2023/02/2019-Individual-Instructions.pdf,100/1,city source check (yes) confirms,yes
Mantua,47180,village,self,1.5,,0.0,20020101,"rate 2% eff 20220701 (Finder) | Columbus list 2019-02: credit nan->nan | Columbus list 2019-03: credit nan->nan | Columbus list 2019-04: credit nan->nan | Columbus list 2019-05: credit nan->nan | Columbus list 2019-06: credit nan->nan | Columbus list 2019-07: credit nan->nan | Columbus list 2019-08: credit nan->nan | Columbus list 2019-09: credit nan->nan | Columbus list 2019-10: credit nan->nan | Columbus list 2019-11: credit nan->nan | Columbus list 2019-12: credit nan->nan | Columbus list 2020-01: credit nan->50, cap 0->1, admin self->RITA | Columbus list 2022-01: credit 50->100, cap 1->0.5 | joined RITA 01/01/2020: RITA 2020 rate 1.50, credit 100, cap 0.50",https://web.archive.org/web/20240520101454/https://thefinder.tax.ohio.gov/StreamlineSalesTaxWeb/Download/BoundaryData/Muni/OHMuniRateTable.csv ; https://web.archive.org/web/20191223165826/https://www.columbus.gov/tax/PrintAllMunis.aspx ; rita_member_rates_2016_2025.csv (RITA ACFR extract),,,
Marble Cliff,47474,village,CCA,2.0,100.0,2.0,20020101,Columbus list 2019-02: admin contract: Columbus->CCA,https://web.archive.org/web/20240520101454/https://thefinder.tax.ohio.gov/StreamlineSalesTaxWeb/Download/BoundaryData/Muni/OHMuniRateTable.csv ; https://web.archive.org/web/20191223165826/https://www.columbus.gov/tax/PrintAllMunis.aspx ; https://web.archive.org/web/20221208230828/http://ccatax.ci.cleveland.oh.us/csv/taxrates/2019-m.csv,100/2,,
Mariemont,47600,village,self,1.25,100.0,1.0,20020101,,https://web.archive.org/web/20240520101454/https://thefinder.tax.ohio.gov/StreamlineSalesTaxWeb/Download/BoundaryData/Muni/OHMuniRateTable.csv ; https://web.archive.org/web/20191223165826/https://www.columbus.gov/tax/PrintAllMunis.aspx,1/0,survey credit field 1 is a rate (limit 0); read as 100% up to 1%,
Marietta,47628,city,self,1.85,100.0,1.85,20190101,Columbus list 2019-02: cap 1.7->1.85,https://web.archive.org/web/20240520101454/https://thefinder.tax.ohio.gov/StreamlineSalesTaxWeb/Download/BoundaryData/Muni/OHMuniRateTable.csv ; https://web.archive.org/web/20191223165826/https://www.columbus.gov/tax/PrintAllMunis.aspx,100/1.85,,
Marion,47754,city,self,2.0,50.0,2.0,20130101,,https://web.archive.org/web/20240520101454/https://thefinder.tax.ohio.gov/StreamlineSalesTaxWeb/Download/BoundaryData/Muni/OHMuniRateTable.csv ; https://web.archive.org/web/20191223165826/https://www.columbus.gov/tax/PrintAllMunis.aspx ; https://www.marionohio.us/DocumentCenter/View/229/2019-Individual-Tax-Return-Instructions-PDF,50/2,city source check (yes) confirms; credit 50->100 by Ord 2023-29 retroactive to 2023-01-01 (later amendment 2024-13 not confirmed),yes
Marshallville,48048,village,self,1.0,50.0,1.0,20020101,,https://web.archive.org/web/20240520101454/https://thefinder.tax.ohio.gov/StreamlineSalesTaxWeb/Download/BoundaryData/Muni/OHMuniRateTable.csv ; https://web.archive.org/web/20191223165826/https://www.columbus.gov/tax/PrintAllMunis.aspx,50/0.5,,
Marysville,48160,city,self,1.5,0.0,0.0,20100701,,https://web.archive.org/web/20240520101454/https://thefinder.tax.ohio.gov/StreamlineSalesTaxWeb/Download/BoundaryData/Muni/OHMuniRateTable.csv ; https://web.archive.org/web/20191223165826/https://www.columbus.gov/tax/PrintAllMunis.aspx ; https://www.marysvilleohio.org/Faq.aspx?QID=103,0/0,city source check (yes) confirms; no credit since 2005,yes
Mason,48188,city,self,1.12,100.0,1.12,20130101,,https://web.archive.org/web/20240520101454/https://thefinder.tax.ohio.gov/StreamlineSalesTaxWeb/Download/BoundaryData/Muni/OHMuniRateTable.csv ; https://web.archive.org/web/20191223165826/https://www.columbus.gov/tax/PrintAllMunis.aspx ; https://imaginemason.org/download/PDFs/tax/2020/Mason-2019-Highlights-PDF.pdf,100/1.12,city source check (yes) confirms,yes
Massillon,48244,city,self,2.0,90.0,2.0,20170101,Columbus list 2020-01: credit 90->100,https://web.archive.org/web/20240520101454/https://thefinder.tax.ohio.gov/StreamlineSalesTaxWeb/Download/BoundaryData/Muni/OHMuniRateTable.csv ; https://web.archive.org/web/20191223165826/https://www.columbus.gov/tax/PrintAllMunis.aspx ; https://massillonohio.gov/wp-content/uploads/INDIVIDUAL-FOR-2019-4.pdf,90/2,city source check (yes) confirms; credit 90->100 (cap 2.0) eff tax year 2020 per city 2019 form,yes
Maumee,48342,city,self,1.5,100.0,1.5,20020101,,https://web.archive.org/web/20240520101454/https://thefinder.tax.ohio.gov/StreamlineSalesTaxWeb/Download/BoundaryData/Muni/OHMuniRateTable.csv ; https://web.archive.org/web/20191223165826/https://www.columbus.gov/tax/PrintAllMunis.aspx,100/1.5,,
Mccomb,45808,village,self,1.0,100.0,1.0,20020101,"Columbus list 2020-01: credit 100->0, cap 1->0",https://web.archive.org/web/20240520101454/https://thefinder.tax.ohio.gov/StreamlineSalesTaxWeb/Download/BoundaryData/Muni/OHMuniRateTable.csv ; https://web.archive.org/web/20191223165826/https://www.columbus.gov/tax/PrintAllMunis.aspx,100/1,,
Mcconnelsville,45822,village,self,1.0,50.0,1.0,20020101,,https://web.archive.org/web/20240520101454/https://thefinder.tax.ohio.gov/StreamlineSalesTaxWeb/Download/BoundaryData/Muni/OHMuniRateTable.csv ; https://web.archive.org/web/20191223165826/https://www.columbus.gov/tax/PrintAllMunis.aspx,50/0.5,,
Mcguffey,46046,village,self,1.0,100.0,1.0,20020101,,https://web.archive.org/web/20240520101454/https://thefinder.tax.ohio.gov/StreamlineSalesTaxWeb/Download/BoundaryData/Muni/OHMuniRateTable.csv ; https://web.archive.org/web/20191223165826/https://www.columbus.gov/tax/PrintAllMunis.aspx,100/1,,
Mentor-On-The-Lake,49098,city,CCA,2.0,100.0,2.0,20020101,,https://web.archive.org/web/20240520101454/https://thefinder.tax.ohio.gov/StreamlineSalesTaxWeb/Download/BoundaryData/Muni/OHMuniRateTable.csv ; https://web.archive.org/web/20191223165826/https://www.columbus.gov/tax/PrintAllMunis.aspx ; https://web.archive.org/web/20221208230828/http://ccatax.ci.cleveland.oh.us/csv/taxrates/2019-m.csv,100/2,,
Miamisburg,49434,city,self,2.25,100.0,2.25,20110101,,https://web.archive.org/web/20240520101454/https://thefinder.tax.ohio.gov/StreamlineSalesTaxWeb/Download/BoundaryData/Muni/OHMuniRateTable.csv ; https://web.archive.org/web/20191223165826/https://www.columbus.gov/tax/PrintAllMunis.aspx ; https://codelibrary.amlegal.com/codes/miamisburg/latest/miamisburg_oh/0-0-0-11765,100/2.25,city source check (yes) confirms,yes
Middlefield,49700,village,self,1.25,0.0,0.0,20190101,,https://web.archive.org/web/20240520101454/https://thefinder.tax.ohio.gov/StreamlineSalesTaxWeb/Download/BoundaryData/Muni/OHMuniRateTable.csv ; https://web.archive.org/web/20191223165826/https://www.columbus.gov/tax/PrintAllMunis.aspx,0/0,,
Middletown,49840,city,self,1.75,100.0,1.75,20080101,rate 2% eff 20210101 (Finder) | Columbus list 2021-01: cap 1.75->2,https://web.archive.org/web/20240520101454/https://thefinder.tax.ohio.gov/StreamlineSalesTaxWeb/Download/BoundaryData/Muni/OHMuniRateTable.csv ; https://web.archive.org/web/20191223165826/https://www.columbus.gov/tax/PrintAllMunis.aspx ; https://codelibrary.amlegal.com/codes/middletownoh/latest/middletown_oh/0-0-0-39722,100/1.75,city source check (yes) confirms; rate and cap 1.75->2.0 eff 2021-01-01,yes
Millbury,50260,village,self,1.5,100.0,0.5,20020101,"joined RITA 01/01/2024: RITA 2024 rate 1.50, credit 100, cap 0.50",https://web.archive.org/web/20240520101454/https://thefinder.tax.ohio.gov/StreamlineSalesTaxWeb/Download/BoundaryData/Muni/OHMuniRateTable.csv ; https://web.archive.org/web/20191223165826/https://www.columbus.gov/tax/PrintAllMunis.aspx ; rita_member_rates_2016_2025.csv (RITA ACFR extract),0.5/0,survey credit field 0.5 is a rate (limit 0); read as 100% up to 0.5%,
Millersburg,50372,village,self,1.5,0.0,0.0,20130101,,https://web.archive.org/web/20240520101454/https://thefinder.tax.ohio.gov/StreamlineSalesTaxWeb/Download/BoundaryData/Muni/OHMuniRateTable.csv ; https://web.archive.org/web/20191223165826/https://www.columbus.gov/tax/PrintAllMunis.aspx,0/0,,
Minerva,50834,village,self,1.75,100.0,1.75,20170101,"rate 1.5% eff 20210101 (Finder) | Columbus list 2021-01: cap 1.75->1.5 | Columbus list 2023-12: admin self->RITA | joined RITA 07/01/2022: RITA 2022 rate 1.50, credit 100, cap 1.50",https://web.archive.org/web/20240520101454/https://thefinder.tax.ohio.gov/StreamlineSalesTaxWeb/Download/BoundaryData/Muni/OHMuniRateTable.csv ; https://web.archive.org/web/20191223165826/https://www.columbus.gov/tax/PrintAllMunis.aspx ; rita_member_rates_2016_2025.csv (RITA ACFR extract),100/1.75,,
Minster,50918,village,contract: St Marys,1.5,100.0,1.5,20020101,,https://web.archive.org/web/20240520101454/https://thefinder.tax.ohio.gov/StreamlineSalesTaxWeb/Download/BoundaryData/Muni/OHMuniRateTable.csv ; https://web.archive.org/web/20191223165826/https://www.columbus.gov/tax/PrintAllMunis.aspx,100/1.5,,
Monroe,51310,city,self,2.0,100.0,2.0,20180101,,https://web.archive.org/web/20240520101454/https://thefinder.tax.ohio.gov/StreamlineSalesTaxWeb/Download/BoundaryData/Muni/OHMuniRateTable.csv ; https://web.archive.org/web/20191223165826/https://www.columbus.gov/tax/PrintAllMunis.aspx,100/2,,
Monroeville,51618,village,self,1.0,100.0,1.0,20020101,"Columbus list 2021-01: admin self->RITA | joined RITA 01/01/2021: RITA 2021 rate 1.00, credit 100, cap 1.00",https://web.archive.org/web/20240520101454/https://thefinder.tax.ohio.gov/StreamlineSalesTaxWeb/Download/BoundaryData/Muni/OHMuniRateTable.csv ; https://web.archive.org/web/20191223165826/https://www.columbus.gov/tax/PrintAllMunis.aspx ; rita_member_rates_2016_2025.csv (RITA ACFR extract),100/1,,
Montgomery,51716,city,self,1.0,100.0,1.0,20020101,"joined RITA 10/01/2023: RITA 2023 rate 1.00, credit 100, cap 1.00",https://web.archive.org/web/20240520101454/https://thefinder.tax.ohio.gov/StreamlineSalesTaxWeb/Download/BoundaryData/Muni/OHMuniRateTable.csv ; https://web.archive.org/web/20191223165826/https://www.columbus.gov/tax/PrintAllMunis.aspx ; rita_member_rates_2016_2025.csv (RITA ACFR extract),100/1,,
Montpelier,51772,village,CCA,1.6,100.0,1.6,20120101,,https://web.archive.org/web/20240520101454/https://thefinder.tax.ohio.gov/StreamlineSalesTaxWeb/Download/BoundaryData/Muni/OHMuniRateTable.csv ; https://web.archive.org/web/20191223165826/https://www.columbus.gov/tax/PrintAllMunis.aspx ; https://web.archive.org/web/20221208230828/http://ccatax.ci.cleveland.oh.us/csv/taxrates/2019-m.csv,100/1.6,,
Moraine,52010,city,self,2.5,100.0,2.5,20140701,,https://web.archive.org/web/20240520101454/https://thefinder.tax.ohio.gov/StreamlineSalesTaxWeb/Download/BoundaryData/Muni/OHMuniRateTable.csv ; https://web.archive.org/web/20191223165826/https://www.columbus.gov/tax/PrintAllMunis.aspx,100/2.5,,
Morrow,52374,village,self,1.0,50.0,1.0,20020101,,https://web.archive.org/web/20240520101454/https://thefinder.tax.ohio.gov/StreamlineSalesTaxWeb/Download/BoundaryData/Muni/OHMuniRateTable.csv ; https://web.archive.org/web/20191223165826/https://www.columbus.gov/tax/PrintAllMunis.aspx,50/0.5,,
Mount Blanchard,52598,village,self,1.0,0.0,0.0,20190101,,https://web.archive.org/web/20240520101454/https://thefinder.tax.ohio.gov/StreamlineSalesTaxWeb/Download/BoundaryData/Muni/OHMuniRateTable.csv ; https://web.archive.org/web/20191223165826/https://www.columbus.gov/tax/PrintAllMunis.aspx,0/0,,
Mount Cory,52668,village,self,1.0,0.0,0.0,20160101,,https://web.archive.org/web/20240520101454/https://thefinder.tax.ohio.gov/StreamlineSalesTaxWeb/Download/BoundaryData/Muni/OHMuniRateTable.csv ; https://web.archive.org/web/20191223165826/https://www.columbus.gov/tax/PrintAllMunis.aspx,0/0,,
Mount Eaton,52682,village,self,1.0,100.0,1.0,20020101,,https://web.archive.org/web/20240520101454/https://thefinder.tax.ohio.gov/StreamlineSalesTaxWeb/Download/BoundaryData/Muni/OHMuniRateTable.csv ; https://web.archive.org/web/20191223165826/https://www.columbus.gov/tax/PrintAllMunis.aspx,100/1,,
Mount Gilead,52738,village,self,1.0,0.0,0.0,20020101,rate 1.25% eff 20230101 (Finder),https://web.archive.org/web/20240520101454/https://thefinder.tax.ohio.gov/StreamlineSalesTaxWeb/Download/BoundaryData/Muni/OHMuniRateTable.csv ; https://web.archive.org/web/20191223165826/https://www.columbus.gov/tax/PrintAllMunis.aspx,0/0,,
Mount Orab,52906,village,self,1.35,100.0,1.0,20190101,Columbus list 2020-12: credit 100->1,https://web.archive.org/web/20240520101454/https://thefinder.tax.ohio.gov/StreamlineSalesTaxWeb/Download/BoundaryData/Muni/OHMuniRateTable.csv ; https://web.archive.org/web/20191223165826/https://www.columbus.gov/tax/PrintAllMunis.aspx,100/1,,
Mount Vernon,53102,city,self,2.0,100.0,1.0,20180101,,https://web.archive.org/web/20240520101454/https://thefinder.tax.ohio.gov/StreamlineSalesTaxWeb/Download/BoundaryData/Muni/OHMuniRateTable.csv ; https://web.archive.org/web/20191223165826/https://www.columbus.gov/tax/PrintAllMunis.aspx,1/0,survey credit field 1 is a rate (limit 0); read as 100% up to 1%,
Munroe Falls,53312,city,CCA,2.25,100.0,2.25,20180101,Columbus list 2019-02: cap 2->2.25,https://web.archive.org/web/20240520101454/https://thefinder.tax.ohio.gov/StreamlineSalesTaxWeb/Download/BoundaryData/Muni/OHMuniRateTable.csv ; https://web.archive.org/web/20191223165826/https://www.columbus.gov/tax/PrintAllMunis.aspx ; https://web.archive.org/web/20221208230828/http://ccatax.ci.cleveland.oh.us/csv/taxrates/2019-m.csv,100/2.25,,
Napoleon,53550,city,self,1.5,100.0,1.5,20090701,"Columbus list 2021-07: credit 100->70 | Columbus list 2023-12: cap 1.5->nan, admin self->RITA | joined RITA 07/01/2022: RITA 2022 rate 1.50, credit 70, cap 1.50",https://web.archive.org/web/20240520101454/https://thefinder.tax.ohio.gov/StreamlineSalesTaxWeb/Download/BoundaryData/Muni/OHMuniRateTable.csv ; https://web.archive.org/web/20191223165826/https://www.columbus.gov/tax/PrintAllMunis.aspx ; rita_member_rates_2016_2025.csv (RITA ACFR extract),100/1.5,,
Navarre,53690,village,self,1.75,100.0,1.75,20190701,rate 1.75% eff 20190701 (Finder) | Columbus list 2019-07: cap 1.5->1.75,https://web.archive.org/web/20240520101454/https://thefinder.tax.ohio.gov/StreamlineSalesTaxWeb/Download/BoundaryData/Muni/OHMuniRateTable.csv ; https://web.archive.org/web/20191223165826/https://www.columbus.gov/tax/PrintAllMunis.aspx,100/1.75,,
Nelsonville,53886,city,self,1.75,100.0,0.5,20020101,"Columbus list 2023-12: credit 0.5->100, cap 1.75->0.5, admin self->RITA | joined RITA 01/01/2023: RITA 2023 rate 1.75, credit 100, cap 0.50",https://web.archive.org/web/20240520101454/https://thefinder.tax.ohio.gov/StreamlineSalesTaxWeb/Download/BoundaryData/Muni/OHMuniRateTable.csv ; https://web.archive.org/web/20191223165826/https://www.columbus.gov/tax/PrintAllMunis.aspx ; rita_member_rates_2016_2025.csv (RITA ACFR extract),0.5/1.75,survey credit field 0.5 is a rate (limit 1.75); read as 100% up to 0.5% AMBIGUOUS,
New Boston,54166,village,self,2.5,100.0,2.5,20020101,"joined RITA 08/01/2025: RITA 2025 rate 2.50, credit 100, cap 2.50",https://web.archive.org/web/20240520101454/https://thefinder.tax.ohio.gov/StreamlineSalesTaxWeb/Download/BoundaryData/Muni/OHMuniRateTable.csv ; https://web.archive.org/web/20191223165826/https://www.columbus.gov/tax/PrintAllMunis.aspx ; rita_member_rates_2016_2025.csv (RITA ACFR extract),100/2.5,,
New Bremen,54194,village,contract: St Marys,1.5,100.0,1.5,20020101,,https://web.archive.org/web/20240520101454/https://thefinder.tax.ohio.gov/StreamlineSalesTaxWeb/Download/BoundaryData/Muni/OHMuniRateTable.csv ; https://web.archive.org/web/20191223165826/https://www.columbus.gov/tax/PrintAllMunis.aspx,100/1.5,,
New Carlisle,54334,city,CCA,1.5,0.0,0.0,20150701,,https://web.archive.org/web/20240520101454/https://thefinder.tax.ohio.gov/StreamlineSalesTaxWeb/Download/BoundaryData/Muni/OHMuniRateTable.csv ; https://web.archive.org/web/20191223165826/https://www.columbus.gov/tax/PrintAllMunis.aspx ; https://web.archive.org/web/20221208230828/http://ccatax.ci.cleveland.oh.us/csv/taxrates/2019-m.csv,0/0,,
New Concord,54446,village,self,1.5,100.0,1.5,20150101,"joined RITA 01/01/2025: RITA 2025 rate 2.25, credit 100, cap 2.25",https://web.archive.org/web/20240520101454/https://thefinder.tax.ohio.gov/StreamlineSalesTaxWeb/Download/BoundaryData/Muni/OHMuniRateTable.csv ; https://web.archive.org/web/20191223165826/https://www.columbus.gov/tax/PrintAllMunis.aspx ; rita_member_rates_2016_2025.csv (RITA ACFR extract),100/1.5,,
New Knoxville,54838,village,contract: St Marys,1.5,100.0,1.5,20020101,,https://web.archive.org/web/20240520101454/https://thefinder.tax.ohio.gov/StreamlineSalesTaxWeb/Download/BoundaryData/Muni/OHMuniRateTable.csv ; https://web.archive.org/web/20191223165826/https://www.columbus.gov/tax/PrintAllMunis.aspx,100/1.5,,
New Lebanon,54852,village,self,1.0,0.0,0.0,20020101,"joined RITA 10/01/2025: RITA 2025 rate 1.00, credit nan, cap nan",https://web.archive.org/web/20240520101454/https://thefinder.tax.ohio.gov/StreamlineSalesTaxWeb/Download/BoundaryData/Muni/OHMuniRateTable.csv ; https://web.archive.org/web/20191223165826/https://www.columbus.gov/tax/PrintAllMunis.aspx ; rita_member_rates_2016_2025.csv (RITA ACFR extract),0/0,,
New Lexington,54866,village,self,1.0,0.0,0.0,20020101,,https://web.archive.org/web/20240520101454/https://thefinder.tax.ohio.gov/StreamlineSalesTaxWeb/Download/BoundaryData/Muni/OHMuniRateTable.csv ; https://web.archive.org/web/20191223165826/https://www.columbus.gov/tax/PrintAllMunis.aspx,0/0,,
New London,54908,village,self,1.5,67.0,1.4925,20110101,,https://web.archive.org/web/20240520101454/https://thefinder.tax.ohio.gov/StreamlineSalesTaxWeb/Download/BoundaryData/Muni/OHMuniRateTable.csv ; https://web.archive.org/web/20191223165826/https://www.columbus.gov/tax/PrintAllMunis.aspx,67/1,cap converted from max-credit 1% of income at 67% factor,
New Madison,54978,village,CCA,1.0,100.0,1.0,20080101,Columbus list 2019-02: admin self->CCA,https://web.archive.org/web/20240520101454/https://thefinder.tax.ohio.gov/StreamlineSalesTaxWeb/Download/BoundaryData/Muni/OHMuniRateTable.csv ; https://web.archive.org/web/20191223165826/https://www.columbus.gov/tax/PrintAllMunis.aspx ; https://web.archive.org/web/20221208230828/http://ccatax.ci.cleveland.oh.us/csv/taxrates/2019-m.csv,100/1,,
New Miami,55104,village,CCA,1.75,100.0,1.75,20020101,,https://web.archive.org/web/20240520101454/https://thefinder.tax.ohio.gov/StreamlineSalesTaxWeb/Download/BoundaryData/Muni/OHMuniRateTable.csv ; https://web.archive.org/web/20191223165826/https://www.columbus.gov/tax/PrintAllMunis.aspx ; https://web.archive.org/web/20221208230828/http://ccatax.ci.cleveland.oh.us/csv/taxrates/2019-m.csv,100/1.75,,
New Paris,55188,village,CCA,1.0,100.0,0.5,20121001,Columbus list 2022-01: credit 100->50,https://web.archive.org/web/20240520101454/https://thefinder.tax.ohio.gov/StreamlineSalesTaxWeb/Download/BoundaryData/Muni/OHMuniRateTable.csv ; https://web.archive.org/web/20191223165826/https://www.columbus.gov/tax/PrintAllMunis.aspx ; https://web.archive.org/web/20221208230828/http://ccatax.ci.cleveland.oh.us/csv/taxrates/2019-m.csv,100/0.5,,
New Philadelphia,55216,city,self,1.5,100.0,1.5,20050701,,https://web.archive.org/web/20240520101454/https://thefinder.tax.ohio.gov/StreamlineSalesTaxWeb/Download/BoundaryData/Muni/OHMuniRateTable.csv ; https://web.archive.org/web/20191223165826/https://www.columbus.gov/tax/PrintAllMunis.aspx,100/1.5,,
Newark,54040,city,self,1.75,100.0,1.0,20020101,,https://web.archive.org/web/20240520101454/https://thefinder.tax.ohio.gov/StreamlineSalesTaxWeb/Download/BoundaryData/Muni/OHMuniRateTable.csv ; https://web.archive.org/web/20191223165826/https://www.columbus.gov/tax/PrintAllMunis.aspx ; https://codelibrary.amlegal.com/codes/newark/latest/newark_oh/0-0-0-60402,57.14/0,survey gave no limit; cap set to own tax rate; city source check (partial): 57.14/1.75 -> 100/1; survey 57.14% = 1.0/1.75; codified credit is 100% up to 1.0% of income (text via search quotation),partial
Newtonsville,55664,village,RITA,1.0,0.0,0.0,20170101,rate 0% eff 20210201 (Finder),https://web.archive.org/web/20240520101454/https://thefinder.tax.ohio.gov/StreamlineSalesTaxWeb/Download/BoundaryData/Muni/OHMuniRateTable.csv ; https://web.archive.org/web/20191223165826/https://www.columbus.gov/tax/PrintAllMunis.aspx,0/0,Columbus list shows RITA on 12/2019 but baseline RITA file has member_on_2019_12_31=0 (start date missing),
North Baltimore,56154,village,CCA,1.0,0.0,0.0,20020101,,https://web.archive.org/web/20240520101454/https://thefinder.tax.ohio.gov/StreamlineSalesTaxWeb/Download/BoundaryData/Muni/OHMuniRateTable.csv ; https://web.archive.org/web/20191223165826/https://www.columbus.gov/tax/PrintAllMunis.aspx ; https://web.archive.org/web/20221208230828/http://ccatax.ci.cleveland.oh.us/csv/taxrates/2019-m.csv,0/0,,
North Kingsville,56700,village,self,1.3,38.0,1.3,20150101,,https://web.archive.org/web/20240520101454/https://thefinder.tax.ohio.gov/StreamlineSalesTaxWeb/Download/BoundaryData/Muni/OHMuniRateTable.csv ; https://web.archive.org/web/20191223165826/https://www.columbus.gov/tax/PrintAllMunis.aspx,38/0,survey gave no limit; cap set to own tax rate,
North Perry,56910,village,CCA,1.0,100.0,1.0,20020101,"Columbus list 2021-01: admin CCA->RITA | CCA 2021 table: no longer listed | joined RITA 01/01/2021: RITA 2021 rate 1.00, credit 100, cap 1.00",https://web.archive.org/web/20240520101454/https://thefinder.tax.ohio.gov/StreamlineSalesTaxWeb/Download/BoundaryData/Muni/OHMuniRateTable.csv ; https://web.archive.org/web/20191223165826/https://www.columbus.gov/tax/PrintAllMunis.aspx ; https://web.archive.org/web/20221208230828/http://ccatax.ci.cleveland.oh.us/csv/taxrates/2019-m.csv ; rita_member_rates_2016_2025.csv (RITA ACFR extract),100/1,,
North Randall,56924,village,CCA,2.75,100.0,2.75,20090101,,https://web.archive.org/web/20240520101454/https://thefinder.tax.ohio.gov/StreamlineSalesTaxWeb/Download/BoundaryData/Muni/OHMuniRateTable.csv ; https://web.archive.org/web/20191223165826/https://www.columbus.gov/tax/PrintAllMunis.aspx ; https://web.archive.org/web/20221208230828/http://ccatax.ci.cleveland.oh.us/csv/taxrates/2019-m.csv,100/2.75,,
North Star,57064,village,contract: St Marys,0.5,100.0,0.5,20100701,,https://web.archive.org/web/20240520101454/https://thefinder.tax.ohio.gov/StreamlineSalesTaxWeb/Download/BoundaryData/Muni/OHMuniRateTable.csv ; https://web.archive.org/web/20191223165826/https://www.columbus.gov/tax/PrintAllMunis.aspx,100/0.5,,
Northwood,57190,city,self,1.5,100.0,1.5,20020101,"joined RITA 01/01/2024: RITA 2024 rate 1.50, credit 100, cap 1.50",https://web.archive.org/web/20240520101454/https://thefinder.tax.ohio.gov/StreamlineSalesTaxWeb/Download/BoundaryData/Muni/OHMuniRateTable.csv ; https://web.archive.org/web/20191223165826/https://www.columbus.gov/tax/PrintAllMunis.aspx ; rita_member_rates_2016_2025.csv (RITA ACFR extract),100/1.5,,
Norton,57260,city,CCA,2.0,100.0,1.5,20050101,"Columbus list 2021-01: admin CCA->RITA | CCA 2021 table: no longer listed | joined RITA 01/01/2021: RITA 2021 rate 2.00, credit 100, cap 1.50",https://web.archive.org/web/20240520101454/https://thefinder.tax.ohio.gov/StreamlineSalesTaxWeb/Download/BoundaryData/Muni/OHMuniRateTable.csv ; https://web.archive.org/web/20191223165826/https://www.columbus.gov/tax/PrintAllMunis.aspx ; https://web.archive.org/web/20221208230828/http://ccatax.ci.cleveland.oh.us/csv/taxrates/2019-m.csv ; rita_member_rates_2016_2025.csv (RITA ACFR extract),100/1.5,,
Norwood,57386,city,self,2.0,100.0,2.0,20020101,,https://web.archive.org/web/20240520101454/https://thefinder.tax.ohio.gov/StreamlineSalesTaxWeb/Download/BoundaryData/Muni/OHMuniRateTable.csv ; https://web.archive.org/web/20191223165826/https://www.columbus.gov/tax/PrintAllMunis.aspx ; https://www.norwoodohio.gov/DocumentCenter/View/227/2019-Individual-Return-PDF,100/2,city source check (yes) confirms,yes
Oak Harbor,57582,village,self,1.0,0.0,0.0,20020101,"Columbus list 2020-01: admin self->RITA | joined RITA 01/01/2020: RITA 2020 rate 1.00, credit nan, cap nan",https://web.archive.org/web/20240520101454/https://thefinder.tax.ohio.gov/StreamlineSalesTaxWeb/Download/BoundaryData/Muni/OHMuniRateTable.csv ; https://web.archive.org/web/20191223165826/https://www.columbus.gov/tax/PrintAllMunis.aspx ; rita_member_rates_2016_2025.csv (RITA ACFR extract),0/0,,
Oakwood (Cuyahoga),57750,village,RITA,2.5,100.0,2.5,20100701,,https://web.archive.org/web/20240520101454/https://thefinder.tax.ohio.gov/StreamlineSalesTaxWeb/Download/BoundaryData/Muni/OHMuniRateTable.csv ; https://web.archive.org/web/20191223165826/https://www.columbus.gov/tax/PrintAllMunis.aspx,100/2.5,Columbus list shows RITA on 12/2019 but baseline RITA file has member_on_2019_12_31=0 (start date missing),
Oakwood (Montgomery),57764,city,self,2.5,100.0,2.5,20030101,Columbus list 2019-11: cap 2.25->90,https://web.archive.org/web/20240520101454/https://thefinder.tax.ohio.gov/StreamlineSalesTaxWeb/Download/BoundaryData/Muni/OHMuniRateTable.csv ; https://web.archive.org/web/20191223165826/https://www.columbus.gov/tax/PrintAllMunis.aspx,100/90,survey limit 90 exceeds own rate; cap set to own rate,
Oakwood (Paulding),57792,village,CCA,1.0,100.0,1.0,20030101,,https://web.archive.org/web/20240520101454/https://thefinder.tax.ohio.gov/StreamlineSalesTaxWeb/Download/BoundaryData/Muni/OHMuniRateTable.csv ; https://web.archive.org/web/20191223165826/https://www.columbus.gov/tax/PrintAllMunis.aspx,100/1,,
Obetz,57862,village,CCA,2.5,100.0,2.5,20150101,Columbus list 2019-02: admin contract: Columbus->CCA,https://web.archive.org/web/20240520101454/https://thefinder.tax.ohio.gov/StreamlineSalesTaxWeb/Download/BoundaryData/Muni/OHMuniRateTable.csv ; https://web.archive.org/web/20191223165826/https://www.columbus.gov/tax/PrintAllMunis.aspx ; https://web.archive.org/web/20221208230828/http://ccatax.ci.cleveland.oh.us/csv/taxrates/2019-m.csv,100/2.5,,
Octa,57918,village,self,1.0,50.0,1.0,20020101,"Columbus list 2023-12: credit 50->100, admin self->RITA | joined RITA 02/01/2023: RITA 2023 rate 1.00, credit 50, cap 1.00",https://web.archive.org/web/20240520101454/https://thefinder.tax.ohio.gov/StreamlineSalesTaxWeb/Download/BoundaryData/Muni/OHMuniRateTable.csv ; https://web.archive.org/web/20191223165826/https://www.columbus.gov/tax/PrintAllMunis.aspx ; rita_member_rates_2016_2025.csv (RITA ACFR extract),50/0.5,,
Ohio City,58002,village,self,1.0,0.0,0.0,20020101,,https://web.archive.org/web/20240520101454/https://thefinder.tax.ohio.gov/StreamlineSalesTaxWeb/Download/BoundaryData/Muni/OHMuniRateTable.csv ; https://web.archive.org/web/20191223165826/https://www.columbus.gov/tax/PrintAllMunis.aspx,0/0,,
Ontario,58520,city,self,1.5,100.0,1.0,20100101,,https://web.archive.org/web/20240520101454/https://thefinder.tax.ohio.gov/StreamlineSalesTaxWeb/Download/BoundaryData/Muni/OHMuniRateTable.csv ; https://web.archive.org/web/20191223165826/https://www.columbus.gov/tax/PrintAllMunis.aspx,100/1,,
Oregon,58730,city,self,2.25,100.0,2.25,20020101,,https://web.archive.org/web/20240520101454/https://thefinder.tax.ohio.gov/StreamlineSalesTaxWeb/Download/BoundaryData/Muni/OHMuniRateTable.csv ; https://web.archive.org/web/20191223165826/https://www.columbus.gov/tax/PrintAllMunis.aspx ; https://oregonohio.org/departments/tax/tax-faqs/,100/2.25,city source check (partial) confirms,partial
Orrville,58828,city,self,1.0,100.0,1.0,20020101,"joined RITA 02/01/2022: RITA 2022 rate 1.00, credit 100, cap 1.00",https://web.archive.org/web/20240520101454/https://thefinder.tax.ohio.gov/StreamlineSalesTaxWeb/Download/BoundaryData/Muni/OHMuniRateTable.csv ; https://web.archive.org/web/20191223165826/https://www.columbus.gov/tax/PrintAllMunis.aspx ; rita_member_rates_2016_2025.csv (RITA ACFR extract),100/1,,
Orwell,58856,village,CCA,1.5,100.0,1.5,20180101,,https://web.archive.org/web/20240520101454/https://thefinder.tax.ohio.gov/StreamlineSalesTaxWeb/Download/BoundaryData/Muni/OHMuniRateTable.csv ; https://web.archive.org/web/20191223165826/https://www.columbus.gov/tax/PrintAllMunis.aspx ; https://web.archive.org/web/20221208230828/http://ccatax.ci.cleveland.oh.us/csv/taxrates/2019-m.csv,100/1.5,,
Osgood,58912,village,contract: St Marys,1.0,100.0,1.0,20090701,,https://web.archive.org/web/20240520101454/https://thefinder.tax.ohio.gov/StreamlineSalesTaxWeb/Download/BoundaryData/Muni/OHMuniRateTable.csv ; https://web.archive.org/web/20191223165826/https://www.columbus.gov/tax/PrintAllMunis.aspx,100/1,,
Ottawa Hills,59010,village,self,1.5,50.0,1.0,20020101,"joined RITA 01/01/2024: RITA 2024 rate 1.50, credit 50, cap 1.50",https://web.archive.org/web/20240520101454/https://thefinder.tax.ohio.gov/StreamlineSalesTaxWeb/Download/BoundaryData/Muni/OHMuniRateTable.csv ; https://web.archive.org/web/20191223165826/https://www.columbus.gov/tax/PrintAllMunis.aspx ; rita_member_rates_2016_2025.csv (RITA ACFR extract),50/0.5,cap converted from max-credit 0.5% of income at 50% factor,
Ottoville,59052,village,self,1.0,100.0,1.0,20020101,,https://web.archive.org/web/20240520101454/https://thefinder.tax.ohio.gov/StreamlineSalesTaxWeb/Download/BoundaryData/Muni/OHMuniRateTable.csv ; https://web.archive.org/web/20191223165826/https://www.columbus.gov/tax/PrintAllMunis.aspx,100/1,,
Pandora,59738,village,self,1.5,100.0,1.5,20020101,,https://web.archive.org/web/20240520101454/https://thefinder.tax.ohio.gov/StreamlineSalesTaxWeb/Download/BoundaryData/Muni/OHMuniRateTable.csv ; https://web.archive.org/web/20191223165826/https://www.columbus.gov/tax/PrintAllMunis.aspx,100/1.5,,
Parma,61000,city,self,2.5,100.0,2.0,20070101,,https://web.archive.org/web/20240520101454/https://thefinder.tax.ohio.gov/StreamlineSalesTaxWeb/Download/BoundaryData/Muni/OHMuniRateTable.csv ; https://web.archive.org/web/20191223165826/https://www.columbus.gov/tax/PrintAllMunis.aspx ; https://cityofparma-oh.gov/211/Taxation,100/2,city source check (partial) confirms,partial
Parma Heights,61028,city,CCA,3.0,100.0,2.0,20050101,"Columbus list 2021-01: admin CCA->RITA | CCA 2021 table: no longer listed | joined RITA 01/01/2021: RITA 2021 rate 3.00, credit 100, cap 2.00",https://web.archive.org/web/20240520101454/https://thefinder.tax.ohio.gov/StreamlineSalesTaxWeb/Download/BoundaryData/Muni/OHMuniRateTable.csv ; https://web.archive.org/web/20191223165826/https://www.columbus.gov/tax/PrintAllMunis.aspx ; https://web.archive.org/web/20221208230828/http://ccatax.ci.cleveland.oh.us/csv/taxrates/2019-m.csv ; rita_member_rates_2016_2025.csv (RITA ACFR extract),100/2,,
Paulding,61252,village,CCA,1.0,0.0,0.0,20140101,"rate 1.1% eff 20200701 (Finder) | CCA 2020 table: rate/credit/cap (1.0, 0.0, 0.0)->(1.1, 0.0, 0.0)",https://web.archive.org/web/20240520101454/https://thefinder.tax.ohio.gov/StreamlineSalesTaxWeb/Download/BoundaryData/Muni/OHMuniRateTable.csv ; https://web.archive.org/web/20191223165826/https://www.columbus.gov/tax/PrintAllMunis.aspx ; https://web.archive.org/web/20221208230828/http://ccatax.ci.cleveland.oh.us/csv/taxrates/2019-m.csv,0/0,,
Pemberville,61504,village,self,1.0,0.0,0.0,20020101,,https://web.archive.org/web/20240520101454/https://thefinder.tax.ohio.gov/StreamlineSalesTaxWeb/Download/BoundaryData/Muni/OHMuniRateTable.csv ; https://web.archive.org/web/20191223165826/https://www.columbus.gov/tax/PrintAllMunis.aspx,0/0,,
Perrysburg,62148,city,self,1.5,50.0,1.5,20020101,,https://web.archive.org/web/20240520101454/https://thefinder.tax.ohio.gov/StreamlineSalesTaxWeb/Download/BoundaryData/Muni/OHMuniRateTable.csv ; https://web.archive.org/web/20191223165826/https://www.columbus.gov/tax/PrintAllMunis.aspx ; https://perrysburgoh.gov/DocumentCenter/View/286/2023-Form-P-Instructions-PDF,50/0.75,city source check (partial) confirms; max credit 0.75% of income,partial
Perrysville,62190,village,contract: Loudonville,1.0,50.0,1.0,20020101,Columbus list 2020-01: admin contract: Loudonville->self,https://web.archive.org/web/20240520101454/https://thefinder.tax.ohio.gov/StreamlineSalesTaxWeb/Download/BoundaryData/Muni/OHMuniRateTable.csv ; https://web.archive.org/web/20191223165826/https://www.columbus.gov/tax/PrintAllMunis.aspx,50/0.5,,
Phillipsburg,62414,village,CCA,1.5,100.0,1.0,20020101,,https://web.archive.org/web/20240520101454/https://thefinder.tax.ohio.gov/StreamlineSalesTaxWeb/Download/BoundaryData/Muni/OHMuniRateTable.csv ; https://web.archive.org/web/20191223165826/https://www.columbus.gov/tax/PrintAllMunis.aspx ; https://web.archive.org/web/20221208230828/http://ccatax.ci.cleveland.oh.us/csv/taxrates/2019-m.csv,100/1,,
Pickerington,62498,city,self,1.0,100.0,0.5,20020101,Columbus list 2022-01: credit 50->0.5,https://web.archive.org/web/20240520101454/https://thefinder.tax.ohio.gov/StreamlineSalesTaxWeb/Download/BoundaryData/Muni/OHMuniRateTable.csv ; https://web.archive.org/web/20191223165826/https://www.columbus.gov/tax/PrintAllMunis.aspx ; https://f4196616dc3ce6e00c30-3877f52e19d78464ab9f58b089b00cff.ssl.cf2.rackcdn.com/2018-Pickerington-Individual-Instructions.pdf,50/0.5,city source check (partial): 50/1 -> 100/0.5; survey 50% factor is equivalent: 100% up to 0.5,partial
Pioneer,62834,village,self,1.0,100.0,1.0,20020101,,https://web.archive.org/web/20240520101454/https://thefinder.tax.ohio.gov/StreamlineSalesTaxWeb/Download/BoundaryData/Muni/OHMuniRateTable.csv ; https://web.archive.org/web/20191223165826/https://www.columbus.gov/tax/PrintAllMunis.aspx,100/1,,
Piqua,62848,city,self,2.0,100.0,2.0,20150101,"joined RITA 10/01/2022: RITA 2022 rate 2.00, credit 100, cap 2.00",https://web.archive.org/web/20240520101454/https://thefinder.tax.ohio.gov/StreamlineSalesTaxWeb/Download/BoundaryData/Muni/OHMuniRateTable.csv ; https://web.archive.org/web/20191223165826/https://www.columbus.gov/tax/PrintAllMunis.aspx ; rita_member_rates_2016_2025.csv (RITA ACFR extract) ; https://piquaoh.org/DocumentCenter/View/260/2021-Piqua-Tax-Return-PDF,100/2,city source check (partial) confirms,partial
Pitsburg,62890,village,unknown,1.0,,,20190101,Columbus list 2022-01: admin self->CCA,https://web.archive.org/web/20240520101454/https://thefinder.tax.ohio.gov/StreamlineSalesTaxWeb/Download/BoundaryData/Muni/OHMuniRateTable.csv,,"not in Columbus list; rate from ODT Finder only, credit unknown",
Plain City,63030,village,RITA,1.5,0.0,0.0,20160701,Columbus list 2020-01: admin RITA->self,https://web.archive.org/web/20240520101454/https://thefinder.tax.ohio.gov/StreamlineSalesTaxWeb/Download/BoundaryData/Muni/OHMuniRateTable.csv ; https://web.archive.org/web/20191223165826/https://www.columbus.gov/tax/PrintAllMunis.aspx,0/0,Columbus list shows RITA on 12/2019 but baseline RITA file has member_on_2019_12_31=0 (start date missing),
Plymouth,63800,village,self,1.0,0.0,0.0,20080101,,https://web.archive.org/web/20240520101454/https://thefinder.tax.ohio.gov/StreamlineSalesTaxWeb/Download/BoundaryData/Muni/OHMuniRateTable.csv ; https://web.archive.org/web/20191223165826/https://www.columbus.gov/tax/PrintAllMunis.aspx,0/0,,
Port Clinton,64150,city,self,1.5,100.0,0.5,20020101,Columbus list 2023-12: cap 0.5->1.5,https://web.archive.org/web/20240520101454/https://thefinder.tax.ohio.gov/StreamlineSalesTaxWeb/Download/BoundaryData/Muni/OHMuniRateTable.csv ; https://web.archive.org/web/20191223165826/https://www.columbus.gov/tax/PrintAllMunis.aspx,0.5/0.5,survey credit field 0.5 is a rate (limit 0.5); read as 100% up to 0.5%,
Port Washington,64346,village,self,1.5,100.0,1.5,20150101,,https://web.archive.org/web/20240520101454/https://thefinder.tax.ohio.gov/StreamlineSalesTaxWeb/Download/BoundaryData/Muni/OHMuniRateTable.csv ; https://web.archive.org/web/20191223165826/https://www.columbus.gov/tax/PrintAllMunis.aspx,100/1.5,,
Portsmouth,64304,city,self,2.5,50.0,2.5,20160101,,https://web.archive.org/web/20240520101454/https://thefinder.tax.ohio.gov/StreamlineSalesTaxWeb/Download/BoundaryData/Muni/OHMuniRateTable.csv ; https://web.archive.org/web/20191223165826/https://www.columbus.gov/tax/PrintAllMunis.aspx,50/1.25,,
Reading,65732,city,self,2.0,100.0,2.0,20060101,,https://web.archive.org/web/20240520101454/https://thefinder.tax.ohio.gov/StreamlineSalesTaxWeb/Download/BoundaryData/Muni/OHMuniRateTable.csv ; https://web.archive.org/web/20191223165826/https://www.columbus.gov/tax/PrintAllMunis.aspx,100/2,,
Richfield,66530,village,self,2.0,100.0,2.0,20020101,,https://web.archive.org/web/20240520101454/https://thefinder.tax.ohio.gov/StreamlineSalesTaxWeb/Download/BoundaryData/Muni/OHMuniRateTable.csv ; https://web.archive.org/web/20191223165826/https://www.columbus.gov/tax/PrintAllMunis.aspx,100/2,,
Rittman,67356,city,self,1.5,100.0,1.0,20020101,"rate 1% eff 20220101 (Finder) | Columbus list 2022-01: admin self->RITA | joined RITA 07/01/2021: RITA 2021 rate 1.50, credit 100, cap 1.00",https://web.archive.org/web/20240520101454/https://thefinder.tax.ohio.gov/StreamlineSalesTaxWeb/Download/BoundaryData/Muni/OHMuniRateTable.csv ; https://web.archive.org/web/20191223165826/https://www.columbus.gov/tax/PrintAllMunis.aspx ; rita_member_rates_2016_2025.csv (RITA ACFR extract),100/1,,
Riverside,67468,city,CCA,1.5,100.0,0.75,20020101,"rate 2.5% eff 20220101 (Finder) | Columbus list 2020-01: admin RITA->CCA | Columbus list 2022-01: cap 0.75->2.5 | CCA 2022 table: rate/credit/cap (1.5, 100.0, 0.75)->(2.5, 100.0, 2.5)",https://web.archive.org/web/20240520101454/https://thefinder.tax.ohio.gov/StreamlineSalesTaxWeb/Download/BoundaryData/Muni/OHMuniRateTable.csv ; https://web.archive.org/web/20191223165826/https://www.columbus.gov/tax/PrintAllMunis.aspx ; https://web.archive.org/web/20221208230828/http://ccatax.ci.cleveland.oh.us/csv/taxrates/2019-m.csv,100/0.75,,
Rock Creek,67846,village,CCA,1.0,100.0,1.0,20020101,"Columbus list 2021-04: credit 0->100, cap 0->1",https://web.archive.org/web/20240520101454/https://thefinder.tax.ohio.gov/StreamlineSalesTaxWeb/Download/BoundaryData/Muni/OHMuniRateTable.csv ; https://web.archive.org/web/20191223165826/https://www.columbus.gov/tax/PrintAllMunis.aspx ; https://web.archive.org/web/20221208230828/http://ccatax.ci.cleveland.oh.us/csv/taxrates/2019-m.csv,100/1,,
Rockford,67874,village,self,1.0,50.0,1.0,20020101,,https://web.archive.org/web/20240520101454/https://thefinder.tax.ohio.gov/StreamlineSalesTaxWeb/Download/BoundaryData/Muni/OHMuniRateTable.csv ; https://web.archive.org/web/20191223165826/https://www.columbus.gov/tax/PrintAllMunis.aspx,50/0.5,,
Roseville,68560,village,self,1.0,0.0,0.0,20020101,,https://web.archive.org/web/20240520101454/https://thefinder.tax.ohio.gov/StreamlineSalesTaxWeb/Download/BoundaryData/Muni/OHMuniRateTable.csv ; https://web.archive.org/web/20191223165826/https://www.columbus.gov/tax/PrintAllMunis.aspx,0/0,,
Roswell,68742,village,self,1.0,100.0,1.0,20020101,,https://web.archive.org/web/20240520101454/https://thefinder.tax.ohio.gov/StreamlineSalesTaxWeb/Download/BoundaryData/Muni/OHMuniRateTable.csv ; https://web.archive.org/web/20191223165826/https://www.columbus.gov/tax/PrintAllMunis.aspx,100/1,,
Rushsylvania,69176,village,CCA,1.0,0.0,0.0,20150101,CCA 2023 table: no longer listed,https://web.archive.org/web/20240520101454/https://thefinder.tax.ohio.gov/StreamlineSalesTaxWeb/Download/BoundaryData/Muni/OHMuniRateTable.csv ; https://web.archive.org/web/20191223165826/https://www.columbus.gov/tax/PrintAllMunis.aspx ; https://web.archive.org/web/20221208230828/http://ccatax.ci.cleveland.oh.us/csv/taxrates/2019-m.csv,0/0,,
Russells Point,69302,village,CCA,1.0,0.0,0.0,20050101,,https://web.archive.org/web/20240520101454/https://thefinder.tax.ohio.gov/StreamlineSalesTaxWeb/Download/BoundaryData/Muni/OHMuniRateTable.csv ; https://web.archive.org/web/20191223165826/https://www.columbus.gov/tax/PrintAllMunis.aspx ; https://web.archive.org/web/20221208230828/http://ccatax.ci.cleveland.oh.us/csv/taxrates/2019-m.csv,0/0,,
Russia,69344,village,contract: St Marys,1.5,100.0,1.5,20040701,,https://web.archive.org/web/20240520101454/https://thefinder.tax.ohio.gov/StreamlineSalesTaxWeb/Download/BoundaryData/Muni/OHMuniRateTable.csv ; https://web.archive.org/web/20191223165826/https://www.columbus.gov/tax/PrintAllMunis.aspx,100/1.5,,
Salem,69834,city,self,1.25,100.0,1.25,20160101,"Columbus list 2021-01: credit 1.25->100, admin self->RITA | joined RITA 01/01/2021: RITA 2021 rate 1.25, credit 100, cap 1.25",https://web.archive.org/web/20240520101454/https://thefinder.tax.ohio.gov/StreamlineSalesTaxWeb/Download/BoundaryData/Muni/OHMuniRateTable.csv ; https://web.archive.org/web/20191223165826/https://www.columbus.gov/tax/PrintAllMunis.aspx ; rita_member_rates_2016_2025.csv (RITA ACFR extract),1.25/1.25,survey credit field 1.25 is a rate (limit 1.25); read as 100% up to 1.25%,
Scio,70814,village,self,1.0,100.0,1.0,20020101,,https://web.archive.org/web/20240520101454/https://thefinder.tax.ohio.gov/StreamlineSalesTaxWeb/Download/BoundaryData/Muni/OHMuniRateTable.csv ; https://web.archive.org/web/20191223165826/https://www.columbus.gov/tax/PrintAllMunis.aspx,100/1,,
Seville,71486,village,CCA,1.0,0.0,0.0,20020101,,https://web.archive.org/web/20240520101454/https://thefinder.tax.ohio.gov/StreamlineSalesTaxWeb/Download/BoundaryData/Muni/OHMuniRateTable.csv ; https://web.archive.org/web/20191223165826/https://www.columbus.gov/tax/PrintAllMunis.aspx ; https://web.archive.org/web/20221208230828/http://ccatax.ci.cleveland.oh.us/csv/taxrates/2019-m.csv,0/0,,
Sharonville,71892,city,self,1.5,100.0,1.5,20020101,,https://web.archive.org/web/20240520101454/https://thefinder.tax.ohio.gov/StreamlineSalesTaxWeb/Download/BoundaryData/Muni/OHMuniRateTable.csv ; https://web.archive.org/web/20191223165826/https://www.columbus.gov/tax/PrintAllMunis.aspx,100/1.5,,
Shelby,72102,city,self,1.5,75.0,1.0,20140101,Columbus list 2019-02: credit 67->75 | Columbus list 2019-11: cap 0.67->0.75 | Columbus list 2021-01: credit 75->100,https://web.archive.org/web/20240520101454/https://thefinder.tax.ohio.gov/StreamlineSalesTaxWeb/Download/BoundaryData/Muni/OHMuniRateTable.csv ; https://web.archive.org/web/20191223165826/https://www.columbus.gov/tax/PrintAllMunis.aspx,75/0.75,cap converted from max-credit 0.75% of income at 75% factor,
Sherrodsville,72242,village,self,1.0,100.0,1.0,20020101,,https://web.archive.org/web/20240520101454/https://thefinder.tax.ohio.gov/StreamlineSalesTaxWeb/Download/BoundaryData/Muni/OHMuniRateTable.csv ; https://web.archive.org/web/20191223165826/https://www.columbus.gov/tax/PrintAllMunis.aspx,100/1,,
Sherwood,72256,village,RITA,1.0,100.0,1.0,20040701,,https://web.archive.org/web/20240520101454/https://thefinder.tax.ohio.gov/StreamlineSalesTaxWeb/Download/BoundaryData/Muni/OHMuniRateTable.csv ; https://web.archive.org/web/20191223165826/https://www.columbus.gov/tax/PrintAllMunis.aspx,100/1,Columbus list shows RITA on 12/2019 but baseline RITA file has member_on_2019_12_31=0 (start date missing),
Shreve,72396,village,CCA,1.0,100.0,0.5,20020101,Columbus list 2022-01: cap 50->0.5,https://web.archive.org/web/20240520101454/https://thefinder.tax.ohio.gov/StreamlineSalesTaxWeb/Download/BoundaryData/Muni/OHMuniRateTable.csv ; https://web.archive.org/web/20191223165826/https://www.columbus.gov/tax/PrintAllMunis.aspx ; https://web.archive.org/web/20221208230828/http://ccatax.ci.cleveland.oh.us/csv/taxrates/2019-m.csv,100/0.5,,
Sidney,72424,city,self,1.75,100.0,1.75,20150101,rate 1.65% eff 20200101 (Finder) | Columbus list 2020-01: cap 1.75->1.65,https://web.archive.org/web/20240520101454/https://thefinder.tax.ohio.gov/StreamlineSalesTaxWeb/Download/BoundaryData/Muni/OHMuniRateTable.csv ; https://web.archive.org/web/20191223165826/https://www.columbus.gov/tax/PrintAllMunis.aspx ; https://www.sidneyoh.com/Archive/ViewFile/Item/139,100/1.75,city source check (yes) confirms; rate and cap 1.75->1.65 eff 2020-01-01,yes
Smithfield,72760,village,RITA,1.0,0.0,0.0,20170101,rate 0% eff 20201029 (Finder),https://web.archive.org/web/20240520101454/https://thefinder.tax.ohio.gov/StreamlineSalesTaxWeb/Download/BoundaryData/Muni/OHMuniRateTable.csv ; https://web.archive.org/web/20191223165826/https://www.columbus.gov/tax/PrintAllMunis.aspx,0/0,Columbus list shows RITA on 12/2019 but baseline RITA file has member_on_2019_12_31=0 (start date missing),
Smithville,72788,village,unknown,1.5,,,20020101,"joined RITA 02/01/2023: RITA 2023 rate 1.50, credit 100, cap 1.00",https://web.archive.org/web/20240520101454/https://thefinder.tax.ohio.gov/StreamlineSalesTaxWeb/Download/BoundaryData/Muni/OHMuniRateTable.csv ; rita_member_rates_2016_2025.csv (RITA ACFR extract),,"not in Columbus list; rate from ODT Finder only, credit unknown",
South Amherst,73040,village,self,1.0,25.0,1.0,20020101,"Columbus list 2023-12: credit 25->100, cap 0.25->0.1, admin self->RITA | joined RITA 10/01/2022: RITA 2022 rate 1.00, credit 100, cap 0.25",https://web.archive.org/web/20240520101454/https://thefinder.tax.ohio.gov/StreamlineSalesTaxWeb/Download/BoundaryData/Muni/OHMuniRateTable.csv ; https://web.archive.org/web/20191223165826/https://www.columbus.gov/tax/PrintAllMunis.aspx ; rita_member_rates_2016_2025.csv (RITA ACFR extract),25/0.25,,
South Bloomfield,73068,village,self,1.0,0.0,0.0,20050701,"joined RITA 02/01/2024: RITA 2024 rate 1.00, credit nan, cap nan",https://web.archive.org/web/20240520101454/https://thefinder.tax.ohio.gov/StreamlineSalesTaxWeb/Download/BoundaryData/Muni/OHMuniRateTable.csv ; https://web.archive.org/web/20191223165826/https://www.columbus.gov/tax/PrintAllMunis.aspx ; rita_member_rates_2016_2025.csv (RITA ACFR extract),0/0,,
South Lebanon,73446,village,self,1.0,50.0,1.0,20020101,,https://web.archive.org/web/20240520101454/https://thefinder.tax.ohio.gov/StreamlineSalesTaxWeb/Download/BoundaryData/Muni/OHMuniRateTable.csv ; https://web.archive.org/web/20191223165826/https://www.columbus.gov/tax/PrintAllMunis.aspx,50/0.5,,
South Russell,73684,village,CCA,1.25,75.0,1.2533,20120101,,https://web.archive.org/web/20240520101454/https://thefinder.tax.ohio.gov/StreamlineSalesTaxWeb/Download/BoundaryData/Muni/OHMuniRateTable.csv ; https://web.archive.org/web/20191223165826/https://www.columbus.gov/tax/PrintAllMunis.aspx ; https://web.archive.org/web/20221208230828/http://ccatax.ci.cleveland.oh.us/csv/taxrates/2019-m.csv,75/0.94,,
South Zanesville,73894,village,self,1.5,100.0,1.5,20050101,,https://web.archive.org/web/20240520101454/https://thefinder.tax.ohio.gov/StreamlineSalesTaxWeb/Download/BoundaryData/Muni/OHMuniRateTable.csv ; https://web.archive.org/web/20191223165826/https://www.columbus.gov/tax/PrintAllMunis.aspx,100/1.5,,
Spencerville,74034,village,self,1.5,100.0,1.5,20140101,"Columbus list 2023-12: admin self->RITA | joined RITA 01/01/2023: RITA 2023 rate 1.50, credit 100, cap 1.50",https://web.archive.org/web/20240520101454/https://thefinder.tax.ohio.gov/StreamlineSalesTaxWeb/Download/BoundaryData/Muni/OHMuniRateTable.csv ; https://web.archive.org/web/20191223165826/https://www.columbus.gov/tax/PrintAllMunis.aspx ; rita_member_rates_2016_2025.csv (RITA ACFR extract),100/1.5,,
Springboro,74076,city,self,1.5,100.0,1.0,20020101,,https://web.archive.org/web/20240520101454/https://thefinder.tax.ohio.gov/StreamlineSalesTaxWeb/Download/BoundaryData/Muni/OHMuniRateTable.csv ; https://web.archive.org/web/20191223165826/https://www.columbus.gov/tax/PrintAllMunis.aspx ; https://cityofspringboro.com/DocumentCenter/View/616/2017-Individual-Income-Tax-Return-PDF,1/1,survey credit field 1 is a rate (limit 1); read as 100% up to 1%; city source check (partial) confirms,partial
Springdale,74104,city,self,2.0,100.0,2.0,20190701,rate 2% eff 20190701 (Finder) | Columbus list 2019-11: cap 1.5->2,https://web.archive.org/web/20240520101454/https://thefinder.tax.ohio.gov/StreamlineSalesTaxWeb/Download/BoundaryData/Muni/OHMuniRateTable.csv ; https://web.archive.org/web/20191223165826/https://www.columbus.gov/tax/PrintAllMunis.aspx,100/2,,
Springfield,74118,city,self,2.4,50.0,2.4,20170701,"joined RITA 07/01/2025: RITA 2025 rate 2.40, credit 50, cap 2.40",https://web.archive.org/web/20240520101454/https://thefinder.tax.ohio.gov/StreamlineSalesTaxWeb/Download/BoundaryData/Muni/OHMuniRateTable.csv ; https://web.archive.org/web/20191223165826/https://www.columbus.gov/tax/PrintAllMunis.aspx ; rita_member_rates_2016_2025.csv (RITA ACFR extract) ; https://codelibrary.amlegal.com/codes/springfield/latest/springfield_oh/0-0-0-3061,50/1.2,city source check (yes) confirms,yes
St. Bernard,69470,village,self,2.1,100.0,2.1,20050701,,https://web.archive.org/web/20240520101454/https://thefinder.tax.ohio.gov/StreamlineSalesTaxWeb/Download/BoundaryData/Muni/OHMuniRateTable.csv ; https://web.archive.org/web/20191223165826/https://www.columbus.gov/tax/PrintAllMunis.aspx,100/2.1,,
St. Henry,69540,village,self,1.0,100.0,1.0,20020101,,https://web.archive.org/web/20240520101454/https://thefinder.tax.ohio.gov/StreamlineSalesTaxWeb/Download/BoundaryData/Muni/OHMuniRateTable.csv ; https://web.archive.org/web/20191223165826/https://www.columbus.gov/tax/PrintAllMunis.aspx,100/1,,
St. Marys,69680,city,self,1.5,100.0,1.5,20020101,,https://web.archive.org/web/20240520101454/https://thefinder.tax.ohio.gov/StreamlineSalesTaxWeb/Download/BoundaryData/Muni/OHMuniRateTable.csv ; https://web.archive.org/web/20191223165826/https://www.columbus.gov/tax/PrintAllMunis.aspx,100/1.5,,
Stone Creek,74804,village,self,1.0,100.0,1.0,20020101,"Columbus list 2023-12: cap 1->0.75, admin self->RITA | joined RITA 07/01/2022: RITA 2022 rate 1.00, credit 100, cap 1.00",https://web.archive.org/web/20240520101454/https://thefinder.tax.ohio.gov/StreamlineSalesTaxWeb/Download/BoundaryData/Muni/OHMuniRateTable.csv ; https://web.archive.org/web/20191223165826/https://www.columbus.gov/tax/PrintAllMunis.aspx ; rita_member_rates_2016_2025.csv (RITA ACFR extract),100/1,,
Stow,74944,city,self,2.0,100.0,2.0,20020101,,https://web.archive.org/web/20240520101454/https://thefinder.tax.ohio.gov/StreamlineSalesTaxWeb/Download/BoundaryData/Muni/OHMuniRateTable.csv ; https://web.archive.org/web/20191223165826/https://www.columbus.gov/tax/PrintAllMunis.aspx ; https://stowohio.org/DocumentCenter/View/335/2019-Individual-Tax-Return-Instructions-PDF,100/2,city source check (yes) confirms,yes
Strasburg,74958,village,self,1.5,100.0,1.0,20150101,,https://web.archive.org/web/20240520101454/https://thefinder.tax.ohio.gov/StreamlineSalesTaxWeb/Download/BoundaryData/Muni/OHMuniRateTable.csv ; https://web.archive.org/web/20191223165826/https://www.columbus.gov/tax/PrintAllMunis.aspx,100/1,,
Struthers,75126,city,self,2.0,100.0,2.0,20020101,,https://web.archive.org/web/20240520101454/https://thefinder.tax.ohio.gov/StreamlineSalesTaxWeb/Download/BoundaryData/Muni/OHMuniRateTable.csv ; https://web.archive.org/web/20191223165826/https://www.columbus.gov/tax/PrintAllMunis.aspx,100/2,,
Stryker,75140,village,self,1.5,100.0,1.0,20020101,,https://web.archive.org/web/20240520101454/https://thefinder.tax.ohio.gov/StreamlineSalesTaxWeb/Download/BoundaryData/Muni/OHMuniRateTable.csv ; https://web.archive.org/web/20191223165826/https://www.columbus.gov/tax/PrintAllMunis.aspx,1/0,survey credit field 1 is a rate (limit 0); read as 100% up to 1%,
Sylvania,76022,city,self,1.5,100.0,1.5,20020101,,https://web.archive.org/web/20240520101454/https://thefinder.tax.ohio.gov/StreamlineSalesTaxWeb/Download/BoundaryData/Muni/OHMuniRateTable.csv ; https://web.archive.org/web/20191223165826/https://www.columbus.gov/tax/PrintAllMunis.aspx ; https://www.cityofsylvania.com/government/taxation/frequently-asked-questions/,100/1.5,city source check (partial) confirms,partial
Tiffin,76778,city,self,2.0,100.0,2.0,20190101,Columbus list 2019-02: cap 1.75->2,https://web.archive.org/web/20240520101454/https://thefinder.tax.ohio.gov/StreamlineSalesTaxWeb/Download/BoundaryData/Muni/OHMuniRateTable.csv ; https://web.archive.org/web/20191223165826/https://www.columbus.gov/tax/PrintAllMunis.aspx,100/2,,
Timberlake,76834,village,CCA,1.0,50.0,1.0,20020101,"rate 2% eff 20210101 (Finder) | Columbus list 2021-01: credit 50->100, admin CCA->RITA | Columbus list 2023-12: credit 100->0, cap 0.5->0 | CCA 2021 table: no longer listed | joined RITA 10/01/2020: RITA 2020 rate 1.00, credit 100, cap 0.50",https://web.archive.org/web/20240520101454/https://thefinder.tax.ohio.gov/StreamlineSalesTaxWeb/Download/BoundaryData/Muni/OHMuniRateTable.csv ; https://web.archive.org/web/20191223165826/https://www.columbus.gov/tax/PrintAllMunis.aspx ; https://web.archive.org/web/20221208230828/http://ccatax.ci.cleveland.oh.us/csv/taxrates/2019-m.csv ; rita_member_rates_2016_2025.csv (RITA ACFR extract),50/0.5,,
Tipp City,76876,city,self,1.5,100.0,1.5,20110701,,https://web.archive.org/web/20240520101454/https://thefinder.tax.ohio.gov/StreamlineSalesTaxWeb/Download/BoundaryData/Muni/OHMuniRateTable.csv ; https://web.archive.org/web/20191223165826/https://www.columbus.gov/tax/PrintAllMunis.aspx,100/1.5,,
Toledo,77000,city,self,2.25,100.0,2.25,20020101,rate 2.5% eff 20210101 (Finder) | Columbus list 2021-01: cap 2.25->2.5,https://web.archive.org/web/20240520101454/https://thefinder.tax.ohio.gov/StreamlineSalesTaxWeb/Download/BoundaryData/Muni/OHMuniRateTable.csv ; https://web.archive.org/web/20191223165826/https://www.columbus.gov/tax/PrintAllMunis.aspx ; https://cdn.toledo.oh.gov/uploads/documents/Taxation/2019-individual-form-instructions.pdf,100/2.25,city source check (yes) confirms; rate and credit cap 2.25->2.5 eff 2021-01-01,yes
Trenton,77322,city,self,1.5,100.0,1.5,20020101,,https://web.archive.org/web/20240520101454/https://thefinder.tax.ohio.gov/StreamlineSalesTaxWeb/Download/BoundaryData/Muni/OHMuniRateTable.csv ; https://web.archive.org/web/20191223165826/https://www.columbus.gov/tax/PrintAllMunis.aspx,100/1.5,,
Trotwood,77504,city,self,2.25,100.0,2.25,20020101,rate 2.75% eff 20230101 (Finder) | Columbus list 2023-12: cap 2.25->2.75,https://web.archive.org/web/20240520101454/https://thefinder.tax.ohio.gov/StreamlineSalesTaxWeb/Download/BoundaryData/Muni/OHMuniRateTable.csv ; https://web.archive.org/web/20191223165826/https://www.columbus.gov/tax/PrintAllMunis.aspx ; https://trotwood.org/departments/finance-department/income-tax/general-tax-information/,100/2.25,city source check (partial) confirms; rate 2.25->2.75 eff 2023-01-01,partial
Troy,77588,city,self,1.75,100.0,1.75,20020101,,https://web.archive.org/web/20240520101454/https://thefinder.tax.ohio.gov/StreamlineSalesTaxWeb/Download/BoundaryData/Muni/OHMuniRateTable.csv ; https://web.archive.org/web/20191223165826/https://www.columbus.gov/tax/PrintAllMunis.aspx ; https://troyohio.gov/DocumentCenter/View/5987/FILLABLE-2019-Individual-Income-Tax-Return,100/1.75,city source check (yes) confirms,yes
Tuscarawas,77924,village,self,1.0,100.0,1.0,20020101,"rate 1.5% eff 20230101 (Finder) | Columbus list 2023-12: cap 1->1.5, admin self->RITA | joined RITA 07/01/2022: RITA 2022 rate 1.00, credit 100, cap 1.00",https://web.archive.org/web/20240520101454/https://thefinder.tax.ohio.gov/StreamlineSalesTaxWeb/Download/BoundaryData/Muni/OHMuniRateTable.csv ; https://web.archive.org/web/20191223165826/https://www.columbus.gov/tax/PrintAllMunis.aspx ; rita_member_rates_2016_2025.csv (RITA ACFR extract),100/1,,
Union,78470,city,CCA,1.0,100.0,1.0,20070101,"rate 1.5% eff 20200101 (Finder) | Columbus list 2020-01: cap 1->1.5 | CCA 2020 table: rate/credit/cap (1.0, 100.0, 1.0)->(1.5, 100.0, 1.5)",https://web.archive.org/web/20240520101454/https://thefinder.tax.ohio.gov/StreamlineSalesTaxWeb/Download/BoundaryData/Muni/OHMuniRateTable.csv ; https://web.archive.org/web/20191223165826/https://www.columbus.gov/tax/PrintAllMunis.aspx ; https://web.archive.org/web/20221208230828/http://ccatax.ci.cleveland.oh.us/csv/taxrates/2019-m.csv,100/1,,
Union City,78624,village,self,1.0,0.0,0.0,20020101,"joined RITA 02/01/2025: RITA 2025 rate 1.00, credit nan, cap nan",https://web.archive.org/web/20240520101454/https://thefinder.tax.ohio.gov/StreamlineSalesTaxWeb/Download/BoundaryData/Muni/OHMuniRateTable.csv ; https://web.archive.org/web/20191223165826/https://www.columbus.gov/tax/PrintAllMunis.aspx ; rita_member_rates_2016_2025.csv (RITA ACFR extract),0/0,,
Upper Sandusky,79044,city,self,1.0,0.0,0.0,20020101,,https://web.archive.org/web/20240520101454/https://thefinder.tax.ohio.gov/StreamlineSalesTaxWeb/Download/BoundaryData/Muni/OHMuniRateTable.csv ; https://web.archive.org/web/20191223165826/https://www.columbus.gov/tax/PrintAllMunis.aspx,0/0,,
Urbana,79072,city,self,1.4,100.0,1.0,20020101,"joined RITA 02/01/2024: RITA 2024 rate 1.40, credit 100, cap 1.00",https://web.archive.org/web/20240520101454/https://thefinder.tax.ohio.gov/StreamlineSalesTaxWeb/Download/BoundaryData/Muni/OHMuniRateTable.csv ; https://web.archive.org/web/20191223165826/https://www.columbus.gov/tax/PrintAllMunis.aspx ; rita_member_rates_2016_2025.csv (RITA ACFR extract),1/0,survey credit field 1 is a rate (limit 0); read as 100% up to 1%,
Utica,79114,village,self,1.75,100.0,0.5,20020101,"joined RITA 07/01/2022: RITA 2022 rate 1.75, credit 100, cap 0.50",https://web.archive.org/web/20240520101454/https://thefinder.tax.ohio.gov/StreamlineSalesTaxWeb/Download/BoundaryData/Muni/OHMuniRateTable.csv ; https://web.archive.org/web/20191223165826/https://www.columbus.gov/tax/PrintAllMunis.aspx ; rita_member_rates_2016_2025.csv (RITA ACFR extract),0.5/0,survey credit field 0.5 is a rate (limit 0); read as 100% up to 0.5%,
Valley Hi,79226,village,self,1.0,100.0,1.0,20020101,,https://web.archive.org/web/20240520101454/https://thefinder.tax.ohio.gov/StreamlineSalesTaxWeb/Download/BoundaryData/Muni/OHMuniRateTable.csv ; https://web.archive.org/web/20191223165826/https://www.columbus.gov/tax/PrintAllMunis.aspx,100/1,,
Van Wert,79562,city,self,1.72,25.0,1.72,20020101,,https://web.archive.org/web/20240520101454/https://thefinder.tax.ohio.gov/StreamlineSalesTaxWeb/Download/BoundaryData/Muni/OHMuniRateTable.csv ; https://web.archive.org/web/20191223165826/https://www.columbus.gov/tax/PrintAllMunis.aspx,25/0.43,,
Vandalia,79492,city,self,2.0,100.0,2.0,20060101,,https://web.archive.org/web/20240520101454/https://thefinder.tax.ohio.gov/StreamlineSalesTaxWeb/Download/BoundaryData/Muni/OHMuniRateTable.csv ; https://web.archive.org/web/20191223165826/https://www.columbus.gov/tax/PrintAllMunis.aspx,100/2,,
Vanlue,79534,village,self,1.0,0.0,0.0,20160101,,https://web.archive.org/web/20240520101454/https://thefinder.tax.ohio.gov/StreamlineSalesTaxWeb/Download/BoundaryData/Muni/OHMuniRateTable.csv ; https://web.archive.org/web/20191223165826/https://www.columbus.gov/tax/PrintAllMunis.aspx,0/0,,
Versailles,79912,village,self,1.5,100.0,1.5,20020101,,https://web.archive.org/web/20240520101454/https://thefinder.tax.ohio.gov/StreamlineSalesTaxWeb/Download/BoundaryData/Muni/OHMuniRateTable.csv ; https://web.archive.org/web/20191223165826/https://www.columbus.gov/tax/PrintAllMunis.aspx,100/1.5,,
Walbridge,80486,village,self,1.5,100.0,1.0,20020101,,https://web.archive.org/web/20240520101454/https://thefinder.tax.ohio.gov/StreamlineSalesTaxWeb/Download/BoundaryData/Muni/OHMuniRateTable.csv ; https://web.archive.org/web/20191223165826/https://www.columbus.gov/tax/PrintAllMunis.aspx,1/0,survey credit field 1 is a rate (limit 0); read as 100% up to 1%,
Walton Hills,80738,village,self,2.5,100.0,2.5,20130701,"Columbus list 2023-12: admin self->RITA | joined RITA 01/01/2023: RITA 2023 rate 2.50, credit 100, cap 2.50",https://web.archive.org/web/20240520101454/https://thefinder.tax.ohio.gov/StreamlineSalesTaxWeb/Download/BoundaryData/Muni/OHMuniRateTable.csv ; https://web.archive.org/web/20191223165826/https://www.columbus.gov/tax/PrintAllMunis.aspx ; rita_member_rates_2016_2025.csv (RITA ACFR extract),100/2.5,,
Wapakoneta,80766,city,self,1.5,100.0,1.5,20180101,,https://web.archive.org/web/20240520101454/https://thefinder.tax.ohio.gov/StreamlineSalesTaxWeb/Download/BoundaryData/Muni/OHMuniRateTable.csv ; https://web.archive.org/web/20191223165826/https://www.columbus.gov/tax/PrintAllMunis.aspx,100/1.5,,
Warren,80892,city,self,2.5,100.0,2.5,20170101,,https://web.archive.org/web/20240520101454/https://thefinder.tax.ohio.gov/StreamlineSalesTaxWeb/Download/BoundaryData/Muni/OHMuniRateTable.csv ; https://web.archive.org/web/20191223165826/https://www.columbus.gov/tax/PrintAllMunis.aspx,100/2.5,,
Warrensville Heights,80990,city,CCA,2.6,50.0,2.6,20090701,"Columbus list 2021-01: credit 0.5->100, admin CCA->RITA | Columbus list 2022-01: credit 100->50, cap 1.3->2.6 | CCA 2021 table: no longer listed | joined RITA 01/01/2021: RITA 2021 rate 2.60, credit 50, cap 2.60",https://web.archive.org/web/20240520101454/https://thefinder.tax.ohio.gov/StreamlineSalesTaxWeb/Download/BoundaryData/Muni/OHMuniRateTable.csv ; https://web.archive.org/web/20191223165826/https://www.columbus.gov/tax/PrintAllMunis.aspx ; https://web.archive.org/web/20221208230828/http://ccatax.ci.cleveland.oh.us/csv/taxrates/2019-m.csv ; rita_member_rates_2016_2025.csv (RITA ACFR extract),50/1.3,,
Washington,81214,city,self,1.95,50.0,1.0,20160101,,https://web.archive.org/web/20240520101454/https://thefinder.tax.ohio.gov/StreamlineSalesTaxWeb/Download/BoundaryData/Muni/OHMuniRateTable.csv ; https://web.archive.org/web/20191223165826/https://www.columbus.gov/tax/PrintAllMunis.aspx,50/0.5,cap converted from max-credit 0.5% of income at 50% factor,
Wauseon,81928,city,self,1.5,100.0,1.5,20020101,"Columbus list 2021-01: credit 100->1, cap 1.5->1",https://web.archive.org/web/20240520101454/https://thefinder.tax.ohio.gov/StreamlineSalesTaxWeb/Download/BoundaryData/Muni/OHMuniRateTable.csv ; https://web.archive.org/web/20191223165826/https://www.columbus.gov/tax/PrintAllMunis.aspx,100/1.5,,
Waverly City,81942,city,self,1.0,100.0,1.0,20040101,,https://web.archive.org/web/20240520101454/https://thefinder.tax.ohio.gov/StreamlineSalesTaxWeb/Download/BoundaryData/Muni/OHMuniRateTable.csv ; https://web.archive.org/web/20191223165826/https://www.columbus.gov/tax/PrintAllMunis.aspx,100/1,,
Wayne,82334,village,unknown,0.75,,,20150101,,https://web.archive.org/web/20240520101454/https://thefinder.tax.ohio.gov/StreamlineSalesTaxWeb/Download/BoundaryData/Muni/OHMuniRateTable.csv,,"not in Columbus list; rate from ODT Finder only, credit unknown",
Waynesfield,82390,village,CCA,1.0,100.0,1.0,20080101,"joined RITA 01/01/2025: RITA 2025 rate 1.00, credit 100, cap 1.00",https://web.archive.org/web/20240520101454/https://thefinder.tax.ohio.gov/StreamlineSalesTaxWeb/Download/BoundaryData/Muni/OHMuniRateTable.csv ; https://web.archive.org/web/20191223165826/https://www.columbus.gov/tax/PrintAllMunis.aspx ; https://web.archive.org/web/20221208230828/http://ccatax.ci.cleveland.oh.us/csv/taxrates/2019-m.csv ; rita_member_rates_2016_2025.csv (RITA ACFR extract),100/1,,
West Alexandria,82880,village,CCA,1.0,100.0,0.5,20020101,"Columbus list 2022-01: credit 50->100, admin CCA->RITA | CCA 2022 table: no longer listed | joined RITA 07/01/2021: RITA 2021 rate 1.00, credit 100, cap 0.50",https://web.archive.org/web/20240520101454/https://thefinder.tax.ohio.gov/StreamlineSalesTaxWeb/Download/BoundaryData/Muni/OHMuniRateTable.csv ; https://web.archive.org/web/20191223165826/https://www.columbus.gov/tax/PrintAllMunis.aspx ; https://web.archive.org/web/20221208230828/http://ccatax.ci.cleveland.oh.us/csv/taxrates/2019-m.csv ; rita_member_rates_2016_2025.csv (RITA ACFR extract),100/0.5,,
West Carrollton City,83111,city,self,2.25,100.0,2.25,20140101,,https://web.archive.org/web/20240520101454/https://thefinder.tax.ohio.gov/StreamlineSalesTaxWeb/Download/BoundaryData/Muni/OHMuniRateTable.csv ; https://web.archive.org/web/20191223165826/https://www.columbus.gov/tax/PrintAllMunis.aspx,100/2.25,,
West Jefferson,83580,village,self,1.0,0.0,0.0,20020101,,https://web.archive.org/web/20240520101454/https://thefinder.tax.ohio.gov/StreamlineSalesTaxWeb/Download/BoundaryData/Muni/OHMuniRateTable.csv ; https://web.archive.org/web/20191223165826/https://www.columbus.gov/tax/PrintAllMunis.aspx,0/0,,
West Liberty,83734,village,CCA,1.0,100.0,0.5,20130701,"Columbus list 2019-02: credit 100->50, cap 50->0.5 | Columbus list 2020-01: credit 50->100, admin CCA->RITA | CCA 2020 table: no longer listed | joined RITA 01/01/2020: RITA 2020 rate 1.00, credit 100, cap 0.50",https://web.archive.org/web/20240520101454/https://thefinder.tax.ohio.gov/StreamlineSalesTaxWeb/Download/BoundaryData/Muni/OHMuniRateTable.csv ; https://web.archive.org/web/20191223165826/https://www.columbus.gov/tax/PrintAllMunis.aspx ; https://web.archive.org/web/20221208230828/http://ccatax.ci.cleveland.oh.us/csv/taxrates/2019-m.csv ; rita_member_rates_2016_2025.csv (RITA ACFR extract),100/0.5,,
West Milton,83902,village,CCA,1.5,0.0,0.0,20020101,,https://web.archive.org/web/20240520101454/https://thefinder.tax.ohio.gov/StreamlineSalesTaxWeb/Download/BoundaryData/Muni/OHMuniRateTable.csv ; https://web.archive.org/web/20191223165826/https://www.columbus.gov/tax/PrintAllMunis.aspx ; https://web.archive.org/web/20221208230828/http://ccatax.ci.cleveland.oh.us/csv/taxrates/2019-m.csv,0/0,,
West Salem,84196,village,self,1.0,0.0,0.0,20101001,"Columbus list 2022-01: admin self->RITA | joined RITA 10/01/2020: RITA 2020 rate 1.00, credit nan, cap nan",https://web.archive.org/web/20240520101454/https://thefinder.tax.ohio.gov/StreamlineSalesTaxWeb/Download/BoundaryData/Muni/OHMuniRateTable.csv ; https://web.archive.org/web/20191223165826/https://www.columbus.gov/tax/PrintAllMunis.aspx ; rita_member_rates_2016_2025.csv (RITA ACFR extract),0/0,,
West Union,84294,village,self,1.0,100.0,1.0,20080101,,https://web.archive.org/web/20240520101454/https://thefinder.tax.ohio.gov/StreamlineSalesTaxWeb/Download/BoundaryData/Muni/OHMuniRateTable.csv ; https://web.archive.org/web/20191223165826/https://www.columbus.gov/tax/PrintAllMunis.aspx,100/1,,
West Unity,84308,village,self,1.5,100.0,1.5,20040101,"Columbus list 2022-01: admin self->RITA | joined RITA 07/01/2020: RITA 2020 rate 1.50, credit 100, cap 1.50",https://web.archive.org/web/20240520101454/https://thefinder.tax.ohio.gov/StreamlineSalesTaxWeb/Download/BoundaryData/Muni/OHMuniRateTable.csv ; https://web.archive.org/web/20191223165826/https://www.columbus.gov/tax/PrintAllMunis.aspx ; rita_member_rates_2016_2025.csv (RITA ACFR extract),100/1.5,,
Westerville,83342,city,self,2.0,100.0,2.0,20090101,,https://web.archive.org/web/20240520101454/https://thefinder.tax.ohio.gov/StreamlineSalesTaxWeb/Download/BoundaryData/Muni/OHMuniRateTable.csv ; https://web.archive.org/web/20191223165826/https://www.columbus.gov/tax/PrintAllMunis.aspx ; https://www.westerville.org/business/doing-business/taxes,100/2,city source check (yes) confirms,yes
Westfield Center,83468,village,self,1.0,100.0,1.0,20020101,,https://web.archive.org/web/20240520101454/https://thefinder.tax.ohio.gov/StreamlineSalesTaxWeb/Download/BoundaryData/Muni/OHMuniRateTable.csv ; https://web.archive.org/web/20191223165826/https://www.columbus.gov/tax/PrintAllMunis.aspx,100/1,,
Whitehall,84742,city,self,2.5,100.0,2.5,20110101,,https://web.archive.org/web/20240520101454/https://thefinder.tax.ohio.gov/StreamlineSalesTaxWeb/Download/BoundaryData/Muni/OHMuniRateTable.csv ; https://web.archive.org/web/20191223165826/https://www.columbus.gov/tax/PrintAllMunis.aspx ; https://www.whitehall-oh.us/Faq.aspx?QID=70,100/2.5,city source check (partial) confirms,partial
Willard,85232,city,self,1.375,100.0,1.375,20130701,,https://web.archive.org/web/20240520101454/https://thefinder.tax.ohio.gov/StreamlineSalesTaxWeb/Download/BoundaryData/Muni/OHMuniRateTable.csv ; https://web.archive.org/web/20191223165826/https://www.columbus.gov/tax/PrintAllMunis.aspx,100/1.375,,
Wilmington,85792,city,self,1.5,100.0,1.5,20170101,,https://web.archive.org/web/20240520101454/https://thefinder.tax.ohio.gov/StreamlineSalesTaxWeb/Download/BoundaryData/Muni/OHMuniRateTable.csv ; https://web.archive.org/web/20191223165826/https://www.columbus.gov/tax/PrintAllMunis.aspx,100/1.5,,
Wilmot,85806,village,self,1.75,100.0,1.75,20180101,rate 1.5% eff 20210101 (Finder) | rate 1% eff 20230101 (Finder) | Columbus list 2021-02: cap 1.75->1.5,https://web.archive.org/web/20240520101454/https://thefinder.tax.ohio.gov/StreamlineSalesTaxWeb/Download/BoundaryData/Muni/OHMuniRateTable.csv ; https://web.archive.org/web/20191223165826/https://www.columbus.gov/tax/PrintAllMunis.aspx,100/1.75,,
Woodlawn,86366,village,self,2.3,100.0,2.0,20190101,"Columbus list 2021-01: cap 2->2.3, admin self->RITA | joined RITA 01/01/2021: RITA 2021 rate 2.30, credit 100, cap 2.30",https://web.archive.org/web/20240520101454/https://thefinder.tax.ohio.gov/StreamlineSalesTaxWeb/Download/BoundaryData/Muni/OHMuniRateTable.csv ; https://web.archive.org/web/20191223165826/https://www.columbus.gov/tax/PrintAllMunis.aspx ; rita_member_rates_2016_2025.csv (RITA ACFR extract),100/2,,
Woodsfield,86436,village,self,1.0,100.0,1.0,20020101,"Columbus list 2020-01: admin self->RITA | joined RITA 01/01/2020: RITA 2020 rate 1.00, credit 100, cap 1.00",https://web.archive.org/web/20240520101454/https://thefinder.tax.ohio.gov/StreamlineSalesTaxWeb/Download/BoundaryData/Muni/OHMuniRateTable.csv ; https://web.archive.org/web/20191223165826/https://www.columbus.gov/tax/PrintAllMunis.aspx ; rita_member_rates_2016_2025.csv (RITA ACFR extract),100/1,,
Wooster,86548,city,self,1.5,100.0,1.5,20140101,,https://web.archive.org/web/20240520101454/https://thefinder.tax.ohio.gov/StreamlineSalesTaxWeb/Download/BoundaryData/Muni/OHMuniRateTable.csv ; https://web.archive.org/web/20191223165826/https://www.columbus.gov/tax/PrintAllMunis.aspx,100/1.5,,
Wyoming,86730,city,self,1.0,0.0,0.0,20150101,,https://web.archive.org/web/20240520101454/https://thefinder.tax.ohio.gov/StreamlineSalesTaxWeb/Download/BoundaryData/Muni/OHMuniRateTable.csv ; https://web.archive.org/web/20191223165826/https://www.columbus.gov/tax/PrintAllMunis.aspx,0/0,,
Xenia,86772,city,self,2.25,100.0,1.5,20110101,"Columbus list 2022-01: credit 1.5->100, admin self->RITA | joined RITA 09/01/2020: RITA 2020 rate 2.25, credit 100, cap 1.50",https://web.archive.org/web/20240520101454/https://thefinder.tax.ohio.gov/StreamlineSalesTaxWeb/Download/BoundaryData/Muni/OHMuniRateTable.csv ; https://web.archive.org/web/20191223165826/https://www.columbus.gov/tax/PrintAllMunis.aspx ; rita_member_rates_2016_2025.csv (RITA ACFR extract) ; https://codelibrary.amlegal.com/codes/xenia/latest/xenia_oh/0-0-0-12650,1.5/1.5,survey credit field 1.5 is a rate (limit 1.5); read as 100% up to 1.5%; city source check (yes) confirms,yes
Zanesville,88084,city,self,1.9,100.0,1.9,20070101,,https://web.archive.org/web/20240520101454/https://thefinder.tax.ohio.gov/StreamlineSalesTaxWeb/Download/BoundaryData/Muni/OHMuniRateTable.csv ; https://web.archive.org/web/20191223165826/https://www.columbus.gov/tax/PrintAllMunis.aspx ; https://codelibrary.amlegal.com/codes/zanesville/latest/zanesville_oh/0-0-0-28804,100/1.9,city source check (yes) confirms,yes
