member,field,year,raw,value_end,value_start,split,status
Aberdeen,Tax Rate,2016,-,,,0,not_member_or_no_tax
Aberdeen,Tax Rate,2017,1.00,1.0,1.0,0,reported
Aberdeen,Tax Rate,2018,1.00,1.0,1.0,0,reported
Aberdeen,Tax Rate,2019,1.00,1.0,1.0,0,reported
Aberdeen,Tax Rate,2020,1.00,1.0,1.0,0,reported
Aberdeen,Tax Rate,2021,1.00,1.0,1.0,0,reported
Aberdeen,Tax Rate,2022,1.00,1.0,1.0,0,reported
Aberdeen,Tax Rate,2023,1.00,1.0,1.0,0,reported
Aberdeen,Tax Rate,2024,1.00,1.0,1.0,0,reported
Aberdeen,Tax Rate,2025,1.00,1.0,1.0,0,reported
Aberdeen,Credit Factor,2016,-,,,0,not_member_or_no_tax
Aberdeen,Credit Factor,2017,100,100.0,100.0,0,reported
Aberdeen,Credit Factor,2018,100,100.0,100.0,0,reported
Aberdeen,Credit Factor,2019,100,100.0,100.0,0,reported
Aberdeen,Credit Factor,2020,100,100.0,100.0,0,reported
Aberdeen,Credit Factor,2021,100,100.0,100.0,0,reported
Aberdeen,Credit Factor,2022,100,100.0,100.0,0,reported
Aberdeen,Credit Factor,2023,100,100.0,100.0,0,reported
Aberdeen,Credit Factor,2024,100,100.0,100.0,0,reported
Aberdeen,Credit Factor,2025,100,100.0,100.0,0,reported
Aberdeen,Credit Rate,2016,-,,,0,not_member_or_no_tax
Aberdeen,Credit Rate,2017,1.00,1.0,1.0,0,reported
Aberdeen,Credit Rate,2018,1.00,1.0,1.0,0,reported
Aberdeen,Credit Rate,2019,1.00,1.0,1.0,0,reported
Aberdeen,Credit Rate,2020,1.00,1.0,1.0,0,reported
Aberdeen,Credit Rate,2021,1.00,1.0,1.0,0,reported
Aberdeen,Credit Rate,2022,1.00,1.0,1.0,0,reported
Aberdeen,Credit Rate,2023,1.00,1.0,1.0,0,reported
Aberdeen,Credit Rate,2024,1.00,1.0,1.0,0,reported
Aberdeen,Credit Rate,2025,1.00,1.0,1.0,0,reported
Ada,Tax Rate,2016,-,,,0,not_member_or_no_tax
Ada,Tax Rate,2017,-,,,0,not_member_or_no_tax
Ada,Tax Rate,2018,-,,,0,not_member_or_no_tax
Ada,Tax Rate,2019,-,,,0,not_member_or_no_tax
Ada,Tax Rate,2020,-,,,0,not_member_or_no_tax
Ada,Tax Rate,2021,1.65,1.65,1.65,0,reported
Ada,Tax Rate,2022,1.65,1.65,1.65,0,reported
Ada,Tax Rate,2023,1.65,1.65,1.65,0,reported
Ada,Tax Rate,2024,1.65,1.65,1.65,0,reported
Ada,Tax Rate,2025,1.65,1.65,1.65,0,reported
Ada,Credit Factor,2016,-,,,0,not_member_or_no_tax
Ada,Credit Factor,2017,-,,,0,not_member_or_no_tax
Ada,Credit Factor,2018,-,,,0,not_member_or_no_tax
Ada,Credit Factor,2019,-,,,0,not_member_or_no_tax
Ada,Credit Factor,2020,-,,,0,not_member_or_no_tax
Ada,Credit Factor,2021,100,100.0,100.0,0,reported
Ada,Credit Factor,2022,100,100.0,100.0,0,reported
Ada,Credit Factor,2023,100,100.0,100.0,0,reported
Ada,Credit Factor,2024,100,100.0,100.0,0,reported
Ada,Credit Factor,2025,100,100.0,100.0,0,reported
Ada,Credit Rate,2016,-,,,0,not_member_or_no_tax
Ada,Credit Rate,2017,-,,,0,not_member_or_no_tax
Ada,Credit Rate,2018,-,,,0,not_member_or_no_tax
Ada,Credit Rate,2019,-,,,0,not_member_or_no_tax
Ada,Credit Rate,2020,-,,,0,not_member_or_no_tax
Ada,Credit Rate,2021,1.65,1.65,1.65,0,reported
Ada,Credit Rate,2022,1.65,1.65,1.65,0,reported
Ada,Credit Rate,2023,1.65,1.65,1.65,0,reported
Ada,Credit Rate,2024,1.65,1.65,1.65,0,reported
Ada,Credit Rate,2025,1.65,1.65,1.65,0,reported
Addyston,Tax Rate,2016,1.50,1.5,1.5,0,reported
Addyston,Tax Rate,2017,1.50,1.5,1.5,0,reported
Addyston,Tax Rate,2018,1.50,1.5,1.5,0,reported
Addyston,Tax Rate,2019,1.50,1.5,1.5,0,reported
Addyston,Tax Rate,2020,1.50,1.5,1.5,0,reported
Addyston,Tax Rate,2021,1.50,1.5,1.5,0,reported
Addyston,Tax Rate,2022,1.50,1.5,1.5,0,reported
Addyston,Tax Rate,2023,1.50,1.5,1.5,0,reported
Addyston,Tax Rate,2024,1.50,1.5,1.5,0,reported
Addyston,Tax Rate,2025,1.50,1.5,1.5,0,reported
Addyston,Credit Factor,2016,100,100.0,100.0,0,reported
Addyston,Credit Factor,2017,100,100.0,100.0,0,reported
Addyston,Credit Factor,2018,100,100.0,100.0,0,reported
Addyston,Credit Factor,2019,100,100.0,100.0,0,reported
Addyston,Credit Factor,2020,100,100.0,100.0,0,reported
Addyston,Credit Factor,2021,100,100.0,100.0,0,reported
Addyston,Credit Factor,2022,100,100.0,100.0,0,reported
Addyston,Credit Factor,2023,100,100.0,100.0,0,reported
Addyston,Credit Factor,2024,100,100.0,100.0,0,reported
Addyston,Credit Factor,2025,100,100.0,100.0,0,reported
Addyston,Credit Rate,2016,1.50,1.5,1.5,0,reported
Addyston,Credit Rate,2017,1.50,1.5,1.5,0,reported
Addyston,Credit Rate,2018,1.50,1.5,1.5,0,reported
Addyston,Credit Rate,2019,1.50,1.5,1.5,0,reported
Addyston,Credit Rate,2020,1.50,1.5,1.5,0,reported
Addyston,Credit Rate,2021,1.50,1.5,1.5,0,reported
Addyston,Credit Rate,2022,1.50,1.5,1.5,0,reported
Addyston,Credit Rate,2023,1.50,1.5,1.5,0,reported
Addyston,Credit Rate,2024,1.50,1.5,1.5,0,reported
Addyston,Credit Rate,2025,1.50,1.5,1.5,0,reported
Adelphi,Tax Rate,2016,1.00,1.0,1.0,0,reported
Adelphi,Tax Rate,2017,1.00,1.0,1.0,0,reported
Adelphi,Tax Rate,2018,1.00,1.0,1.0,0,reported
Adelphi,Tax Rate,2019,1.00,1.0,1.0,0,reported
Adelphi,Tax Rate,2020,1.00,1.0,1.0,0,reported
Adelphi,Tax Rate,2021,1.00,1.0,1.0,0,reported
Adelphi,Tax Rate,2022,1.00,1.0,1.0,0,reported
Adelphi,Tax Rate,2023,1.00,1.0,1.0,0,reported
Adelphi,Tax Rate,2024,1.00,1.0,1.0,0,reported
Adelphi,Tax Rate,2025,1.00,1.0,1.0,0,reported
Adelphi,Credit Factor,2016,-,0.0,0.0,0,dash_zero_inferred
Adelphi,Credit Factor,2017,-,0.0,0.0,0,dash_zero_inferred
Adelphi,Credit Factor,2018,-,0.0,0.0,0,dash_zero_inferred
Adelphi,Credit Factor,2019,-,0.0,0.0,0,dash_zero_inferred
Adelphi,Credit Factor,2020,-,0.0,0.0,0,dash_zero_inferred
Adelphi,Credit Factor,2021,-,0.0,0.0,0,dash_zero_inferred
Adelphi,Credit Factor,2022,-,0.0,0.0,0,dash_zero_inferred
Adelphi,Credit Factor,2023,-,0.0,0.0,0,dash_zero_inferred
Adelphi,Credit Factor,2024,-,0.0,0.0,0,dash_zero_inferred
Adelphi,Credit Factor,2025,-,0.0,0.0,0,dash_zero_inferred
Adelphi,Credit Rate,2016,-,0.0,0.0,0,dash_zero_inferred
Adelphi,Credit Rate,2017,-,0.0,0.0,0,dash_zero_inferred
Adelphi,Credit Rate,2018,-,0.0,0.0,0,dash_zero_inferred
Adelphi,Credit Rate,2019,-,0.0,0.0,0,dash_zero_inferred
Adelphi,Credit Rate,2020,-,0.0,0.0,0,dash_zero_inferred
Adelphi,Credit Rate,2021,-,0.0,0.0,0,dash_zero_inferred
Adelphi,Credit Rate,2022,-,0.0,0.0,0,dash_zero_inferred
Adelphi,Credit Rate,2023,-,0.0,0.0,0,dash_zero_inferred
Adelphi,Credit Rate,2024,-,0.0,0.0,0,dash_zero_inferred
Adelphi,Credit Rate,2025,-,0.0,0.0,0,dash_zero_inferred
Alexandria,Tax Rate,2016,-,,,0,not_member_or_no_tax
Alexandria,Tax Rate,2017,-,,,0,not_member_or_no_tax
Alexandria,Tax Rate,2018,-,,,0,not_member_or_no_tax
Alexandria,Tax Rate,2019,-,,,0,not_member_or_no_tax
Alexandria,Tax Rate,2020,1.00,1.0,1.0,0,reported
Alexandria,Tax Rate,2021,1.00,1.0,1.0,0,reported
Alexandria,Tax Rate,2022,1.00,1.0,1.0,0,reported
Alexandria,Tax Rate,2023,1.00,1.0,1.0,0,reported
Alexandria,Tax Rate,2024,1.00,1.0,1.0,0,reported
Alexandria,Tax Rate,2025,1.00,1.0,1.0,0,reported
Alexandria,Credit Factor,2016,-,,,0,not_member_or_no_tax
Alexandria,Credit Factor,2017,-,,,0,not_member_or_no_tax
Alexandria,Credit Factor,2018,-,,,0,not_member_or_no_tax
Alexandria,Credit Factor,2019,-,,,0,not_member_or_no_tax
Alexandria,Credit Factor,2020,-,0.0,0.0,0,dash_zero_inferred
Alexandria,Credit Factor,2021,-,0.0,0.0,0,dash_zero_inferred
Alexandria,Credit Factor,2022,-,0.0,0.0,0,dash_zero_inferred
Alexandria,Credit Factor,2023,-,0.0,0.0,0,dash_zero_inferred
Alexandria,Credit Factor,2024,-,0.0,0.0,0,dash_zero_inferred
Alexandria,Credit Factor,2025,-,0.0,0.0,0,dash_zero_inferred
Alexandria,Credit Rate,2016,-,,,0,not_member_or_no_tax
Alexandria,Credit Rate,2017,-,,,0,not_member_or_no_tax
Alexandria,Credit Rate,2018,-,,,0,not_member_or_no_tax
Alexandria,Credit Rate,2019,-,,,0,not_member_or_no_tax
Alexandria,Credit Rate,2020,-,0.0,0.0,0,dash_zero_inferred
Alexandria,Credit Rate,2021,-,0.0,0.0,0,dash_zero_inferred
Alexandria,Credit Rate,2022,-,0.0,0.0,0,dash_zero_inferred
Alexandria,Credit Rate,2023,-,0.0,0.0,0,dash_zero_inferred
Alexandria,Credit Rate,2024,-,0.0,0.0,0,dash_zero_inferred
Alexandria,Credit Rate,2025,-,0.0,0.0,0,dash_zero_inferred
Alger,Tax Rate,2016,-,,,0,not_member_or_no_tax
Alger,Tax Rate,2017,-,,,0,not_member_or_no_tax
Alger,Tax Rate,2018,-,,,0,not_member_or_no_tax
Alger,Tax Rate,2019,-,,,0,not_member_or_no_tax
Alger,Tax Rate,2020,-,,,0,not_member_or_no_tax
Alger,Tax Rate,2021,1.00,1.0,1.0,0,reported
Alger,Tax Rate,2022,1.00,1.0,1.0,0,reported
Alger,Tax Rate,2023,1.00,1.0,1.0,0,reported
Alger,Tax Rate,2024,1.00,1.0,1.0,0,reported
Alger,Tax Rate,2025,1.00,1.0,1.0,0,reported
Alger,Credit Factor,2016,-,,,0,not_member_or_no_tax
Alger,Credit Factor,2017,-,,,0,not_member_or_no_tax
Alger,Credit Factor,2018,-,,,0,not_member_or_no_tax
Alger,Credit Factor,2019,-,,,0,not_member_or_no_tax
Alger,Credit Factor,2020,-,,,0,not_member_or_no_tax
Alger,Credit Factor,2021,100,100.0,100.0,0,reported
Alger,Credit Factor,2022,100,100.0,100.0,0,reported
Alger,Credit Factor,2023,100,100.0,100.0,0,reported
Alger,Credit Factor,2024,100,100.0,100.0,0,reported
Alger,Credit Factor,2025,100,100.0,100.0,0,reported
Alger,Credit Rate,2016,-,,,0,not_member_or_no_tax
Alger,Credit Rate,2017,-,,,0,not_member_or_no_tax
Alger,Credit Rate,2018,-,,,0,not_member_or_no_tax
Alger,Credit Rate,2019,-,,,0,not_member_or_no_tax
Alger,Credit Rate,2020,-,,,0,not_member_or_no_tax
Alger,Credit Rate,2021,1.00,1.0,1.0,0,reported
Alger,Credit Rate,2022,1.00,1.0,1.0,0,reported
Alger,Credit Rate,2023,1.00,1.0,1.0,0,reported
Alger,Credit Rate,2024,1.00,1.0,1.0,0,reported
Alger,Credit Rate,2025,1.00,1.0,1.0,0,reported
Amanda,Tax Rate,2016,1.00,1.0,1.0,0,reported
Amanda,Tax Rate,2017,1.00,1.0,1.0,0,reported
Amanda,Tax Rate,2018,1.00,1.0,1.0,0,reported
Amanda,Tax Rate,2019,1.00,1.0,1.0,0,reported
Amanda,Tax Rate,2020,1.00,1.0,1.0,0,reported
Amanda,Tax Rate,2021,1.00,1.0,1.0,0,reported
Amanda,Tax Rate,2022,1.00,1.0,1.0,0,reported
Amanda,Tax Rate,2023,1.00,1.0,1.0,0,reported
Amanda,Tax Rate,2024,1.00,1.0,1.0,0,reported
Amanda,Tax Rate,2025,1.00,1.0,1.0,0,reported
Amanda,Credit Factor,2016,-,0.0,0.0,0,dash_zero_inferred
Amanda,Credit Factor,2017,-,0.0,0.0,0,dash_zero_inferred
Amanda,Credit Factor,2018,-,0.0,0.0,0,dash_zero_inferred
Amanda,Credit Factor,2019,-,0.0,0.0,0,dash_zero_inferred
Amanda,Credit Factor,2020,-,0.0,0.0,0,dash_zero_inferred
Amanda,Credit Factor,2021,-,0.0,0.0,0,dash_zero_inferred
Amanda,Credit Factor,2022,-,0.0,0.0,0,dash_zero_inferred
Amanda,Credit Factor,2023,-,0.0,0.0,0,dash_zero_inferred
Amanda,Credit Factor,2024,-,0.0,0.0,0,dash_zero_inferred
Amanda,Credit Factor,2025,-,0.0,0.0,0,dash_zero_inferred
Amanda,Credit Rate,2016,-,0.0,0.0,0,dash_zero_inferred
Amanda,Credit Rate,2017,-,0.0,0.0,0,dash_zero_inferred
Amanda,Credit Rate,2018,-,0.0,0.0,0,dash_zero_inferred
Amanda,Credit Rate,2019,-,0.0,0.0,0,dash_zero_inferred
Amanda,Credit Rate,2020,-,0.0,0.0,0,dash_zero_inferred
Amanda,Credit Rate,2021,-,0.0,0.0,0,dash_zero_inferred
Amanda,Credit Rate,2022,-,0.0,0.0,0,dash_zero_inferred
Amanda,Credit Rate,2023,-,0.0,0.0,0,dash_zero_inferred
Amanda,Credit Rate,2024,-,0.0,0.0,0,dash_zero_inferred
Amanda,Credit Rate,2025,-,0.0,0.0,0,dash_zero_inferred
Amelia,Tax Rate,2016,-,,,0,not_member_or_no_tax
Amelia,Tax Rate,2017,-,,,0,not_member_or_no_tax
Amelia,Tax Rate,2018,1.00,1.0,1.0,0,reported
Amelia,Tax Rate,2019,1.00,1.0,1.0,0,reported
Amelia,Tax Rate,2020,1.00,1.0,1.0,0,reported
Amelia,Tax Rate,2021,-,,,0,not_member_or_no_tax
Amelia,Tax Rate,2022,-,,,0,not_member_or_no_tax
Amelia,Tax Rate,2023,-,,,0,not_member_or_no_tax
Amelia,Tax Rate,2024,-,,,0,not_member_or_no_tax
Amelia,Tax Rate,2025,-,,,0,not_member_or_no_tax
Amelia,Credit Factor,2016,-,,,0,not_member_or_no_tax
Amelia,Credit Factor,2017,-,,,0,not_member_or_no_tax
Amelia,Credit Factor,2018,-,0.0,0.0,0,dash_zero_inferred
Amelia,Credit Factor,2019,-,0.0,0.0,0,dash_zero_inferred
Amelia,Credit Factor,2020,-,0.0,0.0,0,dash_zero_inferred
Amelia,Credit Factor,2021,-,,,0,not_member_or_no_tax
Amelia,Credit Factor,2022,-,,,0,not_member_or_no_tax
Amelia,Credit Factor,2023,-,,,0,not_member_or_no_tax
Amelia,Credit Factor,2024,-,,,0,not_member_or_no_tax
Amelia,Credit Factor,2025,-,,,0,not_member_or_no_tax
Amelia,Credit Rate,2016,-,,,0,not_member_or_no_tax
Amelia,Credit Rate,2017,-,,,0,not_member_or_no_tax
Amelia,Credit Rate,2018,-,0.0,0.0,0,dash_zero_inferred
Amelia,Credit Rate,2019,-,0.0,0.0,0,dash_zero_inferred
Amelia,Credit Rate,2020,-,0.0,0.0,0,dash_zero_inferred
Amelia,Credit Rate,2021,-,,,0,not_member_or_no_tax
Amelia,Credit Rate,2022,-,,,0,not_member_or_no_tax
Amelia,Credit Rate,2023,-,,,0,not_member_or_no_tax
Amelia,Credit Rate,2024,-,,,0,not_member_or_no_tax
Amelia,Credit Rate,2025,-,,,0,not_member_or_no_tax
Amsterdam,Tax Rate,2016,1.00,1.0,1.0,0,reported
Amsterdam,Tax Rate,2017,1.00,1.0,1.0,0,reported
Amsterdam,Tax Rate,2018,1.00,1.0,1.0,0,reported
Amsterdam,Tax Rate,2019,1.00,1.0,1.0,0,reported
Amsterdam,Tax Rate,2020,1.00,1.0,1.0,0,reported
Amsterdam,Tax Rate,2021,1.00,1.0,1.0,0,reported
Amsterdam,Tax Rate,2022,1.00,1.0,1.0,0,reported
Amsterdam,Tax Rate,2023,1.00,1.0,1.0,0,reported
Amsterdam,Tax Rate,2024,1.00,1.0,1.0,0,reported
Amsterdam,Tax Rate,2025,1.00,1.0,1.0,0,reported
Amsterdam,Credit Factor,2016,100,100.0,100.0,0,reported
Amsterdam,Credit Factor,2017,100,100.0,100.0,0,reported
Amsterdam,Credit Factor,2018,100,100.0,100.0,0,reported
Amsterdam,Credit Factor,2019,100,100.0,100.0,0,reported
Amsterdam,Credit Factor,2020,100,100.0,100.0,0,reported
Amsterdam,Credit Factor,2021,100,100.0,100.0,0,reported
Amsterdam,Credit Factor,2022,100,100.0,100.0,0,reported
Amsterdam,Credit Factor,2023,100,100.0,100.0,0,reported
Amsterdam,Credit Factor,2024,100,100.0,100.0,0,reported
Amsterdam,Credit Factor,2025,100,100.0,100.0,0,reported
Amsterdam,Credit Rate,2016,1.00,1.0,1.0,0,reported
Amsterdam,Credit Rate,2017,1.00,1.0,1.0,0,reported
Amsterdam,Credit Rate,2018,1.00,1.0,1.0,0,reported
Amsterdam,Credit Rate,2019,1.00,1.0,1.0,0,reported
Amsterdam,Credit Rate,2020,1.00,1.0,1.0,0,reported
Amsterdam,Credit Rate,2021,1.00,1.0,1.0,0,reported
Amsterdam,Credit Rate,2022,1.00,1.0,1.0,0,reported
Amsterdam,Credit Rate,2023,1.00,1.0,1.0,0,reported
Amsterdam,Credit Rate,2024,1.00,1.0,1.0,0,reported
Amsterdam,Credit Rate,2025,1.00,1.0,1.0,0,reported
Andover,Tax Rate,2016,1.50,1.5,1.5,0,reported
Andover,Tax Rate,2017,1.50,1.5,1.5,0,reported
Andover,Tax Rate,2018,1.50,1.5,1.5,0,reported
Andover,Tax Rate,2019,1.50,1.5,1.5,0,reported
Andover,Tax Rate,2020,1.50,1.5,1.5,0,reported
Andover,Tax Rate,2021,1.50,1.5,1.5,0,reported
Andover,Tax Rate,2022,1.50,1.5,1.5,0,reported
Andover,Tax Rate,2023,1.50,1.5,1.5,0,reported
Andover,Tax Rate,2024,1.50,1.5,1.5,0,reported
Andover,Tax Rate,2025,1.50,1.5,1.5,0,reported
Andover,Credit Factor,2016,100,100.0,100.0,0,reported
Andover,Credit Factor,2017,100,100.0,100.0,0,reported
Andover,Credit Factor,2018,100,100.0,100.0,0,reported
Andover,Credit Factor,2019,100,100.0,100.0,0,reported
Andover,Credit Factor,2020,100,100.0,100.0,0,reported
Andover,Credit Factor,2021,100,100.0,100.0,0,reported
Andover,Credit Factor,2022,100,100.0,100.0,0,reported
Andover,Credit Factor,2023,100,100.0,100.0,0,reported
Andover,Credit Factor,2024,100,100.0,100.0,0,reported
Andover,Credit Factor,2025,100,100.0,100.0,0,reported
Andover,Credit Rate,2016,1.50,1.5,1.5,0,reported
Andover,Credit Rate,2017,1.50,1.5,1.5,0,reported
Andover,Credit Rate,2018,1.50,1.5,1.5,0,reported
Andover,Credit Rate,2019,1.50,1.5,1.5,0,reported
Andover,Credit Rate,2020,1.50,1.5,1.5,0,reported
Andover,Credit Rate,2021,1.50,1.5,1.5,0,reported
Andover,Credit Rate,2022,1.50,1.5,1.5,0,reported
Andover,Credit Rate,2023,1.50,1.5,1.5,0,reported
Andover,Credit Rate,2024,1.50,1.5,1.5,0,reported
Andover,Credit Rate,2025,1.50,1.5,1.5,0,reported
Antwerp,Tax Rate,2016,1.00,1.0,1.0,0,reported
Antwerp,Tax Rate,2017,1.00,1.0,1.0,0,reported
Antwerp,Tax Rate,2018,1.00,1.0,1.0,0,reported
Antwerp,Tax Rate,2019,1.00,1.0,1.0,0,reported
Antwerp,Tax Rate,2020,1.00,1.0,1.0,0,reported
Antwerp,Tax Rate,2021,1.00,1.0,1.0,0,reported
Antwerp,Tax Rate,2022,1.00,1.0,1.0,0,reported
Antwerp,Tax Rate,2023,1.00,1.0,1.0,0,reported
Antwerp,Tax Rate,2024,1.00,1.0,1.0,0,reported
Antwerp,Tax Rate,2025,1.00,1.0,1.0,0,reported
Antwerp,Credit Factor,2016,50,50.0,50.0,0,reported
Antwerp,Credit Factor,2017,50,50.0,50.0,0,reported
Antwerp,Credit Factor,2018,50,50.0,50.0,0,reported
Antwerp,Credit Factor,2019,50,50.0,50.0,0,reported
Antwerp,Credit Factor,2020,50,50.0,50.0,0,reported
Antwerp,Credit Factor,2021,50,50.0,50.0,0,reported
Antwerp,Credit Factor,2022,50,50.0,50.0,0,reported
Antwerp,Credit Factor,2023,50,50.0,50.0,0,reported
Antwerp,Credit Factor,2024,50,50.0,50.0,0,reported
Antwerp,Credit Factor,2025,50,50.0,50.0,0,reported
Antwerp,Credit Rate,2016,1.00,1.0,1.0,0,reported
Antwerp,Credit Rate,2017,1.00,1.0,1.0,0,reported
Antwerp,Credit Rate,2018,1.00,1.0,1.0,0,reported
Antwerp,Credit Rate,2019,1.00,1.0,1.0,0,reported
Antwerp,Credit Rate,2020,1.00,1.0,1.0,0,reported
Antwerp,Credit Rate,2021,1.00,1.0,1.0,0,reported
Antwerp,Credit Rate,2022,1.00,1.0,1.0,0,reported
Antwerp,Credit Rate,2023,1.00,1.0,1.0,0,reported
Antwerp,Credit Rate,2024,1.00,1.0,1.0,0,reported
Antwerp,Credit Rate,2025,1.00,1.0,1.0,0,reported
Apple Creek,Tax Rate,2016,-,,,0,not_member_or_no_tax
Apple Creek,Tax Rate,2017,-,,,0,not_member_or_no_tax
Apple Creek,Tax Rate,2018,-,,,0,not_member_or_no_tax
Apple Creek,Tax Rate,2019,-,,,0,not_member_or_no_tax
Apple Creek,Tax Rate,2020,-,,,0,not_member_or_no_tax
Apple Creek,Tax Rate,2021,-,,,0,not_member_or_no_tax
Apple Creek,Tax Rate,2022,-,,,0,not_member_or_no_tax
Apple Creek,Tax Rate,2023,-,,,0,not_member_or_no_tax
Apple Creek,Tax Rate,2024,1.00,1.0,1.0,0,reported
Apple Creek,Tax Rate,2025,1.00,1.0,1.0,0,reported
Apple Creek,Credit Factor,2016,-,,,0,not_member_or_no_tax
Apple Creek,Credit Factor,2017,-,,,0,not_member_or_no_tax
Apple Creek,Credit Factor,2018,-,,,0,not_member_or_no_tax
Apple Creek,Credit Factor,2019,-,,,0,not_member_or_no_tax
Apple Creek,Credit Factor,2020,-,,,0,not_member_or_no_tax
Apple Creek,Credit Factor,2021,-,,,0,not_member_or_no_tax
Apple Creek,Credit Factor,2022,-,,,0,not_member_or_no_tax
Apple Creek,Credit Factor,2023,-,,,0,not_member_or_no_tax
Apple Creek,Credit Factor,2024,-,0.0,0.0,0,dash_zero_inferred
Apple Creek,Credit Factor,2025,-,0.0,0.0,0,dash_zero_inferred
Apple Creek,Credit Rate,2016,-,,,0,not_member_or_no_tax
Apple Creek,Credit Rate,2017,-,,,0,not_member_or_no_tax
Apple Creek,Credit Rate,2018,-,,,0,not_member_or_no_tax
Apple Creek,Credit Rate,2019,-,,,0,not_member_or_no_tax
Apple Creek,Credit Rate,2020,-,,,0,not_member_or_no_tax
Apple Creek,Credit Rate,2021,-,,,0,not_member_or_no_tax
Apple Creek,Credit Rate,2022,-,,,0,not_member_or_no_tax
Apple Creek,Credit Rate,2023,-,,,0,not_member_or_no_tax
Apple Creek,Credit Rate,2024,-,0.0,0.0,0,dash_zero_inferred
Apple Creek,Credit Rate,2025,-,0.0,0.0,0,dash_zero_inferred
Apple Creek - East Union Twp JEDD II,Tax Rate,2016,-,,,0,not_member_or_no_tax
Apple Creek - East Union Twp JEDD II,Tax Rate,2017,-,,,0,not_member_or_no_tax
Apple Creek - East Union Twp JEDD II,Tax Rate,2018,-,,,0,not_member_or_no_tax
Apple Creek - East Union Twp JEDD II,Tax Rate,2019,-,,,0,not_member_or_no_tax
Apple Creek - East Union Twp JEDD II,Tax Rate,2020,-,,,0,not_member_or_no_tax
Apple Creek - East Union Twp JEDD II,Tax Rate,2021,-,,,0,not_member_or_no_tax
Apple Creek - East Union Twp JEDD II,Tax Rate,2022,-,,,0,not_member_or_no_tax
Apple Creek - East Union Twp JEDD II,Tax Rate,2023,-,,,0,not_member_or_no_tax
Apple Creek - East Union Twp JEDD II,Tax Rate,2024,1.00,1.0,1.0,0,reported
Apple Creek - East Union Twp JEDD II,Tax Rate,2025,1.00,1.0,1.0,0,reported
Apple Creek - East Union Twp JEDD II,Credit Factor,2016,,,,0,absent
Apple Creek - East Union Twp JEDD II,Credit Factor,2017,,,,0,absent
Apple Creek - East Union Twp JEDD II,Credit Factor,2018,,,,0,absent
Apple Creek - East Union Twp JEDD II,Credit Factor,2019,,,,0,absent
Apple Creek - East Union Twp JEDD II,Credit Factor,2020,,,,0,absent
Apple Creek - East Union Twp JEDD II,Credit Factor,2021,,,,0,absent
Apple Creek - East Union Twp JEDD II,Credit Factor,2022,,,,0,absent
Apple Creek - East Union Twp JEDD II,Credit Factor,2023,,,,0,absent
Apple Creek - East Union Twp JEDD II,Credit Factor,2024,,,,0,absent
Apple Creek - East Union Twp JEDD II,Credit Factor,2025,,,,0,absent
Apple Creek - East Union Twp JEDD II,Credit Rate,2016,,,,0,absent
Apple Creek - East Union Twp JEDD II,Credit Rate,2017,,,,0,absent
Apple Creek - East Union Twp JEDD II,Credit Rate,2018,,,,0,absent
Apple Creek - East Union Twp JEDD II,Credit Rate,2019,,,,0,absent
Apple Creek - East Union Twp JEDD II,Credit Rate,2020,,,,0,absent
Apple Creek - East Union Twp JEDD II,Credit Rate,2021,,,,0,absent
Apple Creek - East Union Twp JEDD II,Credit Rate,2022,,,,0,absent
Apple Creek - East Union Twp JEDD II,Credit Rate,2023,,,,0,absent
Apple Creek - East Union Twp JEDD II,Credit Rate,2024,,,,0,absent
Apple Creek - East Union Twp JEDD II,Credit Rate,2025,,,,0,absent
Arcanum,Tax Rate,2016,-,,,0,not_member_or_no_tax
Arcanum,Tax Rate,2017,-,,,0,not_member_or_no_tax
Arcanum,Tax Rate,2018,-,,,0,not_member_or_no_tax
Arcanum,Tax Rate,2019,-,,,0,not_member_or_no_tax
Arcanum,Tax Rate,2020,-,,,0,not_member_or_no_tax
Arcanum,Tax Rate,2021,-,,,0,not_member_or_no_tax
Arcanum,Tax Rate,2022,-,,,0,not_member_or_no_tax
Arcanum,Tax Rate,2023,-,,,0,not_member_or_no_tax
Arcanum,Tax Rate,2024,-,,,0,not_member_or_no_tax
Arcanum,Tax Rate,2025,1.00,1.0,1.0,0,reported
Arcanum,Credit Factor,2016,-,,,0,not_member_or_no_tax
Arcanum,Credit Factor,2017,-,,,0,not_member_or_no_tax
Arcanum,Credit Factor,2018,-,,,0,not_member_or_no_tax
Arcanum,Credit Factor,2019,-,,,0,not_member_or_no_tax
Arcanum,Credit Factor,2020,-,,,0,not_member_or_no_tax
Arcanum,Credit Factor,2021,-,,,0,not_member_or_no_tax
Arcanum,Credit Factor,2022,-,,,0,not_member_or_no_tax
Arcanum,Credit Factor,2023,-,,,0,not_member_or_no_tax
Arcanum,Credit Factor,2024,-,,,0,not_member_or_no_tax
Arcanum,Credit Factor,2025,-,0.0,0.0,0,dash_zero_inferred
Arcanum,Credit Rate,2016,-,,,0,not_member_or_no_tax
Arcanum,Credit Rate,2017,-,,,0,not_member_or_no_tax
Arcanum,Credit Rate,2018,-,,,0,not_member_or_no_tax
Arcanum,Credit Rate,2019,-,,,0,not_member_or_no_tax
Arcanum,Credit Rate,2020,-,,,0,not_member_or_no_tax
Arcanum,Credit Rate,2021,-,,,0,not_member_or_no_tax
Arcanum,Credit Rate,2022,-,,,0,not_member_or_no_tax
Arcanum,Credit Rate,2023,-,,,0,not_member_or_no_tax
Arcanum,Credit Rate,2024,-,,,0,not_member_or_no_tax
Arcanum,Credit Rate,2025,-,0.0,0.0,0,dash_zero_inferred
Arlington Heights,Tax Rate,2016,2.10,2.1,2.1,0,reported
Arlington Heights,Tax Rate,2017,2.10,2.1,2.1,0,reported
Arlington Heights,Tax Rate,2018,2.10,2.1,2.1,0,reported
Arlington Heights,Tax Rate,2019,2.10,2.1,2.1,0,reported
Arlington Heights,Tax Rate,2020,2.10,2.1,2.1,0,reported
Arlington Heights,Tax Rate,2021,2.10,2.1,2.1,0,reported
Arlington Heights,Tax Rate,2022,2.10,2.1,2.1,0,reported
Arlington Heights,Tax Rate,2023,2.10,2.1,2.1,0,reported
Arlington Heights,Tax Rate,2024,2.10,2.1,2.1,0,reported
Arlington Heights,Tax Rate,2025,2.10,2.1,2.1,0,reported
Arlington Heights,Credit Factor,2016,100,100.0,100.0,0,reported
Arlington Heights,Credit Factor,2017,100,100.0,100.0,0,reported
Arlington Heights,Credit Factor,2018,100,100.0,100.0,0,reported
Arlington Heights,Credit Factor,2019,100,100.0,100.0,0,reported
Arlington Heights,Credit Factor,2020,100,100.0,100.0,0,reported
Arlington Heights,Credit Factor,2021,100,100.0,100.0,0,reported
Arlington Heights,Credit Factor,2022,100,100.0,100.0,0,reported
Arlington Heights,Credit Factor,2023,100,100.0,100.0,0,reported
Arlington Heights,Credit Factor,2024,100,100.0,100.0,0,reported
Arlington Heights,Credit Factor,2025,100,100.0,100.0,0,reported
Arlington Heights,Credit Rate,2016,2.10,2.1,2.1,0,reported
Arlington Heights,Credit Rate,2017,2.10,2.1,2.1,0,reported
Arlington Heights,Credit Rate,2018,2.10,2.1,2.1,0,reported
Arlington Heights,Credit Rate,2019,2.10,2.1,2.1,0,reported
Arlington Heights,Credit Rate,2020,2.10,2.1,2.1,0,reported
Arlington Heights,Credit Rate,2021,2.10,2.1,2.1,0,reported
Arlington Heights,Credit Rate,2022,2.10,2.1,2.1,0,reported
Arlington Heights,Credit Rate,2023,2.10,2.1,2.1,0,reported
Arlington Heights,Credit Rate,2024,2.10,2.1,2.1,0,reported
Arlington Heights,Credit Rate,2025,2.10,2.1,2.1,0,reported
Ashley,Tax Rate,2016,1.00,1.0,1.0,0,reported
Ashley,Tax Rate,2017,1.00,1.0,1.0,0,reported
Ashley,Tax Rate,2018,1.00,1.0,1.0,0,reported
Ashley,Tax Rate,2019,1.00,1.0,1.0,0,reported
Ashley,Tax Rate,2020,1.00,1.0,1.0,0,reported
Ashley,Tax Rate,2021,1.00,1.0,1.0,0,reported
Ashley,Tax Rate,2022,1.00,1.0,1.0,0,reported
Ashley,Tax Rate,2023,1.00,1.0,1.0,0,reported
Ashley,Tax Rate,2024,1.00,1.0,1.0,0,reported
Ashley,Tax Rate,2025,1.00,1.0,1.0,0,reported
Ashley,Credit Factor,2016,-,0.0,0.0,0,dash_zero_inferred
Ashley,Credit Factor,2017,-,0.0,0.0,0,dash_zero_inferred
Ashley,Credit Factor,2018,-,0.0,0.0,0,dash_zero_inferred
Ashley,Credit Factor,2019,-,0.0,0.0,0,dash_zero_inferred
Ashley,Credit Factor,2020,-,0.0,0.0,0,dash_zero_inferred
Ashley,Credit Factor,2021,-,0.0,0.0,0,dash_zero_inferred
Ashley,Credit Factor,2022,-,0.0,0.0,0,dash_zero_inferred
Ashley,Credit Factor,2023,-,0.0,0.0,0,dash_zero_inferred
Ashley,Credit Factor,2024,-,0.0,0.0,0,dash_zero_inferred
Ashley,Credit Factor,2025,-,0.0,0.0,0,dash_zero_inferred
Ashley,Credit Rate,2016,-,0.0,0.0,0,dash_zero_inferred
Ashley,Credit Rate,2017,-,0.0,0.0,0,dash_zero_inferred
Ashley,Credit Rate,2018,-,0.0,0.0,0,dash_zero_inferred
Ashley,Credit Rate,2019,-,0.0,0.0,0,dash_zero_inferred
Ashley,Credit Rate,2020,-,0.0,0.0,0,dash_zero_inferred
Ashley,Credit Rate,2021,-,0.0,0.0,0,dash_zero_inferred
Ashley,Credit Rate,2022,-,0.0,0.0,0,dash_zero_inferred
Ashley,Credit Rate,2023,-,0.0,0.0,0,dash_zero_inferred
Ashley,Credit Rate,2024,-,0.0,0.0,0,dash_zero_inferred
Ashley,Credit Rate,2025,-,0.0,0.0,0,dash_zero_inferred
Ashville,Tax Rate,2016,1.00,1.0,1.0,0,reported
Ashville,Tax Rate,2017,1.00,1.0,1.0,0,reported
Ashville,Tax Rate,2018,1.00,1.0,1.0,0,reported
Ashville,Tax Rate,2019,1.00,1.0,1.0,0,reported
Ashville,Tax Rate,2020,1.00,1.0,1.0,0,reported
Ashville,Tax Rate,2021,1.00,1.0,1.0,0,reported
Ashville,Tax Rate,2022,1.00,1.0,1.0,0,reported
Ashville,Tax Rate,2023,1.00,1.0,1.0,0,reported
Ashville,Tax Rate,2024,1.00,1.0,1.0,0,reported
Ashville,Tax Rate,2025,1.00,1.0,1.0,0,reported
Ashville,Credit Factor,2016,-,0.0,0.0,0,dash_zero_inferred
Ashville,Credit Factor,2017,-,0.0,0.0,0,dash_zero_inferred
Ashville,Credit Factor,2018,-,0.0,0.0,0,dash_zero_inferred
Ashville,Credit Factor,2019,-,0.0,0.0,0,dash_zero_inferred
Ashville,Credit Factor,2020,-,0.0,0.0,0,dash_zero_inferred
Ashville,Credit Factor,2021,-,0.0,0.0,0,dash_zero_inferred
Ashville,Credit Factor,2022,-,0.0,0.0,0,dash_zero_inferred
Ashville,Credit Factor,2023,-,0.0,0.0,0,dash_zero_inferred
Ashville,Credit Factor,2024,-,0.0,0.0,0,dash_zero_inferred
Ashville,Credit Factor,2025,-,0.0,0.0,0,dash_zero_inferred
Ashville,Credit Rate,2016,-,0.0,0.0,0,dash_zero_inferred
Ashville,Credit Rate,2017,-,0.0,0.0,0,dash_zero_inferred
Ashville,Credit Rate,2018,-,0.0,0.0,0,dash_zero_inferred
Ashville,Credit Rate,2019,-,0.0,0.0,0,dash_zero_inferred
Ashville,Credit Rate,2020,-,0.0,0.0,0,dash_zero_inferred
Ashville,Credit Rate,2021,-,0.0,0.0,0,dash_zero_inferred
Ashville,Credit Rate,2022,-,0.0,0.0,0,dash_zero_inferred
Ashville,Credit Rate,2023,-,0.0,0.0,0,dash_zero_inferred
Ashville,Credit Rate,2024,-,0.0,0.0,0,dash_zero_inferred
Ashville,Credit Rate,2025,-,0.0,0.0,0,dash_zero_inferred
Aurora,Tax Rate,2016,2.00,2.0,2.0,0,reported
Aurora,Tax Rate,2017,2.00,2.0,2.0,0,reported
Aurora,Tax Rate,2018,2.00,2.0,2.0,0,reported
Aurora,Tax Rate,2019,2.00,2.0,2.0,0,reported
Aurora,Tax Rate,2020,2.00,2.0,2.0,0,reported
Aurora,Tax Rate,2021,2.00,2.0,2.0,0,reported
Aurora,Tax Rate,2022,2.00,2.0,2.0,0,reported
Aurora,Tax Rate,2023,2.00,2.0,2.0,0,reported
Aurora,Tax Rate,2024,2.00,2.0,2.0,0,reported
Aurora,Tax Rate,2025,2.00,2.0,2.0,0,reported
Aurora,Credit Factor,2016,100,100.0,100.0,0,reported
Aurora,Credit Factor,2017,100,100.0,100.0,0,reported
Aurora,Credit Factor,2018,100,100.0,100.0,0,reported
Aurora,Credit Factor,2019,100,100.0,100.0,0,reported
Aurora,Credit Factor,2020,100,100.0,100.0,0,reported
Aurora,Credit Factor,2021,100,100.0,100.0,0,reported
Aurora,Credit Factor,2022,100,100.0,100.0,0,reported
Aurora,Credit Factor,2023,100,100.0,100.0,0,reported
Aurora,Credit Factor,2024,100,100.0,100.0,0,reported
Aurora,Credit Factor,2025,100,100.0,100.0,0,reported
Aurora,Credit Rate,2016,2.00,2.0,2.0,0,reported
Aurora,Credit Rate,2017,2.00,2.0,2.0,0,reported
Aurora,Credit Rate,2018,2.00,2.0,2.0,0,reported
Aurora,Credit Rate,2019,2.00,2.0,2.0,0,reported
Aurora,Credit Rate,2020,2.00,2.0,2.0,0,reported
Aurora,Credit Rate,2021,2.00,2.0,2.0,0,reported
Aurora,Credit Rate,2022,2.00,2.0,2.0,0,reported
Aurora,Credit Rate,2023,2.00,2.0,2.0,0,reported
Aurora,Credit Rate,2024,2.00,2.0,2.0,0,reported
Aurora,Credit Rate,2025,2.00,2.0,2.0,0,reported
Avon,Tax Rate,2016,1.75,1.75,1.75,0,reported
Avon,Tax Rate,2017,1.75,1.75,1.75,0,reported
Avon,Tax Rate,2018,1.75,1.75,1.75,0,reported
Avon,Tax Rate,2019,1.75,1.75,1.75,0,reported
Avon,Tax Rate,2020,1.75,1.75,1.75,0,reported
Avon,Tax Rate,2021,1.75,1.75,1.75,0,reported
Avon,Tax Rate,2022,1.75,1.75,1.75,0,reported
Avon,Tax Rate,2023,1.75,1.75,1.75,0,reported
Avon,Tax Rate,2024,1.75,1.75,1.75,0,reported
Avon,Tax Rate,2025,1.75,1.75,1.75,0,reported
Avon,Credit Factor,2016,100,100.0,100.0,0,reported
Avon,Credit Factor,2017,100,100.0,100.0,0,reported
Avon,Credit Factor,2018,100,100.0,100.0,0,reported
Avon,Credit Factor,2019,100,100.0,100.0,0,reported
Avon,Credit Factor,2020,100,100.0,100.0,0,reported
Avon,Credit Factor,2021,100,100.0,100.0,0,reported
Avon,Credit Factor,2022,100,100.0,100.0,0,reported
Avon,Credit Factor,2023,100,100.0,100.0,0,reported
Avon,Credit Factor,2024,100,100.0,100.0,0,reported
Avon,Credit Factor,2025,100,100.0,100.0,0,reported
Avon,Credit Rate,2016,1.50,1.5,1.5,0,reported
Avon,Credit Rate,2017,1.50,1.5,1.5,0,reported
Avon,Credit Rate,2018,1.50,1.5,1.5,0,reported
Avon,Credit Rate,2019,1.50,1.5,1.5,0,reported
Avon,Credit Rate,2020,1.50,1.5,1.5,0,reported
Avon,Credit Rate,2021,1.50,1.5,1.5,0,reported
Avon,Credit Rate,2022,1.50,1.5,1.5,0,reported
Avon,Credit Rate,2023,1.50,1.5,1.5,0,reported
Avon,Credit Rate,2024,1.50,1.5,1.5,0,reported
Avon,Credit Rate,2025,1.50,1.5,1.5,0,reported
Avon Lake,Tax Rate,2016,1.50,1.5,1.5,0,reported
Avon Lake,Tax Rate,2017,1.50,1.5,1.5,0,reported
Avon Lake,Tax Rate,2018,1.50,1.5,1.5,0,reported
Avon Lake,Tax Rate,2019,1.50,1.5,1.5,0,reported
Avon Lake,Tax Rate,2020,1.50,1.5,1.5,0,reported
Avon Lake,Tax Rate,2021,1.50,1.5,1.5,0,reported
Avon Lake,Tax Rate,2022,1.50,1.5,1.5,0,reported
Avon Lake,Tax Rate,2023,1.50,1.5,1.5,0,reported
Avon Lake,Tax Rate,2024,1.50,1.5,1.5,0,reported
Avon Lake,Tax Rate,2025,1.50,1.5,1.5,0,reported
Avon Lake,Credit Factor,2016,100,100.0,100.0,0,reported
Avon Lake,Credit Factor,2017,100,100.0,100.0,0,reported
Avon Lake,Credit Factor,2018,100,100.0,100.0,0,reported
Avon Lake,Credit Factor,2019,100,100.0,100.0,0,reported
Avon Lake,Credit Factor,2020,100,100.0,100.0,0,reported
Avon Lake,Credit Factor,2021,100,100.0,100.0,0,reported
Avon Lake,Credit Factor,2022,100,100.0,100.0,0,reported
Avon Lake,Credit Factor,2023,100,100.0,100.0,0,reported
Avon Lake,Credit Factor,2024,100,100.0,100.0,0,reported
Avon Lake,Credit Factor,2025,100,100.0,100.0,0,reported
Avon Lake,Credit Rate,2016,1.50,1.5,1.5,0,reported
Avon Lake,Credit Rate,2017,1.50,1.5,1.5,0,reported
Avon Lake,Credit Rate,2018,1.50,1.5,1.5,0,reported
Avon Lake,Credit Rate,2019,1.50,1.5,1.5,0,reported
Avon Lake,Credit Rate,2020,1.50,1.5,1.5,0,reported
Avon Lake,Credit Rate,2021,1.50,1.5,1.5,0,reported
Avon Lake,Credit Rate,2022,1.50,1.5,1.5,0,reported
Avon Lake,Credit Rate,2023,1.50,1.5,1.5,0,reported
Avon Lake,Credit Rate,2024,1.50,1.5,1.5,0,reported
Avon Lake,Credit Rate,2025,1.50,1.5,1.5,0,reported
Bainbridge Twp. Aurora JEDD,Tax Rate,2016,-,,,0,not_member_or_no_tax
Bainbridge Twp. Aurora JEDD,Tax Rate,2017,-,,,0,not_member_or_no_tax
Bainbridge Twp. Aurora JEDD,Tax Rate,2018,-,,,0,not_member_or_no_tax
Bainbridge Twp. Aurora JEDD,Tax Rate,2019,-,,,0,not_member_or_no_tax
Bainbridge Twp. Aurora JEDD,Tax Rate,2020,-,,,0,not_member_or_no_tax
Bainbridge Twp. Aurora JEDD,Tax Rate,2021,-,,,0,not_member_or_no_tax
Bainbridge Twp. Aurora JEDD,Tax Rate,2022,-,,,0,not_member_or_no_tax
Bainbridge Twp. Aurora JEDD,Tax Rate,2023,-,,,0,not_member_or_no_tax
Bainbridge Twp. Aurora JEDD,Tax Rate,2024,-,,,0,not_member_or_no_tax
Bainbridge Twp. Aurora JEDD,Tax Rate,2025,2.00,2.0,2.0,0,reported
Bainbridge Twp. Aurora JEDD,Credit Factor,2016,,,,0,absent
Bainbridge Twp. Aurora JEDD,Credit Factor,2017,,,,0,absent
Bainbridge Twp. Aurora JEDD,Credit Factor,2018,,,,0,absent
Bainbridge Twp. Aurora JEDD,Credit Factor,2019,,,,0,absent
Bainbridge Twp. Aurora JEDD,Credit Factor,2020,,,,0,absent
Bainbridge Twp. Aurora JEDD,Credit Factor,2021,,,,0,absent
Bainbridge Twp. Aurora JEDD,Credit Factor,2022,,,,0,absent
Bainbridge Twp. Aurora JEDD,Credit Factor,2023,,,,0,absent
Bainbridge Twp. Aurora JEDD,Credit Factor,2024,,,,0,absent
Bainbridge Twp. Aurora JEDD,Credit Factor,2025,,,,0,absent
Bainbridge Twp. Aurora JEDD,Credit Rate,2016,,,,0,absent
Bainbridge Twp. Aurora JEDD,Credit Rate,2017,,,,0,absent
Bainbridge Twp. Aurora JEDD,Credit Rate,2018,,,,0,absent
Bainbridge Twp. Aurora JEDD,Credit Rate,2019,,,,0,absent
Bainbridge Twp. Aurora JEDD,Credit Rate,2020,,,,0,absent
Bainbridge Twp. Aurora JEDD,Credit Rate,2021,,,,0,absent
Bainbridge Twp. Aurora JEDD,Credit Rate,2022,,,,0,absent
Bainbridge Twp. Aurora JEDD,Credit Rate,2023,,,,0,absent
Bainbridge Twp. Aurora JEDD,Credit Rate,2024,,,,0,absent
Bainbridge Twp. Aurora JEDD,Credit Rate,2025,,,,0,absent
Bainbridge-Solon Jedd,Tax Rate,2016,2.00,2.0,2.0,0,reported
Bainbridge-Solon Jedd,Tax Rate,2017,2.00,2.0,2.0,0,reported
Bainbridge-Solon Jedd,Tax Rate,2018,2.00,2.0,2.0,0,reported
Bainbridge-Solon Jedd,Tax Rate,2019,2.00,2.0,2.0,0,reported
Bainbridge-Solon Jedd,Tax Rate,2020,2.00,2.0,2.0,0,reported
Bainbridge-Solon Jedd,Tax Rate,2021,2.00,2.0,2.0,0,reported
Bainbridge-Solon Jedd,Tax Rate,2022,2.00,2.0,2.0,0,reported
Bainbridge-Solon Jedd,Tax Rate,2023,2.00,2.0,2.0,0,reported
Bainbridge-Solon Jedd,Tax Rate,2024,2.00,2.0,2.0,0,reported
Bainbridge-Solon Jedd,Tax Rate,2025,2.00,2.0,2.0,0,reported
Bainbridge-Solon Jedd,Credit Factor,2016,,,,0,absent
Bainbridge-Solon Jedd,Credit Factor,2017,,,,0,absent
Bainbridge-Solon Jedd,Credit Factor,2018,,,,0,absent
Bainbridge-Solon Jedd,Credit Factor,2019,,,,0,absent
Bainbridge-Solon Jedd,Credit Factor,2020,,,,0,absent
Bainbridge-Solon Jedd,Credit Factor,2021,,,,0,absent
Bainbridge-Solon Jedd,Credit Factor,2022,,,,0,absent
Bainbridge-Solon Jedd,Credit Factor,2023,,,,0,absent
Bainbridge-Solon Jedd,Credit Factor,2024,,,,0,absent
Bainbridge-Solon Jedd,Credit Factor,2025,,,,0,absent
Bainbridge-Solon Jedd,Credit Rate,2016,,,,0,absent
Bainbridge-Solon Jedd,Credit Rate,2017,,,,0,absent
Bainbridge-Solon Jedd,Credit Rate,2018,,,,0,absent
Bainbridge-Solon Jedd,Credit Rate,2019,,,,0,absent
Bainbridge-Solon Jedd,Credit Rate,2020,,,,0,absent
Bainbridge-Solon Jedd,Credit Rate,2021,,,,0,absent
Bainbridge-Solon Jedd,Credit Rate,2022,,,,0,absent
Bainbridge-Solon Jedd,Credit Rate,2023,,,,0,absent
Bainbridge-Solon Jedd,Credit Rate,2024,,,,0,absent
Bainbridge-Solon Jedd,Credit Rate,2025,,,,0,absent
Baltic,Tax Rate,2016,1.50,1.5,1.5,0,reported
Baltic,Tax Rate,2017,1.50,1.5,1.5,0,reported
Baltic,Tax Rate,2018,1.50,1.5,1.5,0,reported
Baltic,Tax Rate,2019,1.50,1.5,1.5,0,reported
Baltic,Tax Rate,2020,1.50,1.5,1.5,0,reported
Baltic,Tax Rate,2021,1.50,1.5,1.5,0,reported
Baltic,Tax Rate,2022,1.50,1.5,1.5,0,reported
Baltic,Tax Rate,2023,1.50,1.5,1.5,0,reported
Baltic,Tax Rate,2024,1.50,1.5,1.5,0,reported
Baltic,Tax Rate,2025,1.50,1.5,1.5,0,reported
Baltic,Credit Factor,2016,100,100.0,100.0,0,reported
Baltic,Credit Factor,2017,100,100.0,100.0,0,reported
Baltic,Credit Factor,2018,100,100.0,100.0,0,reported
Baltic,Credit Factor,2019,100,100.0,100.0,0,reported
Baltic,Credit Factor,2020,100,100.0,100.0,0,reported
Baltic,Credit Factor,2021,100,100.0,100.0,0,reported
Baltic,Credit Factor,2022,100,100.0,100.0,0,reported
Baltic,Credit Factor,2023,100,100.0,100.0,0,reported
Baltic,Credit Factor,2024,100,100.0,100.0,0,reported
Baltic,Credit Factor,2025,100,100.0,100.0,0,reported
Baltic,Credit Rate,2016,1.50,1.5,1.5,0,reported
Baltic,Credit Rate,2017,1.50,1.5,1.5,0,reported
Baltic,Credit Rate,2018,1.50,1.5,1.5,0,reported
Baltic,Credit Rate,2019,1.50,1.5,1.5,0,reported
Baltic,Credit Rate,2020,1.50,1.5,1.5,0,reported
Baltic,Credit Rate,2021,1.50,1.5,1.5,0,reported
Baltic,Credit Rate,2022,1.50,1.5,1.5,0,reported
Baltic,Credit Rate,2023,1.50,1.5,1.5,0,reported
Baltic,Credit Rate,2024,1.50,1.5,1.5,0,reported
Baltic,Credit Rate,2025,1.50,1.5,1.5,0,reported
Baltimore,Tax Rate,2016,1.00,1.0,1.0,0,reported
Baltimore,Tax Rate,2017,1.00,1.0,1.0,0,reported
Baltimore,Tax Rate,2018,1.00,1.0,1.0,0,reported
Baltimore,Tax Rate,2019,1.00,1.0,1.0,0,reported
Baltimore,Tax Rate,2020,1.00,1.0,1.0,0,reported
Baltimore,Tax Rate,2021,1.00,1.0,1.0,0,reported
Baltimore,Tax Rate,2022,1.00,1.0,1.0,0,reported
Baltimore,Tax Rate,2023,1.00,1.0,1.0,0,reported
Baltimore,Tax Rate,2024,1.00,1.0,1.0,0,reported
Baltimore,Tax Rate,2025,1.00,1.0,1.0,0,reported
Baltimore,Credit Factor,2016,-,0.0,0.0,0,dash_zero_inferred
Baltimore,Credit Factor,2017,-,0.0,0.0,0,dash_zero_inferred
Baltimore,Credit Factor,2018,-,0.0,0.0,0,dash_zero_inferred
Baltimore,Credit Factor,2019,-,0.0,0.0,0,dash_zero_inferred
Baltimore,Credit Factor,2020,-,0.0,0.0,0,dash_zero_inferred
Baltimore,Credit Factor,2021,-,0.0,0.0,0,dash_zero_inferred
Baltimore,Credit Factor,2022,-,0.0,0.0,0,dash_zero_inferred
Baltimore,Credit Factor,2023,-,0.0,0.0,0,dash_zero_inferred
Baltimore,Credit Factor,2024,-,0.0,0.0,0,dash_zero_inferred
Baltimore,Credit Factor,2025,-,0.0,0.0,0,dash_zero_inferred
Baltimore,Credit Rate,2016,-,0.0,0.0,0,dash_zero_inferred
Baltimore,Credit Rate,2017,-,0.0,0.0,0,dash_zero_inferred
Baltimore,Credit Rate,2018,-,0.0,0.0,0,dash_zero_inferred
Baltimore,Credit Rate,2019,-,0.0,0.0,0,dash_zero_inferred
Baltimore,Credit Rate,2020,-,0.0,0.0,0,dash_zero_inferred
Baltimore,Credit Rate,2021,-,0.0,0.0,0,dash_zero_inferred
Baltimore,Credit Rate,2022,-,0.0,0.0,0,dash_zero_inferred
Baltimore,Credit Rate,2023,-,0.0,0.0,0,dash_zero_inferred
Baltimore,Credit Rate,2024,-,0.0,0.0,0,dash_zero_inferred
Baltimore,Credit Rate,2025,-,0.0,0.0,0,dash_zero_inferred
Barberton,Tax Rate,2016,-,,,0,not_member_or_no_tax
Barberton,Tax Rate,2017,-,,,0,not_member_or_no_tax
Barberton,Tax Rate,2018,-,,,0,not_member_or_no_tax
Barberton,Tax Rate,2019,-,,,0,not_member_or_no_tax
Barberton,Tax Rate,2020,-,,,0,not_member_or_no_tax
Barberton,Tax Rate,2021,2.25,2.25,2.25,0,reported
Barberton,Tax Rate,2022,2.25,2.25,2.25,0,reported
Barberton,Tax Rate,2023,2.25,2.25,2.25,0,reported
Barberton,Tax Rate,2024,2.25,2.25,2.25,0,reported
Barberton,Tax Rate,2025,2.25,2.25,2.25,0,reported
Barberton,Credit Factor,2016,-,,,0,not_member_or_no_tax
Barberton,Credit Factor,2017,-,,,0,not_member_or_no_tax
Barberton,Credit Factor,2018,-,,,0,not_member_or_no_tax
Barberton,Credit Factor,2019,-,,,0,not_member_or_no_tax
Barberton,Credit Factor,2020,-,,,0,not_member_or_no_tax
Barberton,Credit Factor,2021,100,100.0,100.0,0,reported
Barberton,Credit Factor,2022,100,100.0,100.0,0,reported
Barberton,Credit Factor,2023,100,100.0,100.0,0,reported
Barberton,Credit Factor,2024,100,100.0,100.0,0,reported
Barberton,Credit Factor,2025,100,100.0,100.0,0,reported
Barberton,Credit Rate,2016,-,,,0,not_member_or_no_tax
Barberton,Credit Rate,2017,-,,,0,not_member_or_no_tax
Barberton,Credit Rate,2018,-,,,0,not_member_or_no_tax
Barberton,Credit Rate,2019,-,,,0,not_member_or_no_tax
Barberton,Credit Rate,2020,-,,,0,not_member_or_no_tax
Barberton,Credit Rate,2021,2.25,2.25,2.25,0,reported
Barberton,Credit Rate,2022,2.25,2.25,2.25,0,reported
Barberton,Credit Rate,2023,2.25,2.25,2.25,0,reported
Barberton,Credit Rate,2024,2.25,2.25,2.25,0,reported
Barberton,Credit Rate,2025,2.25,2.25,2.25,0,reported
Barnesville,Tax Rate,2016,-,,,0,not_member_or_no_tax
Barnesville,Tax Rate,2017,-,,,0,not_member_or_no_tax
Barnesville,Tax Rate,2018,1.00,1.0,1.0,0,reported
Barnesville,Tax Rate,2019,1.00,1.0,1.0,0,reported
Barnesville,Tax Rate,2020,1.00,1.0,1.0,0,reported
Barnesville,Tax Rate,2021,1.00,1.0,1.0,0,reported
Barnesville,Tax Rate,2022,1.00,1.0,1.0,0,reported
Barnesville,Tax Rate,2023,1.00,1.0,1.0,0,reported
Barnesville,Tax Rate,2024,1.00,1.0,1.0,0,reported
Barnesville,Tax Rate,2025,1.00,1.0,1.0,0,reported
Barnesville,Credit Factor,2016,-,,,0,not_member_or_no_tax
Barnesville,Credit Factor,2017,-,,,0,not_member_or_no_tax
Barnesville,Credit Factor,2018,100,100.0,100.0,0,reported
Barnesville,Credit Factor,2019,100,100.0,100.0,0,reported
Barnesville,Credit Factor,2020,100,100.0,100.0,0,reported
Barnesville,Credit Factor,2021,100,100.0,100.0,0,reported
Barnesville,Credit Factor,2022,100,100.0,100.0,0,reported
Barnesville,Credit Factor,2023,100,100.0,100.0,0,reported
Barnesville,Credit Factor,2024,100,100.0,100.0,0,reported
Barnesville,Credit Factor,2025,100,100.0,100.0,0,reported
Barnesville,Credit Rate,2016,-,,,0,not_member_or_no_tax
Barnesville,Credit Rate,2017,-,,,0,not_member_or_no_tax
Barnesville,Credit Rate,2018,1.00,1.0,1.0,0,reported
Barnesville,Credit Rate,2019,1.00,1.0,1.0,0,reported
Barnesville,Credit Rate,2020,1.00,1.0,1.0,0,reported
Barnesville,Credit Rate,2021,1.00,1.0,1.0,0,reported
Barnesville,Credit Rate,2022,1.00,1.0,1.0,0,reported
Barnesville,Credit Rate,2023,1.00,1.0,1.0,0,reported
Barnesville,Credit Rate,2024,1.00,1.0,1.0,0,reported
Barnesville,Credit Rate,2025,1.00,1.0,1.0,0,reported
Barnesville JEDD I,Tax Rate,2016,-,,,0,not_member_or_no_tax
Barnesville JEDD I,Tax Rate,2017,-,,,0,not_member_or_no_tax
Barnesville JEDD I,Tax Rate,2018,1.00,1.0,1.0,0,reported
Barnesville JEDD I,Tax Rate,2019,1.00,1.0,1.0,0,reported
Barnesville JEDD I,Tax Rate,2020,1.00,1.0,1.0,0,reported
Barnesville JEDD I,Tax Rate,2021,1.00,1.0,1.0,0,reported
Barnesville JEDD I,Tax Rate,2022,1.00,1.0,1.0,0,reported
Barnesville JEDD I,Tax Rate,2023,1.00,1.0,1.0,0,reported
Barnesville JEDD I,Tax Rate,2024,1.00,1.0,1.0,0,reported
Barnesville JEDD I,Tax Rate,2025,1.00,1.0,1.0,0,reported
Barnesville JEDD I,Credit Factor,2016,,,,0,absent
Barnesville JEDD I,Credit Factor,2017,,,,0,absent
Barnesville JEDD I,Credit Factor,2018,,,,0,absent
Barnesville JEDD I,Credit Factor,2019,,,,0,absent
Barnesville JEDD I,Credit Factor,2020,,,,0,absent
Barnesville JEDD I,Credit Factor,2021,,,,0,absent
Barnesville JEDD I,Credit Factor,2022,,,,0,absent
Barnesville JEDD I,Credit Factor,2023,,,,0,absent
Barnesville JEDD I,Credit Factor,2024,,,,0,absent
Barnesville JEDD I,Credit Factor,2025,,,,0,absent
Barnesville JEDD I,Credit Rate,2016,,,,0,absent
Barnesville JEDD I,Credit Rate,2017,,,,0,absent
Barnesville JEDD I,Credit Rate,2018,,,,0,absent
Barnesville JEDD I,Credit Rate,2019,,,,0,absent
Barnesville JEDD I,Credit Rate,2020,,,,0,absent
Barnesville JEDD I,Credit Rate,2021,,,,0,absent
Barnesville JEDD I,Credit Rate,2022,,,,0,absent
Barnesville JEDD I,Credit Rate,2023,,,,0,absent
Barnesville JEDD I,Credit Rate,2024,,,,0,absent
Barnesville JEDD I,Credit Rate,2025,,,,0,absent
Barnesville JEDD II,Tax Rate,2016,-,,,0,not_member_or_no_tax
Barnesville JEDD II,Tax Rate,2017,-,,,0,not_member_or_no_tax
Barnesville JEDD II,Tax Rate,2018,1.00,1.0,1.0,0,reported
Barnesville JEDD II,Tax Rate,2019,1.00,1.0,1.0,0,reported
Barnesville JEDD II,Tax Rate,2020,1.00,1.0,1.0,0,reported
Barnesville JEDD II,Tax Rate,2021,1.00,1.0,1.0,0,reported
Barnesville JEDD II,Tax Rate,2022,1.00,1.0,1.0,0,reported
Barnesville JEDD II,Tax Rate,2023,1.00,1.0,1.0,0,reported
Barnesville JEDD II,Tax Rate,2024,1.00,1.0,1.0,0,reported
Barnesville JEDD II,Tax Rate,2025,1.00,1.0,1.0,0,reported
Barnesville JEDD II,Credit Factor,2016,,,,0,absent
Barnesville JEDD II,Credit Factor,2017,,,,0,absent
Barnesville JEDD II,Credit Factor,2018,,,,0,absent
Barnesville JEDD II,Credit Factor,2019,,,,0,absent
Barnesville JEDD II,Credit Factor,2020,,,,0,absent
Barnesville JEDD II,Credit Factor,2021,,,,0,absent
Barnesville JEDD II,Credit Factor,2022,,,,0,absent
Barnesville JEDD II,Credit Factor,2023,,,,0,absent
Barnesville JEDD II,Credit Factor,2024,,,,0,absent
Barnesville JEDD II,Credit Factor,2025,,,,0,absent
Barnesville JEDD II,Credit Rate,2016,,,,0,absent
Barnesville JEDD II,Credit Rate,2017,,,,0,absent
Barnesville JEDD II,Credit Rate,2018,,,,0,absent
Barnesville JEDD II,Credit Rate,2019,,,,0,absent
Barnesville JEDD II,Credit Rate,2020,,,,0,absent
Barnesville JEDD II,Credit Rate,2021,,,,0,absent
Barnesville JEDD II,Credit Rate,2022,,,,0,absent
Barnesville JEDD II,Credit Rate,2023,,,,0,absent
Barnesville JEDD II,Credit Rate,2024,,,,0,absent
Barnesville JEDD II,Credit Rate,2025,,,,0,absent
Batavia,Tax Rate,2016,-,,,0,not_member_or_no_tax
Batavia,Tax Rate,2017,-,,,0,not_member_or_no_tax
Batavia,Tax Rate,2018,-,,,0,not_member_or_no_tax
Batavia,Tax Rate,2019,1.00,1.0,1.0,0,reported
Batavia,Tax Rate,2020,1.00,1.0,1.0,0,reported
Batavia,Tax Rate,2021,1.00,1.0,1.0,0,reported
Batavia,Tax Rate,2022,1.00,1.0,1.0,0,reported
Batavia,Tax Rate,2023,1.00,1.0,1.0,0,reported
Batavia,Tax Rate,2024,1.00,1.0,1.0,0,reported
Batavia,Tax Rate,2025,1.00,1.0,1.0,0,reported
Batavia,Credit Factor,2016,-,,,0,not_member_or_no_tax
Batavia,Credit Factor,2017,-,,,0,not_member_or_no_tax
Batavia,Credit Factor,2018,-,,,0,not_member_or_no_tax
Batavia,Credit Factor,2019,-,0.0,0.0,0,dash_zero_inferred
Batavia,Credit Factor,2020,-,0.0,0.0,0,dash_zero_inferred
Batavia,Credit Factor,2021,-,0.0,0.0,0,dash_zero_inferred
Batavia,Credit Factor,2022,-,0.0,0.0,0,dash_zero_inferred
Batavia,Credit Factor,2023,-,0.0,0.0,0,dash_zero_inferred
Batavia,Credit Factor,2024,-,0.0,0.0,0,dash_zero_inferred
Batavia,Credit Factor,2025,-,0.0,0.0,0,dash_zero_inferred
Batavia,Credit Rate,2016,-,,,0,not_member_or_no_tax
Batavia,Credit Rate,2017,-,,,0,not_member_or_no_tax
Batavia,Credit Rate,2018,-,,,0,not_member_or_no_tax
Batavia,Credit Rate,2019,-,0.0,0.0,0,dash_zero_inferred
Batavia,Credit Rate,2020,-,0.0,0.0,0,dash_zero_inferred
Batavia,Credit Rate,2021,-,0.0,0.0,0,dash_zero_inferred
Batavia,Credit Rate,2022,-,0.0,0.0,0,dash_zero_inferred
Batavia,Credit Rate,2023,-,0.0,0.0,0,dash_zero_inferred
Batavia,Credit Rate,2024,-,0.0,0.0,0,dash_zero_inferred
Batavia,Credit Rate,2025,-,0.0,0.0,0,dash_zero_inferred
Bay Village,Tax Rate,2016,1.50,1.5,1.5,0,reported
Bay Village,Tax Rate,2017,1.50,1.5,1.5,0,reported
Bay Village,Tax Rate,2018,1.50,1.5,1.5,0,reported
Bay Village,Tax Rate,2019,1.50,1.5,1.5,0,reported
Bay Village,Tax Rate,2020,1.50,1.5,1.5,0,reported
Bay Village,Tax Rate,2021,1.50,1.5,1.5,0,reported
Bay Village,Tax Rate,2022,1.50,1.5,1.5,0,reported
Bay Village,Tax Rate,2023,1.50,1.5,1.5,0,reported
Bay Village,Tax Rate,2024,1.50,1.5,1.5,0,reported
Bay Village,Tax Rate,2025,1.50,1.5,1.5,0,reported
Bay Village,Credit Factor,2016,100,100.0,100.0,0,reported
Bay Village,Credit Factor,2017,100,100.0,100.0,0,reported
Bay Village,Credit Factor,2018,100,100.0,100.0,0,reported
Bay Village,Credit Factor,2019,100,100.0,100.0,0,reported
Bay Village,Credit Factor,2020,100,100.0,100.0,0,reported
Bay Village,Credit Factor,2021,100,100.0,100.0,0,reported
Bay Village,Credit Factor,2022,100,100.0,100.0,0,reported
Bay Village,Credit Factor,2023,100,100.0,100.0,0,reported
Bay Village,Credit Factor,2024,100,100.0,100.0,0,reported
Bay Village,Credit Factor,2025,100,100.0,100.0,0,reported
Bay Village,Credit Rate,2016,1.00,1.0,1.0,0,reported
Bay Village,Credit Rate,2017,1.00,1.0,1.0,0,reported
Bay Village,Credit Rate,2018,1.00,1.0,1.0,0,reported
Bay Village,Credit Rate,2019,1.00,1.0,1.0,0,reported
Bay Village,Credit Rate,2020,1.00,1.0,1.0,0,reported
Bay Village,Credit Rate,2021,1.00,1.0,1.0,0,reported
Bay Village,Credit Rate,2022,1.00,1.0,1.0,0,reported
Bay Village,Credit Rate,2023,1.00,1.0,1.0,0,reported
Bay Village,Credit Rate,2024,1.00,1.0,1.0,0,reported
Bay Village,Credit Rate,2025,1.00,1.0,1.0,0,reported
Beachwood,Tax Rate,2016,2.00,2.0,2.0,0,reported
Beachwood,Tax Rate,2017,2.00,2.0,2.0,0,reported
Beachwood,Tax Rate,2018,2.00,2.0,2.0,0,reported
Beachwood,Tax Rate,2019,2.00,2.0,2.0,0,reported
Beachwood,Tax Rate,2020,2.00,2.0,2.0,0,reported
Beachwood,Tax Rate,2021,2.00,2.0,2.0,0,reported
Beachwood,Tax Rate,2022,2.00,2.0,2.0,0,reported
Beachwood,Tax Rate,2023,2.00,2.0,2.0,0,reported
Beachwood,Tax Rate,2024,2.00,2.0,2.0,0,reported
Beachwood,Tax Rate,2025,2.00,2.0,2.0,0,reported
Beachwood,Credit Factor,2016,100,100.0,100.0,0,reported
Beachwood,Credit Factor,2017,100,100.0,100.0,0,reported
Beachwood,Credit Factor,2018,100,100.0,100.0,0,reported
Beachwood,Credit Factor,2019,100,100.0,100.0,0,reported
Beachwood,Credit Factor,2020,100,100.0,100.0,0,reported
Beachwood,Credit Factor,2021,100,100.0,100.0,0,reported
Beachwood,Credit Factor,2022,100,100.0,100.0,0,reported
Beachwood,Credit Factor,2023,100,100.0,100.0,0,reported
Beachwood,Credit Factor,2024,100,100.0,100.0,0,reported
Beachwood,Credit Factor,2025,100,100.0,100.0,0,reported
Beachwood,Credit Rate,2016,2.00,2.0,2.0,0,reported
Beachwood,Credit Rate,2017,2.00,2.0,2.0,0,reported
Beachwood,Credit Rate,2018,2.00,2.0,2.0,0,reported
Beachwood,Credit Rate,2019,2.00,2.0,2.0,0,reported
Beachwood,Credit Rate,2020,2.00,2.0,2.0,0,reported
Beachwood,Credit Rate,2021,2.00,2.0,2.0,0,reported
Beachwood,Credit Rate,2022,2.00,2.0,2.0,0,reported
Beachwood,Credit Rate,2023,2.00,2.0,2.0,0,reported
Beachwood,Credit Rate,2024,2.00,2.0,2.0,0,reported
Beachwood,Credit Rate,2025,2.00,2.0,2.0,0,reported
Beachwood East Jedd,Tax Rate,2016,2.00,2.0,2.0,0,reported
Beachwood East Jedd,Tax Rate,2017,2.00,2.0,2.0,0,reported
Beachwood East Jedd,Tax Rate,2018,2.00,2.0,2.0,0,reported
Beachwood East Jedd,Tax Rate,2019,2.00,2.0,2.0,0,reported
Beachwood East Jedd,Tax Rate,2020,2.00,2.0,2.0,0,reported
Beachwood East Jedd,Tax Rate,2021,2.00,2.0,2.0,0,reported
Beachwood East Jedd,Tax Rate,2022,2.00,2.0,2.0,0,reported
Beachwood East Jedd,Tax Rate,2023,2.00,2.0,2.0,0,reported
Beachwood East Jedd,Tax Rate,2024,2.00,2.0,2.0,0,reported
Beachwood East Jedd,Tax Rate,2025,2.00,2.0,2.0,0,reported
Beachwood East Jedd,Credit Factor,2016,,,,0,absent
Beachwood East Jedd,Credit Factor,2017,,,,0,absent
Beachwood East Jedd,Credit Factor,2018,,,,0,absent
Beachwood East Jedd,Credit Factor,2019,,,,0,absent
Beachwood East Jedd,Credit Factor,2020,,,,0,absent
Beachwood East Jedd,Credit Factor,2021,,,,0,absent
Beachwood East Jedd,Credit Factor,2022,,,,0,absent
Beachwood East Jedd,Credit Factor,2023,,,,0,absent
Beachwood East Jedd,Credit Factor,2024,,,,0,absent
Beachwood East Jedd,Credit Factor,2025,,,,0,absent
Beachwood East Jedd,Credit Rate,2016,,,,0,absent
Beachwood East Jedd,Credit Rate,2017,,,,0,absent
Beachwood East Jedd,Credit Rate,2018,,,,0,absent
Beachwood East Jedd,Credit Rate,2019,,,,0,absent
Beachwood East Jedd,Credit Rate,2020,,,,0,absent
Beachwood East Jedd,Credit Rate,2021,,,,0,absent
Beachwood East Jedd,Credit Rate,2022,,,,0,absent
Beachwood East Jedd,Credit Rate,2023,,,,0,absent
Beachwood East Jedd,Credit Rate,2024,,,,0,absent
Beachwood East Jedd,Credit Rate,2025,,,,0,absent
Beachwood West Jedd,Tax Rate,2016,2.00,2.0,2.0,0,reported
Beachwood West Jedd,Tax Rate,2017,2.00,2.0,2.0,0,reported
Beachwood West Jedd,Tax Rate,2018,2.00,2.0,2.0,0,reported
Beachwood West Jedd,Tax Rate,2019,2.00,2.0,2.0,0,reported
Beachwood West Jedd,Tax Rate,2020,2.00,2.0,2.0,0,reported
Beachwood West Jedd,Tax Rate,2021,2.00,2.0,2.0,0,reported
Beachwood West Jedd,Tax Rate,2022,2.00,2.0,2.0,0,reported
Beachwood West Jedd,Tax Rate,2023,2.00,2.0,2.0,0,reported
Beachwood West Jedd,Tax Rate,2024,2.00,2.0,2.0,0,reported
Beachwood West Jedd,Tax Rate,2025,2.00,2.0,2.0,0,reported
Beachwood West Jedd,Credit Factor,2016,,,,0,absent
Beachwood West Jedd,Credit Factor,2017,,,,0,absent
Beachwood West Jedd,Credit Factor,2018,,,,0,absent
Beachwood West Jedd,Credit Factor,2019,,,,0,absent
Beachwood West Jedd,Credit Factor,2020,,,,0,absent
Beachwood West Jedd,Credit Factor,2021,,,,0,absent
Beachwood West Jedd,Credit Factor,2022,,,,0,absent
Beachwood West Jedd,Credit Factor,2023,,,,0,absent
Beachwood West Jedd,Credit Factor,2024,,,,0,absent
Beachwood West Jedd,Credit Factor,2025,,,,0,absent
Beachwood West Jedd,Credit Rate,2016,,,,0,absent
Beachwood West Jedd,Credit Rate,2017,,,,0,absent
Beachwood West Jedd,Credit Rate,2018,,,,0,absent
Beachwood West Jedd,Credit Rate,2019,,,,0,absent
Beachwood West Jedd,Credit Rate,2020,,,,0,absent
Beachwood West Jedd,Credit Rate,2021,,,,0,absent
Beachwood West Jedd,Credit Rate,2022,,,,0,absent
Beachwood West Jedd,Credit Rate,2023,,,,0,absent
Beachwood West Jedd,Credit Rate,2024,,,,0,absent
Beachwood West Jedd,Credit Rate,2025,,,,0,absent
Beaverdam,Tax Rate,2016,1.00,1.0,1.0,0,reported
Beaverdam,Tax Rate,2017,1.00,1.0,1.0,0,reported
Beaverdam,Tax Rate,2018,1.00,1.0,1.0,0,reported
Beaverdam,Tax Rate,2019,1.00,1.0,1.0,0,reported
Beaverdam,Tax Rate,2020,1.00,1.0,1.0,0,reported
Beaverdam,Tax Rate,2021,1.00,1.0,1.0,0,reported
Beaverdam,Tax Rate,2022,1.00,1.0,1.0,0,reported
Beaverdam,Tax Rate,2023,1.00,1.0,1.0,0,reported
Beaverdam,Tax Rate,2024,1.00,1.0,1.0,0,reported
Beaverdam,Tax Rate,2025,1.00,1.0,1.0,0,reported
Beaverdam,Credit Factor,2016,100,100.0,100.0,0,reported
Beaverdam,Credit Factor,2017,100,100.0,100.0,0,reported
Beaverdam,Credit Factor,2018,100,100.0,100.0,0,reported
Beaverdam,Credit Factor,2019,100,100.0,100.0,0,reported
Beaverdam,Credit Factor,2020,100,100.0,100.0,0,reported
Beaverdam,Credit Factor,2021,100,100.0,100.0,0,reported
Beaverdam,Credit Factor,2022,100,100.0,100.0,0,reported
Beaverdam,Credit Factor,2023,100,100.0,100.0,0,reported
Beaverdam,Credit Factor,2024,100,100.0,100.0,0,reported
Beaverdam,Credit Factor,2025,100,100.0,100.0,0,reported
Beaverdam,Credit Rate,2016,1.00,1.0,1.0,0,reported
Beaverdam,Credit Rate,2017,1.00,1.0,1.0,0,reported
Beaverdam,Credit Rate,2018,1.00,1.0,1.0,0,reported
Beaverdam,Credit Rate,2019,1.00,1.0,1.0,0,reported
Beaverdam,Credit Rate,2020,1.00,1.0,1.0,0,reported
Beaverdam,Credit Rate,2021,1.00,1.0,1.0,0,reported
Beaverdam,Credit Rate,2022,1.00,1.0,1.0,0,reported
Beaverdam,Credit Rate,2023,1.00,1.0,1.0,0,reported
Beaverdam,Credit Rate,2024,1.00,1.0,1.0,0,reported
Beaverdam,Credit Rate,2025,1.00,1.0,1.0,0,reported
Bedford,Tax Rate,2016,-,,,0,not_member_or_no_tax
Bedford,Tax Rate,2017,-,,,0,not_member_or_no_tax
Bedford,Tax Rate,2018,-,,,0,not_member_or_no_tax
Bedford,Tax Rate,2019,-,,,0,not_member_or_no_tax
Bedford,Tax Rate,2020,-,,,0,not_member_or_no_tax
Bedford,Tax Rate,2021,-,,,0,not_member_or_no_tax
Bedford,Tax Rate,2022,-,,,0,not_member_or_no_tax
Bedford,Tax Rate,2023,3.00,3.0,3.0,0,reported
Bedford,Tax Rate,2024,3.00,3.0,3.0,0,reported
Bedford,Tax Rate,2025,3.00,3.0,3.0,0,reported
Bedford,Credit Factor,2016,-,,,0,not_member_or_no_tax
Bedford,Credit Factor,2017,-,,,0,not_member_or_no_tax
Bedford,Credit Factor,2018,-,,,0,not_member_or_no_tax
Bedford,Credit Factor,2019,-,,,0,not_member_or_no_tax
Bedford,Credit Factor,2020,-,,,0,not_member_or_no_tax
Bedford,Credit Factor,2021,-,,,0,not_member_or_no_tax
Bedford,Credit Factor,2022,-,,,0,not_member_or_no_tax
Bedford,Credit Factor,2023,100,100.0,100.0,0,reported
Bedford,Credit Factor,2024,100,100.0,100.0,0,reported
Bedford,Credit Factor,2025,100,100.0,100.0,0,reported
Bedford,Credit Rate,2016,-,,,0,not_member_or_no_tax
Bedford,Credit Rate,2017,-,,,0,not_member_or_no_tax
Bedford,Credit Rate,2018,-,,,0,not_member_or_no_tax
Bedford,Credit Rate,2019,-,,,0,not_member_or_no_tax
Bedford,Credit Rate,2020,-,,,0,not_member_or_no_tax
Bedford,Credit Rate,2021,-,,,0,not_member_or_no_tax
Bedford,Credit Rate,2022,-,,,0,not_member_or_no_tax
Bedford,Credit Rate,2023,2.25,2.25,2.25,0,reported
Bedford,Credit Rate,2024,2.25,2.25,2.25,0,reported
Bedford,Credit Rate,2025,2.25,2.25,2.25,0,reported
Bedford Heights,Tax Rate,2016,2.00,2.0,2.0,0,reported
Bedford Heights,Tax Rate,2017,2.00,2.0,2.0,0,reported
Bedford Heights,Tax Rate,2018,2.00,2.0,2.0,0,reported
Bedford Heights,Tax Rate,2019,2.00,2.0,2.0,0,reported
Bedford Heights,Tax Rate,2020,2.00,2.0,2.0,0,reported
Bedford Heights,Tax Rate,2021,2.00,2.0,2.0,0,reported
Bedford Heights,Tax Rate,2022,2.00,2.0,2.0,0,reported
Bedford Heights,Tax Rate,2023,2.00,2.0,2.0,0,reported
Bedford Heights,Tax Rate,2024,2.00,2.0,2.0,0,reported
Bedford Heights,Tax Rate,2025,2.00,2.0,2.0,0,reported
Bedford Heights,Credit Factor,2016,100,100.0,100.0,0,reported
Bedford Heights,Credit Factor,2017,100,100.0,100.0,0,reported
Bedford Heights,Credit Factor,2018,100,100.0,100.0,0,reported
Bedford Heights,Credit Factor,2019,100,100.0,100.0,0,reported
Bedford Heights,Credit Factor,2020,100,100.0,100.0,0,reported
Bedford Heights,Credit Factor,2021,100,100.0,100.0,0,reported
Bedford Heights,Credit Factor,2022,100,100.0,100.0,0,reported
Bedford Heights,Credit Factor,2023,100,100.0,100.0,0,reported
Bedford Heights,Credit Factor,2024,100,100.0,100.0,0,reported
Bedford Heights,Credit Factor,2025,100,100.0,100.0,0,reported
Bedford Heights,Credit Rate,2016,2.00,2.0,2.0,0,reported
Bedford Heights,Credit Rate,2017,2.00,2.0,2.0,0,reported
Bedford Heights,Credit Rate,2018,2.00,2.0,2.0,0,reported
Bedford Heights,Credit Rate,2019,2.00,2.0,2.0,0,reported
Bedford Heights,Credit Rate,2020,2.00,2.0,2.0,0,reported
Bedford Heights,Credit Rate,2021,2.00,2.0,2.0,0,reported
Bedford Heights,Credit Rate,2022,2.00,2.0,2.0,0,reported
Bedford Heights,Credit Rate,2023,2.00,2.0,2.0,0,reported
Bedford Heights,Credit Rate,2024,2.00,2.0,2.0,0,reported
Bedford Heights,Credit Rate,2025,2.00,2.0,2.0,0,reported
Bellaire,Tax Rate,2016,-,,,0,not_member_or_no_tax
Bellaire,Tax Rate,2017,-,,,0,not_member_or_no_tax
Bellaire,Tax Rate,2018,-,,,0,not_member_or_no_tax
Bellaire,Tax Rate,2019,-,,,0,not_member_or_no_tax
Bellaire,Tax Rate,2020,-,,,0,not_member_or_no_tax
Bellaire,Tax Rate,2021,-,,,0,not_member_or_no_tax
Bellaire,Tax Rate,2022,-,,,0,not_member_or_no_tax
Bellaire,Tax Rate,2023,-,,,0,not_member_or_no_tax
Bellaire,Tax Rate,2024,-,,,0,not_member_or_no_tax
Bellaire,Tax Rate,2025,1.00,1.0,1.0,0,reported
Bellaire,Credit Factor,2016,-,,,0,not_member_or_no_tax
Bellaire,Credit Factor,2017,-,,,0,not_member_or_no_tax
Bellaire,Credit Factor,2018,-,,,0,not_member_or_no_tax
Bellaire,Credit Factor,2019,-,,,0,not_member_or_no_tax
Bellaire,Credit Factor,2020,-,,,0,not_member_or_no_tax
Bellaire,Credit Factor,2021,-,,,0,not_member_or_no_tax
Bellaire,Credit Factor,2022,-,,,0,not_member_or_no_tax
Bellaire,Credit Factor,2023,-,,,0,not_member_or_no_tax
Bellaire,Credit Factor,2024,-,,,0,not_member_or_no_tax
Bellaire,Credit Factor,2025,100.00,100.0,100.0,0,reported
Bellaire,Credit Rate,2016,-,,,0,not_member_or_no_tax
Bellaire,Credit Rate,2017,-,,,0,not_member_or_no_tax
Bellaire,Credit Rate,2018,-,,,0,not_member_or_no_tax
Bellaire,Credit Rate,2019,-,,,0,not_member_or_no_tax
Bellaire,Credit Rate,2020,-,,,0,not_member_or_no_tax
Bellaire,Credit Rate,2021,-,,,0,not_member_or_no_tax
Bellaire,Credit Rate,2022,-,,,0,not_member_or_no_tax
Bellaire,Credit Rate,2023,-,,,0,not_member_or_no_tax
Bellaire,Credit Rate,2024,-,,,0,not_member_or_no_tax
Bellaire,Credit Rate,2025,1.00,1.0,1.0,0,reported
Belle Center,Tax Rate,2016,1.00,1.0,1.0,0,reported
Belle Center,Tax Rate,2017,1.00,1.0,1.0,0,reported
Belle Center,Tax Rate,2018,1.00,1.0,1.0,0,reported
Belle Center,Tax Rate,2019,1.00,1.0,1.0,0,reported
Belle Center,Tax Rate,2020,1.00,1.0,1.0,0,reported
Belle Center,Tax Rate,2021,1.00,1.0,1.0,0,reported
Belle Center,Tax Rate,2022,1.00,1.0,1.0,0,reported
Belle Center,Tax Rate,2023,1.00,1.0,1.0,0,reported
Belle Center,Tax Rate,2024,1.00,1.0,1.0,0,reported
Belle Center,Tax Rate,2025,1.00,1.0,1.0,0,reported
Belle Center,Credit Factor,2016,100,100.0,100.0,0,reported
Belle Center,Credit Factor,2017,100,100.0,100.0,0,reported
Belle Center,Credit Factor,2018,100,100.0,100.0,0,reported
Belle Center,Credit Factor,2019,100,100.0,100.0,0,reported
Belle Center,Credit Factor,2020,100,100.0,100.0,0,reported
Belle Center,Credit Factor,2021,100,100.0,100.0,0,reported
Belle Center,Credit Factor,2022,100,100.0,100.0,0,reported
Belle Center,Credit Factor,2023,100,100.0,100.0,0,reported
Belle Center,Credit Factor,2024,100,100.0,100.0,0,reported
Belle Center,Credit Factor,2025,100,100.0,100.0,0,reported
Belle Center,Credit Rate,2016,1.00,1.0,1.0,0,reported
Belle Center,Credit Rate,2017,1.00,1.0,1.0,0,reported
Belle Center,Credit Rate,2018,1.00,1.0,1.0,0,reported
Belle Center,Credit Rate,2019,1.00,1.0,1.0,0,reported
Belle Center,Credit Rate,2020,1.00,1.0,1.0,0,reported
Belle Center,Credit Rate,2021,1.00,1.0,1.0,0,reported
Belle Center,Credit Rate,2022,1.00,1.0,1.0,0,reported
Belle Center,Credit Rate,2023,1.00,1.0,1.0,0,reported
Belle Center,Credit Rate,2024,1.00,1.0,1.0,0,reported
Belle Center,Credit Rate,2025,1.00,1.0,1.0,0,reported
Bellefontaine,Tax Rate,2016,1.33,1.33,1.33,0,reported
Bellefontaine,Tax Rate,2017,1.33,1.33,1.33,0,reported
Bellefontaine,Tax Rate,2018,1.33,1.33,1.33,0,reported
Bellefontaine,Tax Rate,2019,1.33,1.33,1.33,0,reported
Bellefontaine,Tax Rate,2020,1.33,1.33,1.33,0,reported
Bellefontaine,Tax Rate,2021,1.33,1.33,1.33,0,reported
Bellefontaine,Tax Rate,2022,1.33,1.33,1.33,0,reported
Bellefontaine,Tax Rate,2023,1.33,1.33,1.33,0,reported
Bellefontaine,Tax Rate,2024,1.60/1.33,1.6,1.33,1,split_new_first_partial
Bellefontaine,Tax Rate,2025,-,,,0,not_member_or_no_tax
Bellefontaine,Credit Factor,2016,100,100.0,100.0,0,reported
Bellefontaine,Credit Factor,2017,100,100.0,100.0,0,reported
Bellefontaine,Credit Factor,2018,100,100.0,100.0,0,reported
Bellefontaine,Credit Factor,2019,100,100.0,100.0,0,reported
Bellefontaine,Credit Factor,2020,100,100.0,100.0,0,reported
Bellefontaine,Credit Factor,2021,100,100.0,100.0,0,reported
Bellefontaine,Credit Factor,2022,100,100.0,100.0,0,reported
Bellefontaine,Credit Factor,2023,100,100.0,100.0,0,reported
Bellefontaine,Credit Factor,2024,100,100.0,100.0,0,reported
Bellefontaine,Credit Factor,2025,-,,,0,not_member_or_no_tax
Bellefontaine,Credit Rate,2016,0.666,0.666,0.666,0,reported
Bellefontaine,Credit Rate,2017,0.666,0.666,0.666,0,reported
Bellefontaine,Credit Rate,2018,0.666,0.666,0.666,0,reported
Bellefontaine,Credit Rate,2019,0.666,0.666,0.666,0,reported
Bellefontaine,Credit Rate,2020,0.666,0.666,0.666,0,reported
Bellefontaine,Credit Rate,2021,0.666,0.666,0.666,0,reported
Bellefontaine,Credit Rate,2022,0.666,0.666,0.666,0,reported
Bellefontaine,Credit Rate,2023,0.666,0.666,0.666,0,reported
Bellefontaine,Credit Rate,2024,0.666,0.666,0.666,0,reported
Bellefontaine,Credit Rate,2025,-,,,0,not_member_or_no_tax
Bellevue,Tax Rate,2016,1.50,1.5,1.5,0,reported
Bellevue,Tax Rate,2017,1.50,1.5,1.5,0,reported
Bellevue,Tax Rate,2018,2.00/1.50,2.0,1.5,1,split_new_first
Bellevue,Tax Rate,2019,2.00,2.0,2.0,0,reported
Bellevue,Tax Rate,2020,2.00,2.0,2.0,0,reported
Bellevue,Tax Rate,2021,2.00,2.0,2.0,0,reported
Bellevue,Tax Rate,2022,2.00,2.0,2.0,0,reported
Bellevue,Tax Rate,2023,2.00,2.0,2.0,0,reported
Bellevue,Tax Rate,2024,2.00,2.0,2.0,0,reported
Bellevue,Tax Rate,2025,2.00,2.0,2.0,0,reported
Bellevue,Credit Factor,2016,100,100.0,100.0,0,reported
Bellevue,Credit Factor,2017,100,100.0,100.0,0,reported
Bellevue,Credit Factor,2018,100,100.0,100.0,0,reported
Bellevue,Credit Factor,2019,100,100.0,100.0,0,reported
Bellevue,Credit Factor,2020,100,100.0,100.0,0,reported
Bellevue,Credit Factor,2021,100,100.0,100.0,0,reported
Bellevue,Credit Factor,2022,100,100.0,100.0,0,reported
Bellevue,Credit Factor,2023,100,100.0,100.0,0,reported
Bellevue,Credit Factor,2024,100,100.0,100.0,0,reported
Bellevue,Credit Factor,2025,100,100.0,100.0,0,reported
Bellevue,Credit Rate,2016,1.50,1.5,1.5,0,reported
Bellevue,Credit Rate,2017,1.50,1.5,1.5,0,reported
Bellevue,Credit Rate,2018,2.00/1.50,2.0,1.5,1,split_new_first
Bellevue,Credit Rate,2019,2.00,2.0,2.0,0,reported
Bellevue,Credit Rate,2020,2.00,2.0,2.0,0,reported
Bellevue,Credit Rate,2021,2.00,2.0,2.0,0,reported
Bellevue,Credit Rate,2022,2.00,2.0,2.0,0,reported
Bellevue,Credit Rate,2023,2.00,2.0,2.0,0,reported
Bellevue,Credit Rate,2024,2.00,2.0,2.0,0,reported
Bellevue,Credit Rate,2025,2.00,2.0,2.0,0,reported
Bellville,Tax Rate,2016,-,,,0,not_member_or_no_tax
Bellville,Tax Rate,2017,-,,,0,not_member_or_no_tax
Bellville,Tax Rate,2018,-,,,0,not_member_or_no_tax
Bellville,Tax Rate,2019,1.00,1.0,1.0,0,reported
Bellville,Tax Rate,2020,1.00,1.0,1.0,0,reported
Bellville,Tax Rate,2021,1.00,1.0,1.0,0,reported
Bellville,Tax Rate,2022,1.00,1.0,1.0,0,reported
Bellville,Tax Rate,2023,1.00,1.0,1.0,0,reported
Bellville,Tax Rate,2024,1.00,1.0,1.0,0,reported
Bellville,Tax Rate,2025,1.00,1.0,1.0,0,reported
Bellville,Credit Factor,2016,-,,,0,not_member_or_no_tax
Bellville,Credit Factor,2017,-,,,0,not_member_or_no_tax
Bellville,Credit Factor,2018,-,,,0,not_member_or_no_tax
Bellville,Credit Factor,2019,50,50.0,50.0,0,reported
Bellville,Credit Factor,2020,50,50.0,50.0,0,reported
Bellville,Credit Factor,2021,50,50.0,50.0,0,reported
Bellville,Credit Factor,2022,50,50.0,50.0,0,reported
Bellville,Credit Factor,2023,50,50.0,50.0,0,reported
Bellville,Credit Factor,2024,50,50.0,50.0,0,reported
Bellville,Credit Factor,2025,50,50.0,50.0,0,reported
Bellville,Credit Rate,2016,-,,,0,not_member_or_no_tax
Bellville,Credit Rate,2017,-,,,0,not_member_or_no_tax
Bellville,Credit Rate,2018,-,,,0,not_member_or_no_tax
Bellville,Credit Rate,2019,1.00,1.0,1.0,0,reported
Bellville,Credit Rate,2020,1.00,1.0,1.0,0,reported
Bellville,Credit Rate,2021,1.00,1.0,1.0,0,reported
Bellville,Credit Rate,2022,1.00,1.0,1.0,0,reported
Bellville,Credit Rate,2023,1.00,1.0,1.0,0,reported
Bellville,Credit Rate,2024,1.00,1.0,1.0,0,reported
Bellville,Credit Rate,2025,1.00,1.0,1.0,0,reported
Belpre,Tax Rate,2016,1.00,1.0,1.0,0,reported
Belpre,Tax Rate,2017,1.00,1.0,1.0,0,reported
Belpre,Tax Rate,2018,1.00,1.0,1.0,0,reported
Belpre,Tax Rate,2019,1.00,1.0,1.0,0,reported
Belpre,Tax Rate,2020,1.00,1.0,1.0,0,reported
Belpre,Tax Rate,2021,1.00,1.0,1.0,0,reported
Belpre,Tax Rate,2022,1.00,1.0,1.0,0,reported
Belpre,Tax Rate,2023,1.00,1.0,1.0,0,reported
Belpre,Tax Rate,2024,1.00,1.0,1.0,0,reported
Belpre,Tax Rate,2025,1.00,1.0,1.0,0,reported
Belpre,Credit Factor,2016,100,100.0,100.0,0,reported
Belpre,Credit Factor,2017,100,100.0,100.0,0,reported
Belpre,Credit Factor,2018,100,100.0,100.0,0,reported
Belpre,Credit Factor,2019,100,100.0,100.0,0,reported
Belpre,Credit Factor,2020,100,100.0,100.0,0,reported
Belpre,Credit Factor,2021,100,100.0,100.0,0,reported
Belpre,Credit Factor,2022,100,100.0,100.0,0,reported
Belpre,Credit Factor,2023,100,100.0,100.0,0,reported
Belpre,Credit Factor,2024,100,100.0,100.0,0,reported
Belpre,Credit Factor,2025,100,100.0,100.0,0,reported
Belpre,Credit Rate,2016,1.00,1.0,1.0,0,reported
Belpre,Credit Rate,2017,1.00,1.0,1.0,0,reported
Belpre,Credit Rate,2018,1.00,1.0,1.0,0,reported
Belpre,Credit Rate,2019,1.00,1.0,1.0,0,reported
Belpre,Credit Rate,2020,1.00,1.0,1.0,0,reported
Belpre,Credit Rate,2021,1.00,1.0,1.0,0,reported
Belpre,Credit Rate,2022,1.00,1.0,1.0,0,reported
Belpre,Credit Rate,2023,1.00,1.0,1.0,0,reported
Belpre,Credit Rate,2024,1.00,1.0,1.0,0,reported
Belpre,Credit Rate,2025,1.00,1.0,1.0,0,reported
Bentleyville,Tax Rate,2016,1.00,1.0,1.0,0,reported
Bentleyville,Tax Rate,2017,1.00,1.0,1.0,0,reported
Bentleyville,Tax Rate,2018,1.00,1.0,1.0,0,reported
Bentleyville,Tax Rate,2019,1.00,1.0,1.0,0,reported
Bentleyville,Tax Rate,2020,1.00,1.0,1.0,0,reported
Bentleyville,Tax Rate,2021,1.00,1.0,1.0,0,reported
Bentleyville,Tax Rate,2022,1.00,1.0,1.0,0,reported
Bentleyville,Tax Rate,2023,1.00,1.0,1.0,0,reported
Bentleyville,Tax Rate,2024,1.00,1.0,1.0,0,reported
Bentleyville,Tax Rate,2025,1.00,1.0,1.0,0,reported
Bentleyville,Credit Factor,2016,25,25.0,25.0,0,reported
Bentleyville,Credit Factor,2017,25,25.0,25.0,0,reported
Bentleyville,Credit Factor,2018,25,25.0,25.0,0,reported
Bentleyville,Credit Factor,2019,25/12.5,12.5,25.0,1,split_old_first
Bentleyville,Credit Factor,2020,12.5,12.5,12.5,0,reported
Bentleyville,Credit Factor,2021,12.5,12.5,12.5,0,reported
Bentleyville,Credit Factor,2022,12.5,12.5,12.5,0,reported
Bentleyville,Credit Factor,2023,12.5,12.5,12.5,0,reported
Bentleyville,Credit Factor,2024,12.5,12.5,12.5,0,reported
Bentleyville,Credit Factor,2025,12.5,12.5,12.5,0,reported
Bentleyville,Credit Rate,2016,1.00,1.0,1.0,0,reported
Bentleyville,Credit Rate,2017,1.00,1.0,1.0,0,reported
Bentleyville,Credit Rate,2018,1.00,1.0,1.0,0,reported
Bentleyville,Credit Rate,2019,1.00,1.0,1.0,0,reported
Bentleyville,Credit Rate,2020,1.00,1.0,1.0,0,reported
Bentleyville,Credit Rate,2021,1.00,1.0,1.0,0,reported
Bentleyville,Credit Rate,2022,1.00,1.0,1.0,0,reported
Bentleyville,Credit Rate,2023,1.00,1.0,1.0,0,reported
Bentleyville,Credit Rate,2024,1.00,1.0,1.0,0,reported
Bentleyville,Credit Rate,2025,1.00,1.0,1.0,0,reported
Berea,Tax Rate,2016,2.00,2.0,2.0,0,reported
Berea,Tax Rate,2017,2.00,2.0,2.0,0,reported
Berea,Tax Rate,2018,2.00,2.0,2.0,0,reported
Berea,Tax Rate,2019,2.00,2.0,2.0,0,reported
Berea,Tax Rate,2020,2.00,2.0,2.0,0,reported
Berea,Tax Rate,2021,2.00,2.0,2.0,0,reported
Berea,Tax Rate,2022,2.00,2.0,2.0,0,reported
Berea,Tax Rate,2023,2.00,2.0,2.0,0,reported
Berea,Tax Rate,2024,2.00,2.0,2.0,0,reported
Berea,Tax Rate,2025,2.00,2.0,2.0,0,reported
Berea,Credit Factor,2016,100,100.0,100.0,0,reported
Berea,Credit Factor,2017,100,100.0,100.0,0,reported
Berea,Credit Factor,2018,100,100.0,100.0,0,reported
Berea,Credit Factor,2019,100,100.0,100.0,0,reported
Berea,Credit Factor,2020,100,100.0,100.0,0,reported
Berea,Credit Factor,2021,100,100.0,100.0,0,reported
Berea,Credit Factor,2022,100,100.0,100.0,0,reported
Berea,Credit Factor,2023,100,100.0,100.0,0,reported
Berea,Credit Factor,2024,100,100.0,100.0,0,reported
Berea,Credit Factor,2025,100,100.0,100.0,0,reported
Berea,Credit Rate,2016,1.50,1.5,1.5,0,reported
Berea,Credit Rate,2017,1.50,1.5,1.5,0,reported
Berea,Credit Rate,2018,1.50,1.5,1.5,0,reported
Berea,Credit Rate,2019,1.50,1.5,1.5,0,reported
Berea,Credit Rate,2020,1.50,1.5,1.5,0,reported
Berea,Credit Rate,2021,1.50,1.5,1.5,0,reported
Berea,Credit Rate,2022,1.50,1.5,1.5,0,reported
Berea,Credit Rate,2023,1.50,1.5,1.5,0,reported
Berea,Credit Rate,2024,1.50,1.5,1.5,0,reported
Berea,Credit Rate,2025,1.50,1.5,1.5,0,reported
Bethel,Tax Rate,2016,0.50,0.5,0.5,0,reported
Bethel,Tax Rate,2017,0.50,0.5,0.5,0,reported
Bethel,Tax Rate,2018,0.50/0,0.0,0.5,1,split_old_first_partial
Bethel,Tax Rate,2019,0/0.50,0.5,0.0,1,split_old_first_partial
Bethel,Tax Rate,2020,0.50,0.5,0.5,0,reported
Bethel,Tax Rate,2021,0.50,0.5,0.5,0,reported
Bethel,Tax Rate,2022,0.50,0.5,0.5,0,reported
Bethel,Tax Rate,2023,0.50,0.5,0.5,0,reported
Bethel,Tax Rate,2024,1.00,1.0,1.0,0,reported
Bethel,Tax Rate,2025,1.00,1.0,1.0,0,reported
Bethel,Credit Factor,2016,-,0.0,0.0,0,dash_zero_inferred
Bethel,Credit Factor,2017,-,0.0,0.0,0,dash_zero_inferred
Bethel,Credit Factor,2018,-,0.0,0.0,0,dash_zero_inferred
Bethel,Credit Factor,2019,-,0.0,0.0,0,dash_zero_inferred
Bethel,Credit Factor,2020,-,0.0,0.0,0,dash_zero_inferred
Bethel,Credit Factor,2021,-,0.0,0.0,0,dash_zero_inferred
Bethel,Credit Factor,2022,-,0.0,0.0,0,dash_zero_inferred
Bethel,Credit Factor,2023,-,0.0,0.0,0,dash_zero_inferred
Bethel,Credit Factor,2024,75,75.0,75.0,0,reported
Bethel,Credit Factor,2025,75,75.0,75.0,0,reported
Bethel,Credit Rate,2016,-,0.0,0.0,0,dash_zero_inferred
Bethel,Credit Rate,2017,-,0.0,0.0,0,dash_zero_inferred
Bethel,Credit Rate,2018,-,0.0,0.0,0,dash_zero_inferred
Bethel,Credit Rate,2019,-,0.0,0.0,0,dash_zero_inferred
Bethel,Credit Rate,2020,-,0.0,0.0,0,dash_zero_inferred
Bethel,Credit Rate,2021,-,0.0,0.0,0,dash_zero_inferred
Bethel,Credit Rate,2022,-,0.0,0.0,0,dash_zero_inferred
Bethel,Credit Rate,2023,-,0.0,0.0,0,dash_zero_inferred
Bethel,Credit Rate,2024,1.00,1.0,1.0,0,reported
Bethel,Credit Rate,2025,1.00,1.0,1.0,0,reported
Bettsville,Tax Rate,2016,1.00,1.0,1.0,0,reported
Bettsville,Tax Rate,2017,1.00,1.0,1.0,0,reported
Bettsville,Tax Rate,2018,1.00,1.0,1.0,0,reported
Bettsville,Tax Rate,2019,1.00,1.0,1.0,0,reported
Bettsville,Tax Rate,2020,1.00,1.0,1.0,0,reported
Bettsville,Tax Rate,2021,1.00,1.0,1.0,0,reported
Bettsville,Tax Rate,2022,1.00,1.0,1.0,0,reported
Bettsville,Tax Rate,2023,1.00,1.0,1.0,0,reported
Bettsville,Tax Rate,2024,1.00,1.0,1.0,0,reported
Bettsville,Tax Rate,2025,1.00,1.0,1.0,0,reported
Bettsville,Credit Factor,2016,-,0.0,0.0,0,dash_zero_inferred
Bettsville,Credit Factor,2017,-,0.0,0.0,0,dash_zero_inferred
Bettsville,Credit Factor,2018,-,0.0,0.0,0,dash_zero_inferred
Bettsville,Credit Factor,2019,-,0.0,0.0,0,dash_zero_inferred
Bettsville,Credit Factor,2020,-,0.0,0.0,0,dash_zero_inferred
Bettsville,Credit Factor,2021,-,0.0,0.0,0,dash_zero_inferred
Bettsville,Credit Factor,2022,-,0.0,0.0,0,dash_zero_inferred
Bettsville,Credit Factor,2023,-,0.0,0.0,0,dash_zero_inferred
Bettsville,Credit Factor,2024,-,0.0,0.0,0,dash_zero_inferred
Bettsville,Credit Factor,2025,-,0.0,0.0,0,dash_zero_inferred
Bettsville,Credit Rate,2016,-,0.0,0.0,0,dash_zero_inferred
Bettsville,Credit Rate,2017,-,0.0,0.0,0,dash_zero_inferred
Bettsville,Credit Rate,2018,-,0.0,0.0,0,dash_zero_inferred
Bettsville,Credit Rate,2019,-,0.0,0.0,0,dash_zero_inferred
Bettsville,Credit Rate,2020,-,0.0,0.0,0,dash_zero_inferred
Bettsville,Credit Rate,2021,-,0.0,0.0,0,dash_zero_inferred
Bettsville,Credit Rate,2022,-,0.0,0.0,0,dash_zero_inferred
Bettsville,Credit Rate,2023,-,0.0,0.0,0,dash_zero_inferred
Bettsville,Credit Rate,2024,-,0.0,0.0,0,dash_zero_inferred
Bettsville,Credit Rate,2025,-,0.0,0.0,0,dash_zero_inferred
Beverly,Tax Rate,2016,-,,,0,not_member_or_no_tax
Beverly,Tax Rate,2017,-,,,0,not_member_or_no_tax
Beverly,Tax Rate,2018,-,,,0,not_member_or_no_tax
Beverly,Tax Rate,2019,-,,,0,not_member_or_no_tax
Beverly,Tax Rate,2020,-,,,0,not_member_or_no_tax
Beverly,Tax Rate,2021,-,,,0,not_member_or_no_tax
Beverly,Tax Rate,2022,-,,,0,not_member_or_no_tax
Beverly,Tax Rate,2023,-,,,0,not_member_or_no_tax
Beverly,Tax Rate,2024,1.25,1.25,1.25,0,reported
Beverly,Tax Rate,2025,1.25,1.25,1.25,0,reported
Beverly,Credit Factor,2016,-,,,0,not_member_or_no_tax
Beverly,Credit Factor,2017,-,,,0,not_member_or_no_tax
Beverly,Credit Factor,2018,-,,,0,not_member_or_no_tax
Beverly,Credit Factor,2019,-,,,0,not_member_or_no_tax
Beverly,Credit Factor,2020,-,,,0,not_member_or_no_tax
Beverly,Credit Factor,2021,-,,,0,not_member_or_no_tax
Beverly,Credit Factor,2022,-,,,0,not_member_or_no_tax
Beverly,Credit Factor,2023,-,,,0,not_member_or_no_tax
Beverly,Credit Factor,2024,100,100.0,100.0,0,reported
Beverly,Credit Factor,2025,100,100.0,100.0,0,reported
Beverly,Credit Rate,2016,-,,,0,not_member_or_no_tax
Beverly,Credit Rate,2017,-,,,0,not_member_or_no_tax
Beverly,Credit Rate,2018,-,,,0,not_member_or_no_tax
Beverly,Credit Rate,2019,-,,,0,not_member_or_no_tax
Beverly,Credit Rate,2020,-,,,0,not_member_or_no_tax
Beverly,Credit Rate,2021,-,,,0,not_member_or_no_tax
Beverly,Credit Rate,2022,-,,,0,not_member_or_no_tax
Beverly,Credit Rate,2023,-,,,0,not_member_or_no_tax
Beverly,Credit Rate,2024,1.25,1.25,1.25,0,reported
Beverly,Credit Rate,2025,1.25,1.25,1.25,0,reported
Bexley,Tax Rate,2016,2.50,2.5,2.5,0,reported
Bexley,Tax Rate,2017,2.50,2.5,2.5,0,reported
Bexley,Tax Rate,2018,2.50,2.5,2.5,0,reported
Bexley,Tax Rate,2019,2.50,2.5,2.5,0,reported
Bexley,Tax Rate,2020,2.50,2.5,2.5,0,reported
Bexley,Tax Rate,2021,2.50,2.5,2.5,0,reported
Bexley,Tax Rate,2022,2.50,2.5,2.5,0,reported
Bexley,Tax Rate,2023,2.50,2.5,2.5,0,reported
Bexley,Tax Rate,2024,2.50,2.5,2.5,0,reported
Bexley,Tax Rate,2025,2.50,2.5,2.5,0,reported
Bexley,Credit Factor,2016,65,65.0,65.0,0,reported
Bexley,Credit Factor,2017,65,65.0,65.0,0,reported
Bexley,Credit Factor,2018,65,65.0,65.0,0,reported
Bexley,Credit Factor,2019,65,65.0,65.0,0,reported
Bexley,Credit Factor,2020,65,65.0,65.0,0,reported
Bexley,Credit Factor,2021,65,65.0,65.0,0,reported
Bexley,Credit Factor,2022,65,65.0,65.0,0,reported
Bexley,Credit Factor,2023,65,65.0,65.0,0,reported
Bexley,Credit Factor,2024,65,65.0,65.0,0,reported
Bexley,Credit Factor,2025,65,65.0,65.0,0,reported
Bexley,Credit Rate,2016,2.50,2.5,2.5,0,reported
Bexley,Credit Rate,2017,2.50,2.5,2.5,0,reported
Bexley,Credit Rate,2018,2.50,2.5,2.5,0,reported
Bexley,Credit Rate,2019,2.50,2.5,2.5,0,reported
Bexley,Credit Rate,2020,2.50,2.5,2.5,0,reported
Bexley,Credit Rate,2021,2.50,2.5,2.5,0,reported
Bexley,Credit Rate,2022,2.50,2.5,2.5,0,reported
Bexley,Credit Rate,2023,2.50,2.5,2.5,0,reported
Bexley,Credit Rate,2024,2.50,2.5,2.5,0,reported
Bexley,Credit Rate,2025,2.50,2.5,2.5,0,reported
Blanchester,Tax Rate,2016,-,,,0,not_member_or_no_tax
Blanchester,Tax Rate,2017,-,,,0,not_member_or_no_tax
Blanchester,Tax Rate,2018,-,,,0,not_member_or_no_tax
Blanchester,Tax Rate,2019,-,,,0,not_member_or_no_tax
Blanchester,Tax Rate,2020,-,,,0,not_member_or_no_tax
Blanchester,Tax Rate,2021,-,,,0,not_member_or_no_tax
Blanchester,Tax Rate,2022,-,,,0,not_member_or_no_tax
Blanchester,Tax Rate,2023,-,,,0,not_member_or_no_tax
Blanchester,Tax Rate,2024,1.00,1.0,1.0,0,reported
Blanchester,Tax Rate,2025,1.00,1.0,1.0,0,reported
Blanchester,Credit Factor,2016,-,,,0,not_member_or_no_tax
Blanchester,Credit Factor,2017,-,,,0,not_member_or_no_tax
Blanchester,Credit Factor,2018,-,,,0,not_member_or_no_tax
Blanchester,Credit Factor,2019,-,,,0,not_member_or_no_tax
Blanchester,Credit Factor,2020,-,,,0,not_member_or_no_tax
Blanchester,Credit Factor,2021,-,,,0,not_member_or_no_tax
Blanchester,Credit Factor,2022,-,,,0,not_member_or_no_tax
Blanchester,Credit Factor,2023,-,,,0,not_member_or_no_tax
Blanchester,Credit Factor,2024,100,100.0,100.0,0,reported
Blanchester,Credit Factor,2025,100,100.0,100.0,0,reported
Blanchester,Credit Rate,2016,-,,,0,not_member_or_no_tax
Blanchester,Credit Rate,2017,-,,,0,not_member_or_no_tax
Blanchester,Credit Rate,2018,-,,,0,not_member_or_no_tax
Blanchester,Credit Rate,2019,-,,,0,not_member_or_no_tax
Blanchester,Credit Rate,2020,-,,,0,not_member_or_no_tax
Blanchester,Credit Rate,2021,-,,,0,not_member_or_no_tax
Blanchester,Credit Rate,2022,-,,,0,not_member_or_no_tax
Blanchester,Credit Rate,2023,-,,,0,not_member_or_no_tax
Blanchester,Credit Rate,2024,1.00,1.0,1.0,0,reported
Blanchester,Credit Rate,2025,1.00,1.0,1.0,0,reported
Bloomdale,Tax Rate,2016,1.00,1.0,1.0,0,reported
Bloomdale,Tax Rate,2017,1.00,1.0,1.0,0,reported
Bloomdale,Tax Rate,2018,1.00,1.0,1.0,0,reported
Bloomdale,Tax Rate,2019,1.00,1.0,1.0,0,reported
Bloomdale,Tax Rate,2020,1.00,1.0,1.0,0,reported
Bloomdale,Tax Rate,2021,1.00,1.0,1.0,0,reported
Bloomdale,Tax Rate,2022,1.00,1.0,1.0,0,reported
Bloomdale,Tax Rate,2023,1.00,1.0,1.0,0,reported
Bloomdale,Tax Rate,2024,1.00,1.0,1.0,0,reported
Bloomdale,Tax Rate,2025,1.00,1.0,1.0,0,reported
Bloomdale,Credit Factor,2016,-,0.0,0.0,0,dash_zero_inferred
Bloomdale,Credit Factor,2017,-,0.0,0.0,0,dash_zero_inferred
Bloomdale,Credit Factor,2018,-,0.0,0.0,0,dash_zero_inferred
Bloomdale,Credit Factor,2019,-,0.0,0.0,0,dash_zero_inferred
Bloomdale,Credit Factor,2020,-,0.0,0.0,0,dash_zero_inferred
Bloomdale,Credit Factor,2021,-,0.0,0.0,0,dash_zero_inferred
Bloomdale,Credit Factor,2022,-,0.0,0.0,0,dash_zero_inferred
Bloomdale,Credit Factor,2023,-,0.0,0.0,0,dash_zero_inferred
Bloomdale,Credit Factor,2024,-,0.0,0.0,0,dash_zero_inferred
Bloomdale,Credit Factor,2025,-,0.0,0.0,0,dash_zero_inferred
Bloomdale,Credit Rate,2016,-,0.0,0.0,0,dash_zero_inferred
Bloomdale,Credit Rate,2017,-,0.0,0.0,0,dash_zero_inferred
Bloomdale,Credit Rate,2018,-,0.0,0.0,0,dash_zero_inferred
Bloomdale,Credit Rate,2019,-,0.0,0.0,0,dash_zero_inferred
Bloomdale,Credit Rate,2020,-,0.0,0.0,0,dash_zero_inferred
Bloomdale,Credit Rate,2021,-,0.0,0.0,0,dash_zero_inferred
Bloomdale,Credit Rate,2022,-,0.0,0.0,0,dash_zero_inferred
Bloomdale,Credit Rate,2023,-,0.0,0.0,0,dash_zero_inferred
Bloomdale,Credit Rate,2024,-,0.0,0.0,0,dash_zero_inferred
Bloomdale,Credit Rate,2025,-,0.0,0.0,0,dash_zero_inferred
Bloomingdale,Tax Rate,2016,1.00,1.0,1.0,0,reported
Bloomingdale,Tax Rate,2017,1.00,1.0,1.0,0,reported
Bloomingdale,Tax Rate,2018,1.00,1.0,1.0,0,reported
Bloomingdale,Tax Rate,2019,1.00,1.0,1.0,0,reported
Bloomingdale,Tax Rate,2020,1.00,1.0,1.0,0,reported
Bloomingdale,Tax Rate,2021,1.00,1.0,1.0,0,reported
Bloomingdale,Tax Rate,2022,1.00,1.0,1.0,0,reported
Bloomingdale,Tax Rate,2023,1.00,1.0,1.0,0,reported
Bloomingdale,Tax Rate,2024,1.00,1.0,1.0,0,reported
Bloomingdale,Tax Rate,2025,1.00,1.0,1.0,0,reported
Bloomingdale,Credit Factor,2016,100,100.0,100.0,0,reported
Bloomingdale,Credit Factor,2017,100,100.0,100.0,0,reported
Bloomingdale,Credit Factor,2018,100,100.0,100.0,0,reported
Bloomingdale,Credit Factor,2019,100,100.0,100.0,0,reported
Bloomingdale,Credit Factor,2020,100,100.0,100.0,0,reported
Bloomingdale,Credit Factor,2021,100,100.0,100.0,0,reported
Bloomingdale,Credit Factor,2022,100,100.0,100.0,0,reported
Bloomingdale,Credit Factor,2023,100,100.0,100.0,0,reported
Bloomingdale,Credit Factor,2024,100,100.0,100.0,0,reported
Bloomingdale,Credit Factor,2025,100,100.0,100.0,0,reported
Bloomingdale,Credit Rate,2016,1.00,1.0,1.0,0,reported
Bloomingdale,Credit Rate,2017,1.00,1.0,1.0,0,reported
Bloomingdale,Credit Rate,2018,1.00,1.0,1.0,0,reported
Bloomingdale,Credit Rate,2019,1.00,1.0,1.0,0,reported
Bloomingdale,Credit Rate,2020,1.00,1.0,1.0,0,reported
Bloomingdale,Credit Rate,2021,1.00,1.0,1.0,0,reported
Bloomingdale,Credit Rate,2022,1.00,1.0,1.0,0,reported
Bloomingdale,Credit Rate,2023,1.00,1.0,1.0,0,reported
Bloomingdale,Credit Rate,2024,1.00,1.0,1.0,0,reported
Bloomingdale,Credit Rate,2025,1.00,1.0,1.0,0,reported
Bloomville,Tax Rate,2016,-,,,0,not_member_or_no_tax
Bloomville,Tax Rate,2017,-,,,0,not_member_or_no_tax
Bloomville,Tax Rate,2018,-,,,0,not_member_or_no_tax
Bloomville,Tax Rate,2019,1.00,1.0,1.0,0,reported
Bloomville,Tax Rate,2020,1.00,1.0,1.0,0,reported
Bloomville,Tax Rate,2021,1.00,1.0,1.0,0,reported
Bloomville,Tax Rate,2022,1.00,1.0,1.0,0,reported
Bloomville,Tax Rate,2023,1.00,1.0,1.0,0,reported
Bloomville,Tax Rate,2024,1.00,1.0,1.0,0,reported
Bloomville,Tax Rate,2025,1.00,1.0,1.0,0,reported
Bloomville,Credit Factor,2016,-,,,0,not_member_or_no_tax
Bloomville,Credit Factor,2017,-,,,0,not_member_or_no_tax
Bloomville,Credit Factor,2018,-,,,0,not_member_or_no_tax
Bloomville,Credit Factor,2019,-,0.0,0.0,0,dash_zero_inferred
Bloomville,Credit Factor,2020,-,0.0,0.0,0,dash_zero_inferred
Bloomville,Credit Factor,2021,-,0.0,0.0,0,dash_zero_inferred
Bloomville,Credit Factor,2022,-,0.0,0.0,0,dash_zero_inferred
Bloomville,Credit Factor,2023,-,0.0,0.0,0,dash_zero_inferred
Bloomville,Credit Factor,2024,-,0.0,0.0,0,dash_zero_inferred
Bloomville,Credit Factor,2025,-,0.0,0.0,0,dash_zero_inferred
Bloomville,Credit Rate,2016,-,,,0,not_member_or_no_tax
Bloomville,Credit Rate,2017,-,,,0,not_member_or_no_tax
Bloomville,Credit Rate,2018,-,,,0,not_member_or_no_tax
Bloomville,Credit Rate,2019,-,0.0,0.0,0,dash_zero_inferred
Bloomville,Credit Rate,2020,-,0.0,0.0,0,dash_zero_inferred
Bloomville,Credit Rate,2021,-,0.0,0.0,0,dash_zero_inferred
Bloomville,Credit Rate,2022,-,0.0,0.0,0,dash_zero_inferred
Bloomville,Credit Rate,2023,-,0.0,0.0,0,dash_zero_inferred
Bloomville,Credit Rate,2024,-,0.0,0.0,0,dash_zero_inferred
Bloomville,Credit Rate,2025,-,0.0,0.0,0,dash_zero_inferred
Boston Heights,Tax Rate,2016,2.00,2.0,2.0,0,reported
Boston Heights,Tax Rate,2017,2.00,2.0,2.0,0,reported
Boston Heights,Tax Rate,2018,2.00,2.0,2.0,0,reported
Boston Heights,Tax Rate,2019,2.00,2.0,2.0,0,reported
Boston Heights,Tax Rate,2020,2.00,2.0,2.0,0,reported
Boston Heights,Tax Rate,2021,2.00,2.0,2.0,0,reported
Boston Heights,Tax Rate,2022,2.00,2.0,2.0,0,reported
Boston Heights,Tax Rate,2023,2.00,2.0,2.0,0,reported
Boston Heights,Tax Rate,2024,2.00,2.0,2.0,0,reported
Boston Heights,Tax Rate,2025,2.00,2.0,2.0,0,reported
Boston Heights,Credit Factor,2016,100,100.0,100.0,0,reported
Boston Heights,Credit Factor,2017,100,100.0,100.0,0,reported
Boston Heights,Credit Factor,2018,100,100.0,100.0,0,reported
Boston Heights,Credit Factor,2019,100,100.0,100.0,0,reported
Boston Heights,Credit Factor,2020,100,100.0,100.0,0,reported
Boston Heights,Credit Factor,2021,100,100.0,100.0,0,reported
Boston Heights,Credit Factor,2022,100,100.0,100.0,0,reported
Boston Heights,Credit Factor,2023,100,100.0,100.0,0,reported
Boston Heights,Credit Factor,2024,100,100.0,100.0,0,reported
Boston Heights,Credit Factor,2025,100,100.0,100.0,0,reported
Boston Heights,Credit Rate,2016,2.00,2.0,2.0,0,reported
Boston Heights,Credit Rate,2017,2.00,2.0,2.0,0,reported
Boston Heights,Credit Rate,2018,2.00,2.0,2.0,0,reported
Boston Heights,Credit Rate,2019,2.00,2.0,2.0,0,reported
Boston Heights,Credit Rate,2020,2.00,2.0,2.0,0,reported
Boston Heights,Credit Rate,2021,2.00,2.0,2.0,0,reported
Boston Heights,Credit Rate,2022,2.00,2.0,2.0,0,reported
Boston Heights,Credit Rate,2023,2.00,2.0,2.0,0,reported
Boston Heights,Credit Rate,2024,2.00,2.0,2.0,0,reported
Boston Heights,Credit Rate,2025,2.00,2.0,2.0,0,reported
Boston Twp Peninsula Jedd,Tax Rate,2016,2.00,2.0,2.0,0,reported
Boston Twp Peninsula Jedd,Tax Rate,2017,2.00,2.0,2.0,0,reported
Boston Twp Peninsula Jedd,Tax Rate,2018,2.00,2.0,2.0,0,reported
Boston Twp Peninsula Jedd,Tax Rate,2019,2.00,2.0,2.0,0,reported
Boston Twp Peninsula Jedd,Tax Rate,2020,2.00,2.0,2.0,0,reported
Boston Twp Peninsula Jedd,Tax Rate,2021,2.00,2.0,2.0,0,reported
Boston Twp Peninsula Jedd,Tax Rate,2022,2.00,2.0,2.0,0,reported
Boston Twp Peninsula Jedd,Tax Rate,2023,2.00,2.0,2.0,0,reported
Boston Twp Peninsula Jedd,Tax Rate,2024,2.00,2.0,2.0,0,reported
Boston Twp Peninsula Jedd,Tax Rate,2025,2.00,2.0,2.0,0,reported
Boston Twp Peninsula Jedd,Credit Factor,2016,,,,0,absent
Boston Twp Peninsula Jedd,Credit Factor,2017,,,,0,absent
Boston Twp Peninsula Jedd,Credit Factor,2018,,,,0,absent
Boston Twp Peninsula Jedd,Credit Factor,2019,,,,0,absent
Boston Twp Peninsula Jedd,Credit Factor,2020,,,,0,absent
Boston Twp Peninsula Jedd,Credit Factor,2021,,,,0,absent
Boston Twp Peninsula Jedd,Credit Factor,2022,,,,0,absent
Boston Twp Peninsula Jedd,Credit Factor,2023,,,,0,absent
Boston Twp Peninsula Jedd,Credit Factor,2024,,,,0,absent
Boston Twp Peninsula Jedd,Credit Factor,2025,,,,0,absent
Boston Twp Peninsula Jedd,Credit Rate,2016,,,,0,absent
Boston Twp Peninsula Jedd,Credit Rate,2017,,,,0,absent
Boston Twp Peninsula Jedd,Credit Rate,2018,,,,0,absent
Boston Twp Peninsula Jedd,Credit Rate,2019,,,,0,absent
Boston Twp Peninsula Jedd,Credit Rate,2020,,,,0,absent
Boston Twp Peninsula Jedd,Credit Rate,2021,,,,0,absent
Boston Twp Peninsula Jedd,Credit Rate,2022,,,,0,absent
Boston Twp Peninsula Jedd,Credit Rate,2023,,,,0,absent
Boston Twp Peninsula Jedd,Credit Rate,2024,,,,0,absent
Boston Twp Peninsula Jedd,Credit Rate,2025,,,,0,absent
Bradford,Tax Rate,2016,-,,,0,not_member_or_no_tax
Bradford,Tax Rate,2017,-,,,0,not_member_or_no_tax
Bradford,Tax Rate,2018,-,,,0,not_member_or_no_tax
Bradford,Tax Rate,2019,-,,,0,not_member_or_no_tax
Bradford,Tax Rate,2020,-,,,0,not_member_or_no_tax
Bradford,Tax Rate,2021,-,,,0,not_member_or_no_tax
Bradford,Tax Rate,2022,-,,,0,not_member_or_no_tax
Bradford,Tax Rate,2023,-,,,0,not_member_or_no_tax
Bradford,Tax Rate,2024,1.00,1.0,1.0,0,reported
Bradford,Tax Rate,2025,1.00,1.0,1.0,0,reported
Bradford,Credit Factor,2016,-,,,0,not_member_or_no_tax
Bradford,Credit Factor,2017,-,,,0,not_member_or_no_tax
Bradford,Credit Factor,2018,-,,,0,not_member_or_no_tax
Bradford,Credit Factor,2019,-,,,0,not_member_or_no_tax
Bradford,Credit Factor,2020,-,,,0,not_member_or_no_tax
Bradford,Credit Factor,2021,-,,,0,not_member_or_no_tax
Bradford,Credit Factor,2022,-,,,0,not_member_or_no_tax
Bradford,Credit Factor,2023,-,,,0,not_member_or_no_tax
Bradford,Credit Factor,2024,100,100.0,100.0,0,reported
Bradford,Credit Factor,2025,100,100.0,100.0,0,reported
Bradford,Credit Rate,2016,-,,,0,not_member_or_no_tax
Bradford,Credit Rate,2017,-,,,0,not_member_or_no_tax
Bradford,Credit Rate,2018,-,,,0,not_member_or_no_tax
Bradford,Credit Rate,2019,-,,,0,not_member_or_no_tax
Bradford,Credit Rate,2020,-,,,0,not_member_or_no_tax
Bradford,Credit Rate,2021,-,,,0,not_member_or_no_tax
Bradford,Credit Rate,2022,-,,,0,not_member_or_no_tax
Bradford,Credit Rate,2023,-,,,0,not_member_or_no_tax
Bradford,Credit Rate,2024,1.00,1.0,1.0,0,reported
Bradford,Credit Rate,2025,1.00,1.0,1.0,0,reported
Bratenahl,Tax Rate,2016,-,,,0,not_member_or_no_tax
Bratenahl,Tax Rate,2017,-,,,0,not_member_or_no_tax
Bratenahl,Tax Rate,2018,-,,,0,not_member_or_no_tax
Bratenahl,Tax Rate,2019,-,,,0,not_member_or_no_tax
Bratenahl,Tax Rate,2020,-,,,0,not_member_or_no_tax
Bratenahl,Tax Rate,2021,2.00,2.0,2.0,0,reported
Bratenahl,Tax Rate,2022,2.00,2.0,2.0,0,reported
Bratenahl,Tax Rate,2023,2.00,2.0,2.0,0,reported
Bratenahl,Tax Rate,2024,2.00,2.0,2.0,0,reported
Bratenahl,Tax Rate,2025,2.00,2.0,2.0,0,reported
Bratenahl,Credit Factor,2016,-,,,0,not_member_or_no_tax
Bratenahl,Credit Factor,2017,-,,,0,not_member_or_no_tax
Bratenahl,Credit Factor,2018,-,,,0,not_member_or_no_tax
Bratenahl,Credit Factor,2019,-,,,0,not_member_or_no_tax
Bratenahl,Credit Factor,2020,-,,,0,not_member_or_no_tax
Bratenahl,Credit Factor,2021,50,50.0,50.0,0,reported
Bratenahl,Credit Factor,2022,50,50.0,50.0,0,reported
Bratenahl,Credit Factor,2023,50,50.0,50.0,0,reported
Bratenahl,Credit Factor,2024,50,50.0,50.0,0,reported
Bratenahl,Credit Factor,2025,50,50.0,50.0,0,reported
Bratenahl,Credit Rate,2016,-,,,0,not_member_or_no_tax
Bratenahl,Credit Rate,2017,-,,,0,not_member_or_no_tax
Bratenahl,Credit Rate,2018,-,,,0,not_member_or_no_tax
Bratenahl,Credit Rate,2019,-,,,0,not_member_or_no_tax
Bratenahl,Credit Rate,2020,-,,,0,not_member_or_no_tax
Bratenahl,Credit Rate,2021,2.00,2.0,2.0,0,reported
Bratenahl,Credit Rate,2022,2.00,2.0,2.0,0,reported
Bratenahl,Credit Rate,2023,2.00,2.0,2.0,0,reported
Bratenahl,Credit Rate,2024,2.00,2.0,2.0,0,reported
Bratenahl,Credit Rate,2025,2.00,2.0,2.0,0,reported
Brecksville,Tax Rate,2016,2.00,2.0,2.0,0,reported
Brecksville,Tax Rate,2017,2.00,2.0,2.0,0,reported
Brecksville,Tax Rate,2018,2.00,2.0,2.0,0,reported
Brecksville,Tax Rate,2019,2.00,2.0,2.0,0,reported
Brecksville,Tax Rate,2020,2.00,2.0,2.0,0,reported
Brecksville,Tax Rate,2021,2.00,2.0,2.0,0,reported
Brecksville,Tax Rate,2022,2.00,2.0,2.0,0,reported
Brecksville,Tax Rate,2023,2.00,2.0,2.0,0,reported
Brecksville,Tax Rate,2024,2.00,2.0,2.0,0,reported
Brecksville,Tax Rate,2025,2.00,2.0,2.0,0,reported
Brecksville,Credit Factor,2016,87.50,87.5,87.5,0,reported
Brecksville,Credit Factor,2017,87.50,87.5,87.5,0,reported
Brecksville,Credit Factor,2018,87.50,87.5,87.5,0,reported
Brecksville,Credit Factor,2019,87.50,87.5,87.5,0,reported
Brecksville,Credit Factor,2020,87.50,87.5,87.5,0,reported
Brecksville,Credit Factor,2021,100,100.0,100.0,0,reported
Brecksville,Credit Factor,2022,100,100.0,100.0,0,reported
Brecksville,Credit Factor,2023,100,100.0,100.0,0,reported
Brecksville,Credit Factor,2024,100,100.0,100.0,0,reported
Brecksville,Credit Factor,2025,100,100.0,100.0,0,reported
Brecksville,Credit Rate,2016,2.00,2.0,2.0,0,reported
Brecksville,Credit Rate,2017,2.00,2.0,2.0,0,reported
Brecksville,Credit Rate,2018,2.00,2.0,2.0,0,reported
Brecksville,Credit Rate,2019,2.00,2.0,2.0,0,reported
Brecksville,Credit Rate,2020,2.00,2.0,2.0,0,reported
Brecksville,Credit Rate,2021,2.00,2.0,2.0,0,reported
Brecksville,Credit Rate,2022,2.00,2.0,2.0,0,reported
Brecksville,Credit Rate,2023,2.00,2.0,2.0,0,reported
Brecksville,Credit Rate,2024,2.00,2.0,2.0,0,reported
Brecksville,Credit Rate,2025,2.00,2.0,2.0,0,reported
Bremen,Tax Rate,2016,1.00,1.0,1.0,0,reported
Bremen,Tax Rate,2017,1.00,1.0,1.0,0,reported
Bremen,Tax Rate,2018,1.00,1.0,1.0,0,reported
Bremen,Tax Rate,2019,1.00,1.0,1.0,0,reported
Bremen,Tax Rate,2020,1.00,1.0,1.0,0,reported
Bremen,Tax Rate,2021,1.00,1.0,1.0,0,reported
Bremen,Tax Rate,2022,1.00,1.0,1.0,0,reported
Bremen,Tax Rate,2023,1.00,1.0,1.0,0,reported
Bremen,Tax Rate,2024,1.00,1.0,1.0,0,reported
Bremen,Tax Rate,2025,1.00,1.0,1.0,0,reported
Bremen,Credit Factor,2016,100,100.0,100.0,0,reported
Bremen,Credit Factor,2017,100,100.0,100.0,0,reported
Bremen,Credit Factor,2018,100,100.0,100.0,0,reported
Bremen,Credit Factor,2019,100,100.0,100.0,0,reported
Bremen,Credit Factor,2020,100,100.0,100.0,0,reported
Bremen,Credit Factor,2021,50,50.0,50.0,0,reported
Bremen,Credit Factor,2022,50,50.0,50.0,0,reported
Bremen,Credit Factor,2023,50,50.0,50.0,0,reported
Bremen,Credit Factor,2024,50,50.0,50.0,0,reported
Bremen,Credit Factor,2025,50,50.0,50.0,0,reported
Bremen,Credit Rate,2016,1.00,1.0,1.0,0,reported
Bremen,Credit Rate,2017,1.00,1.0,1.0,0,reported
Bremen,Credit Rate,2018,1.00,1.0,1.0,0,reported
Bremen,Credit Rate,2019,1.00,1.0,1.0,0,reported
Bremen,Credit Rate,2020,1.00,1.0,1.0,0,reported
Bremen,Credit Rate,2021,1.00,1.0,1.0,0,reported
Bremen,Credit Rate,2022,1.00,1.0,1.0,0,reported
Bremen,Credit Rate,2023,1.00,1.0,1.0,0,reported
Bremen,Credit Rate,2024,1.00,1.0,1.0,0,reported
Bremen,Credit Rate,2025,1.00,1.0,1.0,0,reported
Brice,Tax Rate,2016,-,,,0,not_member_or_no_tax
Brice,Tax Rate,2017,-,,,0,not_member_or_no_tax
Brice,Tax Rate,2018,-,,,0,not_member_or_no_tax
Brice,Tax Rate,2019,2.00,2.0,2.0,0,reported
Brice,Tax Rate,2020,2.00,2.0,2.0,0,reported
Brice,Tax Rate,2021,2.00,2.0,2.0,0,reported
Brice,Tax Rate,2022,2.00,2.0,2.0,0,reported
Brice,Tax Rate,2023,2.00,2.0,2.0,0,reported
Brice,Tax Rate,2024,2.00,2.0,2.0,0,reported
Brice,Tax Rate,2025,2.00,2.0,2.0,0,reported
Brice,Credit Factor,2016,-,,,0,not_member_or_no_tax
Brice,Credit Factor,2017,-,,,0,not_member_or_no_tax
Brice,Credit Factor,2018,-,,,0,not_member_or_no_tax
Brice,Credit Factor,2019,100,100.0,100.0,0,reported
Brice,Credit Factor,2020,100,100.0,100.0,0,reported
Brice,Credit Factor,2021,100,100.0,100.0,0,reported
Brice,Credit Factor,2022,100,100.0,100.0,0,reported
Brice,Credit Factor,2023,100,100.0,100.0,0,reported
Brice,Credit Factor,2024,100,100.0,100.0,0,reported
Brice,Credit Factor,2025,100,100.0,100.0,0,reported
Brice,Credit Rate,2016,-,,,0,not_member_or_no_tax
Brice,Credit Rate,2017,-,,,0,not_member_or_no_tax
Brice,Credit Rate,2018,-,,,0,not_member_or_no_tax
Brice,Credit Rate,2019,2.00,2.0,2.0,0,reported
Brice,Credit Rate,2020,2.00,2.0,2.0,0,reported
Brice,Credit Rate,2021,2.00,2.0,2.0,0,reported
Brice,Credit Rate,2022,2.00,2.0,2.0,0,reported
Brice,Credit Rate,2023,2.00,2.0,2.0,0,reported
Brice,Credit Rate,2024,2.00,2.0,2.0,0,reported
Brice,Credit Rate,2025,2.00,2.0,2.0,0,reported
Bridgeport,Tax Rate,2016,-,,,0,not_member_or_no_tax
Bridgeport,Tax Rate,2017,-,,,0,not_member_or_no_tax
Bridgeport,Tax Rate,2018,-,,,0,not_member_or_no_tax
Bridgeport,Tax Rate,2019,1.00/-,1.0,0.0,1,split_new_first
Bridgeport,Tax Rate,2020,1.00,1.0,1.0,0,reported
Bridgeport,Tax Rate,2021,1.00,1.0,1.0,0,reported
Bridgeport,Tax Rate,2022,1.00,1.0,1.0,0,reported
Bridgeport,Tax Rate,2023,1.00,1.0,1.0,0,reported
Bridgeport,Tax Rate,2024,1.00,1.0,1.0,0,reported
Bridgeport,Tax Rate,2025,1.00,1.0,1.0,0,reported
Bridgeport,Credit Factor,2016,-,,,0,not_member_or_no_tax
Bridgeport,Credit Factor,2017,-,,,0,not_member_or_no_tax
Bridgeport,Credit Factor,2018,-,,,0,not_member_or_no_tax
Bridgeport,Credit Factor,2019,-,0.0,0.0,0,dash_zero_inferred
Bridgeport,Credit Factor,2020,-,0.0,0.0,0,dash_zero_inferred
Bridgeport,Credit Factor,2021,-,0.0,0.0,0,dash_zero_inferred
Bridgeport,Credit Factor,2022,-,0.0,0.0,0,dash_zero_inferred
Bridgeport,Credit Factor,2023,-,0.0,0.0,0,dash_zero_inferred
Bridgeport,Credit Factor,2024,-,0.0,0.0,0,dash_zero_inferred
Bridgeport,Credit Factor,2025,-,0.0,0.0,0,dash_zero_inferred
Bridgeport,Credit Rate,2016,-,,,0,not_member_or_no_tax
Bridgeport,Credit Rate,2017,-,,,0,not_member_or_no_tax
Bridgeport,Credit Rate,2018,-,,,0,not_member_or_no_tax
Bridgeport,Credit Rate,2019,-,0.0,0.0,0,dash_zero_inferred
Bridgeport,Credit Rate,2020,-,0.0,0.0,0,dash_zero_inferred
Bridgeport,Credit Rate,2021,-,0.0,0.0,0,dash_zero_inferred
Bridgeport,Credit Rate,2022,-,0.0,0.0,0,dash_zero_inferred
Bridgeport,Credit Rate,2023,-,0.0,0.0,0,dash_zero_inferred
Bridgeport,Credit Rate,2024,-,0.0,0.0,0,dash_zero_inferred
Bridgeport,Credit Rate,2025,-,0.0,0.0,0,dash_zero_inferred
Brimfield Tallmadge Jedd,Tax Rate,2016,1.25,1.25,1.25,0,reported
Brimfield Tallmadge Jedd,Tax Rate,2017,1.25,1.25,1.25,0,reported
Brimfield Tallmadge Jedd,Tax Rate,2018,1.25,1.25,1.25,0,reported
Brimfield Tallmadge Jedd,Tax Rate,2019,1.50,1.5,1.5,0,reported
Brimfield Tallmadge Jedd,Tax Rate,2020,1.50,1.5,1.5,0,reported
Brimfield Tallmadge Jedd,Tax Rate,2021,1.50,1.5,1.5,0,reported
Brimfield Tallmadge Jedd,Tax Rate,2022,1.75,1.75,1.75,0,reported
Brimfield Tallmadge Jedd,Tax Rate,2023,1.75,1.75,1.75,0,reported
Brimfield Tallmadge Jedd,Tax Rate,2024,1.75,1.75,1.75,0,reported
Brimfield Tallmadge Jedd,Tax Rate,2025,2.00,2.0,2.0,0,reported
Brimfield Tallmadge Jedd,Credit Factor,2016,,,,0,absent
Brimfield Tallmadge Jedd,Credit Factor,2017,,,,0,absent
Brimfield Tallmadge Jedd,Credit Factor,2018,,,,0,absent
Brimfield Tallmadge Jedd,Credit Factor,2019,,,,0,absent
Brimfield Tallmadge Jedd,Credit Factor,2020,,,,0,absent
Brimfield Tallmadge Jedd,Credit Factor,2021,,,,0,absent
Brimfield Tallmadge Jedd,Credit Factor,2022,,,,0,absent
Brimfield Tallmadge Jedd,Credit Factor,2023,,,,0,absent
Brimfield Tallmadge Jedd,Credit Factor,2024,,,,0,absent
Brimfield Tallmadge Jedd,Credit Factor,2025,,,,0,absent
Brimfield Tallmadge Jedd,Credit Rate,2016,,,,0,absent
Brimfield Tallmadge Jedd,Credit Rate,2017,,,,0,absent
Brimfield Tallmadge Jedd,Credit Rate,2018,,,,0,absent
Brimfield Tallmadge Jedd,Credit Rate,2019,,,,0,absent
Brimfield Tallmadge Jedd,Credit Rate,2020,,,,0,absent
Brimfield Tallmadge Jedd,Credit Rate,2021,,,,0,absent
Brimfield Tallmadge Jedd,Credit Rate,2022,,,,0,absent
Brimfield Tallmadge Jedd,Credit Rate,2023,,,,0,absent
Brimfield Tallmadge Jedd,Credit Rate,2024,,,,0,absent
Brimfield Tallmadge Jedd,Credit Rate,2025,,,,0,absent
Broadview Heights,Tax Rate,2016,2.00,2.0,2.0,0,reported
Broadview Heights,Tax Rate,2017,2.00,2.0,2.0,0,reported
Broadview Heights,Tax Rate,2018,2.00,2.0,2.0,0,reported
Broadview Heights,Tax Rate,2019,2.00,2.0,2.0,0,reported
Broadview Heights,Tax Rate,2020,2.00,2.0,2.0,0,reported
Broadview Heights,Tax Rate,2021,2.00,2.0,2.0,0,reported
Broadview Heights,Tax Rate,2022,2.00,2.0,2.0,0,reported
Broadview Heights,Tax Rate,2023,2.00,2.0,2.0,0,reported
Broadview Heights,Tax Rate,2024,2.00,2.0,2.0,0,reported
Broadview Heights,Tax Rate,2025,2.00,2.0,2.0,0,reported
Broadview Heights,Credit Factor,2016,75,75.0,75.0,0,reported
Broadview Heights,Credit Factor,2017,75,75.0,75.0,0,reported
Broadview Heights,Credit Factor,2018,75,75.0,75.0,0,reported
Broadview Heights,Credit Factor,2019,75,75.0,75.0,0,reported
Broadview Heights,Credit Factor,2020,75,75.0,75.0,0,reported
Broadview Heights,Credit Factor,2021,75,75.0,75.0,0,reported
Broadview Heights,Credit Factor,2022,75,75.0,75.0,0,reported
Broadview Heights,Credit Factor,2023,75,75.0,75.0,0,reported
Broadview Heights,Credit Factor,2024,75,75.0,75.0,0,reported
Broadview Heights,Credit Factor,2025,75,75.0,75.0,0,reported
Broadview Heights,Credit Rate,2016,2.00,2.0,2.0,0,reported
Broadview Heights,Credit Rate,2017,2.00,2.0,2.0,0,reported
Broadview Heights,Credit Rate,2018,2.00,2.0,2.0,0,reported
Broadview Heights,Credit Rate,2019,2.00,2.0,2.0,0,reported
Broadview Heights,Credit Rate,2020,2.00,2.0,2.0,0,reported
Broadview Heights,Credit Rate,2021,2.00,2.0,2.0,0,reported
Broadview Heights,Credit Rate,2022,2.00,2.0,2.0,0,reported
Broadview Heights,Credit Rate,2023,2.00,2.0,2.0,0,reported
Broadview Heights,Credit Rate,2024,2.00,2.0,2.0,0,reported
Broadview Heights,Credit Rate,2025,2.00,2.0,2.0,0,reported
Brooklyn,Tax Rate,2016,2.50,2.5,2.5,0,reported
Brooklyn,Tax Rate,2017,2.50,2.5,2.5,0,reported
Brooklyn,Tax Rate,2018,2.50,2.5,2.5,0,reported
Brooklyn,Tax Rate,2019,2.50,2.5,2.5,0,reported
Brooklyn,Tax Rate,2020,2.50,2.5,2.5,0,reported
Brooklyn,Tax Rate,2021,2.50,2.5,2.5,0,reported
Brooklyn,Tax Rate,2022,2.50,2.5,2.5,0,reported
Brooklyn,Tax Rate,2023,2.50,2.5,2.5,0,reported
Brooklyn,Tax Rate,2024,2.50,2.5,2.5,0,reported
Brooklyn,Tax Rate,2025,2.50,2.5,2.5,0,reported
Brooklyn,Credit Factor,2016,100,100.0,100.0,0,reported
Brooklyn,Credit Factor,2017,100,100.0,100.0,0,reported
Brooklyn,Credit Factor,2018,100,100.0,100.0,0,reported
Brooklyn,Credit Factor,2019,100,100.0,100.0,0,reported
Brooklyn,Credit Factor,2020,100,100.0,100.0,0,reported
Brooklyn,Credit Factor,2021,100,100.0,100.0,0,reported
Brooklyn,Credit Factor,2022,100,100.0,100.0,0,reported
Brooklyn,Credit Factor,2023,100,100.0,100.0,0,reported
Brooklyn,Credit Factor,2024,100,100.0,100.0,0,reported
Brooklyn,Credit Factor,2025,100,100.0,100.0,0,reported
Brooklyn,Credit Rate,2016,2.50,2.5,2.5,0,reported
Brooklyn,Credit Rate,2017,2.50,2.5,2.5,0,reported
Brooklyn,Credit Rate,2018,2.50,2.5,2.5,0,reported
Brooklyn,Credit Rate,2019,2.50,2.5,2.5,0,reported
Brooklyn,Credit Rate,2020,2.50,2.5,2.5,0,reported
Brooklyn,Credit Rate,2021,2.50,2.5,2.5,0,reported
Brooklyn,Credit Rate,2022,2.50,2.5,2.5,0,reported
Brooklyn,Credit Rate,2023,2.50,2.5,2.5,0,reported
Brooklyn,Credit Rate,2024,2.50,2.5,2.5,0,reported
Brooklyn,Credit Rate,2025,2.50,2.5,2.5,0,reported
Brooklyn Heights,Tax Rate,2016,2.00,2.0,2.0,0,reported
Brooklyn Heights,Tax Rate,2017,2.00,2.0,2.0,0,reported
Brooklyn Heights,Tax Rate,2018,2.50/2.00,2.5,2.0,1,split_new_first
Brooklyn Heights,Tax Rate,2019,2.50,2.5,2.5,0,reported
Brooklyn Heights,Tax Rate,2020,2.50,2.5,2.5,0,reported
Brooklyn Heights,Tax Rate,2021,2.50,2.5,2.5,0,reported
Brooklyn Heights,Tax Rate,2022,2.50,2.5,2.5,0,reported
Brooklyn Heights,Tax Rate,2023,2.50,2.5,2.5,0,reported
Brooklyn Heights,Tax Rate,2024,2.50,2.5,2.5,0,reported
Brooklyn Heights,Tax Rate,2025,2.50,2.5,2.5,0,reported
Brooklyn Heights,Credit Factor,2016,100,100.0,100.0,0,reported
Brooklyn Heights,Credit Factor,2017,100,100.0,100.0,0,reported
Brooklyn Heights,Credit Factor,2018,100,100.0,100.0,0,reported
Brooklyn Heights,Credit Factor,2019,100,100.0,100.0,0,reported
Brooklyn Heights,Credit Factor,2020,100,100.0,100.0,0,reported
Brooklyn Heights,Credit Factor,2021,100,100.0,100.0,0,reported
Brooklyn Heights,Credit Factor,2022,100,100.0,100.0,0,reported
Brooklyn Heights,Credit Factor,2023,100,100.0,100.0,0,reported
Brooklyn Heights,Credit Factor,2024,100,100.0,100.0,0,reported
Brooklyn Heights,Credit Factor,2025,100,100.0,100.0,0,reported
Brooklyn Heights,Credit Rate,2016,2.00,2.0,2.0,0,reported
Brooklyn Heights,Credit Rate,2017,2.00,2.0,2.0,0,reported
Brooklyn Heights,Credit Rate,2018,2.50/2.00,2.5,2.0,1,split_new_first
Brooklyn Heights,Credit Rate,2019,2.50,2.5,2.5,0,reported
Brooklyn Heights,Credit Rate,2020,2.50,2.5,2.5,0,reported
Brooklyn Heights,Credit Rate,2021,2.50,2.5,2.5,0,reported
Brooklyn Heights,Credit Rate,2022,2.50,2.5,2.5,0,reported
Brooklyn Heights,Credit Rate,2023,2.50,2.5,2.5,0,reported
Brooklyn Heights,Credit Rate,2024,2.50,2.5,2.5,0,reported
Brooklyn Heights,Credit Rate,2025,2.50,2.5,2.5,0,reported
Bryan,Tax Rate,2016,-,,,0,not_member_or_no_tax
Bryan,Tax Rate,2017,-,,,0,not_member_or_no_tax
Bryan,Tax Rate,2018,-,,,0,not_member_or_no_tax
Bryan,Tax Rate,2019,-,,,0,not_member_or_no_tax
Bryan,Tax Rate,2020,-,,,0,not_member_or_no_tax
Bryan,Tax Rate,2021,1.80,1.8,1.8,0,reported
Bryan,Tax Rate,2022,1.80,1.8,1.8,0,reported
Bryan,Tax Rate,2023,1.80,1.8,1.8,0,reported
Bryan,Tax Rate,2024,1.80,1.8,1.8,0,reported
Bryan,Tax Rate,2025,1.80,1.8,1.8,0,reported
Bryan,Credit Factor,2016,-,,,0,not_member_or_no_tax
Bryan,Credit Factor,2017,-,,,0,not_member_or_no_tax
Bryan,Credit Factor,2018,-,,,0,not_member_or_no_tax
Bryan,Credit Factor,2019,-,,,0,not_member_or_no_tax
Bryan,Credit Factor,2020,-,,,0,not_member_or_no_tax
Bryan,Credit Factor,2021,100,100.0,100.0,0,reported
Bryan,Credit Factor,2022,100,100.0,100.0,0,reported
Bryan,Credit Factor,2023,100,100.0,100.0,0,reported
Bryan,Credit Factor,2024,100,100.0,100.0,0,reported
Bryan,Credit Factor,2025,100,100.0,100.0,0,reported
Bryan,Credit Rate,2016,-,,,0,not_member_or_no_tax
Bryan,Credit Rate,2017,-,,,0,not_member_or_no_tax
Bryan,Credit Rate,2018,-,,,0,not_member_or_no_tax
Bryan,Credit Rate,2019,-,,,0,not_member_or_no_tax
Bryan,Credit Rate,2020,-,,,0,not_member_or_no_tax
Bryan,Credit Rate,2021,1.80,1.8,1.8,0,reported
Bryan,Credit Rate,2022,1.80,1.8,1.8,0,reported
Bryan,Credit Rate,2023,1.80,1.8,1.8,0,reported
Bryan,Credit Rate,2024,1.80,1.8,1.8,0,reported
Bryan,Credit Rate,2025,1.80,1.8,1.8,0,reported
Buckland,Tax Rate,2016,1.00,1.0,1.0,0,reported
Buckland,Tax Rate,2017,1.00,1.0,1.0,0,reported
Buckland,Tax Rate,2018,1.00,1.0,1.0,0,reported
Buckland,Tax Rate,2019,1.00,1.0,1.0,0,reported
Buckland,Tax Rate,2020,1.00,1.0,1.0,0,reported
Buckland,Tax Rate,2021,1.00,1.0,1.0,0,reported
Buckland,Tax Rate,2022,1.00,1.0,1.0,0,reported
Buckland,Tax Rate,2023,1.00,1.0,1.0,0,reported
Buckland,Tax Rate,2024,1.00,1.0,1.0,0,reported
Buckland,Tax Rate,2025,1.00,1.0,1.0,0,reported
Buckland,Credit Factor,2016,50,50.0,50.0,0,reported
Buckland,Credit Factor,2017,50,50.0,50.0,0,reported
Buckland,Credit Factor,2018,50,50.0,50.0,0,reported
Buckland,Credit Factor,2019,50,50.0,50.0,0,reported
Buckland,Credit Factor,2020,50,50.0,50.0,0,reported
Buckland,Credit Factor,2021,50,50.0,50.0,0,reported
Buckland,Credit Factor,2022,50,50.0,50.0,0,reported
Buckland,Credit Factor,2023,50,50.0,50.0,0,reported
Buckland,Credit Factor,2024,50,50.0,50.0,0,reported
Buckland,Credit Factor,2025,50,50.0,50.0,0,reported
Buckland,Credit Rate,2016,1.00,1.0,1.0,0,reported
Buckland,Credit Rate,2017,1.00,1.0,1.0,0,reported
Buckland,Credit Rate,2018,1.00,1.0,1.0,0,reported
Buckland,Credit Rate,2019,1.00,1.0,1.0,0,reported
Buckland,Credit Rate,2020,1.00,1.0,1.0,0,reported
Buckland,Credit Rate,2021,1.00,1.0,1.0,0,reported
Buckland,Credit Rate,2022,1.00,1.0,1.0,0,reported
Buckland,Credit Rate,2023,1.00,1.0,1.0,0,reported
Buckland,Credit Rate,2024,1.00,1.0,1.0,0,reported
Buckland,Credit Rate,2025,1.00,1.0,1.0,0,reported
Burbank,Tax Rate,2016,-,,,0,not_member_or_no_tax
Burbank,Tax Rate,2017,-,,,0,not_member_or_no_tax
Burbank,Tax Rate,2018,-,,,0,not_member_or_no_tax
Burbank,Tax Rate,2019,-,,,0,not_member_or_no_tax
Burbank,Tax Rate,2020,-,,,0,not_member_or_no_tax
Burbank,Tax Rate,2021,-,,,0,not_member_or_no_tax
Burbank,Tax Rate,2022,1.00/-,1.0,0.0,1,split_new_first
Burbank,Tax Rate,2023,1.00,1.0,1.0,0,reported
Burbank,Tax Rate,2024,1.00,1.0,1.0,0,reported
Burbank,Tax Rate,2025,1.00,1.0,1.0,0,reported
Burbank,Credit Factor,2016,-,,,0,not_member_or_no_tax
Burbank,Credit Factor,2017,-,,,0,not_member_or_no_tax
Burbank,Credit Factor,2018,-,,,0,not_member_or_no_tax
Burbank,Credit Factor,2019,-,,,0,not_member_or_no_tax
Burbank,Credit Factor,2020,-,,,0,not_member_or_no_tax
Burbank,Credit Factor,2021,-,,,0,not_member_or_no_tax
Burbank,Credit Factor,2022,-,0.0,0.0,0,dash_zero_inferred
Burbank,Credit Factor,2023,-,0.0,0.0,0,dash_zero_inferred
Burbank,Credit Factor,2024,-,0.0,0.0,0,dash_zero_inferred
Burbank,Credit Factor,2025,-,0.0,0.0,0,dash_zero_inferred
Burbank,Credit Rate,2016,-,,,0,not_member_or_no_tax
Burbank,Credit Rate,2017,-,,,0,not_member_or_no_tax
Burbank,Credit Rate,2018,-,,,0,not_member_or_no_tax
Burbank,Credit Rate,2019,-,,,0,not_member_or_no_tax
Burbank,Credit Rate,2020,-,,,0,not_member_or_no_tax
Burbank,Credit Rate,2021,-,,,0,not_member_or_no_tax
Burbank,Credit Rate,2022,-,0.0,0.0,0,dash_zero_inferred
Burbank,Credit Rate,2023,-,0.0,0.0,0,dash_zero_inferred
Burbank,Credit Rate,2024,-,0.0,0.0,0,dash_zero_inferred
Burbank,Credit Rate,2025,-,0.0,0.0,0,dash_zero_inferred
Butler,Tax Rate,2016,-,,,0,not_member_or_no_tax
Butler,Tax Rate,2017,-,,,0,not_member_or_no_tax
Butler,Tax Rate,2018,-,,,0,not_member_or_no_tax
Butler,Tax Rate,2019,-,,,0,not_member_or_no_tax
Butler,Tax Rate,2020,-,,,0,not_member_or_no_tax
Butler,Tax Rate,2021,1.00,1.0,1.0,0,reported
Butler,Tax Rate,2022,1.00,1.0,1.0,0,reported
Butler,Tax Rate,2023,1.00,1.0,1.0,0,reported
Butler,Tax Rate,2024,1.00,1.0,1.0,0,reported
Butler,Tax Rate,2025,1.00,1.0,1.0,0,reported
Butler,Credit Factor,2016,-,,,0,not_member_or_no_tax
Butler,Credit Factor,2017,-,,,0,not_member_or_no_tax
Butler,Credit Factor,2018,-,,,0,not_member_or_no_tax
Butler,Credit Factor,2019,-,,,0,not_member_or_no_tax
Butler,Credit Factor,2020,-,,,0,not_member_or_no_tax
Butler,Credit Factor,2021,50,50.0,50.0,0,reported
Butler,Credit Factor,2022,50,50.0,50.0,0,reported
Butler,Credit Factor,2023,50,50.0,50.0,0,reported
Butler,Credit Factor,2024,50,50.0,50.0,0,reported
Butler,Credit Factor,2025,50,50.0,50.0,0,reported
Butler,Credit Rate,2016,-,,,0,not_member_or_no_tax
Butler,Credit Rate,2017,-,,,0,not_member_or_no_tax
Butler,Credit Rate,2018,-,,,0,not_member_or_no_tax
Butler,Credit Rate,2019,-,,,0,not_member_or_no_tax
Butler,Credit Rate,2020,-,,,0,not_member_or_no_tax
Butler,Credit Rate,2021,1.00,1.0,1.0,0,reported
Butler,Credit Rate,2022,1.00,1.0,1.0,0,reported
Butler,Credit Rate,2023,1.00,1.0,1.0,0,reported
Butler,Credit Rate,2024,1.00,1.0,1.0,0,reported
Butler,Credit Rate,2025,1.00,1.0,1.0,0,reported
Butler County Annexation,Tax Rate,2016,-,,,0,not_member_or_no_tax
Butler County Annexation,Tax Rate,2017,-,,,0,not_member_or_no_tax
Butler County Annexation,Tax Rate,2018,-,,,0,not_member_or_no_tax
Butler County Annexation,Tax Rate,2019,-,,,0,not_member_or_no_tax
Butler County Annexation,Tax Rate,2020,-,,,0,not_member_or_no_tax
Butler County Annexation,Tax Rate,2021,-,,,0,not_member_or_no_tax
Butler County Annexation,Tax Rate,2022,2.00,2.0,2.0,0,reported
Butler County Annexation,Tax Rate,2023,2.00,2.0,2.0,0,reported
Butler County Annexation,Tax Rate,2024,2.00,2.0,2.0,0,reported
Butler County Annexation,Tax Rate,2025,2.00,2.0,2.0,0,reported
Butler County Annexation,Credit Factor,2016,,,,0,absent
Butler County Annexation,Credit Factor,2017,,,,0,absent
Butler County Annexation,Credit Factor,2018,,,,0,absent
Butler County Annexation,Credit Factor,2019,,,,0,absent
Butler County Annexation,Credit Factor,2020,,,,0,absent
Butler County Annexation,Credit Factor,2021,,,,0,absent
Butler County Annexation,Credit Factor,2022,,,,0,absent
Butler County Annexation,Credit Factor,2023,,,,0,absent
Butler County Annexation,Credit Factor,2024,,,,0,absent
Butler County Annexation,Credit Factor,2025,,,,0,absent
Butler County Annexation,Credit Rate,2016,,,,0,absent
Butler County Annexation,Credit Rate,2017,,,,0,absent
Butler County Annexation,Credit Rate,2018,,,,0,absent
Butler County Annexation,Credit Rate,2019,,,,0,absent
Butler County Annexation,Credit Rate,2020,,,,0,absent
Butler County Annexation,Credit Rate,2021,,,,0,absent
Butler County Annexation,Credit Rate,2022,,,,0,absent
Butler County Annexation,Credit Rate,2023,,,,0,absent
Butler County Annexation,Credit Rate,2024,,,,0,absent
Butler County Annexation,Credit Rate,2025,,,,0,absent
Cairo,Tax Rate,2016,0.50,0.5,0.5,0,reported
Cairo,Tax Rate,2017,0.50,0.5,0.5,0,reported
Cairo,Tax Rate,2018,0.50,0.5,0.5,0,reported
Cairo,Tax Rate,2019,0.50,0.5,0.5,0,reported
Cairo,Tax Rate,2020,0.50,0.5,0.5,0,reported
Cairo,Tax Rate,2021,0.50,0.5,0.5,0,reported
Cairo,Tax Rate,2022,0.50,0.5,0.5,0,reported
Cairo,Tax Rate,2023,0.50,0.5,0.5,0,reported
Cairo,Tax Rate,2024,0.50,0.5,0.5,0,reported
Cairo,Tax Rate,2025,0.50,0.5,0.5,0,reported
Cairo,Credit Factor,2016,-,0.0,0.0,0,dash_zero_inferred
Cairo,Credit Factor,2017,-,0.0,0.0,0,dash_zero_inferred
Cairo,Credit Factor,2018,-,0.0,0.0,0,dash_zero_inferred
Cairo,Credit Factor,2019,-,0.0,0.0,0,dash_zero_inferred
Cairo,Credit Factor,2020,-,0.0,0.0,0,dash_zero_inferred
Cairo,Credit Factor,2021,-,0.0,0.0,0,dash_zero_inferred
Cairo,Credit Factor,2022,-,0.0,0.0,0,dash_zero_inferred
Cairo,Credit Factor,2023,-,0.0,0.0,0,dash_zero_inferred
Cairo,Credit Factor,2024,-,0.0,0.0,0,dash_zero_inferred
Cairo,Credit Factor,2025,-,0.0,0.0,0,dash_zero_inferred
Cairo,Credit Rate,2016,-,0.0,0.0,0,dash_zero_inferred
Cairo,Credit Rate,2017,-,0.0,0.0,0,dash_zero_inferred
Cairo,Credit Rate,2018,-,0.0,0.0,0,dash_zero_inferred
Cairo,Credit Rate,2019,-,0.0,0.0,0,dash_zero_inferred
Cairo,Credit Rate,2020,-,0.0,0.0,0,dash_zero_inferred
Cairo,Credit Rate,2021,-,0.0,0.0,0,dash_zero_inferred
Cairo,Credit Rate,2022,-,0.0,0.0,0,dash_zero_inferred
Cairo,Credit Rate,2023,-,0.0,0.0,0,dash_zero_inferred
Cairo,Credit Rate,2024,-,0.0,0.0,0,dash_zero_inferred
Cairo,Credit Rate,2025,-,0.0,0.0,0,dash_zero_inferred
Caldwell,Tax Rate,2016,-,,,0,not_member_or_no_tax
Caldwell,Tax Rate,2017,-,,,0,not_member_or_no_tax
Caldwell,Tax Rate,2018,-,,,0,not_member_or_no_tax
Caldwell,Tax Rate,2019,-,,,0,not_member_or_no_tax
Caldwell,Tax Rate,2020,-,,,0,not_member_or_no_tax
Caldwell,Tax Rate,2021,-,,,0,not_member_or_no_tax
Caldwell,Tax Rate,2022,1.00,1.0,1.0,0,reported
Caldwell,Tax Rate,2023,1.00,1.0,1.0,0,reported
Caldwell,Tax Rate,2024,1.00,1.0,1.0,0,reported
Caldwell,Tax Rate,2025,1.00,1.0,1.0,0,reported
Caldwell,Credit Factor,2016,-,,,0,not_member_or_no_tax
Caldwell,Credit Factor,2017,-,,,0,not_member_or_no_tax
Caldwell,Credit Factor,2018,-,,,0,not_member_or_no_tax
Caldwell,Credit Factor,2019,-,,,0,not_member_or_no_tax
Caldwell,Credit Factor,2020,-,,,0,not_member_or_no_tax
Caldwell,Credit Factor,2021,-,,,0,not_member_or_no_tax
Caldwell,Credit Factor,2022,100,100.0,100.0,0,reported
Caldwell,Credit Factor,2023,100,100.0,100.0,0,reported
Caldwell,Credit Factor,2024,100,100.0,100.0,0,reported
Caldwell,Credit Factor,2025,100,100.0,100.0,0,reported
Caldwell,Credit Rate,2016,-,,,0,not_member_or_no_tax
Caldwell,Credit Rate,2017,-,,,0,not_member_or_no_tax
Caldwell,Credit Rate,2018,-,,,0,not_member_or_no_tax
Caldwell,Credit Rate,2019,-,,,0,not_member_or_no_tax
Caldwell,Credit Rate,2020,-,,,0,not_member_or_no_tax
Caldwell,Credit Rate,2021,-,,,0,not_member_or_no_tax
Caldwell,Credit Rate,2022,1.00,1.0,1.0,0,reported
Caldwell,Credit Rate,2023,1.00,1.0,1.0,0,reported
Caldwell,Credit Rate,2024,1.00,1.0,1.0,0,reported
Caldwell,Credit Rate,2025,1.00,1.0,1.0,0,reported
Camden,Tax Rate,2016,1.00,1.0,1.0,0,reported
Camden,Tax Rate,2017,1.00,1.0,1.0,0,reported
Camden,Tax Rate,2018,1.00,1.0,1.0,0,reported
Camden,Tax Rate,2019,1.00,1.0,1.0,0,reported
Camden,Tax Rate,2020,1.00,1.0,1.0,0,reported
Camden,Tax Rate,2021,1.00,1.0,1.0,0,reported
Camden,Tax Rate,2022,1.00,1.0,1.0,0,reported
Camden,Tax Rate,2023,1.00,1.0,1.0,0,reported
Camden,Tax Rate,2024,1.00,1.0,1.0,0,reported
Camden,Tax Rate,2025,1.00,1.0,1.0,0,reported
Camden,Credit Factor,2016,-,0.0,0.0,0,dash_zero_inferred
Camden,Credit Factor,2017,-,0.0,0.0,0,dash_zero_inferred
Camden,Credit Factor,2018,-,0.0,0.0,0,dash_zero_inferred
Camden,Credit Factor,2019,-,0.0,0.0,0,dash_zero_inferred
Camden,Credit Factor,2020,-,0.0,0.0,0,dash_zero_inferred
Camden,Credit Factor,2021,-,0.0,0.0,0,dash_zero_inferred
Camden,Credit Factor,2022,-,0.0,0.0,0,dash_zero_inferred
Camden,Credit Factor,2023,-,0.0,0.0,0,dash_zero_inferred
Camden,Credit Factor,2024,-,0.0,0.0,0,dash_zero_inferred
Camden,Credit Factor,2025,-,0.0,0.0,0,dash_zero_inferred
Camden,Credit Rate,2016,-,0.0,0.0,0,dash_zero_inferred
Camden,Credit Rate,2017,-,0.0,0.0,0,dash_zero_inferred
Camden,Credit Rate,2018,-,0.0,0.0,0,dash_zero_inferred
Camden,Credit Rate,2019,-,0.0,0.0,0,dash_zero_inferred
Camden,Credit Rate,2020,-,0.0,0.0,0,dash_zero_inferred
Camden,Credit Rate,2021,-,0.0,0.0,0,dash_zero_inferred
Camden,Credit Rate,2022,-,0.0,0.0,0,dash_zero_inferred
Camden,Credit Rate,2023,-,0.0,0.0,0,dash_zero_inferred
Camden,Credit Rate,2024,-,0.0,0.0,0,dash_zero_inferred
Camden,Credit Rate,2025,-,0.0,0.0,0,dash_zero_inferred
Campbell,Tax Rate,2016,2.50,2.5,2.5,0,reported
Campbell,Tax Rate,2017,2.50,2.5,2.5,0,reported
Campbell,Tax Rate,2018,2.50,2.5,2.5,0,reported
Campbell,Tax Rate,2019,2.50,2.5,2.5,0,reported
Campbell,Tax Rate,2020,2.50,2.5,2.5,0,reported
Campbell,Tax Rate,2021,2.50,2.5,2.5,0,reported
Campbell,Tax Rate,2022,2.50,2.5,2.5,0,reported
Campbell,Tax Rate,2023,2.50,2.5,2.5,0,reported
Campbell,Tax Rate,2024,2.50,2.5,2.5,0,reported
Campbell,Tax Rate,2025,2.50,2.5,2.5,0,reported
Campbell,Credit Factor,2016,100,100.0,100.0,0,reported
Campbell,Credit Factor,2017,100,100.0,100.0,0,reported
Campbell,Credit Factor,2018,100,100.0,100.0,0,reported
Campbell,Credit Factor,2019,100,100.0,100.0,0,reported
Campbell,Credit Factor,2020,100,100.0,100.0,0,reported
Campbell,Credit Factor,2021,100,100.0,100.0,0,reported
Campbell,Credit Factor,2022,100,100.0,100.0,0,reported
Campbell,Credit Factor,2023,100,100.0,100.0,0,reported
Campbell,Credit Factor,2024,100,100.0,100.0,0,reported
Campbell,Credit Factor,2025,100,100.0,100.0,0,reported
Campbell,Credit Rate,2016,2.50,2.5,2.5,0,reported
Campbell,Credit Rate,2017,2.50,2.5,2.5,0,reported
Campbell,Credit Rate,2018,2.50,2.5,2.5,0,reported
Campbell,Credit Rate,2019,2.50,2.5,2.5,0,reported
Campbell,Credit Rate,2020,2.50,2.5,2.5,0,reported
Campbell,Credit Rate,2021,2.50,2.5,2.5,0,reported
Campbell,Credit Rate,2022,2.50,2.5,2.5,0,reported
Campbell,Credit Rate,2023,2.50,2.5,2.5,0,reported
Campbell,Credit Rate,2024,2.50,2.5,2.5,0,reported
Campbell,Credit Rate,2025,2.50,2.5,2.5,0,reported
Canal Fulton,Tax Rate,2016,-,,,0,not_member_or_no_tax
Canal Fulton,Tax Rate,2017,-,,,0,not_member_or_no_tax
Canal Fulton,Tax Rate,2018,-,,,0,not_member_or_no_tax
Canal Fulton,Tax Rate,2019,-,,,0,not_member_or_no_tax
Canal Fulton,Tax Rate,2020,-,,,0,not_member_or_no_tax
Canal Fulton,Tax Rate,2021,-,,,0,not_member_or_no_tax
Canal Fulton,Tax Rate,2022,-,,,0,not_member_or_no_tax
Canal Fulton,Tax Rate,2023,-,,,0,not_member_or_no_tax
Canal Fulton,Tax Rate,2024,-,,,0,not_member_or_no_tax
Canal Fulton,Tax Rate,2025,2.00,2.0,2.0,0,reported
Canal Fulton,Credit Factor,2016,-,,,0,not_member_or_no_tax
Canal Fulton,Credit Factor,2017,-,,,0,not_member_or_no_tax
Canal Fulton,Credit Factor,2018,-,,,0,not_member_or_no_tax
Canal Fulton,Credit Factor,2019,-,,,0,not_member_or_no_tax
Canal Fulton,Credit Factor,2020,-,,,0,not_member_or_no_tax
Canal Fulton,Credit Factor,2021,-,,,0,not_member_or_no_tax
Canal Fulton,Credit Factor,2022,-,,,0,not_member_or_no_tax
Canal Fulton,Credit Factor,2023,-,,,0,not_member_or_no_tax
Canal Fulton,Credit Factor,2024,-,,,0,not_member_or_no_tax
Canal Fulton,Credit Factor,2025,100,100.0,100.0,0,reported
Canal Fulton,Credit Rate,2016,-,,,0,not_member_or_no_tax
Canal Fulton,Credit Rate,2017,-,,,0,not_member_or_no_tax
Canal Fulton,Credit Rate,2018,-,,,0,not_member_or_no_tax
Canal Fulton,Credit Rate,2019,-,,,0,not_member_or_no_tax
Canal Fulton,Credit Rate,2020,-,,,0,not_member_or_no_tax
Canal Fulton,Credit Rate,2021,-,,,0,not_member_or_no_tax
Canal Fulton,Credit Rate,2022,-,,,0,not_member_or_no_tax
Canal Fulton,Credit Rate,2023,-,,,0,not_member_or_no_tax
Canal Fulton,Credit Rate,2024,-,,,0,not_member_or_no_tax
Canal Fulton,Credit Rate,2025,2.00,2.0,2.0,0,reported
Canal Winchester,Tax Rate,2016,-,,,0,not_member_or_no_tax
Canal Winchester,Tax Rate,2017,-,,,0,not_member_or_no_tax
Canal Winchester,Tax Rate,2018,-,,,0,not_member_or_no_tax
Canal Winchester,Tax Rate,2019,2.00,2.0,2.0,0,reported
Canal Winchester,Tax Rate,2020,2.00,2.0,2.0,0,reported
Canal Winchester,Tax Rate,2021,2.00,2.0,2.0,0,reported
Canal Winchester,Tax Rate,2022,2.00,2.0,2.0,0,reported
Canal Winchester,Tax Rate,2023,2.00,2.0,2.0,0,reported
Canal Winchester,Tax Rate,2024,2.00,2.0,2.0,0,reported
Canal Winchester,Tax Rate,2025,2.00,2.0,2.0,0,reported
Canal Winchester,Credit Factor,2016,-,,,0,not_member_or_no_tax
Canal Winchester,Credit Factor,2017,-,,,0,not_member_or_no_tax
Canal Winchester,Credit Factor,2018,-,,,0,not_member_or_no_tax
Canal Winchester,Credit Factor,2019,100,100.0,100.0,0,reported
Canal Winchester,Credit Factor,2020,100,100.0,100.0,0,reported
Canal Winchester,Credit Factor,2021,100,100.0,100.0,0,reported
Canal Winchester,Credit Factor,2022,100,100.0,100.0,0,reported
Canal Winchester,Credit Factor,2023,100,100.0,100.0,0,reported
Canal Winchester,Credit Factor,2024,100,100.0,100.0,0,reported
Canal Winchester,Credit Factor,2025,100,100.0,100.0,0,reported
Canal Winchester,Credit Rate,2016,-,,,0,not_member_or_no_tax
Canal Winchester,Credit Rate,2017,-,,,0,not_member_or_no_tax
Canal Winchester,Credit Rate,2018,-,,,0,not_member_or_no_tax
Canal Winchester,Credit Rate,2019,2.00,2.0,2.0,0,reported
Canal Winchester,Credit Rate,2020,2.00,2.0,2.0,0,reported
Canal Winchester,Credit Rate,2021,2.00,2.0,2.0,0,reported
Canal Winchester,Credit Rate,2022,2.00,2.0,2.0,0,reported
Canal Winchester,Credit Rate,2023,2.00,2.0,2.0,0,reported
Canal Winchester,Credit Rate,2024,2.00,2.0,2.0,0,reported
Canal Winchester,Credit Rate,2025,2.00,2.0,2.0,0,reported
Cardington,Tax Rate,2016,1.00,1.0,1.0,0,reported
Cardington,Tax Rate,2017,1.00,1.0,1.0,0,reported
Cardington,Tax Rate,2018,1.00,1.0,1.0,0,reported
Cardington,Tax Rate,2019,1.00,1.0,1.0,0,reported
Cardington,Tax Rate,2020,1.00,1.0,1.0,0,reported
Cardington,Tax Rate,2021,1.00,1.0,1.0,0,reported
Cardington,Tax Rate,2022,1.00,1.0,1.0,0,reported
Cardington,Tax Rate,2023,1.00,1.0,1.0,0,reported
Cardington,Tax Rate,2024,1.00,1.0,1.0,0,reported
Cardington,Tax Rate,2025,1.00,1.0,1.0,0,reported
Cardington,Credit Factor,2016,100,100.0,100.0,0,reported
Cardington,Credit Factor,2017,100,100.0,100.0,0,reported
Cardington,Credit Factor,2018,100,100.0,100.0,0,reported
Cardington,Credit Factor,2019,100,100.0,100.0,0,reported
Cardington,Credit Factor,2020,100,100.0,100.0,0,reported
Cardington,Credit Factor,2021,100,100.0,100.0,0,reported
Cardington,Credit Factor,2022,100,100.0,100.0,0,reported
Cardington,Credit Factor,2023,100,100.0,100.0,0,reported
Cardington,Credit Factor,2024,100,100.0,100.0,0,reported
Cardington,Credit Factor,2025,100,100.0,100.0,0,reported
Cardington,Credit Rate,2016,1.00,1.0,1.0,0,reported
Cardington,Credit Rate,2017,1.00,1.0,1.0,0,reported
Cardington,Credit Rate,2018,1.00,1.0,1.0,0,reported
Cardington,Credit Rate,2019,1.00,1.0,1.0,0,reported
Cardington,Credit Rate,2020,1.00,1.0,1.0,0,reported
Cardington,Credit Rate,2021,1.00,1.0,1.0,0,reported
Cardington,Credit Rate,2022,1.00,1.0,1.0,0,reported
Cardington,Credit Rate,2023,1.00,1.0,1.0,0,reported
Cardington,Credit Rate,2024,1.00,1.0,1.0,0,reported
Cardington,Credit Rate,2025,1.00,1.0,1.0,0,reported
Carroll,Tax Rate,2016,0.75,0.75,0.75,0,reported
Carroll,Tax Rate,2017,0.75,0.75,0.75,0,reported
Carroll,Tax Rate,2018,0.75,0.75,0.75,0,reported
Carroll,Tax Rate,2019,0.75,0.75,0.75,0,reported
Carroll,Tax Rate,2020,0.75,0.75,0.75,0,reported
Carroll,Tax Rate,2021,0.75,0.75,0.75,0,reported
Carroll,Tax Rate,2022,0.75,0.75,0.75,0,reported
Carroll,Tax Rate,2023,0.75,0.75,0.75,0,reported
Carroll,Tax Rate,2024,0.75,0.75,0.75,0,reported
Carroll,Tax Rate,2025,0.75,0.75,0.75,0,reported
Carroll,Credit Factor,2016,25,25.0,25.0,0,reported
Carroll,Credit Factor,2017,25,25.0,25.0,0,reported
Carroll,Credit Factor,2018,25,25.0,25.0,0,reported
Carroll,Credit Factor,2019,25,25.0,25.0,0,reported
Carroll,Credit Factor,2020,25,25.0,25.0,0,reported
Carroll,Credit Factor,2021,25,25.0,25.0,0,reported
Carroll,Credit Factor,2022,25,25.0,25.0,0,reported
Carroll,Credit Factor,2023,25,25.0,25.0,0,reported
Carroll,Credit Factor,2024,25,25.0,25.0,0,reported
Carroll,Credit Factor,2025,25,25.0,25.0,0,reported
Carroll,Credit Rate,2016,0.75,0.75,0.75,0,reported
Carroll,Credit Rate,2017,0.75,0.75,0.75,0,reported
Carroll,Credit Rate,2018,0.75,0.75,0.75,0,reported
Carroll,Credit Rate,2019,0.75,0.75,0.75,0,reported
Carroll,Credit Rate,2020,0.75,0.75,0.75,0,reported
Carroll,Credit Rate,2021,0.75,0.75,0.75,0,reported
Carroll,Credit Rate,2022,0.75,0.75,0.75,0,reported
Carroll,Credit Rate,2023,0.75,0.75,0.75,0,reported
Carroll,Credit Rate,2024,0.75,0.75,0.75,0,reported
Carroll,Credit Rate,2025,0.75,0.75,0.75,0,reported
Carrollton,Tax Rate,2016,-,,,0,not_member_or_no_tax
Carrollton,Tax Rate,2017,-,,,0,not_member_or_no_tax
Carrollton,Tax Rate,2018,-,,,0,not_member_or_no_tax
Carrollton,Tax Rate,2019,1.00,1.0,1.0,0,reported
Carrollton,Tax Rate,2020,1.00,1.0,1.0,0,reported
Carrollton,Tax Rate,2021,1.00,1.0,1.0,0,reported
Carrollton,Tax Rate,2022,1.00,1.0,1.0,0,reported
Carrollton,Tax Rate,2023,1.00,1.0,1.0,0,reported
Carrollton,Tax Rate,2024,1.00,1.0,1.0,0,reported
Carrollton,Tax Rate,2025,1.00,1.0,1.0,0,reported
Carrollton,Credit Factor,2016,-,,,0,not_member_or_no_tax
Carrollton,Credit Factor,2017,-,,,0,not_member_or_no_tax
Carrollton,Credit Factor,2018,-,,,0,not_member_or_no_tax
Carrollton,Credit Factor,2019,100,100.0,100.0,0,reported
Carrollton,Credit Factor,2020,100,100.0,100.0,0,reported
Carrollton,Credit Factor,2021,100,100.0,100.0,0,reported
Carrollton,Credit Factor,2022,100,100.0,100.0,0,reported
Carrollton,Credit Factor,2023,100,100.0,100.0,0,reported
Carrollton,Credit Factor,2024,100,100.0,100.0,0,reported
Carrollton,Credit Factor,2025,100,100.0,100.0,0,reported
Carrollton,Credit Rate,2016,-,,,0,not_member_or_no_tax
Carrollton,Credit Rate,2017,-,,,0,not_member_or_no_tax
Carrollton,Credit Rate,2018,-,,,0,not_member_or_no_tax
Carrollton,Credit Rate,2019,0.50,0.5,0.5,0,reported
Carrollton,Credit Rate,2020,0.50,0.5,0.5,0,reported
Carrollton,Credit Rate,2021,0.50,0.5,0.5,0,reported
Carrollton,Credit Rate,2022,0.50,0.5,0.5,0,reported
Carrollton,Credit Rate,2023,0.50,0.5,0.5,0,reported
Carrollton,Credit Rate,2024,0.50,0.5,0.5,0,reported
Carrollton,Credit Rate,2025,0.50,0.5,0.5,0,reported
Catawba,Tax Rate,2016,1.00,1.0,1.0,0,reported
Catawba,Tax Rate,2017,1.00,1.0,1.0,0,reported
Catawba,Tax Rate,2018,1.00,1.0,1.0,0,reported
Catawba,Tax Rate,2019,1.00,1.0,1.0,0,reported
Catawba,Tax Rate,2020,1.00,1.0,1.0,0,reported
Catawba,Tax Rate,2021,1.00,1.0,1.0,0,reported
Catawba,Tax Rate,2022,1.00,1.0,1.0,0,reported
Catawba,Tax Rate,2023,1.00,1.0,1.0,0,reported
Catawba,Tax Rate,2024,1.00,1.0,1.0,0,reported
Catawba,Tax Rate,2025,1.00,1.0,1.0,0,reported
Catawba,Credit Factor,2016,-,0.0,0.0,0,dash_zero_inferred
Catawba,Credit Factor,2017,-,0.0,0.0,0,dash_zero_inferred
Catawba,Credit Factor,2018,-,0.0,0.0,0,dash_zero_inferred
Catawba,Credit Factor,2019,-,0.0,0.0,0,dash_zero_inferred
Catawba,Credit Factor,2020,-,0.0,0.0,0,dash_zero_inferred
Catawba,Credit Factor,2021,-,0.0,0.0,0,dash_zero_inferred
Catawba,Credit Factor,2022,-,0.0,0.0,0,dash_zero_inferred
Catawba,Credit Factor,2023,-,0.0,0.0,0,dash_zero_inferred
Catawba,Credit Factor,2024,-,0.0,0.0,0,dash_zero_inferred
Catawba,Credit Factor,2025,-,0.0,0.0,0,dash_zero_inferred
Catawba,Credit Rate,2016,-,0.0,0.0,0,dash_zero_inferred
Catawba,Credit Rate,2017,-,0.0,0.0,0,dash_zero_inferred
Catawba,Credit Rate,2018,-,0.0,0.0,0,dash_zero_inferred
Catawba,Credit Rate,2019,-,0.0,0.0,0,dash_zero_inferred
Catawba,Credit Rate,2020,-,0.0,0.0,0,dash_zero_inferred
Catawba,Credit Rate,2021,-,0.0,0.0,0,dash_zero_inferred
Catawba,Credit Rate,2022,-,0.0,0.0,0,dash_zero_inferred
Catawba,Credit Rate,2023,-,0.0,0.0,0,dash_zero_inferred
Catawba,Credit Rate,2024,-,0.0,0.0,0,dash_zero_inferred
Catawba,Credit Rate,2025,-,0.0,0.0,0,dash_zero_inferred
Cecil,Tax Rate,2016,1.00,1.0,1.0,0,reported
Cecil,Tax Rate,2017,1.00,1.0,1.0,0,reported
Cecil,Tax Rate,2018,1.00,1.0,1.0,0,reported
Cecil,Tax Rate,2019,1.00,1.0,1.0,0,reported
Cecil,Tax Rate,2020,1.00,1.0,1.0,0,reported
Cecil,Tax Rate,2021,1.00,1.0,1.0,0,reported
Cecil,Tax Rate,2022,1.00,1.0,1.0,0,reported
Cecil,Tax Rate,2023,1.00,1.0,1.0,0,reported
Cecil,Tax Rate,2024,1.00,1.0,1.0,0,reported
Cecil,Tax Rate,2025,1.00,1.0,1.0,0,reported
Cecil,Credit Factor,2016,50,50.0,50.0,0,reported
Cecil,Credit Factor,2017,50,50.0,50.0,0,reported
Cecil,Credit Factor,2018,50,50.0,50.0,0,reported
Cecil,Credit Factor,2019,50,50.0,50.0,0,reported
Cecil,Credit Factor,2020,50,50.0,50.0,0,reported
Cecil,Credit Factor,2021,50,50.0,50.0,0,reported
Cecil,Credit Factor,2022,50,50.0,50.0,0,reported
Cecil,Credit Factor,2023,50,50.0,50.0,0,reported
Cecil,Credit Factor,2024,50,50.0,50.0,0,reported
Cecil,Credit Factor,2025,50,50.0,50.0,0,reported
Cecil,Credit Rate,2016,1.00,1.0,1.0,0,reported
Cecil,Credit Rate,2017,1.00,1.0,1.0,0,reported
Cecil,Credit Rate,2018,1.00,1.0,1.0,0,reported
Cecil,Credit Rate,2019,1.00,1.0,1.0,0,reported
Cecil,Credit Rate,2020,1.00,1.0,1.0,0,reported
Cecil,Credit Rate,2021,1.00,1.0,1.0,0,reported
Cecil,Credit Rate,2022,1.00,1.0,1.0,0,reported
Cecil,Credit Rate,2023,1.00,1.0,1.0,0,reported
Cecil,Credit Rate,2024,1.00,1.0,1.0,0,reported
Cecil,Credit Rate,2025,1.00,1.0,1.0,0,reported
Cedarville,Tax Rate,2016,1.25,1.25,1.25,0,reported
Cedarville,Tax Rate,2017,1.25,1.25,1.25,0,reported
Cedarville,Tax Rate,2018,1.25,1.25,1.25,0,reported
Cedarville,Tax Rate,2019,1.25,1.25,1.25,0,reported
Cedarville,Tax Rate,2020,1.25,1.25,1.25,0,reported
Cedarville,Tax Rate,2021,1.25,1.25,1.25,0,reported
Cedarville,Tax Rate,2022,1.25,1.25,1.25,0,reported
Cedarville,Tax Rate,2023,1.25,1.25,1.25,0,reported
Cedarville,Tax Rate,2024,1.25,1.25,1.25,0,reported
Cedarville,Tax Rate,2025,1.25,1.25,1.25,0,reported
Cedarville,Credit Factor,2016,100,100.0,100.0,0,reported
Cedarville,Credit Factor,2017,100,100.0,100.0,0,reported
Cedarville,Credit Factor,2018,100,100.0,100.0,0,reported
Cedarville,Credit Factor,2019,100,100.0,100.0,0,reported
Cedarville,Credit Factor,2020,100,100.0,100.0,0,reported
Cedarville,Credit Factor,2021,100,100.0,100.0,0,reported
Cedarville,Credit Factor,2022,100,100.0,100.0,0,reported
Cedarville,Credit Factor,2023,100,100.0,100.0,0,reported
Cedarville,Credit Factor,2024,100,100.0,100.0,0,reported
Cedarville,Credit Factor,2025,100,100.0,100.0,0,reported
Cedarville,Credit Rate,2016,1.25,1.25,1.25,0,reported
Cedarville,Credit Rate,2017,1.25,1.25,1.25,0,reported
Cedarville,Credit Rate,2018,1.25,1.25,1.25,0,reported
Cedarville,Credit Rate,2019,1.25,1.25,1.25,0,reported
Cedarville,Credit Rate,2020,1.25,1.25,1.25,0,reported
Cedarville,Credit Rate,2021,1.25,1.25,1.25,0,reported
Cedarville,Credit Rate,2022,1.25,1.25,1.25,0,reported
Cedarville,Credit Rate,2023,1.25,1.25,1.25,0,reported
Cedarville,Credit Rate,2024,1.25,1.25,1.25,0,reported
Cedarville,Credit Rate,2025,1.25,1.25,1.25,0,reported
Centerburg,Tax Rate,2016,1.00,1.0,1.0,0,reported
Centerburg,Tax Rate,2017,1.00,1.0,1.0,0,reported
Centerburg,Tax Rate,2018,1.00,1.0,1.0,0,reported
Centerburg,Tax Rate,2019,1.00,1.0,1.0,0,reported
Centerburg,Tax Rate,2020,1.00,1.0,1.0,0,reported
Centerburg,Tax Rate,2021,1.00,1.0,1.0,0,reported
Centerburg,Tax Rate,2022,1.00,1.0,1.0,0,reported
Centerburg,Tax Rate,2023,1.00,1.0,1.0,0,reported
Centerburg,Tax Rate,2024,1.00,1.0,1.0,0,reported
Centerburg,Tax Rate,2025,1.00,1.0,1.0,0,reported
Centerburg,Credit Factor,2016,-,0.0,0.0,0,dash_zero_inferred
Centerburg,Credit Factor,2017,-,0.0,0.0,0,dash_zero_inferred
Centerburg,Credit Factor,2018,-,0.0,0.0,0,dash_zero_inferred
Centerburg,Credit Factor,2019,-,0.0,0.0,0,dash_zero_inferred
Centerburg,Credit Factor,2020,-,0.0,0.0,0,dash_zero_inferred
Centerburg,Credit Factor,2021,-,0.0,0.0,0,dash_zero_inferred
Centerburg,Credit Factor,2022,-,0.0,0.0,0,dash_zero_inferred
Centerburg,Credit Factor,2023,-,0.0,0.0,0,dash_zero_inferred
Centerburg,Credit Factor,2024,-,0.0,0.0,0,dash_zero_inferred
Centerburg,Credit Factor,2025,-,0.0,0.0,0,dash_zero_inferred
Centerburg,Credit Rate,2016,-,0.0,0.0,0,dash_zero_inferred
Centerburg,Credit Rate,2017,-,0.0,0.0,0,dash_zero_inferred
Centerburg,Credit Rate,2018,-,0.0,0.0,0,dash_zero_inferred
Centerburg,Credit Rate,2019,-,0.0,0.0,0,dash_zero_inferred
Centerburg,Credit Rate,2020,-,0.0,0.0,0,dash_zero_inferred
Centerburg,Credit Rate,2021,-,0.0,0.0,0,dash_zero_inferred
Centerburg,Credit Rate,2022,-,0.0,0.0,0,dash_zero_inferred
Centerburg,Credit Rate,2023,-,0.0,0.0,0,dash_zero_inferred
Centerburg,Credit Rate,2024,-,0.0,0.0,0,dash_zero_inferred
Centerburg,Credit Rate,2025,-,0.0,0.0,0,dash_zero_inferred
Chagrin Falls,Tax Rate,2016,1.50,1.5,1.5,0,reported
Chagrin Falls,Tax Rate,2017,1.85,1.85,1.85,0,reported
Chagrin Falls,Tax Rate,2018,1.85,1.85,1.85,0,reported
Chagrin Falls,Tax Rate,2019,1.85,1.85,1.85,0,reported
Chagrin Falls,Tax Rate,2020,1.85,1.85,1.85,0,reported
Chagrin Falls,Tax Rate,2021,1.85,1.85,1.85,0,reported
Chagrin Falls,Tax Rate,2022,1.85,1.85,1.85,0,reported
Chagrin Falls,Tax Rate,2023,1.85,1.85,1.85,0,reported
Chagrin Falls,Tax Rate,2024,1.85,1.85,1.85,0,reported
Chagrin Falls,Tax Rate,2025,1.85,1.85,1.85,0,reported
Chagrin Falls,Credit Factor,2016,75,75.0,75.0,0,reported
Chagrin Falls,Credit Factor,2017,75,75.0,75.0,0,reported
Chagrin Falls,Credit Factor,2018,75,75.0,75.0,0,reported
Chagrin Falls,Credit Factor,2019,75,75.0,75.0,0,reported
Chagrin Falls,Credit Factor,2020,75,75.0,75.0,0,reported
Chagrin Falls,Credit Factor,2021,75,75.0,75.0,0,reported
Chagrin Falls,Credit Factor,2022,75,75.0,75.0,0,reported
Chagrin Falls,Credit Factor,2023,75,75.0,75.0,0,reported
Chagrin Falls,Credit Factor,2024,75,75.0,75.0,0,reported
Chagrin Falls,Credit Factor,2025,75,75.0,75.0,0,reported
Chagrin Falls,Credit Rate,2016,1.50,1.5,1.5,0,reported
Chagrin Falls,Credit Rate,2017,1.85,1.85,1.85,0,reported
Chagrin Falls,Credit Rate,2018,1.85,1.85,1.85,0,reported
Chagrin Falls,Credit Rate,2019,1.85,1.85,1.85,0,reported
Chagrin Falls,Credit Rate,2020,1.85,1.85,1.85,0,reported
Chagrin Falls,Credit Rate,2021,1.85,1.85,1.85,0,reported
Chagrin Falls,Credit Rate,2022,1.85,1.85,1.85,0,reported
Chagrin Falls,Credit Rate,2023,1.85,1.85,1.85,0,reported
Chagrin Falls,Credit Rate,2024,1.85,1.85,1.85,0,reported
Chagrin Falls,Credit Rate,2025,1.85,1.85,1.85,0,reported
Chardon,Tax Rate,2016,2.00,2.0,2.0,0,reported
Chardon,Tax Rate,2017,2.00,2.0,2.0,0,reported
Chardon,Tax Rate,2018,2.00,2.0,2.0,0,reported
Chardon,Tax Rate,2019,2.00,2.0,2.0,0,reported
Chardon,Tax Rate,2020,2.00,2.0,2.0,0,reported
Chardon,Tax Rate,2021,2.00,2.0,2.0,0,reported
Chardon,Tax Rate,2022,2.00,2.0,2.0,0,reported
Chardon,Tax Rate,2023,2.00,2.0,2.0,0,reported
Chardon,Tax Rate,2024,2.00,2.0,2.0,0,reported
Chardon,Tax Rate,2025,2.00,2.0,2.0,0,reported
Chardon,Credit Factor,2016,50,50.0,50.0,0,reported
Chardon,Credit Factor,2017,50,50.0,50.0,0,reported
Chardon,Credit Factor,2018,50,50.0,50.0,0,reported
Chardon,Credit Factor,2019,50,50.0,50.0,0,reported
Chardon,Credit Factor,2020,50,50.0,50.0,0,reported
Chardon,Credit Factor,2021,50,50.0,50.0,0,reported
Chardon,Credit Factor,2022,50,50.0,50.0,0,reported
Chardon,Credit Factor,2023,50,50.0,50.0,0,reported
Chardon,Credit Factor,2024,50,50.0,50.0,0,reported
Chardon,Credit Factor,2025,50,50.0,50.0,0,reported
Chardon,Credit Rate,2016,2.00,2.0,2.0,0,reported
Chardon,Credit Rate,2017,2.00,2.0,2.0,0,reported
Chardon,Credit Rate,2018,2.00,2.0,2.0,0,reported
Chardon,Credit Rate,2019,2.00,2.0,2.0,0,reported
Chardon,Credit Rate,2020,2.00,2.0,2.0,0,reported
Chardon,Credit Rate,2021,2.00,2.0,2.0,0,reported
Chardon,Credit Rate,2022,2.00,2.0,2.0,0,reported
Chardon,Credit Rate,2023,2.00,2.0,2.0,0,reported
Chardon,Credit Rate,2024,2.00,2.0,2.0,0,reported
Chardon,Credit Rate,2025,2.00,2.0,2.0,0,reported
Chesterville,Tax Rate,2016,-,,,0,not_member_or_no_tax
Chesterville,Tax Rate,2017,-,,,0,not_member_or_no_tax
Chesterville,Tax Rate,2018,1.00,1.0,1.0,0,reported
Chesterville,Tax Rate,2019,1.00,1.0,1.0,0,reported
Chesterville,Tax Rate,2020,1.00,1.0,1.0,0,reported
Chesterville,Tax Rate,2021,1.00,1.0,1.0,0,reported
Chesterville,Tax Rate,2022,1.00,1.0,1.0,0,reported
Chesterville,Tax Rate,2023,1.00,1.0,1.0,0,reported
Chesterville,Tax Rate,2024,1.00,1.0,1.0,0,reported
Chesterville,Tax Rate,2025,1.00,1.0,1.0,0,reported
Chesterville,Credit Factor,2016,-,,,0,not_member_or_no_tax
Chesterville,Credit Factor,2017,-,,,0,not_member_or_no_tax
Chesterville,Credit Factor,2018,-,0.0,0.0,0,dash_zero_inferred
Chesterville,Credit Factor,2019,-,0.0,0.0,0,dash_zero_inferred
Chesterville,Credit Factor,2020,-,0.0,0.0,0,dash_zero_inferred
Chesterville,Credit Factor,2021,-,0.0,0.0,0,dash_zero_inferred
Chesterville,Credit Factor,2022,-,0.0,0.0,0,dash_zero_inferred
Chesterville,Credit Factor,2023,-,0.0,0.0,0,dash_zero_inferred
Chesterville,Credit Factor,2024,-,0.0,0.0,0,dash_zero_inferred
Chesterville,Credit Factor,2025,-,0.0,0.0,0,dash_zero_inferred
Chesterville,Credit Rate,2016,-,,,0,not_member_or_no_tax
Chesterville,Credit Rate,2017,-,,,0,not_member_or_no_tax
Chesterville,Credit Rate,2018,-,0.0,0.0,0,dash_zero_inferred
Chesterville,Credit Rate,2019,-,0.0,0.0,0,dash_zero_inferred
Chesterville,Credit Rate,2020,-,0.0,0.0,0,dash_zero_inferred
Chesterville,Credit Rate,2021,-,0.0,0.0,0,dash_zero_inferred
Chesterville,Credit Rate,2022,-,0.0,0.0,0,dash_zero_inferred
Chesterville,Credit Rate,2023,-,0.0,0.0,0,dash_zero_inferred
Chesterville,Credit Rate,2024,-,0.0,0.0,0,dash_zero_inferred
Chesterville,Credit Rate,2025,-,0.0,0.0,0,dash_zero_inferred
Circleville,Tax Rate,2016,2.00,2.0,2.0,0,reported
Circleville,Tax Rate,2017,2.00,2.0,2.0,0,reported
Circleville,Tax Rate,2018,2.00,2.0,2.0,0,reported
Circleville,Tax Rate,2019,2.00,2.0,2.0,0,reported
Circleville,Tax Rate,2020,2.50,2.5,2.5,0,reported
Circleville,Tax Rate,2021,2.50,2.5,2.5,0,reported
Circleville,Tax Rate,2022,2.50,2.5,2.5,0,reported
Circleville,Tax Rate,2023,2.50,2.5,2.5,0,reported
Circleville,Tax Rate,2024,2.50,2.5,2.5,0,reported
Circleville,Tax Rate,2025,2.00,2.0,2.0,0,reported
Circleville,Credit Factor,2016,100,100.0,100.0,0,reported
Circleville,Credit Factor,2017,100,100.0,100.0,0,reported
Circleville,Credit Factor,2018,100,100.0,100.0,0,reported
Circleville,Credit Factor,2019,100,100.0,100.0,0,reported
Circleville,Credit Factor,2020,100,100.0,100.0,0,reported
Circleville,Credit Factor,2021,100,100.0,100.0,0,reported
Circleville,Credit Factor,2022,100,100.0,100.0,0,reported
Circleville,Credit Factor,2023,100,100.0,100.0,0,reported
Circleville,Credit Factor,2024,100,100.0,100.0,0,reported
Circleville,Credit Factor,2025,100,100.0,100.0,0,reported
Circleville,Credit Rate,2016,2.00,2.0,2.0,0,reported
Circleville,Credit Rate,2017,2.00,2.0,2.0,0,reported
Circleville,Credit Rate,2018,2.00,2.0,2.0,0,reported
Circleville,Credit Rate,2019,2.00,2.0,2.0,0,reported
Circleville,Credit Rate,2020,2.50,2.5,2.5,0,reported
Circleville,Credit Rate,2021,2.50,2.5,2.5,0,reported
Circleville,Credit Rate,2022,2.50,2.5,2.5,0,reported
Circleville,Credit Rate,2023,2.50,2.5,2.5,0,reported
Circleville,Credit Rate,2024,2.50,2.5,2.5,0,reported
Circleville,Credit Rate,2025,2.00,2.0,2.0,0,reported
Circleville-Pickaway Twp Jedd,Tax Rate,2016,2.00,2.0,2.0,0,reported
Circleville-Pickaway Twp Jedd,Tax Rate,2017,2.00,2.0,2.0,0,reported
Circleville-Pickaway Twp Jedd,Tax Rate,2018,2.00,2.0,2.0,0,reported
Circleville-Pickaway Twp Jedd,Tax Rate,2019,2.00,2.0,2.0,0,reported
Circleville-Pickaway Twp Jedd,Tax Rate,2020,2.50,2.5,2.5,0,reported
Circleville-Pickaway Twp Jedd,Tax Rate,2021,2.50,2.5,2.5,0,reported
Circleville-Pickaway Twp Jedd,Tax Rate,2022,2.50,2.5,2.5,0,reported
Circleville-Pickaway Twp Jedd,Tax Rate,2023,2.50,2.5,2.5,0,reported
Circleville-Pickaway Twp Jedd,Tax Rate,2024,2.50,2.5,2.5,0,reported
Circleville-Pickaway Twp Jedd,Tax Rate,2025,2.00,2.0,2.0,0,reported
Circleville-Pickaway Twp Jedd,Credit Factor,2016,,,,0,absent
Circleville-Pickaway Twp Jedd,Credit Factor,2017,,,,0,absent
Circleville-Pickaway Twp Jedd,Credit Factor,2018,,,,0,absent
Circleville-Pickaway Twp Jedd,Credit Factor,2019,,,,0,absent
Circleville-Pickaway Twp Jedd,Credit Factor,2020,,,,0,absent
Circleville-Pickaway Twp Jedd,Credit Factor,2021,,,,0,absent
Circleville-Pickaway Twp Jedd,Credit Factor,2022,,,,0,absent
Circleville-Pickaway Twp Jedd,Credit Factor,2023,,,,0,absent
Circleville-Pickaway Twp Jedd,Credit Factor,2024,,,,0,absent
Circleville-Pickaway Twp Jedd,Credit Factor,2025,,,,0,absent
Circleville-Pickaway Twp Jedd,Credit Rate,2016,,,,0,absent
Circleville-Pickaway Twp Jedd,Credit Rate,2017,,,,0,absent
Circleville-Pickaway Twp Jedd,Credit Rate,2018,,,,0,absent
Circleville-Pickaway Twp Jedd,Credit Rate,2019,,,,0,absent
Circleville-Pickaway Twp Jedd,Credit Rate,2020,,,,0,absent
Circleville-Pickaway Twp Jedd,Credit Rate,2021,,,,0,absent
Circleville-Pickaway Twp Jedd,Credit Rate,2022,,,,0,absent
Circleville-Pickaway Twp Jedd,Credit Rate,2023,,,,0,absent
Circleville-Pickaway Twp Jedd,Credit Rate,2024,,,,0,absent
Circleville-Pickaway Twp Jedd,Credit Rate,2025,,,,0,absent
Clarksville,Tax Rate,2016,1.00,1.0,1.0,0,reported
Clarksville,Tax Rate,2017,1.00,1.0,1.0,0,reported
Clarksville,Tax Rate,2018,1.00,1.0,1.0,0,reported
Clarksville,Tax Rate,2019,1.00,1.0,1.0,0,reported
Clarksville,Tax Rate,2020,1.00,1.0,1.0,0,reported
Clarksville,Tax Rate,2021,1.00,1.0,1.0,0,reported
Clarksville,Tax Rate,2022,1.00,1.0,1.0,0,reported
Clarksville,Tax Rate,2023,1.00,1.0,1.0,0,reported
Clarksville,Tax Rate,2024,1.00,1.0,1.0,0,reported
Clarksville,Tax Rate,2025,1.00,1.0,1.0,0,reported
Clarksville,Credit Factor,2016,-,0.0,0.0,0,dash_zero_inferred
Clarksville,Credit Factor,2017,-,0.0,0.0,0,dash_zero_inferred
Clarksville,Credit Factor,2018,-,0.0,0.0,0,dash_zero_inferred
Clarksville,Credit Factor,2019,-,0.0,0.0,0,dash_zero_inferred
Clarksville,Credit Factor,2020,-,0.0,0.0,0,dash_zero_inferred
Clarksville,Credit Factor,2021,-,0.0,0.0,0,dash_zero_inferred
Clarksville,Credit Factor,2022,-,0.0,0.0,0,dash_zero_inferred
Clarksville,Credit Factor,2023,-,0.0,0.0,0,dash_zero_inferred
Clarksville,Credit Factor,2024,-,0.0,0.0,0,dash_zero_inferred
Clarksville,Credit Factor,2025,-,0.0,0.0,0,dash_zero_inferred
Clarksville,Credit Rate,2016,-,0.0,0.0,0,dash_zero_inferred
Clarksville,Credit Rate,2017,-,0.0,0.0,0,dash_zero_inferred
Clarksville,Credit Rate,2018,-,0.0,0.0,0,dash_zero_inferred
Clarksville,Credit Rate,2019,-,0.0,0.0,0,dash_zero_inferred
Clarksville,Credit Rate,2020,-,0.0,0.0,0,dash_zero_inferred
Clarksville,Credit Rate,2021,-,0.0,0.0,0,dash_zero_inferred
Clarksville,Credit Rate,2022,-,0.0,0.0,0,dash_zero_inferred
Clarksville,Credit Rate,2023,-,0.0,0.0,0,dash_zero_inferred
Clarksville,Credit Rate,2024,-,0.0,0.0,0,dash_zero_inferred
Clarksville,Credit Rate,2025,-,0.0,0.0,0,dash_zero_inferred
Cleveland Heights,Tax Rate,2016,2.25,2.25,2.25,0,reported
Cleveland Heights,Tax Rate,2017,2.25,2.25,2.25,0,reported
Cleveland Heights,Tax Rate,2018,2.25,2.25,2.25,0,reported
Cleveland Heights,Tax Rate,2019,2.25,2.25,2.25,0,reported
Cleveland Heights,Tax Rate,2020,2.25,2.25,2.25,0,reported
Cleveland Heights,Tax Rate,2021,2.25,2.25,2.25,0,reported
Cleveland Heights,Tax Rate,2022,2.25,2.25,2.25,0,reported
Cleveland Heights,Tax Rate,2023,2.25,2.25,2.25,0,reported
Cleveland Heights,Tax Rate,2024,2.25,2.25,2.25,0,reported
Cleveland Heights,Tax Rate,2025,2.25,2.25,2.25,0,reported
Cleveland Heights,Credit Factor,2016,50,50.0,50.0,0,reported
Cleveland Heights,Credit Factor,2017,50,50.0,50.0,0,reported
Cleveland Heights,Credit Factor,2018,50,50.0,50.0,0,reported
Cleveland Heights,Credit Factor,2019,50,50.0,50.0,0,reported
Cleveland Heights,Credit Factor,2020,50,50.0,50.0,0,reported
Cleveland Heights,Credit Factor,2021,50,50.0,50.0,0,reported
Cleveland Heights,Credit Factor,2022,50,50.0,50.0,0,reported
Cleveland Heights,Credit Factor,2023,50,50.0,50.0,0,reported
Cleveland Heights,Credit Factor,2024,50,50.0,50.0,0,reported
Cleveland Heights,Credit Factor,2025,50,50.0,50.0,0,reported
Cleveland Heights,Credit Rate,2016,1.00,1.0,1.0,0,reported
Cleveland Heights,Credit Rate,2017,1.00,1.0,1.0,0,reported
Cleveland Heights,Credit Rate,2018,1.00,1.0,1.0,0,reported
Cleveland Heights,Credit Rate,2019,1.00,1.0,1.0,0,reported
Cleveland Heights,Credit Rate,2020,1.00,1.0,1.0,0,reported
Cleveland Heights,Credit Rate,2021,1.00,1.0,1.0,0,reported
Cleveland Heights,Credit Rate,2022,1.00,1.0,1.0,0,reported
Cleveland Heights,Credit Rate,2023,1.00,1.0,1.0,0,reported
Cleveland Heights,Credit Rate,2024,1.00,1.0,1.0,0,reported
Cleveland Heights,Credit Rate,2025,1.00,1.0,1.0,0,reported
Clinton,Tax Rate,2016,1.00,1.0,1.0,0,reported
Clinton,Tax Rate,2017,1.00,1.0,1.0,0,reported
Clinton,Tax Rate,2018,1.00,1.0,1.0,0,reported
Clinton,Tax Rate,2019,1.00,1.0,1.0,0,reported
Clinton,Tax Rate,2020,1.00,1.0,1.0,0,reported
Clinton,Tax Rate,2021,1.00,1.0,1.0,0,reported
Clinton,Tax Rate,2022,1.00,1.0,1.0,0,reported
Clinton,Tax Rate,2023,1.00,1.0,1.0,0,reported
Clinton,Tax Rate,2024,1.00,1.0,1.0,0,reported
Clinton,Tax Rate,2025,1.00,1.0,1.0,0,reported
Clinton,Credit Factor,2016,-,0.0,0.0,0,dash_zero_inferred
Clinton,Credit Factor,2017,-,0.0,0.0,0,dash_zero_inferred
Clinton,Credit Factor,2018,-,0.0,0.0,0,dash_zero_inferred
Clinton,Credit Factor,2019,-,0.0,0.0,0,dash_zero_inferred
Clinton,Credit Factor,2020,-,0.0,0.0,0,dash_zero_inferred
Clinton,Credit Factor,2021,-,0.0,0.0,0,dash_zero_inferred
Clinton,Credit Factor,2022,-,0.0,0.0,0,dash_zero_inferred
Clinton,Credit Factor,2023,-,0.0,0.0,0,dash_zero_inferred
Clinton,Credit Factor,2024,-,0.0,0.0,0,dash_zero_inferred
Clinton,Credit Factor,2025,-,0.0,0.0,0,dash_zero_inferred
Clinton,Credit Rate,2016,-,0.0,0.0,0,dash_zero_inferred
Clinton,Credit Rate,2017,-,0.0,0.0,0,dash_zero_inferred
Clinton,Credit Rate,2018,-,0.0,0.0,0,dash_zero_inferred
Clinton,Credit Rate,2019,-,0.0,0.0,0,dash_zero_inferred
Clinton,Credit Rate,2020,-,0.0,0.0,0,dash_zero_inferred
Clinton,Credit Rate,2021,-,0.0,0.0,0,dash_zero_inferred
Clinton,Credit Rate,2022,-,0.0,0.0,0,dash_zero_inferred
Clinton,Credit Rate,2023,-,0.0,0.0,0,dash_zero_inferred
Clinton,Credit Rate,2024,-,0.0,0.0,0,dash_zero_inferred
Clinton,Credit Rate,2025,-,0.0,0.0,0,dash_zero_inferred
Clinton Grandview Heights Jedd,Tax Rate,2016,2.50,2.5,2.5,0,reported
Clinton Grandview Heights Jedd,Tax Rate,2017,2.50,2.5,2.5,0,reported
Clinton Grandview Heights Jedd,Tax Rate,2018,2.50,2.5,2.5,0,reported
Clinton Grandview Heights Jedd,Tax Rate,2019,2.50,2.5,2.5,0,reported
Clinton Grandview Heights Jedd,Tax Rate,2020,2.50,2.5,2.5,0,reported
Clinton Grandview Heights Jedd,Tax Rate,2021,2.50,2.5,2.5,0,reported
Clinton Grandview Heights Jedd,Tax Rate,2022,2.50,2.5,2.5,0,reported
Clinton Grandview Heights Jedd,Tax Rate,2023,2.50,2.5,2.5,0,reported
Clinton Grandview Heights Jedd,Tax Rate,2024,2.50,2.5,2.5,0,reported
Clinton Grandview Heights Jedd,Tax Rate,2025,2.50,2.5,2.5,0,reported
Clinton Grandview Heights Jedd,Credit Factor,2016,,,,0,absent
Clinton Grandview Heights Jedd,Credit Factor,2017,,,,0,absent
Clinton Grandview Heights Jedd,Credit Factor,2018,,,,0,absent
Clinton Grandview Heights Jedd,Credit Factor,2019,,,,0,absent
Clinton Grandview Heights Jedd,Credit Factor,2020,,,,0,absent
Clinton Grandview Heights Jedd,Credit Factor,2021,,,,0,absent
Clinton Grandview Heights Jedd,Credit Factor,2022,,,,0,absent
Clinton Grandview Heights Jedd,Credit Factor,2023,,,,0,absent
Clinton Grandview Heights Jedd,Credit Factor,2024,,,,0,absent
Clinton Grandview Heights Jedd,Credit Factor,2025,,,,0,absent
Clinton Grandview Heights Jedd,Credit Rate,2016,,,,0,absent
Clinton Grandview Heights Jedd,Credit Rate,2017,,,,0,absent
Clinton Grandview Heights Jedd,Credit Rate,2018,,,,0,absent
Clinton Grandview Heights Jedd,Credit Rate,2019,,,,0,absent
Clinton Grandview Heights Jedd,Credit Rate,2020,,,,0,absent
Clinton Grandview Heights Jedd,Credit Rate,2021,,,,0,absent
Clinton Grandview Heights Jedd,Credit Rate,2022,,,,0,absent
Clinton Grandview Heights Jedd,Credit Rate,2023,,,,0,absent
Clinton Grandview Heights Jedd,Credit Rate,2024,,,,0,absent
Clinton Grandview Heights Jedd,Credit Rate,2025,,,,0,absent
Coal Grove,Tax Rate,2016,-,,,0,not_member_or_no_tax
Coal Grove,Tax Rate,2017,-,,,0,not_member_or_no_tax
Coal Grove,Tax Rate,2018,-,,,0,not_member_or_no_tax
Coal Grove,Tax Rate,2019,-,,,0,not_member_or_no_tax
Coal Grove,Tax Rate,2020,-,,,0,not_member_or_no_tax
Coal Grove,Tax Rate,2021,-,,,0,not_member_or_no_tax
Coal Grove,Tax Rate,2022,-,,,0,not_member_or_no_tax
Coal Grove,Tax Rate,2023,-,,,0,not_member_or_no_tax
Coal Grove,Tax Rate,2024,1.00,1.0,1.0,0,reported
Coal Grove,Tax Rate,2025,1.00,1.0,1.0,0,reported
Coal Grove,Credit Factor,2016,-,,,0,not_member_or_no_tax
Coal Grove,Credit Factor,2017,-,,,0,not_member_or_no_tax
Coal Grove,Credit Factor,2018,-,,,0,not_member_or_no_tax
Coal Grove,Credit Factor,2019,-,,,0,not_member_or_no_tax
Coal Grove,Credit Factor,2020,-,,,0,not_member_or_no_tax
Coal Grove,Credit Factor,2021,-,,,0,not_member_or_no_tax
Coal Grove,Credit Factor,2022,-,,,0,not_member_or_no_tax
Coal Grove,Credit Factor,2023,-,,,0,not_member_or_no_tax
Coal Grove,Credit Factor,2024,100,100.0,100.0,0,reported
Coal Grove,Credit Factor,2025,100,100.0,100.0,0,reported
Coal Grove,Credit Rate,2016,-,,,0,not_member_or_no_tax
Coal Grove,Credit Rate,2017,-,,,0,not_member_or_no_tax
Coal Grove,Credit Rate,2018,-,,,0,not_member_or_no_tax
Coal Grove,Credit Rate,2019,-,,,0,not_member_or_no_tax
Coal Grove,Credit Rate,2020,-,,,0,not_member_or_no_tax
Coal Grove,Credit Rate,2021,-,,,0,not_member_or_no_tax
Coal Grove,Credit Rate,2022,-,,,0,not_member_or_no_tax
Coal Grove,Credit Rate,2023,-,,,0,not_member_or_no_tax
Coal Grove,Credit Rate,2024,0.75,0.75,0.75,0,reported
Coal Grove,Credit Rate,2025,0.75,0.75,0.75,0,reported
College Corner,Tax Rate,2016,-,,,0,not_member_or_no_tax
College Corner,Tax Rate,2017,-,,,0,not_member_or_no_tax
College Corner,Tax Rate,2018,-,,,0,not_member_or_no_tax
College Corner,Tax Rate,2019,-,,,0,not_member_or_no_tax
College Corner,Tax Rate,2020,-,,,0,not_member_or_no_tax
College Corner,Tax Rate,2021,-,,,0,not_member_or_no_tax
College Corner,Tax Rate,2022,-,,,0,not_member_or_no_tax
College Corner,Tax Rate,2023,-,,,0,not_member_or_no_tax
College Corner,Tax Rate,2024,-/1.00,0.0,1.0,1,split_new_first_partial
College Corner,Tax Rate,2025,-,,,0,not_member_or_no_tax
College Corner,Credit Factor,2016,-,,,0,not_member_or_no_tax
College Corner,Credit Factor,2017,-,,,0,not_member_or_no_tax
College Corner,Credit Factor,2018,-,,,0,not_member_or_no_tax
College Corner,Credit Factor,2019,-,,,0,not_member_or_no_tax
College Corner,Credit Factor,2020,-,,,0,not_member_or_no_tax
College Corner,Credit Factor,2021,-,,,0,not_member_or_no_tax
College Corner,Credit Factor,2022,-,,,0,not_member_or_no_tax
College Corner,Credit Factor,2023,-,,,0,not_member_or_no_tax
College Corner,Credit Factor,2024,-,0.0,0.0,0,dash_zero_inferred
College Corner,Credit Factor,2025,-,,,0,not_member_or_no_tax
College Corner,Credit Rate,2016,-,,,0,not_member_or_no_tax
College Corner,Credit Rate,2017,-,,,0,not_member_or_no_tax
College Corner,Credit Rate,2018,-,,,0,not_member_or_no_tax
College Corner,Credit Rate,2019,-,,,0,not_member_or_no_tax
College Corner,Credit Rate,2020,-,,,0,not_member_or_no_tax
College Corner,Credit Rate,2021,-,,,0,not_member_or_no_tax
College Corner,Credit Rate,2022,-,,,0,not_member_or_no_tax
College Corner,Credit Rate,2023,-,,,0,not_member_or_no_tax
College Corner,Credit Rate,2024,-,0.0,0.0,0,dash_zero_inferred
College Corner,Credit Rate,2025,-,,,0,not_member_or_no_tax
Columbiana,Tax Rate,2016,-,,,0,not_member_or_no_tax
Columbiana,Tax Rate,2017,-,,,0,not_member_or_no_tax
Columbiana,Tax Rate,2018,-,,,0,not_member_or_no_tax
Columbiana,Tax Rate,2019,1.00,1.0,1.0,0,reported
Columbiana,Tax Rate,2020,1.00,1.0,1.0,0,reported
Columbiana,Tax Rate,2021,1.00,1.0,1.0,0,reported
Columbiana,Tax Rate,2022,1.00,1.0,1.0,0,reported
Columbiana,Tax Rate,2023,1.00,1.0,1.0,0,reported
Columbiana,Tax Rate,2024,1.00,1.0,1.0,0,reported
Columbiana,Tax Rate,2025,1.00,1.0,1.0,0,reported
Columbiana,Credit Factor,2016,-,,,0,not_member_or_no_tax
Columbiana,Credit Factor,2017,-,,,0,not_member_or_no_tax
Columbiana,Credit Factor,2018,-,,,0,not_member_or_no_tax
Columbiana,Credit Factor,2019,100,100.0,100.0,0,reported
Columbiana,Credit Factor,2020,100,100.0,100.0,0,reported
Columbiana,Credit Factor,2021,100,100.0,100.0,0,reported
Columbiana,Credit Factor,2022,100,100.0,100.0,0,reported
Columbiana,Credit Factor,2023,100,100.0,100.0,0,reported
Columbiana,Credit Factor,2024,100,100.0,100.0,0,reported
Columbiana,Credit Factor,2025,100,100.0,100.0,0,reported
Columbiana,Credit Rate,2016,-,,,0,not_member_or_no_tax
Columbiana,Credit Rate,2017,-,,,0,not_member_or_no_tax
Columbiana,Credit Rate,2018,-,,,0,not_member_or_no_tax
Columbiana,Credit Rate,2019,0.50,0.5,0.5,0,reported
Columbiana,Credit Rate,2020,0.50,0.5,0.5,0,reported
Columbiana,Credit Rate,2021,0.50,0.5,0.5,0,reported
Columbiana,Credit Rate,2022,0.50,0.5,0.5,0,reported
Columbiana,Credit Rate,2023,0.50,0.5,0.5,0,reported
Columbiana,Credit Rate,2024,0.50,0.5,0.5,0,reported
Columbiana,Credit Rate,2025,0.50,0.5,0.5,0,reported
Commercial Point,Tax Rate,2016,0.75,0.75,0.75,0,reported
Commercial Point,Tax Rate,2017,0.75,0.75,0.75,0,reported
Commercial Point,Tax Rate,2018,0.75,0.75,0.75,0,reported
Commercial Point,Tax Rate,2019,0.75,0.75,0.75,0,reported
Commercial Point,Tax Rate,2020,0.75,0.75,0.75,0,reported
Commercial Point,Tax Rate,2021,0.75,0.75,0.75,0,reported
Commercial Point,Tax Rate,2022,0.75,0.75,0.75,0,reported
Commercial Point,Tax Rate,2023,0.75,0.75,0.75,0,reported
Commercial Point,Tax Rate,2024,0.75,0.75,0.75,0,reported
Commercial Point,Tax Rate,2025,0.75,0.75,0.75,0,reported
Commercial Point,Credit Factor,2016,-,0.0,0.0,0,dash_zero_inferred
Commercial Point,Credit Factor,2017,-,0.0,0.0,0,dash_zero_inferred
Commercial Point,Credit Factor,2018,-,0.0,0.0,0,dash_zero_inferred
Commercial Point,Credit Factor,2019,-,0.0,0.0,0,dash_zero_inferred
Commercial Point,Credit Factor,2020,-,0.0,0.0,0,dash_zero_inferred
Commercial Point,Credit Factor,2021,-,0.0,0.0,0,dash_zero_inferred
Commercial Point,Credit Factor,2022,-,0.0,0.0,0,dash_zero_inferred
Commercial Point,Credit Factor,2023,-,0.0,0.0,0,dash_zero_inferred
Commercial Point,Credit Factor,2024,-,0.0,0.0,0,dash_zero_inferred
Commercial Point,Credit Factor,2025,-,0.0,0.0,0,dash_zero_inferred
Commercial Point,Credit Rate,2016,-,0.0,0.0,0,dash_zero_inferred
Commercial Point,Credit Rate,2017,-,0.0,0.0,0,dash_zero_inferred
Commercial Point,Credit Rate,2018,-,0.0,0.0,0,dash_zero_inferred
Commercial Point,Credit Rate,2019,-,0.0,0.0,0,dash_zero_inferred
Commercial Point,Credit Rate,2020,-,0.0,0.0,0,dash_zero_inferred
Commercial Point,Credit Rate,2021,-,0.0,0.0,0,dash_zero_inferred
Commercial Point,Credit Rate,2022,-,0.0,0.0,0,dash_zero_inferred
Commercial Point,Credit Rate,2023,-,0.0,0.0,0,dash_zero_inferred
Commercial Point,Credit Rate,2024,-,0.0,0.0,0,dash_zero_inferred
Commercial Point,Credit Rate,2025,-,0.0,0.0,0,dash_zero_inferred
Conesville,Tax Rate,2016,1.00,1.0,1.0,0,reported
Conesville,Tax Rate,2017,1.00,1.0,1.0,0,reported
Conesville,Tax Rate,2018,1.00,1.0,1.0,0,reported
Conesville,Tax Rate,2019,0.50,0.5,0.5,0,reported
Conesville,Tax Rate,2020,0.50,0.5,0.5,0,reported
Conesville,Tax Rate,2021,0.50,0.5,0.5,0,reported
Conesville,Tax Rate,2022,0.50,0.5,0.5,0,reported
Conesville,Tax Rate,2023,0.50,0.5,0.5,0,reported
Conesville,Tax Rate,2024,0.50,0.5,0.5,0,reported
Conesville,Tax Rate,2025,0.50,0.5,0.5,0,reported
Conesville,Credit Factor,2016,-,0.0,0.0,0,dash_zero_inferred
Conesville,Credit Factor,2017,-,0.0,0.0,0,dash_zero_inferred
Conesville,Credit Factor,2018,-,0.0,0.0,0,dash_zero_inferred
Conesville,Credit Factor,2019,-,0.0,0.0,0,dash_zero_inferred
Conesville,Credit Factor,2020,-,0.0,0.0,0,dash_zero_inferred
Conesville,Credit Factor,2021,-,0.0,0.0,0,dash_zero_inferred
Conesville,Credit Factor,2022,-,0.0,0.0,0,dash_zero_inferred
Conesville,Credit Factor,2023,-,0.0,0.0,0,dash_zero_inferred
Conesville,Credit Factor,2024,-,0.0,0.0,0,dash_zero_inferred
Conesville,Credit Factor,2025,-,0.0,0.0,0,dash_zero_inferred
Conesville,Credit Rate,2016,-,0.0,0.0,0,dash_zero_inferred
Conesville,Credit Rate,2017,-,0.0,0.0,0,dash_zero_inferred
Conesville,Credit Rate,2018,-,0.0,0.0,0,dash_zero_inferred
Conesville,Credit Rate,2019,-,0.0,0.0,0,dash_zero_inferred
Conesville,Credit Rate,2020,-,0.0,0.0,0,dash_zero_inferred
Conesville,Credit Rate,2021,-,0.0,0.0,0,dash_zero_inferred
Conesville,Credit Rate,2022,-,0.0,0.0,0,dash_zero_inferred
Conesville,Credit Rate,2023,-,0.0,0.0,0,dash_zero_inferred
Conesville,Credit Rate,2024,-,0.0,0.0,0,dash_zero_inferred
Conesville,Credit Rate,2025,-,0.0,0.0,0,dash_zero_inferred
Continental,Tax Rate,2016,1.00,1.0,1.0,0,reported
Continental,Tax Rate,2017,1.00,1.0,1.0,0,reported
Continental,Tax Rate,2018,1.00,1.0,1.0,0,reported
Continental,Tax Rate,2019,1.00,1.0,1.0,0,reported
Continental,Tax Rate,2020,1.00,1.0,1.0,0,reported
Continental,Tax Rate,2021,1.00,1.0,1.0,0,reported
Continental,Tax Rate,2022,1.00,1.0,1.0,0,reported
Continental,Tax Rate,2023,1.00,1.0,1.0,0,reported
Continental,Tax Rate,2024,1.00,1.0,1.0,0,reported
Continental,Tax Rate,2025,1.00,1.0,1.0,0,reported
Continental,Credit Factor,2016,100,100.0,100.0,0,reported
Continental,Credit Factor,2017,100,100.0,100.0,0,reported
Continental,Credit Factor,2018,100,100.0,100.0,0,reported
Continental,Credit Factor,2019,100,100.0,100.0,0,reported
Continental,Credit Factor,2020,100,100.0,100.0,0,reported
Continental,Credit Factor,2021,100,100.0,100.0,0,reported
Continental,Credit Factor,2022,100,100.0,100.0,0,reported
Continental,Credit Factor,2023,100,100.0,100.0,0,reported
Continental,Credit Factor,2024,100,100.0,100.0,0,reported
Continental,Credit Factor,2025,100,100.0,100.0,0,reported
Continental,Credit Rate,2016,1.00,1.0,1.0,0,reported
Continental,Credit Rate,2017,1.00,1.0,1.0,0,reported
Continental,Credit Rate,2018,1.00,1.0,1.0,0,reported
Continental,Credit Rate,2019,1.00,1.0,1.0,0,reported
Continental,Credit Rate,2020,1.00,1.0,1.0,0,reported
Continental,Credit Rate,2021,1.00,1.0,1.0,0,reported
Continental,Credit Rate,2022,1.00,1.0,1.0,0,reported
Continental,Credit Rate,2023,1.00,1.0,1.0,0,reported
Continental,Credit Rate,2024,1.00,1.0,1.0,0,reported
Continental,Credit Rate,2025,1.00,1.0,1.0,0,reported
Corwin,Tax Rate,2016,0.50,0.5,0.5,0,reported
Corwin,Tax Rate,2017,0.50,0.5,0.5,0,reported
Corwin,Tax Rate,2018,0.50,0.5,0.5,0,reported
Corwin,Tax Rate,2019,0.50,0.5,0.5,0,reported
Corwin,Tax Rate,2020,0.50,0.5,0.5,0,reported
Corwin,Tax Rate,2021,0.50,0.5,0.5,0,reported
Corwin,Tax Rate,2022,0.50,0.5,0.5,0,reported
Corwin,Tax Rate,2023,0.50,0.5,0.5,0,reported
Corwin,Tax Rate,2024,0.50,0.5,0.5,0,reported
Corwin,Tax Rate,2025,0.50,0.5,0.5,0,reported
Corwin,Credit Factor,2016,100,100.0,100.0,0,reported
Corwin,Credit Factor,2017,100,100.0,100.0,0,reported
Corwin,Credit Factor,2018,100,100.0,100.0,0,reported
Corwin,Credit Factor,2019,100,100.0,100.0,0,reported
Corwin,Credit Factor,2020,100,100.0,100.0,0,reported
Corwin,Credit Factor,2021,100,100.0,100.0,0,reported
Corwin,Credit Factor,2022,100,100.0,100.0,0,reported
Corwin,Credit Factor,2023,100,100.0,100.0,0,reported
Corwin,Credit Factor,2024,100,100.0,100.0,0,reported
Corwin,Credit Factor,2025,100,100.0,100.0,0,reported
Corwin,Credit Rate,2016,0.50,0.5,0.5,0,reported
Corwin,Credit Rate,2017,0.50,0.5,0.5,0,reported
Corwin,Credit Rate,2018,0.50,0.5,0.5,0,reported
Corwin,Credit Rate,2019,0.50,0.5,0.5,0,reported
Corwin,Credit Rate,2020,0.50,0.5,0.5,0,reported
Corwin,Credit Rate,2021,0.50,0.5,0.5,0,reported
Corwin,Credit Rate,2022,0.50,0.5,0.5,0,reported
Corwin,Credit Rate,2023,0.50,0.5,0.5,0,reported
Corwin,Credit Rate,2024,0.50,0.5,0.5,0,reported
Corwin,Credit Rate,2025,0.50,0.5,0.5,0,reported
Crestline,Tax Rate,2016,-,,,0,not_member_or_no_tax
Crestline,Tax Rate,2017,-,,,0,not_member_or_no_tax
Crestline,Tax Rate,2018,-,,,0,not_member_or_no_tax
Crestline,Tax Rate,2019,2.00,2.0,2.0,0,reported
Crestline,Tax Rate,2020,2.00,2.0,2.0,0,reported
Crestline,Tax Rate,2021,2.00,2.0,2.0,0,reported
Crestline,Tax Rate,2022,2.00,2.0,2.0,0,reported
Crestline,Tax Rate,2023,2.00,2.0,2.0,0,reported
Crestline,Tax Rate,2024,2.00,2.0,2.0,0,reported
Crestline,Tax Rate,2025,2.00,2.0,2.0,0,reported
Crestline,Credit Factor,2016,-,,,0,not_member_or_no_tax
Crestline,Credit Factor,2017,-,,,0,not_member_or_no_tax
Crestline,Credit Factor,2018,-,,,0,not_member_or_no_tax
Crestline,Credit Factor,2019,100,100.0,100.0,0,reported
Crestline,Credit Factor,2020,100,100.0,100.0,0,reported
Crestline,Credit Factor,2021,100,100.0,100.0,0,reported
Crestline,Credit Factor,2022,100,100.0,100.0,0,reported
Crestline,Credit Factor,2023,100,100.0,100.0,0,reported
Crestline,Credit Factor,2024,100,100.0,100.0,0,reported
Crestline,Credit Factor,2025,-,0.0,0.0,0,dash_zero_inferred
Crestline,Credit Rate,2016,-,,,0,not_member_or_no_tax
Crestline,Credit Rate,2017,-,,,0,not_member_or_no_tax
Crestline,Credit Rate,2018,-,,,0,not_member_or_no_tax
Crestline,Credit Rate,2019,1.50,1.5,1.5,0,reported
Crestline,Credit Rate,2020,1.50,1.5,1.5,0,reported
Crestline,Credit Rate,2021,1.50,1.5,1.5,0,reported
Crestline,Credit Rate,2022,1.50,1.5,1.5,0,reported
Crestline,Credit Rate,2023,1.50,1.5,1.5,0,reported
Crestline,Credit Rate,2024,1.00,1.0,1.0,0,reported
Crestline,Credit Rate,2025,-,0.0,0.0,0,dash_zero_inferred
Creston,Tax Rate,2016,-,,,0,not_member_or_no_tax
Creston,Tax Rate,2017,-,,,0,not_member_or_no_tax
Creston,Tax Rate,2018,-,,,0,not_member_or_no_tax
Creston,Tax Rate,2019,-,,,0,not_member_or_no_tax
Creston,Tax Rate,2020,-,,,0,not_member_or_no_tax
Creston,Tax Rate,2021,-,,,0,not_member_or_no_tax
Creston,Tax Rate,2022,-,,,0,not_member_or_no_tax
Creston,Tax Rate,2023,-,,,0,not_member_or_no_tax
Creston,Tax Rate,2024,1.00,1.0,1.0,0,reported
Creston,Tax Rate,2025,1.00,1.0,1.0,0,reported
Creston,Credit Factor,2016,-,,,0,not_member_or_no_tax
Creston,Credit Factor,2017,-,,,0,not_member_or_no_tax
Creston,Credit Factor,2018,-,,,0,not_member_or_no_tax
Creston,Credit Factor,2019,-,,,0,not_member_or_no_tax
Creston,Credit Factor,2020,-,,,0,not_member_or_no_tax
Creston,Credit Factor,2021,-,,,0,not_member_or_no_tax
Creston,Credit Factor,2022,-,,,0,not_member_or_no_tax
Creston,Credit Factor,2023,-,,,0,not_member_or_no_tax
Creston,Credit Factor,2024,-,0.0,0.0,0,dash_zero_inferred
Creston,Credit Factor,2025,-,0.0,0.0,0,dash_zero_inferred
Creston,Credit Rate,2016,-,,,0,not_member_or_no_tax
Creston,Credit Rate,2017,-,,,0,not_member_or_no_tax
Creston,Credit Rate,2018,-,,,0,not_member_or_no_tax
Creston,Credit Rate,2019,-,,,0,not_member_or_no_tax
Creston,Credit Rate,2020,-,,,0,not_member_or_no_tax
Creston,Credit Rate,2021,-,,,0,not_member_or_no_tax
Creston,Credit Rate,2022,-,,,0,not_member_or_no_tax
Creston,Credit Rate,2023,-,,,0,not_member_or_no_tax
Creston,Credit Rate,2024,-,0.0,0.0,0,dash_zero_inferred
Creston,Credit Rate,2025,-,0.0,0.0,0,dash_zero_inferred
Crooksville,Tax Rate,2016,-,,,0,not_member_or_no_tax
Crooksville,Tax Rate,2017,-,,,0,not_member_or_no_tax
Crooksville,Tax Rate,2018,-,,,0,not_member_or_no_tax
Crooksville,Tax Rate,2019,-,,,0,not_member_or_no_tax
Crooksville,Tax Rate,2020,-,,,0,not_member_or_no_tax
Crooksville,Tax Rate,2021,-,,,0,not_member_or_no_tax
Crooksville,Tax Rate,2022,-,,,0,not_member_or_no_tax
Crooksville,Tax Rate,2023,1.50,1.5,1.5,0,reported
Crooksville,Tax Rate,2024,1.50,1.5,1.5,0,reported
Crooksville,Tax Rate,2025,1.50,1.5,1.5,0,reported
Crooksville,Credit Factor,2016,-,,,0,not_member_or_no_tax
Crooksville,Credit Factor,2017,-,,,0,not_member_or_no_tax
Crooksville,Credit Factor,2018,-,,,0,not_member_or_no_tax
Crooksville,Credit Factor,2019,-,,,0,not_member_or_no_tax
Crooksville,Credit Factor,2020,-,,,0,not_member_or_no_tax
Crooksville,Credit Factor,2021,-,,,0,not_member_or_no_tax
Crooksville,Credit Factor,2022,-,,,0,not_member_or_no_tax
Crooksville,Credit Factor,2023,100,100.0,100.0,0,reported
Crooksville,Credit Factor,2024,100,100.0,100.0,0,reported
Crooksville,Credit Factor,2025,100,100.0,100.0,0,reported
Crooksville,Credit Rate,2016,-,,,0,not_member_or_no_tax
Crooksville,Credit Rate,2017,-,,,0,not_member_or_no_tax
Crooksville,Credit Rate,2018,-,,,0,not_member_or_no_tax
Crooksville,Credit Rate,2019,-,,,0,not_member_or_no_tax
Crooksville,Credit Rate,2020,-,,,0,not_member_or_no_tax
Crooksville,Credit Rate,2021,-,,,0,not_member_or_no_tax
Crooksville,Credit Rate,2022,-,,,0,not_member_or_no_tax
Crooksville,Credit Rate,2023,1.50,1.5,1.5,0,reported
Crooksville,Credit Rate,2024,1.50,1.5,1.5,0,reported
Crooksville,Credit Rate,2025,1.50,1.5,1.5,0,reported
Cuyahoga Falls,Tax Rate,2016,-,,,0,not_member_or_no_tax
Cuyahoga Falls,Tax Rate,2017,-,,,0,not_member_or_no_tax
Cuyahoga Falls,Tax Rate,2018,-,,,0,not_member_or_no_tax
Cuyahoga Falls,Tax Rate,2019,2.00,2.0,2.0,0,reported
Cuyahoga Falls,Tax Rate,2020,2.00,2.0,2.0,0,reported
Cuyahoga Falls,Tax Rate,2021,2.00,2.0,2.0,0,reported
Cuyahoga Falls,Tax Rate,2022,2.00,2.0,2.0,0,reported
Cuyahoga Falls,Tax Rate,2023,2.00,2.0,2.0,0,reported
Cuyahoga Falls,Tax Rate,2024,2.00,2.0,2.0,0,reported
Cuyahoga Falls,Tax Rate,2025,2.00,2.0,2.0,0,reported
Cuyahoga Falls,Credit Factor,2016,-,,,0,not_member_or_no_tax
Cuyahoga Falls,Credit Factor,2017,-,,,0,not_member_or_no_tax
Cuyahoga Falls,Credit Factor,2018,-,,,0,not_member_or_no_tax
Cuyahoga Falls,Credit Factor,2019,100,100.0,100.0,0,reported
Cuyahoga Falls,Credit Factor,2020,100,100.0,100.0,0,reported
Cuyahoga Falls,Credit Factor,2021,100,100.0,100.0,0,reported
Cuyahoga Falls,Credit Factor,2022,100,100.0,100.0,0,reported
Cuyahoga Falls,Credit Factor,2023,100,100.0,100.0,0,reported
Cuyahoga Falls,Credit Factor,2024,100,100.0,100.0,0,reported
Cuyahoga Falls,Credit Factor,2025,100,100.0,100.0,0,reported
Cuyahoga Falls,Credit Rate,2016,-,,,0,not_member_or_no_tax
Cuyahoga Falls,Credit Rate,2017,-,,,0,not_member_or_no_tax
Cuyahoga Falls,Credit Rate,2018,-,,,0,not_member_or_no_tax
Cuyahoga Falls,Credit Rate,2019,2.00,2.0,2.0,0,reported
Cuyahoga Falls,Credit Rate,2020,2.00,2.0,2.0,0,reported
Cuyahoga Falls,Credit Rate,2021,2.00,2.0,2.0,0,reported
Cuyahoga Falls,Credit Rate,2022,2.00,2.0,2.0,0,reported
Cuyahoga Falls,Credit Rate,2023,2.00,2.0,2.0,0,reported
Cuyahoga Falls,Credit Rate,2024,2.00,2.0,2.0,0,reported
Cuyahoga Falls,Credit Rate,2025,2.00,2.0,2.0,0,reported
Cuyahoga Falls Boston Twp Jedd,Tax Rate,2016,-,,,0,not_member_or_no_tax
Cuyahoga Falls Boston Twp Jedd,Tax Rate,2017,-,,,0,not_member_or_no_tax
Cuyahoga Falls Boston Twp Jedd,Tax Rate,2018,-,,,0,not_member_or_no_tax
Cuyahoga Falls Boston Twp Jedd,Tax Rate,2019,2.00,2.0,2.0,0,reported
Cuyahoga Falls Boston Twp Jedd,Tax Rate,2020,2.00,2.0,2.0,0,reported
Cuyahoga Falls Boston Twp Jedd,Tax Rate,2021,2.00,2.0,2.0,0,reported
Cuyahoga Falls Boston Twp Jedd,Tax Rate,2022,2.00,2.0,2.0,0,reported
Cuyahoga Falls Boston Twp Jedd,Tax Rate,2023,2.00,2.0,2.0,0,reported
Cuyahoga Falls Boston Twp Jedd,Tax Rate,2024,2.00,2.0,2.0,0,reported
Cuyahoga Falls Boston Twp Jedd,Tax Rate,2025,2.00,2.0,2.0,0,reported
Cuyahoga Falls Boston Twp Jedd,Credit Factor,2016,,,,0,absent
Cuyahoga Falls Boston Twp Jedd,Credit Factor,2017,,,,0,absent
Cuyahoga Falls Boston Twp Jedd,Credit Factor,2018,,,,0,absent
Cuyahoga Falls Boston Twp Jedd,Credit Factor,2019,,,,0,absent
Cuyahoga Falls Boston Twp Jedd,Credit Factor,2020,,,,0,absent
Cuyahoga Falls Boston Twp Jedd,Credit Factor,2021,,,,0,absent
Cuyahoga Falls Boston Twp Jedd,Credit Factor,2022,,,,0,absent
Cuyahoga Falls Boston Twp Jedd,Credit Factor,2023,,,,0,absent
Cuyahoga Falls Boston Twp Jedd,Credit Factor,2024,,,,0,absent
Cuyahoga Falls Boston Twp Jedd,Credit Factor,2025,,,,0,absent
Cuyahoga Falls Boston Twp Jedd,Credit Rate,2016,,,,0,absent
Cuyahoga Falls Boston Twp Jedd,Credit Rate,2017,,,,0,absent
Cuyahoga Falls Boston Twp Jedd,Credit Rate,2018,,,,0,absent
Cuyahoga Falls Boston Twp Jedd,Credit Rate,2019,,,,0,absent
Cuyahoga Falls Boston Twp Jedd,Credit Rate,2020,,,,0,absent
Cuyahoga Falls Boston Twp Jedd,Credit Rate,2021,,,,0,absent
Cuyahoga Falls Boston Twp Jedd,Credit Rate,2022,,,,0,absent
Cuyahoga Falls Boston Twp Jedd,Credit Rate,2023,,,,0,absent
Cuyahoga Falls Boston Twp Jedd,Credit Rate,2024,,,,0,absent
Cuyahoga Falls Boston Twp Jedd,Credit Rate,2025,,,,0,absent
Cuyahoga Heights,Tax Rate,2016,2.00,2.0,2.0,0,reported
Cuyahoga Heights,Tax Rate,2017,2.50,2.5,2.5,0,reported
Cuyahoga Heights,Tax Rate,2018,2.50,2.5,2.5,0,reported
Cuyahoga Heights,Tax Rate,2019,2.50,2.5,2.5,0,reported
Cuyahoga Heights,Tax Rate,2020,2.50,2.5,2.5,0,reported
Cuyahoga Heights,Tax Rate,2021,2.50,2.5,2.5,0,reported
Cuyahoga Heights,Tax Rate,2022,2.50,2.5,2.5,0,reported
Cuyahoga Heights,Tax Rate,2023,2.50,2.5,2.5,0,reported
Cuyahoga Heights,Tax Rate,2024,2.50,2.5,2.5,0,reported
Cuyahoga Heights,Tax Rate,2025,2.50,2.5,2.5,0,reported
Cuyahoga Heights,Credit Factor,2016,100,100.0,100.0,0,reported
Cuyahoga Heights,Credit Factor,2017,100,100.0,100.0,0,reported
Cuyahoga Heights,Credit Factor,2018,100,100.0,100.0,0,reported
Cuyahoga Heights,Credit Factor,2019,100,100.0,100.0,0,reported
Cuyahoga Heights,Credit Factor,2020,100,100.0,100.0,0,reported
Cuyahoga Heights,Credit Factor,2021,100,100.0,100.0,0,reported
Cuyahoga Heights,Credit Factor,2022,100,100.0,100.0,0,reported
Cuyahoga Heights,Credit Factor,2023,100,100.0,100.0,0,reported
Cuyahoga Heights,Credit Factor,2024,100,100.0,100.0,0,reported
Cuyahoga Heights,Credit Factor,2025,100,100.0,100.0,0,reported
Cuyahoga Heights,Credit Rate,2016,2.00,2.0,2.0,0,reported
Cuyahoga Heights,Credit Rate,2017,2.50,2.5,2.5,0,reported
Cuyahoga Heights,Credit Rate,2018,2.50,2.5,2.5,0,reported
Cuyahoga Heights,Credit Rate,2019,2.50,2.5,2.5,0,reported
Cuyahoga Heights,Credit Rate,2020,2.50,2.5,2.5,0,reported
Cuyahoga Heights,Credit Rate,2021,2.50,2.5,2.5,0,reported
Cuyahoga Heights,Credit Rate,2022,2.50,2.5,2.5,0,reported
Cuyahoga Heights,Credit Rate,2023,2.50,2.5,2.5,0,reported
Cuyahoga Heights,Credit Rate,2024,2.50,2.5,2.5,0,reported
Cuyahoga Heights,Credit Rate,2025,2.50,2.5,2.5,0,reported
Danville,Tax Rate,2016,1.50,1.5,1.5,0,reported
Danville,Tax Rate,2017,1.50,1.5,1.5,0,reported
Danville,Tax Rate,2018,1.50,1.5,1.5,0,reported
Danville,Tax Rate,2019,1.50,1.5,1.5,0,reported
Danville,Tax Rate,2020,1.50,1.5,1.5,0,reported
Danville,Tax Rate,2021,1.50,1.5,1.5,0,reported
Danville,Tax Rate,2022,1.50,1.5,1.5,0,reported
Danville,Tax Rate,2023,1.50,1.5,1.5,0,reported
Danville,Tax Rate,2024,1.50,1.5,1.5,0,reported
Danville,Tax Rate,2025,1.50,1.5,1.5,0,reported
Danville,Credit Factor,2016,-,0.0,0.0,0,dash_zero_inferred
Danville,Credit Factor,2017,-,0.0,0.0,0,dash_zero_inferred
Danville,Credit Factor,2018,-,0.0,0.0,0,dash_zero_inferred
Danville,Credit Factor,2019,-,0.0,0.0,0,dash_zero_inferred
Danville,Credit Factor,2020,-,0.0,0.0,0,dash_zero_inferred
Danville,Credit Factor,2021,-,0.0,0.0,0,dash_zero_inferred
Danville,Credit Factor,2022,-,0.0,0.0,0,dash_zero_inferred
Danville,Credit Factor,2023,-,0.0,0.0,0,dash_zero_inferred
Danville,Credit Factor,2024,-,0.0,0.0,0,dash_zero_inferred
Danville,Credit Factor,2025,-,0.0,0.0,0,dash_zero_inferred
Danville,Credit Rate,2016,-,0.0,0.0,0,dash_zero_inferred
Danville,Credit Rate,2017,-,0.0,0.0,0,dash_zero_inferred
Danville,Credit Rate,2018,-,0.0,0.0,0,dash_zero_inferred
Danville,Credit Rate,2019,-,0.0,0.0,0,dash_zero_inferred
Danville,Credit Rate,2020,-,0.0,0.0,0,dash_zero_inferred
Danville,Credit Rate,2021,-,0.0,0.0,0,dash_zero_inferred
Danville,Credit Rate,2022,-,0.0,0.0,0,dash_zero_inferred
Danville,Credit Rate,2023,-,0.0,0.0,0,dash_zero_inferred
Danville,Credit Rate,2024,-,0.0,0.0,0,dash_zero_inferred
Danville,Credit Rate,2025,-,0.0,0.0,0,dash_zero_inferred
Darbyville,Tax Rate,2016,1.00,1.0,1.0,0,reported
Darbyville,Tax Rate,2017,1.00,1.0,1.0,0,reported
Darbyville,Tax Rate,2018,1.00,1.0,1.0,0,reported
Darbyville,Tax Rate,2019,1.00,1.0,1.0,0,reported
Darbyville,Tax Rate,2020,1.00,1.0,1.0,0,reported
Darbyville,Tax Rate,2021,1.00,1.0,1.0,0,reported
Darbyville,Tax Rate,2022,1.00,1.0,1.0,0,reported
Darbyville,Tax Rate,2023,1.00,1.0,1.0,0,reported
Darbyville,Tax Rate,2024,1.00,1.0,1.0,0,reported
Darbyville,Tax Rate,2025,1.00,1.0,1.0,0,reported
Darbyville,Credit Factor,2016,-,0.0,0.0,0,dash_zero_inferred
Darbyville,Credit Factor,2017,-,0.0,0.0,0,dash_zero_inferred
Darbyville,Credit Factor,2018,-,0.0,0.0,0,dash_zero_inferred
Darbyville,Credit Factor,2019,-,0.0,0.0,0,dash_zero_inferred
Darbyville,Credit Factor,2020,-,0.0,0.0,0,dash_zero_inferred
Darbyville,Credit Factor,2021,-,0.0,0.0,0,dash_zero_inferred
Darbyville,Credit Factor,2022,-,0.0,0.0,0,dash_zero_inferred
Darbyville,Credit Factor,2023,-,0.0,0.0,0,dash_zero_inferred
Darbyville,Credit Factor,2024,-,0.0,0.0,0,dash_zero_inferred
Darbyville,Credit Factor,2025,-,0.0,0.0,0,dash_zero_inferred
Darbyville,Credit Rate,2016,-,0.0,0.0,0,dash_zero_inferred
Darbyville,Credit Rate,2017,-,0.0,0.0,0,dash_zero_inferred
Darbyville,Credit Rate,2018,-,0.0,0.0,0,dash_zero_inferred
Darbyville,Credit Rate,2019,-,0.0,0.0,0,dash_zero_inferred
Darbyville,Credit Rate,2020,-,0.0,0.0,0,dash_zero_inferred
Darbyville,Credit Rate,2021,-,0.0,0.0,0,dash_zero_inferred
Darbyville,Credit Rate,2022,-,0.0,0.0,0,dash_zero_inferred
Darbyville,Credit Rate,2023,-,0.0,0.0,0,dash_zero_inferred
Darbyville,Credit Rate,2024,-,0.0,0.0,0,dash_zero_inferred
Darbyville,Credit Rate,2025,-,0.0,0.0,0,dash_zero_inferred
DeGraff,Tax Rate,2016,1.00,1.0,1.0,0,reported
DeGraff,Tax Rate,2017,1.00,1.0,1.0,0,reported
DeGraff,Tax Rate,2018,1.00,1.0,1.0,0,reported
DeGraff,Tax Rate,2019,1.00,1.0,1.0,0,reported
DeGraff,Tax Rate,2020,1.00,1.0,1.0,0,reported
DeGraff,Tax Rate,2021,1.00,1.0,1.0,0,reported
DeGraff,Tax Rate,2022,1.00,1.0,1.0,0,reported
DeGraff,Tax Rate,2023,1.00,1.0,1.0,0,reported
DeGraff,Tax Rate,2024,1.00,1.0,1.0,0,reported
DeGraff,Tax Rate,2025,1.00,1.0,1.0,0,reported
DeGraff,Credit Factor,2016,50,50.0,50.0,0,reported
DeGraff,Credit Factor,2017,50,50.0,50.0,0,reported
DeGraff,Credit Factor,2018,50,50.0,50.0,0,reported
DeGraff,Credit Factor,2019,50,50.0,50.0,0,reported
DeGraff,Credit Factor,2020,-,0.0,0.0,0,dash_zero_inferred
DeGraff,Credit Factor,2021,-,0.0,0.0,0,dash_zero_inferred
DeGraff,Credit Factor,2022,-,0.0,0.0,0,dash_zero_inferred
DeGraff,Credit Factor,2023,-,0.0,0.0,0,dash_zero_inferred
DeGraff,Credit Factor,2024,-,0.0,0.0,0,dash_zero_inferred
DeGraff,Credit Factor,2025,-,0.0,0.0,0,dash_zero_inferred
DeGraff,Credit Rate,2016,1.00,1.0,1.0,0,reported
DeGraff,Credit Rate,2017,1.00,1.0,1.0,0,reported
DeGraff,Credit Rate,2018,1.00,1.0,1.0,0,reported
DeGraff,Credit Rate,2019,1.00,1.0,1.0,0,reported
DeGraff,Credit Rate,2020,-,0.0,0.0,0,dash_zero_inferred
DeGraff,Credit Rate,2021,-,0.0,0.0,0,dash_zero_inferred
DeGraff,Credit Rate,2022,-,0.0,0.0,0,dash_zero_inferred
DeGraff,Credit Rate,2023,-,0.0,0.0,0,dash_zero_inferred
DeGraff,Credit Rate,2024,-,0.0,0.0,0,dash_zero_inferred
DeGraff,Credit Rate,2025,-,0.0,0.0,0,dash_zero_inferred
Dennison,Tax Rate,2016,2.00,2.0,2.0,0,reported
Dennison,Tax Rate,2017,2.00,2.0,2.0,0,reported
Dennison,Tax Rate,2018,2.00,2.0,2.0,0,reported
Dennison,Tax Rate,2019,2.00,2.0,2.0,0,reported
Dennison,Tax Rate,2020,2.00,2.0,2.0,0,reported
Dennison,Tax Rate,2021,2.00,2.0,2.0,0,reported
Dennison,Tax Rate,2022,2.00,2.0,2.0,0,reported
Dennison,Tax Rate,2023,2.00,2.0,2.0,0,reported
Dennison,Tax Rate,2024,2.00,2.0,2.0,0,reported
Dennison,Tax Rate,2025,2.00,2.0,2.0,0,reported
Dennison,Credit Factor,2016,100,100.0,100.0,0,reported
Dennison,Credit Factor,2017,100,100.0,100.0,0,reported
Dennison,Credit Factor,2018,100,100.0,100.0,0,reported
Dennison,Credit Factor,2019,100,100.0,100.0,0,reported
Dennison,Credit Factor,2020,100,100.0,100.0,0,reported
Dennison,Credit Factor,2021,100,100.0,100.0,0,reported
Dennison,Credit Factor,2022,100,100.0,100.0,0,reported
Dennison,Credit Factor,2023,100,100.0,100.0,0,reported
Dennison,Credit Factor,2024,100,100.0,100.0,0,reported
Dennison,Credit Factor,2025,100,100.0,100.0,0,reported
Dennison,Credit Rate,2016,2.00,2.0,2.0,0,reported
Dennison,Credit Rate,2017,2.00,2.0,2.0,0,reported
Dennison,Credit Rate,2018,2.00,2.0,2.0,0,reported
Dennison,Credit Rate,2019,2.00,2.0,2.0,0,reported
Dennison,Credit Rate,2020,2.00,2.0,2.0,0,reported
Dennison,Credit Rate,2021,2.00,2.0,2.0,0,reported
Dennison,Credit Rate,2022,2.00,2.0,2.0,0,reported
Dennison,Credit Rate,2023,2.00,2.0,2.0,0,reported
Dennison,Credit Rate,2024,2.00,2.0,2.0,0,reported
Dennison,Credit Rate,2025,2.00,2.0,2.0,0,reported
Dorr Street Jedd,Tax Rate,2016,-,,,0,not_member_or_no_tax
Dorr Street Jedd,Tax Rate,2017,-,,,0,not_member_or_no_tax
Dorr Street Jedd,Tax Rate,2018,-,,,0,not_member_or_no_tax
Dorr Street Jedd,Tax Rate,2019,-,,,0,not_member_or_no_tax
Dorr Street Jedd,Tax Rate,2020,2.00,2.0,2.0,0,reported
Dorr Street Jedd,Tax Rate,2021,2.00,2.0,2.0,0,reported
Dorr Street Jedd,Tax Rate,2022,2.00,2.0,2.0,0,reported
Dorr Street Jedd,Tax Rate,2023,2.00,2.0,2.0,0,reported
Dorr Street Jedd,Tax Rate,2024,2.00,2.0,2.0,0,reported
Dorr Street Jedd,Tax Rate,2025,2.00,2.0,2.0,0,reported
Dorr Street Jedd,Credit Factor,2016,,,,0,absent
Dorr Street Jedd,Credit Factor,2017,,,,0,absent
Dorr Street Jedd,Credit Factor,2018,,,,0,absent
Dorr Street Jedd,Credit Factor,2019,,,,0,absent
Dorr Street Jedd,Credit Factor,2020,,,,0,absent
Dorr Street Jedd,Credit Factor,2021,,,,0,absent
Dorr Street Jedd,Credit Factor,2022,,,,0,absent
Dorr Street Jedd,Credit Factor,2023,,,,0,absent
Dorr Street Jedd,Credit Factor,2024,,,,0,absent
Dorr Street Jedd,Credit Factor,2025,,,,0,absent
Dorr Street Jedd,Credit Rate,2016,,,,0,absent
Dorr Street Jedd,Credit Rate,2017,,,,0,absent
Dorr Street Jedd,Credit Rate,2018,,,,0,absent
Dorr Street Jedd,Credit Rate,2019,,,,0,absent
Dorr Street Jedd,Credit Rate,2020,,,,0,absent
Dorr Street Jedd,Credit Rate,2021,,,,0,absent
Dorr Street Jedd,Credit Rate,2022,,,,0,absent
Dorr Street Jedd,Credit Rate,2023,,,,0,absent
Dorr Street Jedd,Credit Rate,2024,,,,0,absent
Dorr Street Jedd,Credit Rate,2025,,,,0,absent
Doylestown,Tax Rate,2016,-,,,0,not_member_or_no_tax
Doylestown,Tax Rate,2017,-,,,0,not_member_or_no_tax
Doylestown,Tax Rate,2018,-,,,0,not_member_or_no_tax
Doylestown,Tax Rate,2019,-,,,0,not_member_or_no_tax
Doylestown,Tax Rate,2020,-,,,0,not_member_or_no_tax
Doylestown,Tax Rate,2021,-,,,0,not_member_or_no_tax
Doylestown,Tax Rate,2022,2.00,2.0,2.0,0,reported
Doylestown,Tax Rate,2023,2.00,2.0,2.0,0,reported
Doylestown,Tax Rate,2024,2.00,2.0,2.0,0,reported
Doylestown,Tax Rate,2025,2.00,2.0,2.0,0,reported
Doylestown,Credit Factor,2016,-,,,0,not_member_or_no_tax
Doylestown,Credit Factor,2017,-,,,0,not_member_or_no_tax
Doylestown,Credit Factor,2018,-,,,0,not_member_or_no_tax
Doylestown,Credit Factor,2019,-,,,0,not_member_or_no_tax
Doylestown,Credit Factor,2020,-,,,0,not_member_or_no_tax
Doylestown,Credit Factor,2021,-,,,0,not_member_or_no_tax
Doylestown,Credit Factor,2022,100,100.0,100.0,0,reported
Doylestown,Credit Factor,2023,100,100.0,100.0,0,reported
Doylestown,Credit Factor,2024,100,100.0,100.0,0,reported
Doylestown,Credit Factor,2025,100,100.0,100.0,0,reported
Doylestown,Credit Rate,2016,-,,,0,not_member_or_no_tax
Doylestown,Credit Rate,2017,-,,,0,not_member_or_no_tax
Doylestown,Credit Rate,2018,-,,,0,not_member_or_no_tax
Doylestown,Credit Rate,2019,-,,,0,not_member_or_no_tax
Doylestown,Credit Rate,2020,-,,,0,not_member_or_no_tax
Doylestown,Credit Rate,2021,-,,,0,not_member_or_no_tax
Doylestown,Credit Rate,2022,2.00,2.0,2.0,0,reported
Doylestown,Credit Rate,2023,2.00,2.0,2.0,0,reported
Doylestown,Credit Rate,2024,1.00,1.0,1.0,0,reported
Doylestown,Credit Rate,2025,1.00,1.0,1.0,0,reported
Dresden,Tax Rate,2016,-,,,0,not_member_or_no_tax
Dresden,Tax Rate,2017,-,,,0,not_member_or_no_tax
Dresden,Tax Rate,2018,-,,,0,not_member_or_no_tax
Dresden,Tax Rate,2019,-,,,0,not_member_or_no_tax
Dresden,Tax Rate,2020,-,,,0,not_member_or_no_tax
Dresden,Tax Rate,2021,-,,,0,not_member_or_no_tax
Dresden,Tax Rate,2022,-,,,0,not_member_or_no_tax
Dresden,Tax Rate,2023,-,,,0,not_member_or_no_tax
Dresden,Tax Rate,2024,-,,,0,not_member_or_no_tax
Dresden,Tax Rate,2025,1.00,1.0,1.0,0,reported
Dresden,Credit Factor,2016,-,,,0,not_member_or_no_tax
Dresden,Credit Factor,2017,-,,,0,not_member_or_no_tax
Dresden,Credit Factor,2018,-,,,0,not_member_or_no_tax
Dresden,Credit Factor,2019,-,,,0,not_member_or_no_tax
Dresden,Credit Factor,2020,-,,,0,not_member_or_no_tax
Dresden,Credit Factor,2021,-,,,0,not_member_or_no_tax
Dresden,Credit Factor,2022,-,,,0,not_member_or_no_tax
Dresden,Credit Factor,2023,-,,,0,not_member_or_no_tax
Dresden,Credit Factor,2024,-,,,0,not_member_or_no_tax
Dresden,Credit Factor,2025,50,50.0,50.0,0,reported
Dresden,Credit Rate,2016,-,,,0,not_member_or_no_tax
Dresden,Credit Rate,2017,-,,,0,not_member_or_no_tax
Dresden,Credit Rate,2018,-,,,0,not_member_or_no_tax
Dresden,Credit Rate,2019,-,,,0,not_member_or_no_tax
Dresden,Credit Rate,2020,-,,,0,not_member_or_no_tax
Dresden,Credit Rate,2021,-,,,0,not_member_or_no_tax
Dresden,Credit Rate,2022,-,,,0,not_member_or_no_tax
Dresden,Credit Rate,2023,-,,,0,not_member_or_no_tax
Dresden,Credit Rate,2024,-,,,0,not_member_or_no_tax
Dresden,Credit Rate,2025,1.00,1.0,1.0,0,reported
Dunkirk,Tax Rate,2016,-,,,0,not_member_or_no_tax
Dunkirk,Tax Rate,2017,-,,,0,not_member_or_no_tax
Dunkirk,Tax Rate,2018,-,,,0,not_member_or_no_tax
Dunkirk,Tax Rate,2019,-,,,0,not_member_or_no_tax
Dunkirk,Tax Rate,2020,1.00,1.0,1.0,0,reported
Dunkirk,Tax Rate,2021,1.00,1.0,1.0,0,reported
Dunkirk,Tax Rate,2022,1.00,1.0,1.0,0,reported
Dunkirk,Tax Rate,2023,1.00,1.0,1.0,0,reported
Dunkirk,Tax Rate,2024,1.00,1.0,1.0,0,reported
Dunkirk,Tax Rate,2025,1.00,1.0,1.0,0,reported
Dunkirk,Credit Factor,2016,-,,,0,not_member_or_no_tax
Dunkirk,Credit Factor,2017,-,,,0,not_member_or_no_tax
Dunkirk,Credit Factor,2018,-,,,0,not_member_or_no_tax
Dunkirk,Credit Factor,2019,-,,,0,not_member_or_no_tax
Dunkirk,Credit Factor,2020,50,50.0,50.0,0,reported
Dunkirk,Credit Factor,2021,50,50.0,50.0,0,reported
Dunkirk,Credit Factor,2022,50,50.0,50.0,0,reported
Dunkirk,Credit Factor,2023,50,50.0,50.0,0,reported
Dunkirk,Credit Factor,2024,50,50.0,50.0,0,reported
Dunkirk,Credit Factor,2025,50,50.0,50.0,0,reported
Dunkirk,Credit Rate,2016,-,,,0,not_member_or_no_tax
Dunkirk,Credit Rate,2017,-,,,0,not_member_or_no_tax
Dunkirk,Credit Rate,2018,-,,,0,not_member_or_no_tax
Dunkirk,Credit Rate,2019,-,,,0,not_member_or_no_tax
Dunkirk,Credit Rate,2020,1.00,1.0,1.0,0,reported
Dunkirk,Credit Rate,2021,1.00,1.0,1.0,0,reported
Dunkirk,Credit Rate,2022,1.00,1.0,1.0,0,reported
Dunkirk,Credit Rate,2023,1.00,1.0,1.0,0,reported
Dunkirk,Credit Rate,2024,1.00,1.0,1.0,0,reported
Dunkirk,Credit Rate,2025,1.00,1.0,1.0,0,reported
East Cleveland,Tax Rate,2016,2.00,2.0,2.0,0,reported
East Cleveland,Tax Rate,2017,2.00,2.0,2.0,0,reported
East Cleveland,Tax Rate,2018,2.00,2.0,2.0,0,reported
East Cleveland,Tax Rate,2019,2.00,2.0,2.0,0,reported
East Cleveland,Tax Rate,2020,2.00,2.0,2.0,0,reported
East Cleveland,Tax Rate,2021,2.00,2.0,2.0,0,reported
East Cleveland,Tax Rate,2022,2.00,2.0,2.0,0,reported
East Cleveland,Tax Rate,2023,2.00,2.0,2.0,0,reported
East Cleveland,Tax Rate,2024,2.00,2.0,2.0,0,reported
East Cleveland,Tax Rate,2025,2.00,2.0,2.0,0,reported
East Cleveland,Credit Factor,2016,-,0.0,0.0,0,dash_zero_inferred
East Cleveland,Credit Factor,2017,-,0.0,0.0,0,dash_zero_inferred
East Cleveland,Credit Factor,2018,-,0.0,0.0,0,dash_zero_inferred
East Cleveland,Credit Factor,2019,-,0.0,0.0,0,dash_zero_inferred
East Cleveland,Credit Factor,2020,-,0.0,0.0,0,dash_zero_inferred
East Cleveland,Credit Factor,2021,-,0.0,0.0,0,dash_zero_inferred
East Cleveland,Credit Factor,2022,-,0.0,0.0,0,dash_zero_inferred
East Cleveland,Credit Factor,2023,-,0.0,0.0,0,dash_zero_inferred
East Cleveland,Credit Factor,2024,-,0.0,0.0,0,dash_zero_inferred
East Cleveland,Credit Factor,2025,-,0.0,0.0,0,dash_zero_inferred
East Cleveland,Credit Rate,2016,-,0.0,0.0,0,dash_zero_inferred
East Cleveland,Credit Rate,2017,-,0.0,0.0,0,dash_zero_inferred
East Cleveland,Credit Rate,2018,-,0.0,0.0,0,dash_zero_inferred
East Cleveland,Credit Rate,2019,-,0.0,0.0,0,dash_zero_inferred
East Cleveland,Credit Rate,2020,-,0.0,0.0,0,dash_zero_inferred
East Cleveland,Credit Rate,2021,-,0.0,0.0,0,dash_zero_inferred
East Cleveland,Credit Rate,2022,-,0.0,0.0,0,dash_zero_inferred
East Cleveland,Credit Rate,2023,-,0.0,0.0,0,dash_zero_inferred
East Cleveland,Credit Rate,2024,-,0.0,0.0,0,dash_zero_inferred
East Cleveland,Credit Rate,2025,-,0.0,0.0,0,dash_zero_inferred
East Palestine,Tax Rate,2016,1.00,1.0,1.0,0,reported
East Palestine,Tax Rate,2017,1.00,1.0,1.0,0,reported
East Palestine,Tax Rate,2018,1.00,1.0,1.0,0,reported
East Palestine,Tax Rate,2019,1.00,1.0,1.0,0,reported
East Palestine,Tax Rate,2020,1.50,1.5,1.5,0,reported
East Palestine,Tax Rate,2021,1.50,1.5,1.5,0,reported
East Palestine,Tax Rate,2022,1.50,1.5,1.5,0,reported
East Palestine,Tax Rate,2023,1.50,1.5,1.5,0,reported
East Palestine,Tax Rate,2024,1.50,1.5,1.5,0,reported
East Palestine,Tax Rate,2025,1.50,1.5,1.5,0,reported
East Palestine,Credit Factor,2016,-,0.0,0.0,0,dash_zero_inferred
East Palestine,Credit Factor,2017,-,0.0,0.0,0,dash_zero_inferred
East Palestine,Credit Factor,2018,-,0.0,0.0,0,dash_zero_inferred
East Palestine,Credit Factor,2019,-,0.0,0.0,0,dash_zero_inferred
East Palestine,Credit Factor,2020,-,0.0,0.0,0,dash_zero_inferred
East Palestine,Credit Factor,2021,-,0.0,0.0,0,dash_zero_inferred
East Palestine,Credit Factor,2022,-,0.0,0.0,0,dash_zero_inferred
East Palestine,Credit Factor,2023,-,0.0,0.0,0,dash_zero_inferred
East Palestine,Credit Factor,2024,-,0.0,0.0,0,dash_zero_inferred
East Palestine,Credit Factor,2025,-,0.0,0.0,0,dash_zero_inferred
East Palestine,Credit Rate,2016,-,0.0,0.0,0,dash_zero_inferred
East Palestine,Credit Rate,2017,-,0.0,0.0,0,dash_zero_inferred
East Palestine,Credit Rate,2018,-,0.0,0.0,0,dash_zero_inferred
East Palestine,Credit Rate,2019,-,0.0,0.0,0,dash_zero_inferred
East Palestine,Credit Rate,2020,-,0.0,0.0,0,dash_zero_inferred
East Palestine,Credit Rate,2021,-,0.0,0.0,0,dash_zero_inferred
East Palestine,Credit Rate,2022,-,0.0,0.0,0,dash_zero_inferred
East Palestine,Credit Rate,2023,-,0.0,0.0,0,dash_zero_inferred
East Palestine,Credit Rate,2024,-,0.0,0.0,0,dash_zero_inferred
East Palestine,Credit Rate,2025,-,0.0,0.0,0,dash_zero_inferred
Eastlake,Tax Rate,2016,2.00,2.0,2.0,0,reported
Eastlake,Tax Rate,2017,2.00,2.0,2.0,0,reported
Eastlake,Tax Rate,2018,2.00,2.0,2.0,0,reported
Eastlake,Tax Rate,2019,2.00,2.0,2.0,0,reported
Eastlake,Tax Rate,2020,2.00,2.0,2.0,0,reported
Eastlake,Tax Rate,2021,2.00,2.0,2.0,0,reported
Eastlake,Tax Rate,2022,2.00,2.0,2.0,0,reported
Eastlake,Tax Rate,2023,2.00,2.0,2.0,0,reported
Eastlake,Tax Rate,2024,2.00,2.0,2.0,0,reported
Eastlake,Tax Rate,2025,2.00,2.0,2.0,0,reported
Eastlake,Credit Factor,2016,100,100.0,100.0,0,reported
Eastlake,Credit Factor,2017,100,100.0,100.0,0,reported
Eastlake,Credit Factor,2018,100,100.0,100.0,0,reported
Eastlake,Credit Factor,2019,100,100.0,100.0,0,reported
Eastlake,Credit Factor,2020,100,100.0,100.0,0,reported
Eastlake,Credit Factor,2021,100,100.0,100.0,0,reported
Eastlake,Credit Factor,2022,100,100.0,100.0,0,reported
Eastlake,Credit Factor,2023,100,100.0,100.0,0,reported
Eastlake,Credit Factor,2024,100,100.0,100.0,0,reported
Eastlake,Credit Factor,2025,100,100.0,100.0,0,reported
Eastlake,Credit Rate,2016,2.00,2.0,2.0,0,reported
Eastlake,Credit Rate,2017,2.00,2.0,2.0,0,reported
Eastlake,Credit Rate,2018,2.00,2.0,2.0,0,reported
Eastlake,Credit Rate,2019,2.00,2.0,2.0,0,reported
Eastlake,Credit Rate,2020,2.00,2.0,2.0,0,reported
Eastlake,Credit Rate,2021,2.00,2.0,2.0,0,reported
Eastlake,Credit Rate,2022,2.00,2.0,2.0,0,reported
Eastlake,Credit Rate,2023,2.00,2.0,2.0,0,reported
Eastlake,Credit Rate,2024,2.00,2.0,2.0,0,reported
Eastlake,Credit Rate,2025,2.00,2.0,2.0,0,reported
East Union Twp-Apple Creek JEDD,Tax Rate,2016,-,,,0,not_member_or_no_tax
East Union Twp-Apple Creek JEDD,Tax Rate,2017,-,,,0,not_member_or_no_tax
East Union Twp-Apple Creek JEDD,Tax Rate,2018,-,,,0,not_member_or_no_tax
East Union Twp-Apple Creek JEDD,Tax Rate,2019,-,,,0,not_member_or_no_tax
East Union Twp-Apple Creek JEDD,Tax Rate,2020,-,,,0,not_member_or_no_tax
East Union Twp-Apple Creek JEDD,Tax Rate,2021,-,,,0,not_member_or_no_tax
East Union Twp-Apple Creek JEDD,Tax Rate,2022,-,,,0,not_member_or_no_tax
East Union Twp-Apple Creek JEDD,Tax Rate,2023,-,,,0,not_member_or_no_tax
East Union Twp-Apple Creek JEDD,Tax Rate,2024,1.00,1.0,1.0,0,reported
East Union Twp-Apple Creek JEDD,Tax Rate,2025,1.00,1.0,1.0,0,reported
East Union Twp-Apple Creek JEDD,Credit Factor,2016,,,,0,absent
East Union Twp-Apple Creek JEDD,Credit Factor,2017,,,,0,absent
East Union Twp-Apple Creek JEDD,Credit Factor,2018,,,,0,absent
East Union Twp-Apple Creek JEDD,Credit Factor,2019,,,,0,absent
East Union Twp-Apple Creek JEDD,Credit Factor,2020,,,,0,absent
East Union Twp-Apple Creek JEDD,Credit Factor,2021,,,,0,absent
East Union Twp-Apple Creek JEDD,Credit Factor,2022,,,,0,absent
East Union Twp-Apple Creek JEDD,Credit Factor,2023,,,,0,absent
East Union Twp-Apple Creek JEDD,Credit Factor,2024,,,,0,absent
East Union Twp-Apple Creek JEDD,Credit Factor,2025,,,,0,absent
East Union Twp-Apple Creek JEDD,Credit Rate,2016,,,,0,absent
East Union Twp-Apple Creek JEDD,Credit Rate,2017,,,,0,absent
East Union Twp-Apple Creek JEDD,Credit Rate,2018,,,,0,absent
East Union Twp-Apple Creek JEDD,Credit Rate,2019,,,,0,absent
East Union Twp-Apple Creek JEDD,Credit Rate,2020,,,,0,absent
East Union Twp-Apple Creek JEDD,Credit Rate,2021,,,,0,absent
East Union Twp-Apple Creek JEDD,Credit Rate,2022,,,,0,absent
East Union Twp-Apple Creek JEDD,Credit Rate,2023,,,,0,absent
East Union Twp-Apple Creek JEDD,Credit Rate,2024,,,,0,absent
East Union Twp-Apple Creek JEDD,Credit Rate,2025,,,,0,absent
Eaton,Tax Rate,2016,1.50,1.5,1.5,0,reported
Eaton,Tax Rate,2017,1.50,1.5,1.5,0,reported
Eaton,Tax Rate,2018,1.50,1.5,1.5,0,reported
Eaton,Tax Rate,2019,1.50,1.5,1.5,0,reported
Eaton,Tax Rate,2020,1.50,1.5,1.5,0,reported
Eaton,Tax Rate,2021,1.50,1.5,1.5,0,reported
Eaton,Tax Rate,2022,1.50,1.5,1.5,0,reported
Eaton,Tax Rate,2023,1.50,1.5,1.5,0,reported
Eaton,Tax Rate,2024,1.50,1.5,1.5,0,reported
Eaton,Tax Rate,2025,1.50,1.5,1.5,0,reported
Eaton,Credit Factor,2016,100,100.0,100.0,0,reported
Eaton,Credit Factor,2017,100,100.0,100.0,0,reported
Eaton,Credit Factor,2018,100,100.0,100.0,0,reported
Eaton,Credit Factor,2019,100,100.0,100.0,0,reported
Eaton,Credit Factor,2020,100,100.0,100.0,0,reported
Eaton,Credit Factor,2021,100,100.0,100.0,0,reported
Eaton,Credit Factor,2022,100,100.0,100.0,0,reported
Eaton,Credit Factor,2023,100,100.0,100.0,0,reported
Eaton,Credit Factor,2024,100,100.0,100.0,0,reported
Eaton,Credit Factor,2025,100,100.0,100.0,0,reported
Eaton,Credit Rate,2016,1.50,1.5,1.5,0,reported
Eaton,Credit Rate,2017,1.50,1.5,1.5,0,reported
Eaton,Credit Rate,2018,1.50,1.5,1.5,0,reported
Eaton,Credit Rate,2019,1.50,1.5,1.5,0,reported
Eaton,Credit Rate,2020,1.50,1.5,1.5,0,reported
Eaton,Credit Rate,2021,1.50,1.5,1.5,0,reported
Eaton,Credit Rate,2022,1.50,1.5,1.5,0,reported
Eaton,Credit Rate,2023,1.50,1.5,1.5,0,reported
Eaton,Credit Rate,2024,1.50,1.5,1.5,0,reported
Eaton,Credit Rate,2025,1.50,1.5,1.5,0,reported
Eaton Jedd,Tax Rate,2016,2.25/1.75,2.25,1.75,1,split_new_first_partial
Eaton Jedd,Tax Rate,2017,2.25,2.25,2.25,0,reported
Eaton Jedd,Tax Rate,2018,2.25,2.25,2.25,0,reported
Eaton Jedd,Tax Rate,2019,2.25,2.25,2.25,0,reported
Eaton Jedd,Tax Rate,2020,2.25,2.25,2.25,0,reported
Eaton Jedd,Tax Rate,2021,2.25,2.25,2.25,0,reported
Eaton Jedd,Tax Rate,2022,2.25,2.25,2.25,0,reported
Eaton Jedd,Tax Rate,2023,2.25,2.25,2.25,0,reported
Eaton Jedd,Tax Rate,2024,2.25,2.25,2.25,0,reported
Eaton Jedd,Tax Rate,2025,2.25,2.25,2.25,0,reported
Eaton Jedd,Credit Factor,2016,,,,0,absent
Eaton Jedd,Credit Factor,2017,,,,0,absent
Eaton Jedd,Credit Factor,2018,,,,0,absent
Eaton Jedd,Credit Factor,2019,,,,0,absent
Eaton Jedd,Credit Factor,2020,,,,0,absent
Eaton Jedd,Credit Factor,2021,,,,0,absent
Eaton Jedd,Credit Factor,2022,,,,0,absent
Eaton Jedd,Credit Factor,2023,,,,0,absent
Eaton Jedd,Credit Factor,2024,,,,0,absent
Eaton Jedd,Credit Factor,2025,,,,0,absent
Eaton Jedd,Credit Rate,2016,,,,0,absent
Eaton Jedd,Credit Rate,2017,,,,0,absent
Eaton Jedd,Credit Rate,2018,,,,0,absent
Eaton Jedd,Credit Rate,2019,,,,0,absent
Eaton Jedd,Credit Rate,2020,,,,0,absent
Eaton Jedd,Credit Rate,2021,,,,0,absent
Eaton Jedd,Credit Rate,2022,,,,0,absent
Eaton Jedd,Credit Rate,2023,,,,0,absent
Eaton Jedd,Credit Rate,2024,,,,0,absent
Eaton Jedd,Credit Rate,2025,,,,0,absent
Edgerton,Tax Rate,2016,1.75,1.75,1.75,0,reported
Edgerton,Tax Rate,2017,1.75,1.75,1.75,0,reported
Edgerton,Tax Rate,2018,1.75,1.75,1.75,0,reported
Edgerton,Tax Rate,2019,1.75,1.75,1.75,0,reported
Edgerton,Tax Rate,2020,1.75,1.75,1.75,0,reported
Edgerton,Tax Rate,2021,1.75,1.75,1.75,0,reported
Edgerton,Tax Rate,2022,1.75,1.75,1.75,0,reported
Edgerton,Tax Rate,2023,1.75,1.75,1.75,0,reported
Edgerton,Tax Rate,2024,1.75,1.75,1.75,0,reported
Edgerton,Tax Rate,2025,1.75,1.75,1.75,0,reported
Edgerton,Credit Factor,2016,100,100.0,100.0,0,reported
Edgerton,Credit Factor,2017,100,100.0,100.0,0,reported
Edgerton,Credit Factor,2018,100,100.0,100.0,0,reported
Edgerton,Credit Factor,2019,100,100.0,100.0,0,reported
Edgerton,Credit Factor,2020,100,100.0,100.0,0,reported
Edgerton,Credit Factor,2021,100,100.0,100.0,0,reported
Edgerton,Credit Factor,2022,100,100.0,100.0,0,reported
Edgerton,Credit Factor,2023,100,100.0,100.0,0,reported
Edgerton,Credit Factor,2024,100,100.0,100.0,0,reported
Edgerton,Credit Factor,2025,100,100.0,100.0,0,reported
Edgerton,Credit Rate,2016,1.75,1.75,1.75,0,reported
Edgerton,Credit Rate,2017,1.75,1.75,1.75,0,reported
Edgerton,Credit Rate,2018,1.75,1.75,1.75,0,reported
Edgerton,Credit Rate,2019,1.75,1.75,1.75,0,reported
Edgerton,Credit Rate,2020,1.75,1.75,1.75,0,reported
Edgerton,Credit Rate,2021,1.75,1.75,1.75,0,reported
Edgerton,Credit Rate,2022,1.75,1.75,1.75,0,reported
Edgerton,Credit Rate,2023,1.75,1.75,1.75,0,reported
Edgerton,Credit Rate,2024,1.75,1.75,1.75,0,reported
Edgerton,Credit Rate,2025,1.75,1.75,1.75,0,reported
Edison,Tax Rate,2016,0.50,0.5,0.5,0,reported
Edison,Tax Rate,2017,0.50,0.5,0.5,0,reported
Edison,Tax Rate,2018,0.50,0.5,0.5,0,reported
Edison,Tax Rate,2019,0.50,0.5,0.5,0,reported
Edison,Tax Rate,2020,0.50,0.5,0.5,0,reported
Edison,Tax Rate,2021,0.50,0.5,0.5,0,reported
Edison,Tax Rate,2022,0.50,0.5,0.5,0,reported
Edison,Tax Rate,2023,0.50,0.5,0.5,0,reported
Edison,Tax Rate,2024,0.50,0.5,0.5,0,reported
Edison,Tax Rate,2025,0.50,0.5,0.5,0,reported
Edison,Credit Factor,2016,-,0.0,0.0,0,dash_zero_inferred
Edison,Credit Factor,2017,-,0.0,0.0,0,dash_zero_inferred
Edison,Credit Factor,2018,-,0.0,0.0,0,dash_zero_inferred
Edison,Credit Factor,2019,-,0.0,0.0,0,dash_zero_inferred
Edison,Credit Factor,2020,-,0.0,0.0,0,dash_zero_inferred
Edison,Credit Factor,2021,-,0.0,0.0,0,dash_zero_inferred
Edison,Credit Factor,2022,-,0.0,0.0,0,dash_zero_inferred
Edison,Credit Factor,2023,-,0.0,0.0,0,dash_zero_inferred
Edison,Credit Factor,2024,-,0.0,0.0,0,dash_zero_inferred
Edison,Credit Factor,2025,-,0.0,0.0,0,dash_zero_inferred
Edison,Credit Rate,2016,-,0.0,0.0,0,dash_zero_inferred
Edison,Credit Rate,2017,-,0.0,0.0,0,dash_zero_inferred
Edison,Credit Rate,2018,-,0.0,0.0,0,dash_zero_inferred
Edison,Credit Rate,2019,-,0.0,0.0,0,dash_zero_inferred
Edison,Credit Rate,2020,-,0.0,0.0,0,dash_zero_inferred
Edison,Credit Rate,2021,-,0.0,0.0,0,dash_zero_inferred
Edison,Credit Rate,2022,-,0.0,0.0,0,dash_zero_inferred
Edison,Credit Rate,2023,-,0.0,0.0,0,dash_zero_inferred
Edison,Credit Rate,2024,-,0.0,0.0,0,dash_zero_inferred
Edison,Credit Rate,2025,-,0.0,0.0,0,dash_zero_inferred
Elmore,Tax Rate,2016,-,,,0,not_member_or_no_tax
Elmore,Tax Rate,2017,1.75,1.75,1.75,0,reported
Elmore,Tax Rate,2018,1.75,1.75,1.75,0,reported
Elmore,Tax Rate,2019,1.75,1.75,1.75,0,reported
Elmore,Tax Rate,2020,1.75,1.75,1.75,0,reported
Elmore,Tax Rate,2021,1.75,1.75,1.75,0,reported
Elmore,Tax Rate,2022,1.75,1.75,1.75,0,reported
Elmore,Tax Rate,2023,1.75,1.75,1.75,0,reported
Elmore,Tax Rate,2024,1.75,1.75,1.75,0,reported
Elmore,Tax Rate,2025,1.75,1.75,1.75,0,reported
Elmore,Credit Factor,2016,-,,,0,not_member_or_no_tax
Elmore,Credit Factor,2017,-,0.0,0.0,0,dash_zero_inferred
Elmore,Credit Factor,2018,-,0.0,0.0,0,dash_zero_inferred
Elmore,Credit Factor,2019,-,0.0,0.0,0,dash_zero_inferred
Elmore,Credit Factor,2020,-,0.0,0.0,0,dash_zero_inferred
Elmore,Credit Factor,2021,-,0.0,0.0,0,dash_zero_inferred
Elmore,Credit Factor,2022,-,0.0,0.0,0,dash_zero_inferred
Elmore,Credit Factor,2023,-,0.0,0.0,0,dash_zero_inferred
Elmore,Credit Factor,2024,-,0.0,0.0,0,dash_zero_inferred
Elmore,Credit Factor,2025,-,0.0,0.0,0,dash_zero_inferred
Elmore,Credit Rate,2016,-,,,0,not_member_or_no_tax
Elmore,Credit Rate,2017,-,0.0,0.0,0,dash_zero_inferred
Elmore,Credit Rate,2018,-,0.0,0.0,0,dash_zero_inferred
Elmore,Credit Rate,2019,-,0.0,0.0,0,dash_zero_inferred
Elmore,Credit Rate,2020,-,0.0,0.0,0,dash_zero_inferred
Elmore,Credit Rate,2021,-,0.0,0.0,0,dash_zero_inferred
Elmore,Credit Rate,2022,-,0.0,0.0,0,dash_zero_inferred
Elmore,Credit Rate,2023,-,0.0,0.0,0,dash_zero_inferred
Elmore,Credit Rate,2024,-,0.0,0.0,0,dash_zero_inferred
Elmore,Credit Rate,2025,-,0.0,0.0,0,dash_zero_inferred
Elmwood Place,Tax Rate,2016,2.00,2.0,2.0,0,reported
Elmwood Place,Tax Rate,2017,2.00,2.0,2.0,0,reported
Elmwood Place,Tax Rate,2018,2.00,2.0,2.0,0,reported
Elmwood Place,Tax Rate,2019,2.00,2.0,2.0,0,reported
Elmwood Place,Tax Rate,2020,2.00,2.0,2.0,0,reported
Elmwood Place,Tax Rate,2021,2.00,2.0,2.0,0,reported
Elmwood Place,Tax Rate,2022,2.00,2.0,2.0,0,reported
Elmwood Place,Tax Rate,2023,2.00,2.0,2.0,0,reported
Elmwood Place,Tax Rate,2024,2.00,2.0,2.0,0,reported
Elmwood Place,Tax Rate,2025,2.00,2.0,2.0,0,reported
Elmwood Place,Credit Factor,2016,100,100.0,100.0,0,reported
Elmwood Place,Credit Factor,2017,100,100.0,100.0,0,reported
Elmwood Place,Credit Factor,2018,100,100.0,100.0,0,reported
Elmwood Place,Credit Factor,2019,100,100.0,100.0,0,reported
Elmwood Place,Credit Factor,2020,100,100.0,100.0,0,reported
Elmwood Place,Credit Factor,2021,100,100.0,100.0,0,reported
Elmwood Place,Credit Factor,2022,100,100.0,100.0,0,reported
Elmwood Place,Credit Factor,2023,100,100.0,100.0,0,reported
Elmwood Place,Credit Factor,2024,100,100.0,100.0,0,reported
Elmwood Place,Credit Factor,2025,100,100.0,100.0,0,reported
Elmwood Place,Credit Rate,2016,2.00,2.0,2.0,0,reported
Elmwood Place,Credit Rate,2017,2.00,2.0,2.0,0,reported
Elmwood Place,Credit Rate,2018,2.00,2.0,2.0,0,reported
Elmwood Place,Credit Rate,2019,2.00,2.0,2.0,0,reported
Elmwood Place,Credit Rate,2020,2.00,2.0,2.0,0,reported
Elmwood Place,Credit Rate,2021,2.00,2.0,2.0,0,reported
Elmwood Place,Credit Rate,2022,2.00,2.0,2.0,0,reported
Elmwood Place,Credit Rate,2023,2.00,2.0,2.0,0,reported
Elmwood Place,Credit Rate,2024,2.00,2.0,2.0,0,reported
Elmwood Place,Credit Rate,2025,2.00,2.0,2.0,0,reported
Elyria,Tax Rate,2016,2.25/1.75,2.25,1.75,1,split_new_first_partial
Elyria,Tax Rate,2017,2.25,2.25,2.25,0,reported
Elyria,Tax Rate,2018,2.25,2.25,2.25,0,reported
Elyria,Tax Rate,2019,2.25,2.25,2.25,0,reported
Elyria,Tax Rate,2020,2.25,2.25,2.25,0,reported
Elyria,Tax Rate,2021,2.25,2.25,2.25,0,reported
Elyria,Tax Rate,2022,2.25,2.25,2.25,0,reported
Elyria,Tax Rate,2023,2.25,2.25,2.25,0,reported
Elyria,Tax Rate,2024,2.25,2.25,2.25,0,reported
Elyria,Tax Rate,2025,2.25,2.25,2.25,0,reported
Elyria,Credit Factor,2016,100,100.0,100.0,0,reported
Elyria,Credit Factor,2017,100,100.0,100.0,0,reported
Elyria,Credit Factor,2018,100,100.0,100.0,0,reported
Elyria,Credit Factor,2019,100,100.0,100.0,0,reported
Elyria,Credit Factor,2020,100,100.0,100.0,0,reported
Elyria,Credit Factor,2021,100,100.0,100.0,0,reported
Elyria,Credit Factor,2022,100,100.0,100.0,0,reported
Elyria,Credit Factor,2023,100,100.0,100.0,0,reported
Elyria,Credit Factor,2024,100,100.0,100.0,0,reported
Elyria,Credit Factor,2025,100,100.0,100.0,0,reported
Elyria,Credit Rate,2016,2.25/1.75,2.25,1.75,1,split_new_first_partial
Elyria,Credit Rate,2017,2.25,2.25,2.25,0,reported
Elyria,Credit Rate,2018,2.25,2.25,2.25,0,reported
Elyria,Credit Rate,2019,2.25,2.25,2.25,0,reported
Elyria,Credit Rate,2020,2.25,2.25,2.25,0,reported
Elyria,Credit Rate,2021,2.25,2.25,2.25,0,reported
Elyria,Credit Rate,2022,2.25,2.25,2.25,0,reported
Elyria,Credit Rate,2023,2.25,2.25,2.25,0,reported
Elyria,Credit Rate,2024,2.25,2.25,2.25,0,reported
Elyria,Credit Rate,2025,2.25,2.25,2.25,0,reported
Elyria Jedd,Tax Rate,2016,2.25/1.75,2.25,1.75,1,split_new_first_partial
Elyria Jedd,Tax Rate,2017,2.25,2.25,2.25,0,reported
Elyria Jedd,Tax Rate,2018,2.25,2.25,2.25,0,reported
Elyria Jedd,Tax Rate,2019,2.25,2.25,2.25,0,reported
Elyria Jedd,Tax Rate,2020,2.25,2.25,2.25,0,reported
Elyria Jedd,Tax Rate,2021,2.25,2.25,2.25,0,reported
Elyria Jedd,Tax Rate,2022,2.25,2.25,2.25,0,reported
Elyria Jedd,Tax Rate,2023,2.25,2.25,2.25,0,reported
Elyria Jedd,Tax Rate,2024,2.25,2.25,2.25,0,reported
Elyria Jedd,Tax Rate,2025,2.25,2.25,2.25,0,reported
Elyria Jedd,Credit Factor,2016,,,,0,absent
Elyria Jedd,Credit Factor,2017,,,,0,absent
Elyria Jedd,Credit Factor,2018,,,,0,absent
Elyria Jedd,Credit Factor,2019,,,,0,absent
Elyria Jedd,Credit Factor,2020,,,,0,absent
Elyria Jedd,Credit Factor,2021,,,,0,absent
Elyria Jedd,Credit Factor,2022,,,,0,absent
Elyria Jedd,Credit Factor,2023,,,,0,absent
Elyria Jedd,Credit Factor,2024,,,,0,absent
Elyria Jedd,Credit Factor,2025,,,,0,absent
Elyria Jedd,Credit Rate,2016,,,,0,absent
Elyria Jedd,Credit Rate,2017,,,,0,absent
Elyria Jedd,Credit Rate,2018,,,,0,absent
Elyria Jedd,Credit Rate,2019,,,,0,absent
Elyria Jedd,Credit Rate,2020,,,,0,absent
Elyria Jedd,Credit Rate,2021,,,,0,absent
Elyria Jedd,Credit Rate,2022,,,,0,absent
Elyria Jedd,Credit Rate,2023,,,,0,absent
Elyria Jedd,Credit Rate,2024,,,,0,absent
Elyria Jedd,Credit Rate,2025,,,,0,absent
Empire,Tax Rate,2016,1.00,1.0,1.0,0,reported
Empire,Tax Rate,2017,1.00,1.0,1.0,0,reported
Empire,Tax Rate,2018,1.00,1.0,1.0,0,reported
Empire,Tax Rate,2019,1.00,1.0,1.0,0,reported
Empire,Tax Rate,2020,1.00,1.0,1.0,0,reported
Empire,Tax Rate,2021,1.00,1.0,1.0,0,reported
Empire,Tax Rate,2022,1.00,1.0,1.0,0,reported
Empire,Tax Rate,2023,1.00,1.0,1.0,0,reported
Empire,Tax Rate,2024,1.00,1.0,1.0,0,reported
Empire,Tax Rate,2025,1.00,1.0,1.0,0,reported
Empire,Credit Factor,2016,100,100.0,100.0,0,reported
Empire,Credit Factor,2017,100,100.0,100.0,0,reported
Empire,Credit Factor,2018,100,100.0,100.0,0,reported
Empire,Credit Factor,2019,100,100.0,100.0,0,reported
Empire,Credit Factor,2020,100,100.0,100.0,0,reported
Empire,Credit Factor,2021,100,100.0,100.0,0,reported
Empire,Credit Factor,2022,100,100.0,100.0,0,reported
Empire,Credit Factor,2023,100,100.0,100.0,0,reported
Empire,Credit Factor,2024,100,100.0,100.0,0,reported
Empire,Credit Factor,2025,100,100.0,100.0,0,reported
Empire,Credit Rate,2016,1.00,1.0,1.0,0,reported
Empire,Credit Rate,2017,1.00,1.0,1.0,0,reported
Empire,Credit Rate,2018,1.00,1.0,1.0,0,reported
Empire,Credit Rate,2019,1.00,1.0,1.0,0,reported
Empire,Credit Rate,2020,1.00,1.0,1.0,0,reported
Empire,Credit Rate,2021,1.00,1.0,1.0,0,reported
Empire,Credit Rate,2022,1.00,1.0,1.0,0,reported
Empire,Credit Rate,2023,1.00,1.0,1.0,0,reported
Empire,Credit Rate,2024,1.00,1.0,1.0,0,reported
Empire,Credit Rate,2025,1.00,1.0,1.0,0,reported
Etna-Reynoldsburg Jedd 1,Tax Rate,2016,-,,,0,not_member_or_no_tax
Etna-Reynoldsburg Jedd 1,Tax Rate,2017,-,,,0,not_member_or_no_tax
Etna-Reynoldsburg Jedd 1,Tax Rate,2018,2.00/1.50,2.0,1.5,1,split_new_first_partial
Etna-Reynoldsburg Jedd 1,Tax Rate,2019,2.00,2.0,2.0,0,reported
Etna-Reynoldsburg Jedd 1,Tax Rate,2020,2.00,2.0,2.0,0,reported
Etna-Reynoldsburg Jedd 1,Tax Rate,2021,2.00,2.0,2.0,0,reported
Etna-Reynoldsburg Jedd 1,Tax Rate,2022,2.00,2.0,2.0,0,reported
Etna-Reynoldsburg Jedd 1,Tax Rate,2023,2.00,2.0,2.0,0,reported
Etna-Reynoldsburg Jedd 1,Tax Rate,2024,2.00,2.0,2.0,0,reported
Etna-Reynoldsburg Jedd 1,Tax Rate,2025,2.00,2.0,2.0,0,reported
Etna-Reynoldsburg Jedd 1,Credit Factor,2016,,,,0,absent
Etna-Reynoldsburg Jedd 1,Credit Factor,2017,,,,0,absent
Etna-Reynoldsburg Jedd 1,Credit Factor,2018,,,,0,absent
Etna-Reynoldsburg Jedd 1,Credit Factor,2019,,,,0,absent
Etna-Reynoldsburg Jedd 1,Credit Factor,2020,,,,0,absent
Etna-Reynoldsburg Jedd 1,Credit Factor,2021,,,,0,absent
Etna-Reynoldsburg Jedd 1,Credit Factor,2022,,,,0,absent
Etna-Reynoldsburg Jedd 1,Credit Factor,2023,,,,0,absent
Etna-Reynoldsburg Jedd 1,Credit Factor,2024,,,,0,absent
Etna-Reynoldsburg Jedd 1,Credit Factor,2025,,,,0,absent
Etna-Reynoldsburg Jedd 1,Credit Rate,2016,,,,0,absent
Etna-Reynoldsburg Jedd 1,Credit Rate,2017,,,,0,absent
Etna-Reynoldsburg Jedd 1,Credit Rate,2018,,,,0,absent
Etna-Reynoldsburg Jedd 1,Credit Rate,2019,,,,0,absent
Etna-Reynoldsburg Jedd 1,Credit Rate,2020,,,,0,absent
Etna-Reynoldsburg Jedd 1,Credit Rate,2021,,,,0,absent
Etna-Reynoldsburg Jedd 1,Credit Rate,2022,,,,0,absent
Etna-Reynoldsburg Jedd 1,Credit Rate,2023,,,,0,absent
Etna-Reynoldsburg Jedd 1,Credit Rate,2024,,,,0,absent
Etna-Reynoldsburg Jedd 1,Credit Rate,2025,,,,0,absent
Etna-Reynoldsburg Jedd 2,Tax Rate,2016,-,,,0,not_member_or_no_tax
Etna-Reynoldsburg Jedd 2,Tax Rate,2017,-,,,0,not_member_or_no_tax
Etna-Reynoldsburg Jedd 2,Tax Rate,2018,2.00/1.50,2.0,1.5,1,split_new_first_partial
Etna-Reynoldsburg Jedd 2,Tax Rate,2019,2.00,2.0,2.0,0,reported
Etna-Reynoldsburg Jedd 2,Tax Rate,2020,2.00,2.0,2.0,0,reported
Etna-Reynoldsburg Jedd 2,Tax Rate,2021,2.00,2.0,2.0,0,reported
Etna-Reynoldsburg Jedd 2,Tax Rate,2022,2.00,2.0,2.0,0,reported
Etna-Reynoldsburg Jedd 2,Tax Rate,2023,2.00,2.0,2.0,0,reported
Etna-Reynoldsburg Jedd 2,Tax Rate,2024,2.00,2.0,2.0,0,reported
Etna-Reynoldsburg Jedd 2,Tax Rate,2025,2.00,2.0,2.0,0,reported
Etna-Reynoldsburg Jedd 2,Credit Factor,2016,,,,0,absent
Etna-Reynoldsburg Jedd 2,Credit Factor,2017,,,,0,absent
Etna-Reynoldsburg Jedd 2,Credit Factor,2018,,,,0,absent
Etna-Reynoldsburg Jedd 2,Credit Factor,2019,,,,0,absent
Etna-Reynoldsburg Jedd 2,Credit Factor,2020,,,,0,absent
Etna-Reynoldsburg Jedd 2,Credit Factor,2021,,,,0,absent
Etna-Reynoldsburg Jedd 2,Credit Factor,2022,,,,0,absent
Etna-Reynoldsburg Jedd 2,Credit Factor,2023,,,,0,absent
Etna-Reynoldsburg Jedd 2,Credit Factor,2024,,,,0,absent
Etna-Reynoldsburg Jedd 2,Credit Factor,2025,,,,0,absent
Etna-Reynoldsburg Jedd 2,Credit Rate,2016,,,,0,absent
Etna-Reynoldsburg Jedd 2,Credit Rate,2017,,,,0,absent
Etna-Reynoldsburg Jedd 2,Credit Rate,2018,,,,0,absent
Etna-Reynoldsburg Jedd 2,Credit Rate,2019,,,,0,absent
Etna-Reynoldsburg Jedd 2,Credit Rate,2020,,,,0,absent
Etna-Reynoldsburg Jedd 2,Credit Rate,2021,,,,0,absent
Etna-Reynoldsburg Jedd 2,Credit Rate,2022,,,,0,absent
Etna-Reynoldsburg Jedd 2,Credit Rate,2023,,,,0,absent
Etna-Reynoldsburg Jedd 2,Credit Rate,2024,,,,0,absent
Etna-Reynoldsburg Jedd 2,Credit Rate,2025,,,,0,absent
Etna-Reynoldsburg Jedd 3,Tax Rate,2016,-,,,0,not_member_or_no_tax
Etna-Reynoldsburg Jedd 3,Tax Rate,2017,-,,,0,not_member_or_no_tax
Etna-Reynoldsburg Jedd 3,Tax Rate,2018,2.00,2.0,2.0,0,reported
Etna-Reynoldsburg Jedd 3,Tax Rate,2019,2.00,2.0,2.0,0,reported
Etna-Reynoldsburg Jedd 3,Tax Rate,2020,2.00,2.0,2.0,0,reported
Etna-Reynoldsburg Jedd 3,Tax Rate,2021,2.00,2.0,2.0,0,reported
Etna-Reynoldsburg Jedd 3,Tax Rate,2022,2.00,2.0,2.0,0,reported
Etna-Reynoldsburg Jedd 3,Tax Rate,2023,2.00,2.0,2.0,0,reported
Etna-Reynoldsburg Jedd 3,Tax Rate,2024,2.00,2.0,2.0,0,reported
Etna-Reynoldsburg Jedd 3,Tax Rate,2025,2.00,2.0,2.0,0,reported
Etna-Reynoldsburg Jedd 3,Credit Factor,2016,,,,0,absent
Etna-Reynoldsburg Jedd 3,Credit Factor,2017,,,,0,absent
Etna-Reynoldsburg Jedd 3,Credit Factor,2018,,,,0,absent
Etna-Reynoldsburg Jedd 3,Credit Factor,2019,,,,0,absent
Etna-Reynoldsburg Jedd 3,Credit Factor,2020,,,,0,absent
Etna-Reynoldsburg Jedd 3,Credit Factor,2021,,,,0,absent
Etna-Reynoldsburg Jedd 3,Credit Factor,2022,,,,0,absent
Etna-Reynoldsburg Jedd 3,Credit Factor,2023,,,,0,absent
Etna-Reynoldsburg Jedd 3,Credit Factor,2024,,,,0,absent
Etna-Reynoldsburg Jedd 3,Credit Factor,2025,,,,0,absent
Etna-Reynoldsburg Jedd 3,Credit Rate,2016,,,,0,absent
Etna-Reynoldsburg Jedd 3,Credit Rate,2017,,,,0,absent
Etna-Reynoldsburg Jedd 3,Credit Rate,2018,,,,0,absent
Etna-Reynoldsburg Jedd 3,Credit Rate,2019,,,,0,absent
Etna-Reynoldsburg Jedd 3,Credit Rate,2020,,,,0,absent
Etna-Reynoldsburg Jedd 3,Credit Rate,2021,,,,0,absent
Etna-Reynoldsburg Jedd 3,Credit Rate,2022,,,,0,absent
Etna-Reynoldsburg Jedd 3,Credit Rate,2023,,,,0,absent
Etna-Reynoldsburg Jedd 3,Credit Rate,2024,,,,0,absent
Etna-Reynoldsburg Jedd 3,Credit Rate,2025,,,,0,absent
Etna-Reynoldsburg Jedd 4,Tax Rate,2016,-,,,0,not_member_or_no_tax
Etna-Reynoldsburg Jedd 4,Tax Rate,2017,-,,,0,not_member_or_no_tax
Etna-Reynoldsburg Jedd 4,Tax Rate,2018,-,,,0,not_member_or_no_tax
Etna-Reynoldsburg Jedd 4,Tax Rate,2019,2.00/-,2.0,0.0,1,split_new_first
Etna-Reynoldsburg Jedd 4,Tax Rate,2020,2.00,2.0,2.0,0,reported
Etna-Reynoldsburg Jedd 4,Tax Rate,2021,2.00,2.0,2.0,0,reported
Etna-Reynoldsburg Jedd 4,Tax Rate,2022,2.00,2.0,2.0,0,reported
Etna-Reynoldsburg Jedd 4,Tax Rate,2023,2.00,2.0,2.0,0,reported
Etna-Reynoldsburg Jedd 4,Tax Rate,2024,2.00,2.0,2.0,0,reported
Etna-Reynoldsburg Jedd 4,Tax Rate,2025,2.00,2.0,2.0,0,reported
Etna-Reynoldsburg Jedd 4,Credit Factor,2016,,,,0,absent
Etna-Reynoldsburg Jedd 4,Credit Factor,2017,,,,0,absent
Etna-Reynoldsburg Jedd 4,Credit Factor,2018,,,,0,absent
Etna-Reynoldsburg Jedd 4,Credit Factor,2019,,,,0,absent
Etna-Reynoldsburg Jedd 4,Credit Factor,2020,,,,0,absent
Etna-Reynoldsburg Jedd 4,Credit Factor,2021,,,,0,absent
Etna-Reynoldsburg Jedd 4,Credit Factor,2022,,,,0,absent
Etna-Reynoldsburg Jedd 4,Credit Factor,2023,,,,0,absent
Etna-Reynoldsburg Jedd 4,Credit Factor,2024,,,,0,absent
Etna-Reynoldsburg Jedd 4,Credit Factor,2025,,,,0,absent
Etna-Reynoldsburg Jedd 4,Credit Rate,2016,,,,0,absent
Etna-Reynoldsburg Jedd 4,Credit Rate,2017,,,,0,absent
Etna-Reynoldsburg Jedd 4,Credit Rate,2018,,,,0,absent
Etna-Reynoldsburg Jedd 4,Credit Rate,2019,,,,0,absent
Etna-Reynoldsburg Jedd 4,Credit Rate,2020,,,,0,absent
Etna-Reynoldsburg Jedd 4,Credit Rate,2021,,,,0,absent
Etna-Reynoldsburg Jedd 4,Credit Rate,2022,,,,0,absent
Etna-Reynoldsburg Jedd 4,Credit Rate,2023,,,,0,absent
Etna-Reynoldsburg Jedd 4,Credit Rate,2024,,,,0,absent
Etna-Reynoldsburg Jedd 4,Credit Rate,2025,,,,0,absent
Etna-Reynoldsburg Jedd 7,Tax Rate,2016,-,,,0,not_member_or_no_tax
Etna-Reynoldsburg Jedd 7,Tax Rate,2017,-,,,0,not_member_or_no_tax
Etna-Reynoldsburg Jedd 7,Tax Rate,2018,-,,,0,not_member_or_no_tax
Etna-Reynoldsburg Jedd 7,Tax Rate,2019,-,,,0,not_member_or_no_tax
Etna-Reynoldsburg Jedd 7,Tax Rate,2020,-,,,0,not_member_or_no_tax
Etna-Reynoldsburg Jedd 7,Tax Rate,2021,2.00,2.0,2.0,0,reported
Etna-Reynoldsburg Jedd 7,Tax Rate,2022,2.00,2.0,2.0,0,reported
Etna-Reynoldsburg Jedd 7,Tax Rate,2023,2.00,2.0,2.0,0,reported
Etna-Reynoldsburg Jedd 7,Tax Rate,2024,2.00,2.0,2.0,0,reported
Etna-Reynoldsburg Jedd 7,Tax Rate,2025,2.00,2.0,2.0,0,reported
Etna-Reynoldsburg Jedd 7,Credit Factor,2016,,,,0,absent
Etna-Reynoldsburg Jedd 7,Credit Factor,2017,,,,0,absent
Etna-Reynoldsburg Jedd 7,Credit Factor,2018,,,,0,absent
Etna-Reynoldsburg Jedd 7,Credit Factor,2019,,,,0,absent
Etna-Reynoldsburg Jedd 7,Credit Factor,2020,,,,0,absent
Etna-Reynoldsburg Jedd 7,Credit Factor,2021,,,,0,absent
Etna-Reynoldsburg Jedd 7,Credit Factor,2022,,,,0,absent
Etna-Reynoldsburg Jedd 7,Credit Factor,2023,,,,0,absent
Etna-Reynoldsburg Jedd 7,Credit Factor,2024,,,,0,absent
Etna-Reynoldsburg Jedd 7,Credit Factor,2025,,,,0,absent
Etna-Reynoldsburg Jedd 7,Credit Rate,2016,,,,0,absent
Etna-Reynoldsburg Jedd 7,Credit Rate,2017,,,,0,absent
Etna-Reynoldsburg Jedd 7,Credit Rate,2018,,,,0,absent
Etna-Reynoldsburg Jedd 7,Credit Rate,2019,,,,0,absent
Etna-Reynoldsburg Jedd 7,Credit Rate,2020,,,,0,absent
Etna-Reynoldsburg Jedd 7,Credit Rate,2021,,,,0,absent
Etna-Reynoldsburg Jedd 7,Credit Rate,2022,,,,0,absent
Etna-Reynoldsburg Jedd 7,Credit Rate,2023,,,,0,absent
Etna-Reynoldsburg Jedd 7,Credit Rate,2024,,,,0,absent
Etna-Reynoldsburg Jedd 7,Credit Rate,2025,,,,0,absent
Euclid,Tax Rate,2016,-,,,0,not_member_or_no_tax
Euclid,Tax Rate,2017,-,,,0,not_member_or_no_tax
Euclid,Tax Rate,2018,-,,,0,not_member_or_no_tax
Euclid,Tax Rate,2019,-,,,0,not_member_or_no_tax
Euclid,Tax Rate,2020,-,,,0,not_member_or_no_tax
Euclid,Tax Rate,2021,2.85,2.85,2.85,0,reported
Euclid,Tax Rate,2022,2.85,2.85,2.85,0,reported
Euclid,Tax Rate,2023,2.85,2.85,2.85,0,reported
Euclid,Tax Rate,2024,2.85,2.85,2.85,0,reported
Euclid,Tax Rate,2025,2.85,2.85,2.85,0,reported
Euclid,Credit Factor,2016,-,,,0,not_member_or_no_tax
Euclid,Credit Factor,2017,-,,,0,not_member_or_no_tax
Euclid,Credit Factor,2018,-,,,0,not_member_or_no_tax
Euclid,Credit Factor,2019,-,,,0,not_member_or_no_tax
Euclid,Credit Factor,2020,-,,,0,not_member_or_no_tax
Euclid,Credit Factor,2021,100,100.0,100.0,0,reported
Euclid,Credit Factor,2022,100,100.0,100.0,0,reported
Euclid,Credit Factor,2023,100,100.0,100.0,0,reported
Euclid,Credit Factor,2024,100,100.0,100.0,0,reported
Euclid,Credit Factor,2025,100,100.0,100.0,0,reported
Euclid,Credit Rate,2016,-,,,0,not_member_or_no_tax
Euclid,Credit Rate,2017,-,,,0,not_member_or_no_tax
Euclid,Credit Rate,2018,-,,,0,not_member_or_no_tax
Euclid,Credit Rate,2019,-,,,0,not_member_or_no_tax
Euclid,Credit Rate,2020,-,,,0,not_member_or_no_tax
Euclid,Credit Rate,2021,2.85,2.85,2.85,0,reported
Euclid,Credit Rate,2022,2.85,2.85,2.85,0,reported
Euclid,Credit Rate,2023,2.85,2.85,2.85,0,reported
Euclid,Credit Rate,2024,2.85,2.85,2.85,0,reported
Euclid,Credit Rate,2025,2.85,2.85,2.85,0,reported
Evans Farm JEDD,Tax Rate,2016,-,,,0,not_member_or_no_tax
Evans Farm JEDD,Tax Rate,2017,-,,,0,not_member_or_no_tax
Evans Farm JEDD,Tax Rate,2018,-,,,0,not_member_or_no_tax
Evans Farm JEDD,Tax Rate,2019,-,,,0,not_member_or_no_tax
Evans Farm JEDD,Tax Rate,2020,1.00/-,1.0,0.0,1,split_new_first
Evans Farm JEDD,Tax Rate,2021,1.00,1.0,1.0,0,reported
Evans Farm JEDD,Tax Rate,2022,1.00,1.0,1.0,0,reported
Evans Farm JEDD,Tax Rate,2023,1.00,1.0,1.0,0,reported
Evans Farm JEDD,Tax Rate,2024,1.00,1.0,1.0,0,reported
Evans Farm JEDD,Tax Rate,2025,1.00,1.0,1.0,0,reported
Evans Farm JEDD,Credit Factor,2016,,,,0,absent
Evans Farm JEDD,Credit Factor,2017,,,,0,absent
Evans Farm JEDD,Credit Factor,2018,,,,0,absent
Evans Farm JEDD,Credit Factor,2019,,,,0,absent
Evans Farm JEDD,Credit Factor,2020,,,,0,absent
Evans Farm JEDD,Credit Factor,2021,,,,0,absent
Evans Farm JEDD,Credit Factor,2022,,,,0,absent
Evans Farm JEDD,Credit Factor,2023,,,,0,absent
Evans Farm JEDD,Credit Factor,2024,,,,0,absent
Evans Farm JEDD,Credit Factor,2025,,,,0,absent
Evans Farm JEDD,Credit Rate,2016,,,,0,absent
Evans Farm JEDD,Credit Rate,2017,,,,0,absent
Evans Farm JEDD,Credit Rate,2018,,,,0,absent
Evans Farm JEDD,Credit Rate,2019,,,,0,absent
Evans Farm JEDD,Credit Rate,2020,,,,0,absent
Evans Farm JEDD,Credit Rate,2021,,,,0,absent
Evans Farm JEDD,Credit Rate,2022,,,,0,absent
Evans Farm JEDD,Credit Rate,2023,,,,0,absent
Evans Farm JEDD,Credit Rate,2024,,,,0,absent
Evans Farm JEDD,Credit Rate,2025,,,,0,absent
Fairborn,Tax Rate,2016,1.50,1.5,1.5,0,reported
Fairborn,Tax Rate,2017,1.50,1.5,1.5,0,reported
Fairborn,Tax Rate,2018,1.50,1.5,1.5,0,reported
Fairborn,Tax Rate,2019,1.50,1.5,1.5,0,reported
Fairborn,Tax Rate,2020,1.50,1.5,1.5,0,reported
Fairborn,Tax Rate,2021,2.00,2.0,2.0,0,reported
Fairborn,Tax Rate,2022,2.00,2.0,2.0,0,reported
Fairborn,Tax Rate,2023,2.00,2.0,2.0,0,reported
Fairborn,Tax Rate,2024,2.00,2.0,2.0,0,reported
Fairborn,Tax Rate,2025,2.00,2.0,2.0,0,reported
Fairborn,Credit Factor,2016,100,100.0,100.0,0,reported
Fairborn,Credit Factor,2017,100,100.0,100.0,0,reported
Fairborn,Credit Factor,2018,100,100.0,100.0,0,reported
Fairborn,Credit Factor,2019,100,100.0,100.0,0,reported
Fairborn,Credit Factor,2020,100,100.0,100.0,0,reported
Fairborn,Credit Factor,2021,100,100.0,100.0,0,reported
Fairborn,Credit Factor,2022,100,100.0,100.0,0,reported
Fairborn,Credit Factor,2023,100,100.0,100.0,0,reported
Fairborn,Credit Factor,2024,100,100.0,100.0,0,reported
Fairborn,Credit Factor,2025,100,100.0,100.0,0,reported
Fairborn,Credit Rate,2016,1.50,1.5,1.5,0,reported
Fairborn,Credit Rate,2017,1.50,1.5,1.5,0,reported
Fairborn,Credit Rate,2018,1.50,1.5,1.5,0,reported
Fairborn,Credit Rate,2019,1.50,1.5,1.5,0,reported
Fairborn,Credit Rate,2020,1.50,1.5,1.5,0,reported
Fairborn,Credit Rate,2021,2.00,2.0,2.0,0,reported
Fairborn,Credit Rate,2022,2.00,2.0,2.0,0,reported
Fairborn,Credit Rate,2023,2.00,2.0,2.0,0,reported
Fairborn,Credit Rate,2024,2.00,2.0,2.0,0,reported
Fairborn,Credit Rate,2025,2.00,2.0,2.0,0,reported
Fairport Harbor,Tax Rate,2016,2.00,2.0,2.0,0,reported
Fairport Harbor,Tax Rate,2017,2.00,2.0,2.0,0,reported
Fairport Harbor,Tax Rate,2018,2.00,2.0,2.0,0,reported
Fairport Harbor,Tax Rate,2019,2.00,2.0,2.0,0,reported
Fairport Harbor,Tax Rate,2020,2.00,2.0,2.0,0,reported
Fairport Harbor,Tax Rate,2021,2.00,2.0,2.0,0,reported
Fairport Harbor,Tax Rate,2022,2.00,2.0,2.0,0,reported
Fairport Harbor,Tax Rate,2023,2.00,2.0,2.0,0,reported
Fairport Harbor,Tax Rate,2024,2.00,2.0,2.0,0,reported
Fairport Harbor,Tax Rate,2025,2.00,2.0,2.0,0,reported
Fairport Harbor,Credit Factor,2016,100,100.0,100.0,0,reported
Fairport Harbor,Credit Factor,2017,100,100.0,100.0,0,reported
Fairport Harbor,Credit Factor,2018,100,100.0,100.0,0,reported
Fairport Harbor,Credit Factor,2019,100,100.0,100.0,0,reported
Fairport Harbor,Credit Factor,2020,100,100.0,100.0,0,reported
Fairport Harbor,Credit Factor,2021,100,100.0,100.0,0,reported
Fairport Harbor,Credit Factor,2022,100,100.0,100.0,0,reported
Fairport Harbor,Credit Factor,2023,100,100.0,100.0,0,reported
Fairport Harbor,Credit Factor,2024,100,100.0,100.0,0,reported
Fairport Harbor,Credit Factor,2025,100,100.0,100.0,0,reported
Fairport Harbor,Credit Rate,2016,2.00,2.0,2.0,0,reported
Fairport Harbor,Credit Rate,2017,2.00,2.0,2.0,0,reported
Fairport Harbor,Credit Rate,2018,2.00,2.0,2.0,0,reported
Fairport Harbor,Credit Rate,2019,2.00,2.0,2.0,0,reported
Fairport Harbor,Credit Rate,2020,2.00,2.0,2.0,0,reported
Fairport Harbor,Credit Rate,2021,2.00,2.0,2.0,0,reported
Fairport Harbor,Credit Rate,2022,2.00,2.0,2.0,0,reported
Fairport Harbor,Credit Rate,2023,2.00,2.0,2.0,0,reported
Fairport Harbor,Credit Rate,2024,2.00,2.0,2.0,0,reported
Fairport Harbor,Credit Rate,2025,2.00,2.0,2.0,0,reported
Fairview Park,Tax Rate,2016,2.00,2.0,2.0,0,reported
Fairview Park,Tax Rate,2017,2.00,2.0,2.0,0,reported
Fairview Park,Tax Rate,2018,2.00,2.0,2.0,0,reported
Fairview Park,Tax Rate,2019,2.00,2.0,2.0,0,reported
Fairview Park,Tax Rate,2020,2.00,2.0,2.0,0,reported
Fairview Park,Tax Rate,2021,2.00,2.0,2.0,0,reported
Fairview Park,Tax Rate,2022,2.00,2.0,2.0,0,reported
Fairview Park,Tax Rate,2023,2.00,2.0,2.0,0,reported
Fairview Park,Tax Rate,2024,2.00,2.0,2.0,0,reported
Fairview Park,Tax Rate,2025,2.00,2.0,2.0,0,reported
Fairview Park,Credit Factor,2016,75,75.0,75.0,0,reported
Fairview Park,Credit Factor,2017,75,75.0,75.0,0,reported
Fairview Park,Credit Factor,2018,75,75.0,75.0,0,reported
Fairview Park,Credit Factor,2019,75,75.0,75.0,0,reported
Fairview Park,Credit Factor,2020,75,75.0,75.0,0,reported
Fairview Park,Credit Factor,2021,75,75.0,75.0,0,reported
Fairview Park,Credit Factor,2022,75,75.0,75.0,0,reported
Fairview Park,Credit Factor,2023,75,75.0,75.0,0,reported
Fairview Park,Credit Factor,2024,75,75.0,75.0,0,reported
Fairview Park,Credit Factor,2025,75,75.0,75.0,0,reported
Fairview Park,Credit Rate,2016,1.25,1.25,1.25,0,reported
Fairview Park,Credit Rate,2017,1.25,1.25,1.25,0,reported
Fairview Park,Credit Rate,2018,1.25,1.25,1.25,0,reported
Fairview Park,Credit Rate,2019,1.25,1.25,1.25,0,reported
Fairview Park,Credit Rate,2020,1.25,1.25,1.25,0,reported
Fairview Park,Credit Rate,2021,1.25,1.25,1.25,0,reported
Fairview Park,Credit Rate,2022,1.25,1.25,1.25,0,reported
Fairview Park,Credit Rate,2023,1.25,1.25,1.25,0,reported
Fairview Park,Credit Rate,2024,1.25,1.25,1.25,0,reported
Fairview Park,Credit Rate,2025,1.25,1.25,1.25,0,reported
Fayette,Tax Rate,2016,-,,,0,not_member_or_no_tax
Fayette,Tax Rate,2017,1.50,1.5,1.5,0,reported
Fayette,Tax Rate,2018,1.50,1.5,1.5,0,reported
Fayette,Tax Rate,2019,1.50,1.5,1.5,0,reported
Fayette,Tax Rate,2020,1.50,1.5,1.5,0,reported
Fayette,Tax Rate,2021,1.50,1.5,1.5,0,reported
Fayette,Tax Rate,2022,1.50,1.5,1.5,0,reported
Fayette,Tax Rate,2023,1.50,1.5,1.5,0,reported
Fayette,Tax Rate,2024,1.50,1.5,1.5,0,reported
Fayette,Tax Rate,2025,1.50,1.5,1.5,0,reported
Fayette,Credit Factor,2016,-,,,0,not_member_or_no_tax
Fayette,Credit Factor,2017,100,100.0,100.0,0,reported
Fayette,Credit Factor,2018,100,100.0,100.0,0,reported
Fayette,Credit Factor,2019,100,100.0,100.0,0,reported
Fayette,Credit Factor,2020,100,100.0,100.0,0,reported
Fayette,Credit Factor,2021,100,100.0,100.0,0,reported
Fayette,Credit Factor,2022,100,100.0,100.0,0,reported
Fayette,Credit Factor,2023,100,100.0,100.0,0,reported
Fayette,Credit Factor,2024,100,100.0,100.0,0,reported
Fayette,Credit Factor,2025,50,50.0,50.0,0,reported
Fayette,Credit Rate,2016,-,,,0,not_member_or_no_tax
Fayette,Credit Rate,2017,1.50,1.5,1.5,0,reported
Fayette,Credit Rate,2018,1.50,1.5,1.5,0,reported
Fayette,Credit Rate,2019,1.50,1.5,1.5,0,reported
Fayette,Credit Rate,2020,1.50,1.5,1.5,0,reported
Fayette,Credit Rate,2021,1.50,1.5,1.5,0,reported
Fayette,Credit Rate,2022,1.50,1.5,1.5,0,reported
Fayette,Credit Rate,2023,1.50,1.5,1.5,0,reported
Fayette,Credit Rate,2024,1.50,1.5,1.5,0,reported
Fayette,Credit Rate,2025,1.50,1.5,1.5,0,reported
Fayetteville,Tax Rate,2016,-,,,0,not_member_or_no_tax
Fayetteville,Tax Rate,2017,-,,,0,not_member_or_no_tax
Fayetteville,Tax Rate,2018,-,,,0,not_member_or_no_tax
Fayetteville,Tax Rate,2019,-,,,0,not_member_or_no_tax
Fayetteville,Tax Rate,2020,-,,,0,not_member_or_no_tax
Fayetteville,Tax Rate,2021,-,,,0,not_member_or_no_tax
Fayetteville,Tax Rate,2022,-,,,0,not_member_or_no_tax
Fayetteville,Tax Rate,2023,1.00,1.0,1.0,0,reported
Fayetteville,Tax Rate,2024,1.00,1.0,1.0,0,reported
Fayetteville,Tax Rate,2025,1.00,1.0,1.0,0,reported
Fayetteville,Credit Factor,2016,-,,,0,not_member_or_no_tax
Fayetteville,Credit Factor,2017,-,,,0,not_member_or_no_tax
Fayetteville,Credit Factor,2018,-,,,0,not_member_or_no_tax
Fayetteville,Credit Factor,2019,-,,,0,not_member_or_no_tax
Fayetteville,Credit Factor,2020,-,,,0,not_member_or_no_tax
Fayetteville,Credit Factor,2021,-,,,0,not_member_or_no_tax
Fayetteville,Credit Factor,2022,-,,,0,not_member_or_no_tax
Fayetteville,Credit Factor,2023,100,100.0,100.0,0,reported
Fayetteville,Credit Factor,2024,100,100.0,100.0,0,reported
Fayetteville,Credit Factor,2025,100,100.0,100.0,0,reported
Fayetteville,Credit Rate,2016,-,,,0,not_member_or_no_tax
Fayetteville,Credit Rate,2017,-,,,0,not_member_or_no_tax
Fayetteville,Credit Rate,2018,-,,,0,not_member_or_no_tax
Fayetteville,Credit Rate,2019,-,,,0,not_member_or_no_tax
Fayetteville,Credit Rate,2020,-,,,0,not_member_or_no_tax
Fayetteville,Credit Rate,2021,-,,,0,not_member_or_no_tax
Fayetteville,Credit Rate,2022,-,,,0,not_member_or_no_tax
Fayetteville,Credit Rate,2023,1.00,1.0,1.0,0,reported
Fayetteville,Credit Rate,2024,1.00,1.0,1.0,0,reported
Fayetteville,Credit Rate,2025,1.00,1.0,1.0,0,reported
Felicity,Tax Rate,2016,-,,,0,not_member_or_no_tax
Felicity,Tax Rate,2017,-,,,0,not_member_or_no_tax
Felicity,Tax Rate,2018,1.00,1.0,1.0,0,reported
Felicity,Tax Rate,2019,1.00,1.0,1.0,0,reported
Felicity,Tax Rate,2020,1.00,1.0,1.0,0,reported
Felicity,Tax Rate,2021,1.00,1.0,1.0,0,reported
Felicity,Tax Rate,2022,1.00,1.0,1.0,0,reported
Felicity,Tax Rate,2023,1.00,1.0,1.0,0,reported
Felicity,Tax Rate,2024,1.00,1.0,1.0,0,reported
Felicity,Tax Rate,2025,1.00,1.0,1.0,0,reported
Felicity,Credit Factor,2016,-,,,0,not_member_or_no_tax
Felicity,Credit Factor,2017,-,,,0,not_member_or_no_tax
Felicity,Credit Factor,2018,100,100.0,100.0,0,reported
Felicity,Credit Factor,2019,100,100.0,100.0,0,reported
Felicity,Credit Factor,2020,100,100.0,100.0,0,reported
Felicity,Credit Factor,2021,100,100.0,100.0,0,reported
Felicity,Credit Factor,2022,100,100.0,100.0,0,reported
Felicity,Credit Factor,2023,100,100.0,100.0,0,reported
Felicity,Credit Factor,2024,100,100.0,100.0,0,reported
Felicity,Credit Factor,2025,100,100.0,100.0,0,reported
Felicity,Credit Rate,2016,-,,,0,not_member_or_no_tax
Felicity,Credit Rate,2017,-,,,0,not_member_or_no_tax
Felicity,Credit Rate,2018,1.00,1.0,1.0,0,reported
Felicity,Credit Rate,2019,1.00,1.0,1.0,0,reported
Felicity,Credit Rate,2020,1.00,1.0,1.0,0,reported
Felicity,Credit Rate,2021,1.00,1.0,1.0,0,reported
Felicity,Credit Rate,2022,1.00,1.0,1.0,0,reported
Felicity,Credit Rate,2023,1.00,1.0,1.0,0,reported
Felicity,Credit Rate,2024,1.00,1.0,1.0,0,reported
Felicity,Credit Rate,2025,1.00,1.0,1.0,0,reported
Forest,Tax Rate,2016,-,,,0,not_member_or_no_tax
Forest,Tax Rate,2017,-,,,0,not_member_or_no_tax
Forest,Tax Rate,2018,-,,,0,not_member_or_no_tax
Forest,Tax Rate,2019,-,,,0,not_member_or_no_tax
Forest,Tax Rate,2020,-,,,0,not_member_or_no_tax
Forest,Tax Rate,2021,-,,,0,not_member_or_no_tax
Forest,Tax Rate,2022,-,,,0,not_member_or_no_tax
Forest,Tax Rate,2023,1.25,1.25,1.25,0,reported
Forest,Tax Rate,2024,1.25,1.25,1.25,0,reported
Forest,Tax Rate,2025,1.25,1.25,1.25,0,reported
Forest,Credit Factor,2016,-,,,0,not_member_or_no_tax
Forest,Credit Factor,2017,-,,,0,not_member_or_no_tax
Forest,Credit Factor,2018,-,,,0,not_member_or_no_tax
Forest,Credit Factor,2019,-,,,0,not_member_or_no_tax
Forest,Credit Factor,2020,-,,,0,not_member_or_no_tax
Forest,Credit Factor,2021,-,,,0,not_member_or_no_tax
Forest,Credit Factor,2022,-,,,0,not_member_or_no_tax
Forest,Credit Factor,2023,-,0.0,0.0,0,dash_zero_inferred
Forest,Credit Factor,2024,-,0.0,0.0,0,dash_zero_inferred
Forest,Credit Factor,2025,-,0.0,0.0,0,dash_zero_inferred
Forest,Credit Rate,2016,-,,,0,not_member_or_no_tax
Forest,Credit Rate,2017,-,,,0,not_member_or_no_tax
Forest,Credit Rate,2018,-,,,0,not_member_or_no_tax
Forest,Credit Rate,2019,-,,,0,not_member_or_no_tax
Forest,Credit Rate,2020,-,,,0,not_member_or_no_tax
Forest,Credit Rate,2021,-,,,0,not_member_or_no_tax
Forest,Credit Rate,2022,-,,,0,not_member_or_no_tax
Forest,Credit Rate,2023,-,0.0,0.0,0,dash_zero_inferred
Forest,Credit Rate,2024,-,0.0,0.0,0,dash_zero_inferred
Forest,Credit Rate,2025,-,0.0,0.0,0,dash_zero_inferred
Fort Jennings,Tax Rate,2016,1.00,1.0,1.0,0,reported
Fort Jennings,Tax Rate,2017,1.00,1.0,1.0,0,reported
Fort Jennings,Tax Rate,2018,1.00,1.0,1.0,0,reported
Fort Jennings,Tax Rate,2019,1.00,1.0,1.0,0,reported
Fort Jennings,Tax Rate,2020,1.00,1.0,1.0,0,reported
Fort Jennings,Tax Rate,2021,1.00,1.0,1.0,0,reported
Fort Jennings,Tax Rate,2022,1.00,1.0,1.0,0,reported
Fort Jennings,Tax Rate,2023,1.00,1.0,1.0,0,reported
Fort Jennings,Tax Rate,2024,1.00,1.0,1.0,0,reported
Fort Jennings,Tax Rate,2025,1.00,1.0,1.0,0,reported
Fort Jennings,Credit Factor,2016,100,100.0,100.0,0,reported
Fort Jennings,Credit Factor,2017,100,100.0,100.0,0,reported
Fort Jennings,Credit Factor,2018,100,100.0,100.0,0,reported
Fort Jennings,Credit Factor,2019,100,100.0,100.0,0,reported
Fort Jennings,Credit Factor,2020,100,100.0,100.0,0,reported
Fort Jennings,Credit Factor,2021,100,100.0,100.0,0,reported
Fort Jennings,Credit Factor,2022,100,100.0,100.0,0,reported
Fort Jennings,Credit Factor,2023,100,100.0,100.0,0,reported
Fort Jennings,Credit Factor,2024,100,100.0,100.0,0,reported
Fort Jennings,Credit Factor,2025,100,100.0,100.0,0,reported
Fort Jennings,Credit Rate,2016,1.00,1.0,1.0,0,reported
Fort Jennings,Credit Rate,2017,1.00,1.0,1.0,0,reported
Fort Jennings,Credit Rate,2018,1.00,1.0,1.0,0,reported
Fort Jennings,Credit Rate,2019,1.00,1.0,1.0,0,reported
Fort Jennings,Credit Rate,2020,1.00,1.0,1.0,0,reported
Fort Jennings,Credit Rate,2021,1.00,1.0,1.0,0,reported
Fort Jennings,Credit Rate,2022,1.00,1.0,1.0,0,reported
Fort Jennings,Credit Rate,2023,1.00,1.0,1.0,0,reported
Fort Jennings,Credit Rate,2024,1.00,1.0,1.0,0,reported
Fort Jennings,Credit Rate,2025,1.00,1.0,1.0,0,reported
Fostoria,Tax Rate,2016,2.00,2.0,2.0,0,reported
Fostoria,Tax Rate,2017,2.00,2.0,2.0,0,reported
Fostoria,Tax Rate,2018,2.00,2.0,2.0,0,reported
Fostoria,Tax Rate,2019,2.00,2.0,2.0,0,reported
Fostoria,Tax Rate,2020,2.00,2.0,2.0,0,reported
Fostoria,Tax Rate,2021,2.00,2.0,2.0,0,reported
Fostoria,Tax Rate,2022,2.00,2.0,2.0,0,reported
Fostoria,Tax Rate,2023,2.00,2.0,2.0,0,reported
Fostoria,Tax Rate,2024,2.00,2.0,2.0,0,reported
Fostoria,Tax Rate,2025,2.00,2.0,2.0,0,reported
Fostoria,Credit Factor,2016,100,100.0,100.0,0,reported
Fostoria,Credit Factor,2017,50,50.0,50.0,0,reported
Fostoria,Credit Factor,2018,-,0.0,0.0,0,dash_zero_inferred
Fostoria,Credit Factor,2019,-,0.0,0.0,0,dash_zero_inferred
Fostoria,Credit Factor,2020,-,0.0,0.0,0,dash_zero_inferred
Fostoria,Credit Factor,2021,-,0.0,0.0,0,dash_zero_inferred
Fostoria,Credit Factor,2022,-,0.0,0.0,0,dash_zero_inferred
Fostoria,Credit Factor,2023,-,0.0,0.0,0,dash_zero_inferred
Fostoria,Credit Factor,2024,-,0.0,0.0,0,dash_zero_inferred
Fostoria,Credit Factor,2025,-,0.0,0.0,0,dash_zero_inferred
Fostoria,Credit Rate,2016,2.00,2.0,2.0,0,reported
Fostoria,Credit Rate,2017,2.00,2.0,2.0,0,reported
Fostoria,Credit Rate,2018,-,0.0,0.0,0,dash_zero_inferred
Fostoria,Credit Rate,2019,-,0.0,0.0,0,dash_zero_inferred
Fostoria,Credit Rate,2020,-,0.0,0.0,0,dash_zero_inferred
Fostoria,Credit Rate,2021,-,0.0,0.0,0,dash_zero_inferred
Fostoria,Credit Rate,2022,-,0.0,0.0,0,dash_zero_inferred
Fostoria,Credit Rate,2023,-,0.0,0.0,0,dash_zero_inferred
Fostoria,Credit Rate,2024,-,0.0,0.0,0,dash_zero_inferred
Fostoria,Credit Rate,2025,-,0.0,0.0,0,dash_zero_inferred
Frazeysburg,Tax Rate,2016,-,,,0,not_member_or_no_tax
Frazeysburg,Tax Rate,2017,-,,,0,not_member_or_no_tax
Frazeysburg,Tax Rate,2018,-,,,0,not_member_or_no_tax
Frazeysburg,Tax Rate,2019,-,,,0,not_member_or_no_tax
Frazeysburg,Tax Rate,2020,-,,,0,not_member_or_no_tax
Frazeysburg,Tax Rate,2021,1.00,1.0,1.0,0,reported
Frazeysburg,Tax Rate,2022,1.00,1.0,1.0,0,reported
Frazeysburg,Tax Rate,2023,1.00,1.0,1.0,0,reported
Frazeysburg,Tax Rate,2024,1.00,1.0,1.0,0,reported
Frazeysburg,Tax Rate,2025,1.00,1.0,1.0,0,reported
Frazeysburg,Credit Factor,2016,-,,,0,not_member_or_no_tax
Frazeysburg,Credit Factor,2017,-,,,0,not_member_or_no_tax
Frazeysburg,Credit Factor,2018,-,,,0,not_member_or_no_tax
Frazeysburg,Credit Factor,2019,-,,,0,not_member_or_no_tax
Frazeysburg,Credit Factor,2020,-,,,0,not_member_or_no_tax
Frazeysburg,Credit Factor,2021,100,100.0,100.0,0,reported
Frazeysburg,Credit Factor,2022,100,100.0,100.0,0,reported
Frazeysburg,Credit Factor,2023,100,100.0,100.0,0,reported
Frazeysburg,Credit Factor,2024,100,100.0,100.0,0,reported
Frazeysburg,Credit Factor,2025,100,100.0,100.0,0,reported
Frazeysburg,Credit Rate,2016,-,,,0,not_member_or_no_tax
Frazeysburg,Credit Rate,2017,-,,,0,not_member_or_no_tax
Frazeysburg,Credit Rate,2018,-,,,0,not_member_or_no_tax
Frazeysburg,Credit Rate,2019,-,,,0,not_member_or_no_tax
Frazeysburg,Credit Rate,2020,-,,,0,not_member_or_no_tax
Frazeysburg,Credit Rate,2021,1.00,1.0,1.0,0,reported
Frazeysburg,Credit Rate,2022,1.00,1.0,1.0,0,reported
Frazeysburg,Credit Rate,2023,1.00,1.0,1.0,0,reported
Frazeysburg,Credit Rate,2024,1.00,1.0,1.0,0,reported
Frazeysburg,Credit Rate,2025,1.00,1.0,1.0,0,reported
Fredricktown,Tax Rate,2016,1.00,1.0,1.0,0,reported
Fredricktown,Tax Rate,2017,1.00,1.0,1.0,0,reported
Fredricktown,Tax Rate,2018,1.00,1.0,1.0,0,reported
Fredricktown,Tax Rate,2019,1.00,1.0,1.0,0,reported
Fredricktown,Tax Rate,2020,1.00,1.0,1.0,0,reported
Fredricktown,Tax Rate,2021,1.00,1.0,1.0,0,reported
Fredricktown,Tax Rate,2022,1.00,1.0,1.0,0,reported
Fredricktown,Tax Rate,2023,1.00,1.0,1.0,0,reported
Fredricktown,Tax Rate,2024,1.00,1.0,1.0,0,reported
Fredricktown,Tax Rate,2025,1.00,1.0,1.0,0,reported
Fredricktown,Credit Factor,2016,50,50.0,50.0,0,reported
Fredricktown,Credit Factor,2017,50,50.0,50.0,0,reported
Fredricktown,Credit Factor,2018,50,50.0,50.0,0,reported
Fredricktown,Credit Factor,2019,50,50.0,50.0,0,reported
Fredricktown,Credit Factor,2020,50,50.0,50.0,0,reported
Fredricktown,Credit Factor,2021,50,50.0,50.0,0,reported
Fredricktown,Credit Factor,2022,50,50.0,50.0,0,reported
Fredricktown,Credit Factor,2023,50,50.0,50.0,0,reported
Fredricktown,Credit Factor,2024,50,50.0,50.0,0,reported
Fredricktown,Credit Factor,2025,50,50.0,50.0,0,reported
Fredricktown,Credit Rate,2016,1.00,1.0,1.0,0,reported
Fredricktown,Credit Rate,2017,1.00,1.0,1.0,0,reported
Fredricktown,Credit Rate,2018,1.00,1.0,1.0,0,reported
Fredricktown,Credit Rate,2019,1.00,1.0,1.0,0,reported
Fredricktown,Credit Rate,2020,1.00,1.0,1.0,0,reported
Fredricktown,Credit Rate,2021,1.00,1.0,1.0,0,reported
Fredricktown,Credit Rate,2022,1.00,1.0,1.0,0,reported
Fredricktown,Credit Rate,2023,1.00,1.0,1.0,0,reported
Fredricktown,Credit Rate,2024,1.00,1.0,1.0,0,reported
Fredricktown,Credit Rate,2025,1.00,1.0,1.0,0,reported
Fremont,Tax Rate,2016,1.50,1.5,1.5,0,reported
Fremont,Tax Rate,2017,1.50,1.5,1.5,0,reported
Fremont,Tax Rate,2018,1.50,1.5,1.5,0,reported
Fremont,Tax Rate,2019,1.50,1.5,1.5,0,reported
Fremont,Tax Rate,2020,1.50,1.5,1.5,0,reported
Fremont,Tax Rate,2021,1.50,1.5,1.5,0,reported
Fremont,Tax Rate,2022,1.50,1.5,1.5,0,reported
Fremont,Tax Rate,2023,1.50,1.5,1.5,0,reported
Fremont,Tax Rate,2024,1.50,1.5,1.5,0,reported
Fremont,Tax Rate,2025,1.50,1.5,1.5,0,reported
Fremont,Credit Factor,2016,100,100.0,100.0,0,reported
Fremont,Credit Factor,2017,100,100.0,100.0,0,reported
Fremont,Credit Factor,2018,100,100.0,100.0,0,reported
Fremont,Credit Factor,2019,100,100.0,100.0,0,reported
Fremont,Credit Factor,2020,100,100.0,100.0,0,reported
Fremont,Credit Factor,2021,100,100.0,100.0,0,reported
Fremont,Credit Factor,2022,100,100.0,100.0,0,reported
Fremont,Credit Factor,2023,100,100.0,100.0,0,reported
Fremont,Credit Factor,2024,100,100.0,100.0,0,reported
Fremont,Credit Factor,2025,100,100.0,100.0,0,reported
Fremont,Credit Rate,2016,1.50,1.5,1.5,0,reported
Fremont,Credit Rate,2017,1.50,1.5,1.5,0,reported
Fremont,Credit Rate,2018,1.50,1.5,1.5,0,reported
Fremont,Credit Rate,2019,1.50,1.5,1.5,0,reported
Fremont,Credit Rate,2020,1.50,1.5,1.5,0,reported
Fremont,Credit Rate,2021,1.50,1.5,1.5,0,reported
Fremont,Credit Rate,2022,1.50,1.5,1.5,0,reported
Fremont,Credit Rate,2023,1.50,1.5,1.5,0,reported
Fremont,Credit Rate,2024,1.50,1.5,1.5,0,reported
Fremont,Credit Rate,2025,1.50,1.5,1.5,0,reported
Fulton,Tax Rate,2016,-,,,0,not_member_or_no_tax
Fulton,Tax Rate,2017,-,,,0,not_member_or_no_tax
Fulton,Tax Rate,2018,-,,,0,not_member_or_no_tax
Fulton,Tax Rate,2019,-,,,0,not_member_or_no_tax
Fulton,Tax Rate,2020,1.00,1.0,1.0,0,reported
Fulton,Tax Rate,2021,1.00,1.0,1.0,0,reported
Fulton,Tax Rate,2022,1.00,1.0,1.0,0,reported
Fulton,Tax Rate,2023,1.00,1.0,1.0,0,reported
Fulton,Tax Rate,2024,1.00,1.0,1.0,0,reported
Fulton,Tax Rate,2025,1.00,1.0,1.0,0,reported
Fulton,Credit Factor,2016,-,,,0,not_member_or_no_tax
Fulton,Credit Factor,2017,-,,,0,not_member_or_no_tax
Fulton,Credit Factor,2018,-,,,0,not_member_or_no_tax
Fulton,Credit Factor,2019,-,,,0,not_member_or_no_tax
Fulton,Credit Factor,2020,-,0.0,0.0,0,dash_zero_inferred
Fulton,Credit Factor,2021,-,0.0,0.0,0,dash_zero_inferred
Fulton,Credit Factor,2022,-,0.0,0.0,0,dash_zero_inferred
Fulton,Credit Factor,2023,-,0.0,0.0,0,dash_zero_inferred
Fulton,Credit Factor,2024,-,0.0,0.0,0,dash_zero_inferred
Fulton,Credit Factor,2025,-,0.0,0.0,0,dash_zero_inferred
Fulton,Credit Rate,2016,-,,,0,not_member_or_no_tax
Fulton,Credit Rate,2017,-,,,0,not_member_or_no_tax
Fulton,Credit Rate,2018,-,,,0,not_member_or_no_tax
Fulton,Credit Rate,2019,-,,,0,not_member_or_no_tax
Fulton,Credit Rate,2020,-,0.0,0.0,0,dash_zero_inferred
Fulton,Credit Rate,2021,-,0.0,0.0,0,dash_zero_inferred
Fulton,Credit Rate,2022,-,0.0,0.0,0,dash_zero_inferred
Fulton,Credit Rate,2023,-,0.0,0.0,0,dash_zero_inferred
Fulton,Credit Rate,2024,-,0.0,0.0,0,dash_zero_inferred
Fulton,Credit Rate,2025,-,0.0,0.0,0,dash_zero_inferred
Gahanna,Tax Rate,2016,1.50,1.5,1.5,0,reported
Gahanna,Tax Rate,2017,1.50,1.5,1.5,0,reported
Gahanna,Tax Rate,2018,1.50,1.5,1.5,0,reported
Gahanna,Tax Rate,2019,2.50/1.50,2.5,1.5,1,split_new_first
Gahanna,Tax Rate,2020,2.50,2.5,2.5,0,reported
Gahanna,Tax Rate,2021,2.50,2.5,2.5,0,reported
Gahanna,Tax Rate,2022,2.50,2.5,2.5,0,reported
Gahanna,Tax Rate,2023,2.50,2.5,2.5,0,reported
Gahanna,Tax Rate,2024,2.50,2.5,2.5,0,reported
Gahanna,Tax Rate,2025,2.50,2.5,2.5,0,reported
Gahanna,Credit Factor,2016,83.33,83.33,83.33,0,reported
Gahanna,Credit Factor,2017,83.33,83.33,83.33,0,reported
Gahanna,Credit Factor,2018,83.33,83.33,83.33,0,reported
Gahanna,Credit Factor,2019,100/83.33,100.0,83.33,1,split_new_first
Gahanna,Credit Factor,2020,100,100.0,100.0,0,reported
Gahanna,Credit Factor,2021,100,100.0,100.0,0,reported
Gahanna,Credit Factor,2022,100,100.0,100.0,0,reported
Gahanna,Credit Factor,2023,100,100.0,100.0,0,reported
Gahanna,Credit Factor,2024,100,100.0,100.0,0,reported
Gahanna,Credit Factor,2025,100,100.0,100.0,0,reported
Gahanna,Credit Rate,2016,1.50,1.5,1.5,0,reported
Gahanna,Credit Rate,2017,1.50,1.5,1.5,0,reported
Gahanna,Credit Rate,2018,1.50,1.5,1.5,0,reported
Gahanna,Credit Rate,2019,2.50/1.50,2.5,1.5,1,split_new_first
Gahanna,Credit Rate,2020,2.50,2.5,2.5,0,reported
Gahanna,Credit Rate,2021,2.50,2.5,2.5,0,reported
Gahanna,Credit Rate,2022,2.50,2.5,2.5,0,reported
Gahanna,Credit Rate,2023,2.50,2.5,2.5,0,reported
Gahanna,Credit Rate,2024,2.50,2.5,2.5,0,reported
Gahanna,Credit Rate,2025,2.50,2.5,2.5,0,reported
Galena,Tax Rate,2016,1.00,1.0,1.0,0,reported
Galena,Tax Rate,2017,1.00,1.0,1.0,0,reported
Galena,Tax Rate,2018,1.00,1.0,1.0,0,reported
Galena,Tax Rate,2019,1.00,1.0,1.0,0,reported
Galena,Tax Rate,2020,1.00,1.0,1.0,0,reported
Galena,Tax Rate,2021,1.00,1.0,1.0,0,reported
Galena,Tax Rate,2022,1.00,1.0,1.0,0,reported
Galena,Tax Rate,2023,1.00,1.0,1.0,0,reported
Galena,Tax Rate,2024,1.00,1.0,1.0,0,reported
Galena,Tax Rate,2025,1.00,1.0,1.0,0,reported
Galena,Credit Factor,2016,-,0.0,0.0,0,dash_zero_inferred
Galena,Credit Factor,2017,-,0.0,0.0,0,dash_zero_inferred
Galena,Credit Factor,2018,-,0.0,0.0,0,dash_zero_inferred
Galena,Credit Factor,2019,-,0.0,0.0,0,dash_zero_inferred
Galena,Credit Factor,2020,-,0.0,0.0,0,dash_zero_inferred
Galena,Credit Factor,2021,-,0.0,0.0,0,dash_zero_inferred
Galena,Credit Factor,2022,-,0.0,0.0,0,dash_zero_inferred
Galena,Credit Factor,2023,-,0.0,0.0,0,dash_zero_inferred
Galena,Credit Factor,2024,-,0.0,0.0,0,dash_zero_inferred
Galena,Credit Factor,2025,-,0.0,0.0,0,dash_zero_inferred
Galena,Credit Rate,2016,-,0.0,0.0,0,dash_zero_inferred
Galena,Credit Rate,2017,-,0.0,0.0,0,dash_zero_inferred
Galena,Credit Rate,2018,-,0.0,0.0,0,dash_zero_inferred
Galena,Credit Rate,2019,-,0.0,0.0,0,dash_zero_inferred
Galena,Credit Rate,2020,-,0.0,0.0,0,dash_zero_inferred
Galena,Credit Rate,2021,-,0.0,0.0,0,dash_zero_inferred
Galena,Credit Rate,2022,-,0.0,0.0,0,dash_zero_inferred
Galena,Credit Rate,2023,-,0.0,0.0,0,dash_zero_inferred
Galena,Credit Rate,2024,-,0.0,0.0,0,dash_zero_inferred
Galena,Credit Rate,2025,-,0.0,0.0,0,dash_zero_inferred
Galion,Tax Rate,2016,2.00,2.0,2.0,0,reported
Galion,Tax Rate,2017,2.00,2.0,2.0,0,reported
Galion,Tax Rate,2018,2.00,2.0,2.0,0,reported
Galion,Tax Rate,2019,2.00,2.0,2.0,0,reported
Galion,Tax Rate,2020,2.00,2.0,2.0,0,reported
Galion,Tax Rate,2021,2.00,2.0,2.0,0,reported
Galion,Tax Rate,2022,2.00,2.0,2.0,0,reported
Galion,Tax Rate,2023,2.00,2.0,2.0,0,reported
Galion,Tax Rate,2024,2.00,2.0,2.0,0,reported
Galion,Tax Rate,2025,2.00,2.0,2.0,0,reported
Galion,Credit Factor,2016,100,100.0,100.0,0,reported
Galion,Credit Factor,2017,100,100.0,100.0,0,reported
Galion,Credit Factor,2018,100,100.0,100.0,0,reported
Galion,Credit Factor,2019,100,100.0,100.0,0,reported
Galion,Credit Factor,2020,100,100.0,100.0,0,reported
Galion,Credit Factor,2021,100,100.0,100.0,0,reported
Galion,Credit Factor,2022,100,100.0,100.0,0,reported
Galion,Credit Factor,2023,100,100.0,100.0,0,reported
Galion,Credit Factor,2024,100,100.0,100.0,0,reported
Galion,Credit Factor,2025,100,100.0,100.0,0,reported
Galion,Credit Rate,2016,1.00,1.0,1.0,0,reported
Galion,Credit Rate,2017,1.00,1.0,1.0,0,reported
Galion,Credit Rate,2018,1.00,1.0,1.0,0,reported
Galion,Credit Rate,2019,1.00,1.0,1.0,0,reported
Galion,Credit Rate,2020,1.00,1.0,1.0,0,reported
Galion,Credit Rate,2021,1.00,1.0,1.0,0,reported
Galion,Credit Rate,2022,1.00,1.0,1.0,0,reported
Galion,Credit Rate,2023,1.00,1.0,1.0,0,reported
Galion,Credit Rate,2024,1.00,1.0,1.0,0,reported
Galion,Credit Rate,2025,1.00,1.0,1.0,0,reported
Garfield Heights,Tax Rate,2016,2.00,2.0,2.0,0,reported
Garfield Heights,Tax Rate,2017,2.00,2.0,2.0,0,reported
Garfield Heights,Tax Rate,2018,2.00,2.0,2.0,0,reported
Garfield Heights,Tax Rate,2019,2.00,2.0,2.0,0,reported
Garfield Heights,Tax Rate,2020,2.00,2.0,2.0,0,reported
Garfield Heights,Tax Rate,2021,2.00,2.0,2.0,0,reported
Garfield Heights,Tax Rate,2022,2.00,2.0,2.0,0,reported
Garfield Heights,Tax Rate,2023,2.00,2.0,2.0,0,reported
Garfield Heights,Tax Rate,2024,2.00,2.0,2.0,0,reported
Garfield Heights,Tax Rate,2025,2.00,2.0,2.0,0,reported
Garfield Heights,Credit Factor,2016,100,100.0,100.0,0,reported
Garfield Heights,Credit Factor,2017,100,100.0,100.0,0,reported
Garfield Heights,Credit Factor,2018,100,100.0,100.0,0,reported
Garfield Heights,Credit Factor,2019,100,100.0,100.0,0,reported
Garfield Heights,Credit Factor,2020,100,100.0,100.0,0,reported
Garfield Heights,Credit Factor,2021,100,100.0,100.0,0,reported
Garfield Heights,Credit Factor,2022,100,100.0,100.0,0,reported
Garfield Heights,Credit Factor,2023,100,100.0,100.0,0,reported
Garfield Heights,Credit Factor,2024,100,100.0,100.0,0,reported
Garfield Heights,Credit Factor,2025,100,100.0,100.0,0,reported
Garfield Heights,Credit Rate,2016,2.00,2.0,2.0,0,reported
Garfield Heights,Credit Rate,2017,2.00,2.0,2.0,0,reported
Garfield Heights,Credit Rate,2018,2.00,2.0,2.0,0,reported
Garfield Heights,Credit Rate,2019,2.00,2.0,2.0,0,reported
Garfield Heights,Credit Rate,2020,2.00,2.0,2.0,0,reported
Garfield Heights,Credit Rate,2021,2.00,2.0,2.0,0,reported
Garfield Heights,Credit Rate,2022,2.00,2.0,2.0,0,reported
Garfield Heights,Credit Rate,2023,2.00,2.0,2.0,0,reported
Garfield Heights,Credit Rate,2024,2.00,2.0,2.0,0,reported
Garfield Heights,Credit Rate,2025,2.00,2.0,2.0,0,reported
Gates Mills,Tax Rate,2016,-,,,0,not_member_or_no_tax
Gates Mills,Tax Rate,2017,-,,,0,not_member_or_no_tax
Gates Mills,Tax Rate,2018,-,,,0,not_member_or_no_tax
Gates Mills,Tax Rate,2019,-,,,0,not_member_or_no_tax
Gates Mills,Tax Rate,2020,1.00,1.0,1.0,0,reported
Gates Mills,Tax Rate,2021,1.00,1.0,1.0,0,reported
Gates Mills,Tax Rate,2022,1.00,1.0,1.0,0,reported
Gates Mills,Tax Rate,2023,1.00,1.0,1.0,0,reported
Gates Mills,Tax Rate,2024,1.00,1.0,1.0,0,reported
Gates Mills,Tax Rate,2025,1.00,1.0,1.0,0,reported
Gates Mills,Credit Factor,2016,-,,,0,not_member_or_no_tax
Gates Mills,Credit Factor,2017,-,,,0,not_member_or_no_tax
Gates Mills,Credit Factor,2018,-,,,0,not_member_or_no_tax
Gates Mills,Credit Factor,2019,-,,,0,not_member_or_no_tax
Gates Mills,Credit Factor,2020,50,50.0,50.0,0,reported
Gates Mills,Credit Factor,2021,50,50.0,50.0,0,reported
Gates Mills,Credit Factor,2022,50,50.0,50.0,0,reported
Gates Mills,Credit Factor,2023,50,50.0,50.0,0,reported
Gates Mills,Credit Factor,2024,50,50.0,50.0,0,reported
Gates Mills,Credit Factor,2025,50,50.0,50.0,0,reported
Gates Mills,Credit Rate,2016,-,,,0,not_member_or_no_tax
Gates Mills,Credit Rate,2017,-,,,0,not_member_or_no_tax
Gates Mills,Credit Rate,2018,-,,,0,not_member_or_no_tax
Gates Mills,Credit Rate,2019,-,,,0,not_member_or_no_tax
Gates Mills,Credit Rate,2020,1.00,1.0,1.0,0,reported
Gates Mills,Credit Rate,2021,1.00,1.0,1.0,0,reported
Gates Mills,Credit Rate,2022,1.00,1.0,1.0,0,reported
Gates Mills,Credit Rate,2023,1.00,1.0,1.0,0,reported
Gates Mills,Credit Rate,2024,1.00,1.0,1.0,0,reported
Gates Mills,Credit Rate,2025,1.00,1.0,1.0,0,reported
Genoa,Tax Rate,2016,-,,,0,not_member_or_no_tax
Genoa,Tax Rate,2017,-,,,0,not_member_or_no_tax
Genoa,Tax Rate,2018,-,,,0,not_member_or_no_tax
Genoa,Tax Rate,2019,-,,,0,not_member_or_no_tax
Genoa,Tax Rate,2020,1.50,1.5,1.5,0,reported
Genoa,Tax Rate,2021,1.50,1.5,1.5,0,reported
Genoa,Tax Rate,2022,1.50,1.5,1.5,0,reported
Genoa,Tax Rate,2023,1.50,1.5,1.5,0,reported
Genoa,Tax Rate,2024,1.50,1.5,1.5,0,reported
Genoa,Tax Rate,2025,1.50,1.5,1.5,0,reported
Genoa,Credit Factor,2016,-,,,0,not_member_or_no_tax
Genoa,Credit Factor,2017,-,,,0,not_member_or_no_tax
Genoa,Credit Factor,2018,-,,,0,not_member_or_no_tax
Genoa,Credit Factor,2019,-,,,0,not_member_or_no_tax
Genoa,Credit Factor,2020,100,100.0,100.0,0,reported
Genoa,Credit Factor,2021,100,100.0,100.0,0,reported
Genoa,Credit Factor,2022,100,100.0,100.0,0,reported
Genoa,Credit Factor,2023,100,100.0,100.0,0,reported
Genoa,Credit Factor,2024,100,100.0,100.0,0,reported
Genoa,Credit Factor,2025,100,100.0,100.0,0,reported
Genoa,Credit Rate,2016,-,,,0,not_member_or_no_tax
Genoa,Credit Rate,2017,-,,,0,not_member_or_no_tax
Genoa,Credit Rate,2018,-,,,0,not_member_or_no_tax
Genoa,Credit Rate,2019,-,,,0,not_member_or_no_tax
Genoa,Credit Rate,2020,0.75,0.75,0.75,0,reported
Genoa,Credit Rate,2021,0.75,0.75,0.75,0,reported
Genoa,Credit Rate,2022,0.75,0.75,0.75,0,reported
Genoa,Credit Rate,2023,0.75,0.75,0.75,0,reported
Genoa,Credit Rate,2024,0.75,0.75,0.75,0,reported
Genoa,Credit Rate,2025,0.50,0.5,0.5,0,reported
Gettysburg,Tax Rate,2016,-,,,0,not_member_or_no_tax
Gettysburg,Tax Rate,2017,1.00,1.0,1.0,0,reported
Gettysburg,Tax Rate,2018,1.00,1.0,1.0,0,reported
Gettysburg,Tax Rate,2019,1.00,1.0,1.0,0,reported
Gettysburg,Tax Rate,2020,1.00,1.0,1.0,0,reported
Gettysburg,Tax Rate,2021,1.00,1.0,1.0,0,reported
Gettysburg,Tax Rate,2022,1.00,1.0,1.0,0,reported
Gettysburg,Tax Rate,2023,1.00,1.0,1.0,0,reported
Gettysburg,Tax Rate,2024,1.00,1.0,1.0,0,reported
Gettysburg,Tax Rate,2025,1.00,1.0,1.0,0,reported
Gettysburg,Credit Factor,2016,-,,,0,not_member_or_no_tax
Gettysburg,Credit Factor,2017,100,100.0,100.0,0,reported
Gettysburg,Credit Factor,2018,100,100.0,100.0,0,reported
Gettysburg,Credit Factor,2019,100,100.0,100.0,0,reported
Gettysburg,Credit Factor,2020,100,100.0,100.0,0,reported
Gettysburg,Credit Factor,2021,100,100.0,100.0,0,reported
Gettysburg,Credit Factor,2022,100,100.0,100.0,0,reported
Gettysburg,Credit Factor,2023,100,100.0,100.0,0,reported
Gettysburg,Credit Factor,2024,100,100.0,100.0,0,reported
Gettysburg,Credit Factor,2025,100,100.0,100.0,0,reported
Gettysburg,Credit Rate,2016,-,,,0,not_member_or_no_tax
Gettysburg,Credit Rate,2017,1.00,1.0,1.0,0,reported
Gettysburg,Credit Rate,2018,1.00,1.0,1.0,0,reported
Gettysburg,Credit Rate,2019,1.00,1.0,1.0,0,reported
Gettysburg,Credit Rate,2020,1.00,1.0,1.0,0,reported
Gettysburg,Credit Rate,2021,1.00,1.0,1.0,0,reported
Gettysburg,Credit Rate,2022,1.00,1.0,1.0,0,reported
Gettysburg,Credit Rate,2023,1.00,1.0,1.0,0,reported
Gettysburg,Credit Rate,2024,1.00,1.0,1.0,0,reported
Gettysburg,Credit Rate,2025,1.00,1.0,1.0,0,reported
Gibsonburg,Tax Rate,2016,-,,,0,not_member_or_no_tax
Gibsonburg,Tax Rate,2017,-,,,0,not_member_or_no_tax
Gibsonburg,Tax Rate,2018,-,,,0,not_member_or_no_tax
Gibsonburg,Tax Rate,2019,-,,,0,not_member_or_no_tax
Gibsonburg,Tax Rate,2020,-,,,0,not_member_or_no_tax
Gibsonburg,Tax Rate,2021,1.00,1.0,1.0,0,reported
Gibsonburg,Tax Rate,2022,1.00,1.0,1.0,0,reported
Gibsonburg,Tax Rate,2023,1.00,1.0,1.0,0,reported
Gibsonburg,Tax Rate,2024,1.00,1.0,1.0,0,reported
Gibsonburg,Tax Rate,2025,1.00,1.0,1.0,0,reported
Gibsonburg,Credit Factor,2016,-,,,0,not_member_or_no_tax
Gibsonburg,Credit Factor,2017,-,,,0,not_member_or_no_tax
Gibsonburg,Credit Factor,2018,-,,,0,not_member_or_no_tax
Gibsonburg,Credit Factor,2019,-,,,0,not_member_or_no_tax
Gibsonburg,Credit Factor,2020,-,,,0,not_member_or_no_tax
Gibsonburg,Credit Factor,2021,-,0.0,0.0,0,dash_zero_inferred
Gibsonburg,Credit Factor,2022,-,0.0,0.0,0,dash_zero_inferred
Gibsonburg,Credit Factor,2023,-,0.0,0.0,0,dash_zero_inferred
Gibsonburg,Credit Factor,2024,-,0.0,0.0,0,dash_zero_inferred
Gibsonburg,Credit Factor,2025,-,0.0,0.0,0,dash_zero_inferred
Gibsonburg,Credit Rate,2016,-,,,0,not_member_or_no_tax
Gibsonburg,Credit Rate,2017,-,,,0,not_member_or_no_tax
Gibsonburg,Credit Rate,2018,-,,,0,not_member_or_no_tax
Gibsonburg,Credit Rate,2019,-,,,0,not_member_or_no_tax
Gibsonburg,Credit Rate,2020,-,,,0,not_member_or_no_tax
Gibsonburg,Credit Rate,2021,-,0.0,0.0,0,dash_zero_inferred
Gibsonburg,Credit Rate,2022,-,0.0,0.0,0,dash_zero_inferred
Gibsonburg,Credit Rate,2023,-,0.0,0.0,0,dash_zero_inferred
Gibsonburg,Credit Rate,2024,-,0.0,0.0,0,dash_zero_inferred
Gibsonburg,Credit Rate,2025,-,0.0,0.0,0,dash_zero_inferred
Girard,Tax Rate,2016,2.00,2.0,2.0,0,reported
Girard,Tax Rate,2017,2.00,2.0,2.0,0,reported
Girard,Tax Rate,2018,2.00,2.0,2.0,0,reported
Girard,Tax Rate,2019,2.00,2.0,2.0,0,reported
Girard,Tax Rate,2020,2.00,2.0,2.0,0,reported
Girard,Tax Rate,2021,2.00,2.0,2.0,0,reported
Girard,Tax Rate,2022,2.00,2.0,2.0,0,reported
Girard,Tax Rate,2023,2.00,2.0,2.0,0,reported
Girard,Tax Rate,2024,2.00,2.0,2.0,0,reported
Girard,Tax Rate,2025,2.00,2.0,2.0,0,reported
Girard,Credit Factor,2016,100,100.0,100.0,0,reported
Girard,Credit Factor,2017,100,100.0,100.0,0,reported
Girard,Credit Factor,2018,100,100.0,100.0,0,reported
Girard,Credit Factor,2019,100,100.0,100.0,0,reported
Girard,Credit Factor,2020,100,100.0,100.0,0,reported
Girard,Credit Factor,2021,100,100.0,100.0,0,reported
Girard,Credit Factor,2022,100,100.0,100.0,0,reported
Girard,Credit Factor,2023,100,100.0,100.0,0,reported
Girard,Credit Factor,2024,100,100.0,100.0,0,reported
Girard,Credit Factor,2025,100,100.0,100.0,0,reported
Girard,Credit Rate,2016,2.00,2.0,2.0,0,reported
Girard,Credit Rate,2017,2.00,2.0,2.0,0,reported
Girard,Credit Rate,2018,2.00,2.0,2.0,0,reported
Girard,Credit Rate,2019,2.00,2.0,2.0,0,reported
Girard,Credit Rate,2020,2.00,2.0,2.0,0,reported
Girard,Credit Rate,2021,2.00,2.0,2.0,0,reported
Girard,Credit Rate,2022,2.00,2.0,2.0,0,reported
Girard,Credit Rate,2023,2.00,2.0,2.0,0,reported
Girard,Credit Rate,2024,2.00,2.0,2.0,0,reported
Girard,Credit Rate,2025,2.00,2.0,2.0,0,reported
Glenmont,Tax Rate,2016,-,,,0,not_member_or_no_tax
Glenmont,Tax Rate,2017,-,,,0,not_member_or_no_tax
Glenmont,Tax Rate,2018,-,,,0,not_member_or_no_tax
Glenmont,Tax Rate,2019,-,,,0,not_member_or_no_tax
Glenmont,Tax Rate,2020,-,,,0,not_member_or_no_tax
Glenmont,Tax Rate,2021,-,,,0,not_member_or_no_tax
Glenmont,Tax Rate,2022,-,,,0,not_member_or_no_tax
Glenmont,Tax Rate,2023,-,,,0,not_member_or_no_tax
Glenmont,Tax Rate,2024,1.00/-,1.0,0.0,1,split_new_first
Glenmont,Tax Rate,2025,1.00,1.0,1.0,0,reported
Glenmont,Credit Factor,2016,-,,,0,not_member_or_no_tax
Glenmont,Credit Factor,2017,-,,,0,not_member_or_no_tax
Glenmont,Credit Factor,2018,-,,,0,not_member_or_no_tax
Glenmont,Credit Factor,2019,-,,,0,not_member_or_no_tax
Glenmont,Credit Factor,2020,-,,,0,not_member_or_no_tax
Glenmont,Credit Factor,2021,-,,,0,not_member_or_no_tax
Glenmont,Credit Factor,2022,-,,,0,not_member_or_no_tax
Glenmont,Credit Factor,2023,-,,,0,not_member_or_no_tax
Glenmont,Credit Factor,2024,-,0.0,0.0,0,dash_zero_inferred
Glenmont,Credit Factor,2025,-,0.0,0.0,0,dash_zero_inferred
Glenmont,Credit Rate,2016,-,,,0,not_member_or_no_tax
Glenmont,Credit Rate,2017,-,,,0,not_member_or_no_tax
Glenmont,Credit Rate,2018,-,,,0,not_member_or_no_tax
Glenmont,Credit Rate,2019,-,,,0,not_member_or_no_tax
Glenmont,Credit Rate,2020,-,,,0,not_member_or_no_tax
Glenmont,Credit Rate,2021,-,,,0,not_member_or_no_tax
Glenmont,Credit Rate,2022,-,,,0,not_member_or_no_tax
Glenmont,Credit Rate,2023,-,,,0,not_member_or_no_tax
Glenmont,Credit Rate,2024,-,0.0,0.0,0,dash_zero_inferred
Glenmont,Credit Rate,2025,-,0.0,0.0,0,dash_zero_inferred
Glenwillow,Tax Rate,2016,2.00,2.0,2.0,0,reported
Glenwillow,Tax Rate,2017,2.00,2.0,2.0,0,reported
Glenwillow,Tax Rate,2018,2.00,2.0,2.0,0,reported
Glenwillow,Tax Rate,2019,2.00,2.0,2.0,0,reported
Glenwillow,Tax Rate,2020,2.00,2.0,2.0,0,reported
Glenwillow,Tax Rate,2021,2.00,2.0,2.0,0,reported
Glenwillow,Tax Rate,2022,2.00,2.0,2.0,0,reported
Glenwillow,Tax Rate,2023,2.00,2.0,2.0,0,reported
Glenwillow,Tax Rate,2024,2.00,2.0,2.0,0,reported
Glenwillow,Tax Rate,2025,2.00,2.0,2.0,0,reported
Glenwillow,Credit Factor,2016,100,100.0,100.0,0,reported
Glenwillow,Credit Factor,2017,100,100.0,100.0,0,reported
Glenwillow,Credit Factor,2018,100,100.0,100.0,0,reported
Glenwillow,Credit Factor,2019,100,100.0,100.0,0,reported
Glenwillow,Credit Factor,2020,100,100.0,100.0,0,reported
Glenwillow,Credit Factor,2021,100,100.0,100.0,0,reported
Glenwillow,Credit Factor,2022,100,100.0,100.0,0,reported
Glenwillow,Credit Factor,2023,100,100.0,100.0,0,reported
Glenwillow,Credit Factor,2024,100,100.0,100.0,0,reported
Glenwillow,Credit Factor,2025,100,100.0,100.0,0,reported
Glenwillow,Credit Rate,2016,2.00,2.0,2.0,0,reported
Glenwillow,Credit Rate,2017,2.00,2.0,2.0,0,reported
Glenwillow,Credit Rate,2018,2.00,2.0,2.0,0,reported
Glenwillow,Credit Rate,2019,2.00,2.0,2.0,0,reported
Glenwillow,Credit Rate,2020,2.00,2.0,2.0,0,reported
Glenwillow,Credit Rate,2021,2.00,2.0,2.0,0,reported
Glenwillow,Credit Rate,2022,2.00,2.0,2.0,0,reported
Glenwillow,Credit Rate,2023,2.00,2.0,2.0,0,reported
Glenwillow,Credit Rate,2024,2.00,2.0,2.0,0,reported
Glenwillow,Credit Rate,2025,2.00,2.0,2.0,0,reported
Golf Manor,Tax Rate,2016,-,,,0,not_member_or_no_tax
Golf Manor,Tax Rate,2017,-,,,0,not_member_or_no_tax
Golf Manor,Tax Rate,2018,1.70,1.7,1.7,0,reported
Golf Manor,Tax Rate,2019,1.70,1.7,1.7,0,reported
Golf Manor,Tax Rate,2020,1.70,1.7,1.7,0,reported
Golf Manor,Tax Rate,2021,1.70,1.7,1.7,0,reported
Golf Manor,Tax Rate,2022,1.70,1.7,1.7,0,reported
Golf Manor,Tax Rate,2023,1.70,1.7,1.7,0,reported
Golf Manor,Tax Rate,2024,1.70,1.7,1.7,0,reported
Golf Manor,Tax Rate,2025,1.70,1.7,1.7,0,reported
Golf Manor,Credit Factor,2016,-,,,0,not_member_or_no_tax
Golf Manor,Credit Factor,2017,-,,,0,not_member_or_no_tax
Golf Manor,Credit Factor,2018,100,100.0,100.0,0,reported
Golf Manor,Credit Factor,2019,100,100.0,100.0,0,reported
Golf Manor,Credit Factor,2020,100,100.0,100.0,0,reported
Golf Manor,Credit Factor,2021,100,100.0,100.0,0,reported
Golf Manor,Credit Factor,2022,100,100.0,100.0,0,reported
Golf Manor,Credit Factor,2023,100,100.0,100.0,0,reported
Golf Manor,Credit Factor,2024,100,100.0,100.0,0,reported
Golf Manor,Credit Factor,2025,100,100.0,100.0,0,reported
Golf Manor,Credit Rate,2016,-,,,0,not_member_or_no_tax
Golf Manor,Credit Rate,2017,-,,,0,not_member_or_no_tax
Golf Manor,Credit Rate,2018,1.70,1.7,1.7,0,reported
Golf Manor,Credit Rate,2019,1.70,1.7,1.7,0,reported
Golf Manor,Credit Rate,2020,1.70,1.7,1.7,0,reported
Golf Manor,Credit Rate,2021,1.70,1.7,1.7,0,reported
Golf Manor,Credit Rate,2022,1.70,1.7,1.7,0,reported
Golf Manor,Credit Rate,2023,1.70,1.7,1.7,0,reported
Golf Manor,Credit Rate,2024,1.70,1.7,1.7,0,reported
Golf Manor,Credit Rate,2025,1.70,1.7,1.7,0,reported
Grafton,Tax Rate,2016,1.50,1.5,1.5,0,reported
Grafton,Tax Rate,2017,1.50,1.5,1.5,0,reported
Grafton,Tax Rate,2018,1.50,1.5,1.5,0,reported
Grafton,Tax Rate,2019,1.50,1.5,1.5,0,reported
Grafton,Tax Rate,2020,1.50,1.5,1.5,0,reported
Grafton,Tax Rate,2021,1.50,1.5,1.5,0,reported
Grafton,Tax Rate,2022,1.50,1.5,1.5,0,reported
Grafton,Tax Rate,2023,1.50,1.5,1.5,0,reported
Grafton,Tax Rate,2024,1.50,1.5,1.5,0,reported
Grafton,Tax Rate,2025,1.50,1.5,1.5,0,reported
Grafton,Credit Factor,2016,100,100.0,100.0,0,reported
Grafton,Credit Factor,2017,100,100.0,100.0,0,reported
Grafton,Credit Factor,2018,100,100.0,100.0,0,reported
Grafton,Credit Factor,2019,100,100.0,100.0,0,reported
Grafton,Credit Factor,2020,100,100.0,100.0,0,reported
Grafton,Credit Factor,2021,100,100.0,100.0,0,reported
Grafton,Credit Factor,2022,100,100.0,100.0,0,reported
Grafton,Credit Factor,2023,100,100.0,100.0,0,reported
Grafton,Credit Factor,2024,100,100.0,100.0,0,reported
Grafton,Credit Factor,2025,100,100.0,100.0,0,reported
Grafton,Credit Rate,2016,1.50,1.5,1.5,0,reported
Grafton,Credit Rate,2017,1.50,1.5,1.5,0,reported
Grafton,Credit Rate,2018,1.50,1.5,1.5,0,reported
Grafton,Credit Rate,2019,1.50,1.5,1.5,0,reported
Grafton,Credit Rate,2020,1.50,1.5,1.5,0,reported
Grafton,Credit Rate,2021,1.50,1.5,1.5,0,reported
Grafton,Credit Rate,2022,1.50,1.5,1.5,0,reported
Grafton,Credit Rate,2023,1.50,1.5,1.5,0,reported
Grafton,Credit Rate,2024,1.50,1.5,1.5,0,reported
Grafton,Credit Rate,2025,1.50,1.5,1.5,0,reported
Grandview Heights,Tax Rate,2016,2.50,2.5,2.5,0,reported
Grandview Heights,Tax Rate,2017,2.50,2.5,2.5,0,reported
Grandview Heights,Tax Rate,2018,2.50,2.5,2.5,0,reported
Grandview Heights,Tax Rate,2019,2.50,2.5,2.5,0,reported
Grandview Heights,Tax Rate,2020,2.50,2.5,2.5,0,reported
Grandview Heights,Tax Rate,2021,2.50,2.5,2.5,0,reported
Grandview Heights,Tax Rate,2022,2.50,2.5,2.5,0,reported
Grandview Heights,Tax Rate,2023,2.50,2.5,2.5,0,reported
Grandview Heights,Tax Rate,2024,2.50,2.5,2.5,0,reported
Grandview Heights,Tax Rate,2025,2.50,2.5,2.5,0,reported
Grandview Heights,Credit Factor,2016,100,100.0,100.0,0,reported
Grandview Heights,Credit Factor,2017,100,100.0,100.0,0,reported
Grandview Heights,Credit Factor,2018,100,100.0,100.0,0,reported
Grandview Heights,Credit Factor,2019,100,100.0,100.0,0,reported
Grandview Heights,Credit Factor,2020,100,100.0,100.0,0,reported
Grandview Heights,Credit Factor,2021,100,100.0,100.0,0,reported
Grandview Heights,Credit Factor,2022,100,100.0,100.0,0,reported
Grandview Heights,Credit Factor,2023,100,100.0,100.0,0,reported
Grandview Heights,Credit Factor,2024,100,100.0,100.0,0,reported
Grandview Heights,Credit Factor,2025,100,100.0,100.0,0,reported
Grandview Heights,Credit Rate,2016,2.25,2.25,2.25,0,reported
Grandview Heights,Credit Rate,2017,2.50,2.5,2.5,0,reported
Grandview Heights,Credit Rate,2018,2.50,2.5,2.5,0,reported
Grandview Heights,Credit Rate,2019,2.50,2.5,2.5,0,reported
Grandview Heights,Credit Rate,2020,2.50,2.5,2.5,0,reported
Grandview Heights,Credit Rate,2021,2.50,2.5,2.5,0,reported
Grandview Heights,Credit Rate,2022,2.50,2.5,2.5,0,reported
Grandview Heights,Credit Rate,2023,2.50,2.5,2.5,0,reported
Grandview Heights,Credit Rate,2024,2.50,2.5,2.5,0,reported
Grandview Heights,Credit Rate,2025,2.50,2.5,2.5,0,reported
Gratis,Tax Rate,2016,1.00,1.0,1.0,0,reported
Gratis,Tax Rate,2017,1.00,1.0,1.0,0,reported
Gratis,Tax Rate,2018,1.00,1.0,1.0,0,reported
Gratis,Tax Rate,2019,1.00,1.0,1.0,0,reported
Gratis,Tax Rate,2020,1.00,1.0,1.0,0,reported
Gratis,Tax Rate,2021,1.00,1.0,1.0,0,reported
Gratis,Tax Rate,2022,1.00,1.0,1.0,0,reported
Gratis,Tax Rate,2023,1.00,1.0,1.0,0,reported
Gratis,Tax Rate,2024,1.00,1.0,1.0,0,reported
Gratis,Tax Rate,2025,1.00,1.0,1.0,0,reported
Gratis,Credit Factor,2016,-,0.0,0.0,0,dash_zero_inferred
Gratis,Credit Factor,2017,-,0.0,0.0,0,dash_zero_inferred
Gratis,Credit Factor,2018,-,0.0,0.0,0,dash_zero_inferred
Gratis,Credit Factor,2019,-,0.0,0.0,0,dash_zero_inferred
Gratis,Credit Factor,2020,-,0.0,0.0,0,dash_zero_inferred
Gratis,Credit Factor,2021,-,0.0,0.0,0,dash_zero_inferred
Gratis,Credit Factor,2022,-,0.0,0.0,0,dash_zero_inferred
Gratis,Credit Factor,2023,-,0.0,0.0,0,dash_zero_inferred
Gratis,Credit Factor,2024,-,0.0,0.0,0,dash_zero_inferred
Gratis,Credit Factor,2025,-,0.0,0.0,0,dash_zero_inferred
Gratis,Credit Rate,2016,-,0.0,0.0,0,dash_zero_inferred
Gratis,Credit Rate,2017,-,0.0,0.0,0,dash_zero_inferred
Gratis,Credit Rate,2018,-,0.0,0.0,0,dash_zero_inferred
Gratis,Credit Rate,2019,-,0.0,0.0,0,dash_zero_inferred
Gratis,Credit Rate,2020,-,0.0,0.0,0,dash_zero_inferred
Gratis,Credit Rate,2021,-,0.0,0.0,0,dash_zero_inferred
Gratis,Credit Rate,2022,-,0.0,0.0,0,dash_zero_inferred
Gratis,Credit Rate,2023,-,0.0,0.0,0,dash_zero_inferred
Gratis,Credit Rate,2024,-,0.0,0.0,0,dash_zero_inferred
Gratis,Credit Rate,2025,-,0.0,0.0,0,dash_zero_inferred
Greenfield,Tax Rate,2016,-,,,0,not_member_or_no_tax
Greenfield,Tax Rate,2017,-,,,0,not_member_or_no_tax
Greenfield,Tax Rate,2018,-,,,0,not_member_or_no_tax
Greenfield,Tax Rate,2019,1.625,1.625,1.625,0,reported
Greenfield,Tax Rate,2020,1.625,1.625,1.625,0,reported
Greenfield,Tax Rate,2021,1.625,1.625,1.625,0,reported
Greenfield,Tax Rate,2022,1.625,1.625,1.625,0,reported
Greenfield,Tax Rate,2023,1.625,1.625,1.625,0,reported
Greenfield,Tax Rate,2024,1.625,1.625,1.625,0,reported
Greenfield,Tax Rate,2025,1.625,1.625,1.625,0,reported
Greenfield,Credit Factor,2016,-,,,0,not_member_or_no_tax
Greenfield,Credit Factor,2017,-,,,0,not_member_or_no_tax
Greenfield,Credit Factor,2018,-,,,0,not_member_or_no_tax
Greenfield,Credit Factor,2019,100,100.0,100.0,0,reported
Greenfield,Credit Factor,2020,100,100.0,100.0,0,reported
Greenfield,Credit Factor,2021,100,100.0,100.0,0,reported
Greenfield,Credit Factor,2022,100,100.0,100.0,0,reported
Greenfield,Credit Factor,2023,100,100.0,100.0,0,reported
Greenfield,Credit Factor,2024,100,100.0,100.0,0,reported
Greenfield,Credit Factor,2025,100,100.0,100.0,0,reported
Greenfield,Credit Rate,2016,-,,,0,not_member_or_no_tax
Greenfield,Credit Rate,2017,-,,,0,not_member_or_no_tax
Greenfield,Credit Rate,2018,-,,,0,not_member_or_no_tax
Greenfield,Credit Rate,2019,1.625,1.625,1.625,0,reported
Greenfield,Credit Rate,2020,1.625,1.625,1.625,0,reported
Greenfield,Credit Rate,2021,1.625,1.625,1.625,0,reported
Greenfield,Credit Rate,2022,1.625,1.625,1.625,0,reported
Greenfield,Credit Rate,2023,1.625,1.625,1.625,0,reported
Greenfield,Credit Rate,2024,1.625,1.625,1.625,0,reported
Greenfield,Credit Rate,2025,1.625,1.625,1.625,0,reported
Greenhills,Tax Rate,2016,1.50,1.5,1.5,0,reported
Greenhills,Tax Rate,2017,1.50,1.5,1.5,0,reported
Greenhills,Tax Rate,2018,1.50,1.5,1.5,0,reported
Greenhills,Tax Rate,2019,1.50,1.5,1.5,0,reported
Greenhills,Tax Rate,2020,1.50,1.5,1.5,0,reported
Greenhills,Tax Rate,2021,1.50,1.5,1.5,0,reported
Greenhills,Tax Rate,2022,1.50,1.5,1.5,0,reported
Greenhills,Tax Rate,2023,1.50,1.5,1.5,0,reported
Greenhills,Tax Rate,2024,1.50,1.5,1.5,0,reported
Greenhills,Tax Rate,2025,1.50,1.5,1.5,0,reported
Greenhills,Credit Factor,2016,100,100.0,100.0,0,reported
Greenhills,Credit Factor,2017,100,100.0,100.0,0,reported
Greenhills,Credit Factor,2018,100,100.0,100.0,0,reported
Greenhills,Credit Factor,2019,100,100.0,100.0,0,reported
Greenhills,Credit Factor,2020,100,100.0,100.0,0,reported
Greenhills,Credit Factor,2021,100,100.0,100.0,0,reported
Greenhills,Credit Factor,2022,100,100.0,100.0,0,reported
Greenhills,Credit Factor,2023,100,100.0,100.0,0,reported
Greenhills,Credit Factor,2024,100,100.0,100.0,0,reported
Greenhills,Credit Factor,2025,100,100.0,100.0,0,reported
Greenhills,Credit Rate,2016,0.50,0.5,0.5,0,reported
Greenhills,Credit Rate,2017,0.50,0.5,0.5,0,reported
Greenhills,Credit Rate,2018,0.50,0.5,0.5,0,reported
Greenhills,Credit Rate,2019,0.50,0.5,0.5,0,reported
Greenhills,Credit Rate,2020,0.50,0.5,0.5,0,reported
Greenhills,Credit Rate,2021,0.50,0.5,0.5,0,reported
Greenhills,Credit Rate,2022,0.50,0.5,0.5,0,reported
Greenhills,Credit Rate,2023,0.50,0.5,0.5,0,reported
Greenhills,Credit Rate,2024,0.50,0.5,0.5,0,reported
Greenhills,Credit Rate,2025,0.50,0.5,0.5,0,reported
Green Springs,Tax Rate,2016,-,,,0,not_member_or_no_tax
Green Springs,Tax Rate,2017,-,,,0,not_member_or_no_tax
Green Springs,Tax Rate,2018,-,,,0,not_member_or_no_tax
Green Springs,Tax Rate,2019,-,,,0,not_member_or_no_tax
Green Springs,Tax Rate,2020,-,,,0,not_member_or_no_tax
Green Springs,Tax Rate,2021,-,,,0,not_member_or_no_tax
Green Springs,Tax Rate,2022,-,,,0,not_member_or_no_tax
Green Springs,Tax Rate,2023,-,,,0,not_member_or_no_tax
Green Springs,Tax Rate,2024,-,,,0,not_member_or_no_tax
Green Springs,Tax Rate,2025,1.00,1.0,1.0,0,reported
Green Springs,Credit Factor,2016,-,,,0,not_member_or_no_tax
Green Springs,Credit Factor,2017,-,,,0,not_member_or_no_tax
Green Springs,Credit Factor,2018,-,,,0,not_member_or_no_tax
Green Springs,Credit Factor,2019,-,,,0,not_member_or_no_tax
Green Springs,Credit Factor,2020,-,,,0,not_member_or_no_tax
Green Springs,Credit Factor,2021,-,,,0,not_member_or_no_tax
Green Springs,Credit Factor,2022,-,,,0,not_member_or_no_tax
Green Springs,Credit Factor,2023,-,,,0,not_member_or_no_tax
Green Springs,Credit Factor,2024,-,,,0,not_member_or_no_tax
Green Springs,Credit Factor,2025,50,50.0,50.0,0,reported
Green Springs,Credit Rate,2016,-,,,0,not_member_or_no_tax
Green Springs,Credit Rate,2017,-,,,0,not_member_or_no_tax
Green Springs,Credit Rate,2018,-,,,0,not_member_or_no_tax
Green Springs,Credit Rate,2019,-,,,0,not_member_or_no_tax
Green Springs,Credit Rate,2020,-,,,0,not_member_or_no_tax
Green Springs,Credit Rate,2021,-,,,0,not_member_or_no_tax
Green Springs,Credit Rate,2022,-,,,0,not_member_or_no_tax
Green Springs,Credit Rate,2023,-,,,0,not_member_or_no_tax
Green Springs,Credit Rate,2024,-,,,0,not_member_or_no_tax
Green Springs,Credit Rate,2025,1.00,1.0,1.0,0,reported
Grove City,Tax Rate,2016,2.00,2.0,2.0,0,reported
Grove City,Tax Rate,2017,2.00,2.0,2.0,0,reported
Grove City,Tax Rate,2018,2.00,2.0,2.0,0,reported
Grove City,Tax Rate,2019,2.00,2.0,2.0,0,reported
Grove City,Tax Rate,2020,2.00,2.0,2.0,0,reported
Grove City,Tax Rate,2021,2.00,2.0,2.0,0,reported
Grove City,Tax Rate,2022,2.00,2.0,2.0,0,reported
Grove City,Tax Rate,2023,2.00,2.0,2.0,0,reported
Grove City,Tax Rate,2024,2.00,2.0,2.0,0,reported
Grove City,Tax Rate,2025,2.00,2.0,2.0,0,reported
Grove City,Credit Factor,2016,100,100.0,100.0,0,reported
Grove City,Credit Factor,2017,100,100.0,100.0,0,reported
Grove City,Credit Factor,2018,100,100.0,100.0,0,reported
Grove City,Credit Factor,2019,100,100.0,100.0,0,reported
Grove City,Credit Factor,2020,100,100.0,100.0,0,reported
Grove City,Credit Factor,2021,100,100.0,100.0,0,reported
Grove City,Credit Factor,2022,100,100.0,100.0,0,reported
Grove City,Credit Factor,2023,100,100.0,100.0,0,reported
Grove City,Credit Factor,2024,100,100.0,100.0,0,reported
Grove City,Credit Factor,2025,100,100.0,100.0,0,reported
Grove City,Credit Rate,2016,2.00,2.0,2.0,0,reported
Grove City,Credit Rate,2017,2.00,2.0,2.0,0,reported
Grove City,Credit Rate,2018,2.00,2.0,2.0,0,reported
Grove City,Credit Rate,2019,2.00,2.0,2.0,0,reported
Grove City,Credit Rate,2020,2.00,2.0,2.0,0,reported
Grove City,Credit Rate,2021,2.00,2.0,2.0,0,reported
Grove City,Credit Rate,2022,2.00,2.0,2.0,0,reported
Grove City,Credit Rate,2023,2.00,2.0,2.0,0,reported
Grove City,Credit Rate,2024,2.00,2.0,2.0,0,reported
Grove City,Credit Rate,2025,2.00,2.0,2.0,0,reported
Groveport,Tax Rate,2016,-,,,0,not_member_or_no_tax
Groveport,Tax Rate,2017,-,,,0,not_member_or_no_tax
Groveport,Tax Rate,2018,-,,,0,not_member_or_no_tax
Groveport,Tax Rate,2019,2.00,2.0,2.0,0,reported
Groveport,Tax Rate,2020,2.00,2.0,2.0,0,reported
Groveport,Tax Rate,2021,2.00,2.0,2.0,0,reported
Groveport,Tax Rate,2022,2.00,2.0,2.0,0,reported
Groveport,Tax Rate,2023,2.00,2.0,2.0,0,reported
Groveport,Tax Rate,2024,2.00,2.0,2.0,0,reported
Groveport,Tax Rate,2025,2.00,2.0,2.0,0,reported
Groveport,Credit Factor,2016,-,,,0,not_member_or_no_tax
Groveport,Credit Factor,2017,-,,,0,not_member_or_no_tax
Groveport,Credit Factor,2018,-,,,0,not_member_or_no_tax
Groveport,Credit Factor,2019,100,100.0,100.0,0,reported
Groveport,Credit Factor,2020,100,100.0,100.0,0,reported
Groveport,Credit Factor,2021,100,100.0,100.0,0,reported
Groveport,Credit Factor,2022,100,100.0,100.0,0,reported
Groveport,Credit Factor,2023,100,100.0,100.0,0,reported
Groveport,Credit Factor,2024,100,100.0,100.0,0,reported
Groveport,Credit Factor,2025,100,100.0,100.0,0,reported
Groveport,Credit Rate,2016,-,,,0,not_member_or_no_tax
Groveport,Credit Rate,2017,-,,,0,not_member_or_no_tax
Groveport,Credit Rate,2018,-,,,0,not_member_or_no_tax
Groveport,Credit Rate,2019,2.00,2.0,2.0,0,reported
Groveport,Credit Rate,2020,2.00,2.0,2.0,0,reported
Groveport,Credit Rate,2021,2.00,2.0,2.0,0,reported
Groveport,Credit Rate,2022,2.00,2.0,2.0,0,reported
Groveport,Credit Rate,2023,2.00,2.0,2.0,0,reported
Groveport,Credit Rate,2024,2.00,2.0,2.0,0,reported
Groveport,Credit Rate,2025,2.00,2.0,2.0,0,reported
Ham Fair Twp Jedd I,Tax Rate,2016,-,,,0,not_member_or_no_tax
Ham Fair Twp Jedd I,Tax Rate,2017,-,,,0,not_member_or_no_tax
Ham Fair Twp Jedd I,Tax Rate,2018,-,,,0,not_member_or_no_tax
Ham Fair Twp Jedd I,Tax Rate,2019,-,,,0,not_member_or_no_tax
Ham Fair Twp Jedd I,Tax Rate,2020,-,,,0,not_member_or_no_tax
Ham Fair Twp Jedd I,Tax Rate,2021,-,,,0,not_member_or_no_tax
Ham Fair Twp Jedd I,Tax Rate,2022,2.00,2.0,2.0,0,reported
Ham Fair Twp Jedd I,Tax Rate,2023,2.00,2.0,2.0,0,reported
Ham Fair Twp Jedd I,Tax Rate,2024,2.00,2.0,2.0,0,reported
Ham Fair Twp Jedd I,Tax Rate,2025,2.00,2.0,2.0,0,reported
Ham Fair Twp Jedd I,Credit Factor,2016,,,,0,absent
Ham Fair Twp Jedd I,Credit Factor,2017,,,,0,absent
Ham Fair Twp Jedd I,Credit Factor,2018,,,,0,absent
Ham Fair Twp Jedd I,Credit Factor,2019,,,,0,absent
Ham Fair Twp Jedd I,Credit Factor,2020,,,,0,absent
Ham Fair Twp Jedd I,Credit Factor,2021,,,,0,absent
Ham Fair Twp Jedd I,Credit Factor,2022,,,,0,absent
Ham Fair Twp Jedd I,Credit Factor,2023,,,,0,absent
Ham Fair Twp Jedd I,Credit Factor,2024,,,,0,absent
Ham Fair Twp Jedd I,Credit Factor,2025,,,,0,absent
Ham Fair Twp Jedd I,Credit Rate,2016,,,,0,absent
Ham Fair Twp Jedd I,Credit Rate,2017,,,,0,absent
Ham Fair Twp Jedd I,Credit Rate,2018,,,,0,absent
Ham Fair Twp Jedd I,Credit Rate,2019,,,,0,absent
Ham Fair Twp Jedd I,Credit Rate,2020,,,,0,absent
Ham Fair Twp Jedd I,Credit Rate,2021,,,,0,absent
Ham Fair Twp Jedd I,Credit Rate,2022,,,,0,absent
Ham Fair Twp Jedd I,Credit Rate,2023,,,,0,absent
Ham Fair Twp Jedd I,Credit Rate,2024,,,,0,absent
Ham Fair Twp Jedd I,Credit Rate,2025,,,,0,absent
Ham Fair Twp Jedd II,Tax Rate,2016,-,,,0,not_member_or_no_tax
Ham Fair Twp Jedd II,Tax Rate,2017,-,,,0,not_member_or_no_tax
Ham Fair Twp Jedd II,Tax Rate,2018,-,,,0,not_member_or_no_tax
Ham Fair Twp Jedd II,Tax Rate,2019,-,,,0,not_member_or_no_tax
Ham Fair Twp Jedd II,Tax Rate,2020,-,,,0,not_member_or_no_tax
Ham Fair Twp Jedd II,Tax Rate,2021,-,,,0,not_member_or_no_tax
Ham Fair Twp Jedd II,Tax Rate,2022,2.00,2.0,2.0,0,reported
Ham Fair Twp Jedd II,Tax Rate,2023,2.00,2.0,2.0,0,reported
Ham Fair Twp Jedd II,Tax Rate,2024,2.00,2.0,2.0,0,reported
Ham Fair Twp Jedd II,Tax Rate,2025,2.00,2.0,2.0,0,reported
Ham Fair Twp Jedd II,Credit Factor,2016,,,,0,absent
Ham Fair Twp Jedd II,Credit Factor,2017,,,,0,absent
Ham Fair Twp Jedd II,Credit Factor,2018,,,,0,absent
Ham Fair Twp Jedd II,Credit Factor,2019,,,,0,absent
Ham Fair Twp Jedd II,Credit Factor,2020,,,,0,absent
Ham Fair Twp Jedd II,Credit Factor,2021,,,,0,absent
Ham Fair Twp Jedd II,Credit Factor,2022,,,,0,absent
Ham Fair Twp Jedd II,Credit Factor,2023,,,,0,absent
Ham Fair Twp Jedd II,Credit Factor,2024,,,,0,absent
Ham Fair Twp Jedd II,Credit Factor,2025,,,,0,absent
Ham Fair Twp Jedd II,Credit Rate,2016,,,,0,absent
Ham Fair Twp Jedd II,Credit Rate,2017,,,,0,absent
Ham Fair Twp Jedd II,Credit Rate,2018,,,,0,absent
Ham Fair Twp Jedd II,Credit Rate,2019,,,,0,absent
Ham Fair Twp Jedd II,Credit Rate,2020,,,,0,absent
Ham Fair Twp Jedd II,Credit Rate,2021,,,,0,absent
Ham Fair Twp Jedd II,Credit Rate,2022,,,,0,absent
Ham Fair Twp Jedd II,Credit Rate,2023,,,,0,absent
Ham Fair Twp Jedd II,Credit Rate,2024,,,,0,absent
Ham Fair Twp Jedd II,Credit Rate,2025,,,,0,absent
Ham Fair Twp Jedd III,Tax Rate,2016,-,,,0,not_member_or_no_tax
Ham Fair Twp Jedd III,Tax Rate,2017,-,,,0,not_member_or_no_tax
Ham Fair Twp Jedd III,Tax Rate,2018,-,,,0,not_member_or_no_tax
Ham Fair Twp Jedd III,Tax Rate,2019,-,,,0,not_member_or_no_tax
Ham Fair Twp Jedd III,Tax Rate,2020,-,,,0,not_member_or_no_tax
Ham Fair Twp Jedd III,Tax Rate,2021,-,,,0,not_member_or_no_tax
Ham Fair Twp Jedd III,Tax Rate,2022,2.00,2.0,2.0,0,reported
Ham Fair Twp Jedd III,Tax Rate,2023,2.00,2.0,2.0,0,reported
Ham Fair Twp Jedd III,Tax Rate,2024,2.00,2.0,2.0,0,reported
Ham Fair Twp Jedd III,Tax Rate,2025,2.00,2.0,2.0,0,reported
Ham Fair Twp Jedd III,Credit Factor,2016,,,,0,absent
Ham Fair Twp Jedd III,Credit Factor,2017,,,,0,absent
Ham Fair Twp Jedd III,Credit Factor,2018,,,,0,absent
Ham Fair Twp Jedd III,Credit Factor,2019,,,,0,absent
Ham Fair Twp Jedd III,Credit Factor,2020,,,,0,absent
Ham Fair Twp Jedd III,Credit Factor,2021,,,,0,absent
Ham Fair Twp Jedd III,Credit Factor,2022,,,,0,absent
Ham Fair Twp Jedd III,Credit Factor,2023,,,,0,absent
Ham Fair Twp Jedd III,Credit Factor,2024,,,,0,absent
Ham Fair Twp Jedd III,Credit Factor,2025,,,,0,absent
Ham Fair Twp Jedd III,Credit Rate,2016,,,,0,absent
Ham Fair Twp Jedd III,Credit Rate,2017,,,,0,absent
Ham Fair Twp Jedd III,Credit Rate,2018,,,,0,absent
Ham Fair Twp Jedd III,Credit Rate,2019,,,,0,absent
Ham Fair Twp Jedd III,Credit Rate,2020,,,,0,absent
Ham Fair Twp Jedd III,Credit Rate,2021,,,,0,absent
Ham Fair Twp Jedd III,Credit Rate,2022,,,,0,absent
Ham Fair Twp Jedd III,Credit Rate,2023,,,,0,absent
Ham Fair Twp Jedd III,Credit Rate,2024,,,,0,absent
Ham Fair Twp Jedd III,Credit Rate,2025,,,,0,absent
Hamersville,Tax Rate,2016,-,,,0,not_member_or_no_tax
Hamersville,Tax Rate,2017,-,,,0,not_member_or_no_tax
Hamersville,Tax Rate,2018,-,,,0,not_member_or_no_tax
Hamersville,Tax Rate,2019,-,,,0,not_member_or_no_tax
Hamersville,Tax Rate,2020,-,,,0,not_member_or_no_tax
Hamersville,Tax Rate,2021,-,,,0,not_member_or_no_tax
Hamersville,Tax Rate,2022,-,,,0,not_member_or_no_tax
Hamersville,Tax Rate,2023,-,,,0,not_member_or_no_tax
Hamersville,Tax Rate,2024,-,,,0,not_member_or_no_tax
Hamersville,Tax Rate,2025,1.00,1.0,1.0,0,reported
Hamersville,Credit Factor,2016,-,,,0,not_member_or_no_tax
Hamersville,Credit Factor,2017,-,,,0,not_member_or_no_tax
Hamersville,Credit Factor,2018,-,,,0,not_member_or_no_tax
Hamersville,Credit Factor,2019,-,,,0,not_member_or_no_tax
Hamersville,Credit Factor,2020,-,,,0,not_member_or_no_tax
Hamersville,Credit Factor,2021,-,,,0,not_member_or_no_tax
Hamersville,Credit Factor,2022,-,,,0,not_member_or_no_tax
Hamersville,Credit Factor,2023,-,,,0,not_member_or_no_tax
Hamersville,Credit Factor,2024,-,,,0,not_member_or_no_tax
Hamersville,Credit Factor,2025,100.00,100.0,100.0,0,reported
Hamersville,Credit Rate,2016,-,,,0,not_member_or_no_tax
Hamersville,Credit Rate,2017,-,,,0,not_member_or_no_tax
Hamersville,Credit Rate,2018,-,,,0,not_member_or_no_tax
Hamersville,Credit Rate,2019,-,,,0,not_member_or_no_tax
Hamersville,Credit Rate,2020,-,,,0,not_member_or_no_tax
Hamersville,Credit Rate,2021,-,,,0,not_member_or_no_tax
Hamersville,Credit Rate,2022,-,,,0,not_member_or_no_tax
Hamersville,Credit Rate,2023,-,,,0,not_member_or_no_tax
Hamersville,Credit Rate,2024,-,,,0,not_member_or_no_tax
Hamersville,Credit Rate,2025,1.00,1.0,1.0,0,reported
Hamilton,Tax Rate,2016,-,,,0,not_member_or_no_tax
Hamilton,Tax Rate,2017,-,,,0,not_member_or_no_tax
Hamilton,Tax Rate,2018,-,,,0,not_member_or_no_tax
Hamilton,Tax Rate,2019,-,,,0,not_member_or_no_tax
Hamilton,Tax Rate,2020,-,,,0,not_member_or_no_tax
Hamilton,Tax Rate,2021,-,,,0,not_member_or_no_tax
Hamilton,Tax Rate,2022,2.00,2.0,2.0,0,reported
Hamilton,Tax Rate,2023,2.00,2.0,2.0,0,reported
Hamilton,Tax Rate,2024,2.00,2.0,2.0,0,reported
Hamilton,Tax Rate,2025,2.00,2.0,2.0,0,reported
Hamilton,Credit Factor,2016,-,,,0,not_member_or_no_tax
Hamilton,Credit Factor,2017,-,,,0,not_member_or_no_tax
Hamilton,Credit Factor,2018,-,,,0,not_member_or_no_tax
Hamilton,Credit Factor,2019,-,,,0,not_member_or_no_tax
Hamilton,Credit Factor,2020,-,,,0,not_member_or_no_tax
Hamilton,Credit Factor,2021,-,,,0,not_member_or_no_tax
Hamilton,Credit Factor,2022,100,100.0,100.0,0,reported
Hamilton,Credit Factor,2023,100,100.0,100.0,0,reported
Hamilton,Credit Factor,2024,100,100.0,100.0,0,reported
Hamilton,Credit Factor,2025,100,100.0,100.0,0,reported
Hamilton,Credit Rate,2016,-,,,0,not_member_or_no_tax
Hamilton,Credit Rate,2017,-,,,0,not_member_or_no_tax
Hamilton,Credit Rate,2018,-,,,0,not_member_or_no_tax
Hamilton,Credit Rate,2019,-,,,0,not_member_or_no_tax
Hamilton,Credit Rate,2020,-,,,0,not_member_or_no_tax
Hamilton,Credit Rate,2021,-,,,0,not_member_or_no_tax
Hamilton,Credit Rate,2022,2.00,2.0,2.0,0,reported
Hamilton,Credit Rate,2023,2.00,2.0,2.0,0,reported
Hamilton,Credit Rate,2024,2.00,2.0,2.0,0,reported
Hamilton,Credit Rate,2025,2.00,2.0,2.0,0,reported
Hanging Rock,Tax Rate,2016,-,,,0,not_member_or_no_tax
Hanging Rock,Tax Rate,2017,-,,,0,not_member_or_no_tax
Hanging Rock,Tax Rate,2018,-,,,0,not_member_or_no_tax
Hanging Rock,Tax Rate,2019,-,,,0,not_member_or_no_tax
Hanging Rock,Tax Rate,2020,-,,,0,not_member_or_no_tax
Hanging Rock,Tax Rate,2021,-,,,0,not_member_or_no_tax
Hanging Rock,Tax Rate,2022,-,,,0,not_member_or_no_tax
Hanging Rock,Tax Rate,2023,-,,,0,not_member_or_no_tax
Hanging Rock,Tax Rate,2024,-,,,0,not_member_or_no_tax
Hanging Rock,Tax Rate,2025,1.00,1.0,1.0,0,reported
Hanging Rock,Credit Factor,2016,-,,,0,not_member_or_no_tax
Hanging Rock,Credit Factor,2017,-,,,0,not_member_or_no_tax
Hanging Rock,Credit Factor,2018,-,,,0,not_member_or_no_tax
Hanging Rock,Credit Factor,2019,-,,,0,not_member_or_no_tax
Hanging Rock,Credit Factor,2020,-,,,0,not_member_or_no_tax
Hanging Rock,Credit Factor,2021,-,,,0,not_member_or_no_tax
Hanging Rock,Credit Factor,2022,-,,,0,not_member_or_no_tax
Hanging Rock,Credit Factor,2023,-,,,0,not_member_or_no_tax
Hanging Rock,Credit Factor,2024,-,,,0,not_member_or_no_tax
Hanging Rock,Credit Factor,2025,-,0.0,0.0,0,dash_zero_inferred
Hanging Rock,Credit Rate,2016,-,,,0,not_member_or_no_tax
Hanging Rock,Credit Rate,2017,-,,,0,not_member_or_no_tax
Hanging Rock,Credit Rate,2018,-,,,0,not_member_or_no_tax
Hanging Rock,Credit Rate,2019,-,,,0,not_member_or_no_tax
Hanging Rock,Credit Rate,2020,-,,,0,not_member_or_no_tax
Hanging Rock,Credit Rate,2021,-,,,0,not_member_or_no_tax
Hanging Rock,Credit Rate,2022,-,,,0,not_member_or_no_tax
Hanging Rock,Credit Rate,2023,-,,,0,not_member_or_no_tax
Hanging Rock,Credit Rate,2024,-,,,0,not_member_or_no_tax
Hanging Rock,Credit Rate,2025,-,0.0,0.0,0,dash_zero_inferred
Hanover,Tax Rate,2016,-,,,0,not_member_or_no_tax
Hanover,Tax Rate,2017,1.00,1.0,1.0,0,reported
Hanover,Tax Rate,2018,1.00,1.0,1.0,0,reported
Hanover,Tax Rate,2019,1.00,1.0,1.0,0,reported
Hanover,Tax Rate,2020,1.00,1.0,1.0,0,reported
Hanover,Tax Rate,2021,1.00,1.0,1.0,0,reported
Hanover,Tax Rate,2022,1.00,1.0,1.0,0,reported
Hanover,Tax Rate,2023,1.00,1.0,1.0,0,reported
Hanover,Tax Rate,2024,1.00,1.0,1.0,0,reported
Hanover,Tax Rate,2025,1.00,1.0,1.0,0,reported
Hanover,Credit Factor,2016,-,,,0,not_member_or_no_tax
Hanover,Credit Factor,2017,100,100.0,100.0,0,reported
Hanover,Credit Factor,2018,100,100.0,100.0,0,reported
Hanover,Credit Factor,2019,100,100.0,100.0,0,reported
Hanover,Credit Factor,2020,100,100.0,100.0,0,reported
Hanover,Credit Factor,2021,100,100.0,100.0,0,reported
Hanover,Credit Factor,2022,100,100.0,100.0,0,reported
Hanover,Credit Factor,2023,100,100.0,100.0,0,reported
Hanover,Credit Factor,2024,100,100.0,100.0,0,reported
Hanover,Credit Factor,2025,100,100.0,100.0,0,reported
Hanover,Credit Rate,2016,-,,,0,not_member_or_no_tax
Hanover,Credit Rate,2017,1.00,1.0,1.0,0,reported
Hanover,Credit Rate,2018,1.00,1.0,1.0,0,reported
Hanover,Credit Rate,2019,1.00,1.0,1.0,0,reported
Hanover,Credit Rate,2020,1.00,1.0,1.0,0,reported
Hanover,Credit Rate,2021,1.00,1.0,1.0,0,reported
Hanover,Credit Rate,2022,1.00,1.0,1.0,0,reported
Hanover,Credit Rate,2023,1.00,1.0,1.0,0,reported
Hanover,Credit Rate,2024,1.00,1.0,1.0,0,reported
Hanover,Credit Rate,2025,1.00,1.0,1.0,0,reported
Harrisburg,Tax Rate,2016,-,,,0,not_member_or_no_tax
Harrisburg,Tax Rate,2017,-,,,0,not_member_or_no_tax
Harrisburg,Tax Rate,2018,-,,,0,not_member_or_no_tax
Harrisburg,Tax Rate,2019,1.00,1.0,1.0,0,reported
Harrisburg,Tax Rate,2020,1.00,1.0,1.0,0,reported
Harrisburg,Tax Rate,2021,1.00,1.0,1.0,0,reported
Harrisburg,Tax Rate,2022,1.00,1.0,1.0,0,reported
Harrisburg,Tax Rate,2023,1.00,1.0,1.0,0,reported
Harrisburg,Tax Rate,2024,1.00,1.0,1.0,0,reported
Harrisburg,Tax Rate,2025,1.00,1.0,1.0,0,reported
Harrisburg,Credit Factor,2016,-,,,0,not_member_or_no_tax
Harrisburg,Credit Factor,2017,-,,,0,not_member_or_no_tax
Harrisburg,Credit Factor,2018,-,,,0,not_member_or_no_tax
Harrisburg,Credit Factor,2019,-,0.0,0.0,0,dash_zero_inferred
Harrisburg,Credit Factor,2020,-,0.0,0.0,0,dash_zero_inferred
Harrisburg,Credit Factor,2021,-,0.0,0.0,0,dash_zero_inferred
Harrisburg,Credit Factor,2022,-,0.0,0.0,0,dash_zero_inferred
Harrisburg,Credit Factor,2023,-,0.0,0.0,0,dash_zero_inferred
Harrisburg,Credit Factor,2024,-,0.0,0.0,0,dash_zero_inferred
Harrisburg,Credit Factor,2025,-,0.0,0.0,0,dash_zero_inferred
Harrisburg,Credit Rate,2016,-,,,0,not_member_or_no_tax
Harrisburg,Credit Rate,2017,-,,,0,not_member_or_no_tax
Harrisburg,Credit Rate,2018,-,,,0,not_member_or_no_tax
Harrisburg,Credit Rate,2019,-,0.0,0.0,0,dash_zero_inferred
Harrisburg,Credit Rate,2020,-,0.0,0.0,0,dash_zero_inferred
Harrisburg,Credit Rate,2021,-,0.0,0.0,0,dash_zero_inferred
Harrisburg,Credit Rate,2022,-,0.0,0.0,0,dash_zero_inferred
Harrisburg,Credit Rate,2023,-,0.0,0.0,0,dash_zero_inferred
Harrisburg,Credit Rate,2024,-,0.0,0.0,0,dash_zero_inferred
Harrisburg,Credit Rate,2025,-,0.0,0.0,0,dash_zero_inferred
Harrison,Tax Rate,2016,1.00,1.0,1.0,0,reported
Harrison,Tax Rate,2017,1.00,1.0,1.0,0,reported
Harrison,Tax Rate,2018,1.00,1.0,1.0,0,reported
Harrison,Tax Rate,2019,1.00,1.0,1.0,0,reported
Harrison,Tax Rate,2020,1.00,1.0,1.0,0,reported
Harrison,Tax Rate,2021,1.00,1.0,1.0,0,reported
Harrison,Tax Rate,2022,1.00,1.0,1.0,0,reported
Harrison,Tax Rate,2023,1.00,1.0,1.0,0,reported
Harrison,Tax Rate,2024,1.00,1.0,1.0,0,reported
Harrison,Tax Rate,2025,1.00,1.0,1.0,0,reported
Harrison,Credit Factor,2016,100,100.0,100.0,0,reported
Harrison,Credit Factor,2017,100,100.0,100.0,0,reported
Harrison,Credit Factor,2018,100,100.0,100.0,0,reported
Harrison,Credit Factor,2019,100,100.0,100.0,0,reported
Harrison,Credit Factor,2020,100,100.0,100.0,0,reported
Harrison,Credit Factor,2021,100,100.0,100.0,0,reported
Harrison,Credit Factor,2022,100,100.0,100.0,0,reported
Harrison,Credit Factor,2023,100,100.0,100.0,0,reported
Harrison,Credit Factor,2024,100,100.0,100.0,0,reported
Harrison,Credit Factor,2025,-,0.0,0.0,0,dash_zero_inferred
Harrison,Credit Rate,2016,1.00,1.0,1.0,0,reported
Harrison,Credit Rate,2017,1.00,1.0,1.0,0,reported
Harrison,Credit Rate,2018,1.00,1.0,1.0,0,reported
Harrison,Credit Rate,2019,1.00,1.0,1.0,0,reported
Harrison,Credit Rate,2020,1.00,1.0,1.0,0,reported
Harrison,Credit Rate,2021,1.00,1.0,1.0,0,reported
Harrison,Credit Rate,2022,1.00,1.0,1.0,0,reported
Harrison,Credit Rate,2023,1.00,1.0,1.0,0,reported
Harrison,Credit Rate,2024,0.50,0.5,0.5,0,reported
Harrison,Credit Rate,2025,-,0.0,0.0,0,dash_zero_inferred
Harrison Twp Jedd,Tax Rate,2016,1.00,1.0,1.0,0,reported
Harrison Twp Jedd,Tax Rate,2017,1.00,1.0,1.0,0,reported
Harrison Twp Jedd,Tax Rate,2018,1.00,1.0,1.0,0,reported
Harrison Twp Jedd,Tax Rate,2019,1.00,1.0,1.0,0,reported
Harrison Twp Jedd,Tax Rate,2020,1.00,1.0,1.0,0,reported
Harrison Twp Jedd,Tax Rate,2021,1.00,1.0,1.0,0,reported
Harrison Twp Jedd,Tax Rate,2022,1.00,1.0,1.0,0,reported
Harrison Twp Jedd,Tax Rate,2023,1.00,1.0,1.0,0,reported
Harrison Twp Jedd,Tax Rate,2024,1.00,1.0,1.0,0,reported
Harrison Twp Jedd,Tax Rate,2025,1.00,1.0,1.0,0,reported
Harrison Twp Jedd,Credit Factor,2016,,,,0,absent
Harrison Twp Jedd,Credit Factor,2017,,,,0,absent
Harrison Twp Jedd,Credit Factor,2018,,,,0,absent
Harrison Twp Jedd,Credit Factor,2019,,,,0,absent
Harrison Twp Jedd,Credit Factor,2020,,,,0,absent
Harrison Twp Jedd,Credit Factor,2021,,,,0,absent
Harrison Twp Jedd,Credit Factor,2022,,,,0,absent
Harrison Twp Jedd,Credit Factor,2023,,,,0,absent
Harrison Twp Jedd,Credit Factor,2024,,,,0,absent
Harrison Twp Jedd,Credit Factor,2025,,,,0,absent
Harrison Twp Jedd,Credit Rate,2016,,,,0,absent
Harrison Twp Jedd,Credit Rate,2017,,,,0,absent
Harrison Twp Jedd,Credit Rate,2018,,,,0,absent
Harrison Twp Jedd,Credit Rate,2019,,,,0,absent
Harrison Twp Jedd,Credit Rate,2020,,,,0,absent
Harrison Twp Jedd,Credit Rate,2021,,,,0,absent
Harrison Twp Jedd,Credit Rate,2022,,,,0,absent
Harrison Twp Jedd,Credit Rate,2023,,,,0,absent
Harrison Twp Jedd,Credit Rate,2024,,,,0,absent
Harrison Twp Jedd,Credit Rate,2025,,,,0,absent
Harrod,Tax Rate,2016,1.00,1.0,1.0,0,reported
Harrod,Tax Rate,2017,1.00,1.0,1.0,0,reported
Harrod,Tax Rate,2018,1.00,1.0,1.0,0,reported
Harrod,Tax Rate,2019,1.00,1.0,1.0,0,reported
Harrod,Tax Rate,2020,1.00,1.0,1.0,0,reported
Harrod,Tax Rate,2021,1.00,1.0,1.0,0,reported
Harrod,Tax Rate,2022,1.00,1.0,1.0,0,reported
Harrod,Tax Rate,2023,1.00,1.0,1.0,0,reported
Harrod,Tax Rate,2024,1.00,1.0,1.0,0,reported
Harrod,Tax Rate,2025,1.00,1.0,1.0,0,reported
Harrod,Credit Factor,2016,-,0.0,0.0,0,dash_zero_inferred
Harrod,Credit Factor,2017,-,0.0,0.0,0,dash_zero_inferred
Harrod,Credit Factor,2018,-,0.0,0.0,0,dash_zero_inferred
Harrod,Credit Factor,2019,-,0.0,0.0,0,dash_zero_inferred
Harrod,Credit Factor,2020,-,0.0,0.0,0,dash_zero_inferred
Harrod,Credit Factor,2021,-,0.0,0.0,0,dash_zero_inferred
Harrod,Credit Factor,2022,-,0.0,0.0,0,dash_zero_inferred
Harrod,Credit Factor,2023,-,0.0,0.0,0,dash_zero_inferred
Harrod,Credit Factor,2024,-,0.0,0.0,0,dash_zero_inferred
Harrod,Credit Factor,2025,-,0.0,0.0,0,dash_zero_inferred
Harrod,Credit Rate,2016,-,0.0,0.0,0,dash_zero_inferred
Harrod,Credit Rate,2017,-,0.0,0.0,0,dash_zero_inferred
Harrod,Credit Rate,2018,-,0.0,0.0,0,dash_zero_inferred
Harrod,Credit Rate,2019,-,0.0,0.0,0,dash_zero_inferred
Harrod,Credit Rate,2020,-,0.0,0.0,0,dash_zero_inferred
Harrod,Credit Rate,2021,-,0.0,0.0,0,dash_zero_inferred
Harrod,Credit Rate,2022,-,0.0,0.0,0,dash_zero_inferred
Harrod,Credit Rate,2023,-,0.0,0.0,0,dash_zero_inferred
Harrod,Credit Rate,2024,-,0.0,0.0,0,dash_zero_inferred
Harrod,Credit Rate,2025,-,0.0,0.0,0,dash_zero_inferred
Haskins,Tax Rate,2016,1.00,1.0,1.0,0,reported
Haskins,Tax Rate,2017,1.00,1.0,1.0,0,reported
Haskins,Tax Rate,2018,1.00,1.0,1.0,0,reported
Haskins,Tax Rate,2019,1.00,1.0,1.0,0,reported
Haskins,Tax Rate,2020,1.00,1.0,1.0,0,reported
Haskins,Tax Rate,2021,1.00,1.0,1.0,0,reported
Haskins,Tax Rate,2022,1.00,1.0,1.0,0,reported
Haskins,Tax Rate,2023,1.00,1.0,1.0,0,reported
Haskins,Tax Rate,2024,1.00,1.0,1.0,0,reported
Haskins,Tax Rate,2025,1.00,1.0,1.0,0,reported
Haskins,Credit Factor,2016,50,50.0,50.0,0,reported
Haskins,Credit Factor,2017,50,50.0,50.0,0,reported
Haskins,Credit Factor,2018,50,50.0,50.0,0,reported
Haskins,Credit Factor,2019,50,50.0,50.0,0,reported
Haskins,Credit Factor,2020,50,50.0,50.0,0,reported
Haskins,Credit Factor,2021,50,50.0,50.0,0,reported
Haskins,Credit Factor,2022,50,50.0,50.0,0,reported
Haskins,Credit Factor,2023,50,50.0,50.0,0,reported
Haskins,Credit Factor,2024,50,50.0,50.0,0,reported
Haskins,Credit Factor,2025,50,50.0,50.0,0,reported
Haskins,Credit Rate,2016,1.00,1.0,1.0,0,reported
Haskins,Credit Rate,2017,1.00,1.0,1.0,0,reported
Haskins,Credit Rate,2018,1.00,1.0,1.0,0,reported
Haskins,Credit Rate,2019,1.00,1.0,1.0,0,reported
Haskins,Credit Rate,2020,1.00,1.0,1.0,0,reported
Haskins,Credit Rate,2021,1.00,1.0,1.0,0,reported
Haskins,Credit Rate,2022,1.00,1.0,1.0,0,reported
Haskins,Credit Rate,2023,1.00,1.0,1.0,0,reported
Haskins,Credit Rate,2024,1.00,1.0,1.0,0,reported
Haskins,Credit Rate,2025,1.00,1.0,1.0,0,reported
Helena,Tax Rate,2016,-,,,0,not_member_or_no_tax
Helena,Tax Rate,2017,-,,,0,not_member_or_no_tax
Helena,Tax Rate,2018,-,,,0,not_member_or_no_tax
Helena,Tax Rate,2019,-,,,0,not_member_or_no_tax
Helena,Tax Rate,2020,-,,,0,not_member_or_no_tax
Helena,Tax Rate,2021,1.00,1.0,1.0,0,reported
Helena,Tax Rate,2022,1.00,1.0,1.0,0,reported
Helena,Tax Rate,2023,1.00,1.0,1.0,0,reported
Helena,Tax Rate,2024,1.00,1.0,1.0,0,reported
Helena,Tax Rate,2025,1.00,1.0,1.0,0,reported
Helena,Credit Factor,2016,-,,,0,not_member_or_no_tax
Helena,Credit Factor,2017,-,,,0,not_member_or_no_tax
Helena,Credit Factor,2018,-,,,0,not_member_or_no_tax
Helena,Credit Factor,2019,-,,,0,not_member_or_no_tax
Helena,Credit Factor,2020,-,,,0,not_member_or_no_tax
Helena,Credit Factor,2021,-,0.0,0.0,0,dash_zero_inferred
Helena,Credit Factor,2022,-,0.0,0.0,0,dash_zero_inferred
Helena,Credit Factor,2023,-,0.0,0.0,0,dash_zero_inferred
Helena,Credit Factor,2024,-,0.0,0.0,0,dash_zero_inferred
Helena,Credit Factor,2025,-,0.0,0.0,0,dash_zero_inferred
Helena,Credit Rate,2016,-,,,0,not_member_or_no_tax
Helena,Credit Rate,2017,-,,,0,not_member_or_no_tax
Helena,Credit Rate,2018,-,,,0,not_member_or_no_tax
Helena,Credit Rate,2019,-,,,0,not_member_or_no_tax
Helena,Credit Rate,2020,-,,,0,not_member_or_no_tax
Helena,Credit Rate,2021,-,0.0,0.0,0,dash_zero_inferred
Helena,Credit Rate,2022,-,0.0,0.0,0,dash_zero_inferred
Helena,Credit Rate,2023,-,0.0,0.0,0,dash_zero_inferred
Helena,Credit Rate,2024,-,0.0,0.0,0,dash_zero_inferred
Helena,Credit Rate,2025,-,0.0,0.0,0,dash_zero_inferred
Highland Heights,Tax Rate,2016,2.00,2.0,2.0,0,reported
Highland Heights,Tax Rate,2017,2.00,2.0,2.0,0,reported
Highland Heights,Tax Rate,2018,2.00,2.0,2.0,0,reported
Highland Heights,Tax Rate,2019,2.00,2.0,2.0,0,reported
Highland Heights,Tax Rate,2020,2.00,2.0,2.0,0,reported
Highland Heights,Tax Rate,2021,2.00,2.0,2.0,0,reported
Highland Heights,Tax Rate,2022,2.00,2.0,2.0,0,reported
Highland Heights,Tax Rate,2023,2.00,2.0,2.0,0,reported
Highland Heights,Tax Rate,2024,2.00,2.0,2.0,0,reported
Highland Heights,Tax Rate,2025,2.00,2.0,2.0,0,reported
Highland Heights,Credit Factor,2016,100,100.0,100.0,0,reported
Highland Heights,Credit Factor,2017,100,100.0,100.0,0,reported
Highland Heights,Credit Factor,2018,100,100.0,100.0,0,reported
Highland Heights,Credit Factor,2019,100,100.0,100.0,0,reported
Highland Heights,Credit Factor,2020,100,100.0,100.0,0,reported
Highland Heights,Credit Factor,2021,100,100.0,100.0,0,reported
Highland Heights,Credit Factor,2022,100,100.0,100.0,0,reported
Highland Heights,Credit Factor,2023,100,100.0,100.0,0,reported
Highland Heights,Credit Factor,2024,100,100.0,100.0,0,reported
Highland Heights,Credit Factor,2025,100,100.0,100.0,0,reported
Highland Heights,Credit Rate,2016,2.00,2.0,2.0,0,reported
Highland Heights,Credit Rate,2017,2.00,2.0,2.0,0,reported
Highland Heights,Credit Rate,2018,2.00,2.0,2.0,0,reported
Highland Heights,Credit Rate,2019,2.00,2.0,2.0,0,reported
Highland Heights,Credit Rate,2020,2.00,2.0,2.0,0,reported
Highland Heights,Credit Rate,2021,2.00,2.0,2.0,0,reported
Highland Heights,Credit Rate,2022,2.00,2.0,2.0,0,reported
Highland Heights,Credit Rate,2023,2.00,2.0,2.0,0,reported
Highland Heights,Credit Rate,2024,2.00,2.0,2.0,0,reported
Highland Heights,Credit Rate,2025,2.00,2.0,2.0,0,reported
Hilliard,Tax Rate,2016,2.00,2.0,2.0,0,reported
Hilliard,Tax Rate,2017,2.00,2.0,2.0,0,reported
Hilliard,Tax Rate,2018,2.00,2.0,2.0,0,reported
Hilliard,Tax Rate,2019,2.00,2.0,2.0,0,reported
Hilliard,Tax Rate,2020,2.00,2.0,2.0,0,reported
Hilliard,Tax Rate,2021,2.00,2.0,2.0,0,reported
Hilliard,Tax Rate,2022,2.50,2.5,2.5,0,reported
Hilliard,Tax Rate,2023,2.50,2.5,2.5,0,reported
Hilliard,Tax Rate,2024,2.50,2.5,2.5,0,reported
Hilliard,Tax Rate,2025,2.50,2.5,2.5,0,reported
Hilliard,Credit Factor,2016,100,100.0,100.0,0,reported
Hilliard,Credit Factor,2017,100,100.0,100.0,0,reported
Hilliard,Credit Factor,2018,100,100.0,100.0,0,reported
Hilliard,Credit Factor,2019,100,100.0,100.0,0,reported
Hilliard,Credit Factor,2020,100,100.0,100.0,0,reported
Hilliard,Credit Factor,2021,100,100.0,100.0,0,reported
Hilliard,Credit Factor,2022,100,100.0,100.0,0,reported
Hilliard,Credit Factor,2023,100,100.0,100.0,0,reported
Hilliard,Credit Factor,2024,100,100.0,100.0,0,reported
Hilliard,Credit Factor,2025,100,100.0,100.0,0,reported
Hilliard,Credit Rate,2016,2.00,2.0,2.0,0,reported
Hilliard,Credit Rate,2017,2.00,2.0,2.0,0,reported
Hilliard,Credit Rate,2018,2.00,2.0,2.0,0,reported
Hilliard,Credit Rate,2019,2.00,2.0,2.0,0,reported
Hilliard,Credit Rate,2020,2.00,2.0,2.0,0,reported
Hilliard,Credit Rate,2021,2.00,2.0,2.0,0,reported
Hilliard,Credit Rate,2022,2.50,2.5,2.5,0,reported
Hilliard,Credit Rate,2023,2.50,2.5,2.5,0,reported
Hilliard,Credit Rate,2024,2.50,2.5,2.5,0,reported
Hilliard,Credit Rate,2025,2.50,2.5,2.5,0,reported
Hiram,Tax Rate,2016,2.00,2.0,2.0,0,reported
Hiram,Tax Rate,2017,2.00,2.0,2.0,0,reported
Hiram,Tax Rate,2018,2.25/2.00,2.25,2.0,1,split_new_first
Hiram,Tax Rate,2019,2.25,2.25,2.25,0,reported
Hiram,Tax Rate,2020,2.25,2.25,2.25,0,reported
Hiram,Tax Rate,2021,2.25,2.25,2.25,0,reported
Hiram,Tax Rate,2022,2.25,2.25,2.25,0,reported
Hiram,Tax Rate,2023,2.25,2.25,2.25,0,reported
Hiram,Tax Rate,2024,2.25,2.25,2.25,0,reported
Hiram,Tax Rate,2025,2.25,2.25,2.25,0,reported
Hiram,Credit Factor,2016,100,100.0,100.0,0,reported
Hiram,Credit Factor,2017,100,100.0,100.0,0,reported
Hiram,Credit Factor,2018,100,100.0,100.0,0,reported
Hiram,Credit Factor,2019,100,100.0,100.0,0,reported
Hiram,Credit Factor,2020,100,100.0,100.0,0,reported
Hiram,Credit Factor,2021,100,100.0,100.0,0,reported
Hiram,Credit Factor,2022,100,100.0,100.0,0,reported
Hiram,Credit Factor,2023,100,100.0,100.0,0,reported
Hiram,Credit Factor,2024,100,100.0,100.0,0,reported
Hiram,Credit Factor,2025,100,100.0,100.0,0,reported
Hiram,Credit Rate,2016,2.00,2.0,2.0,0,reported
Hiram,Credit Rate,2017,2.00,2.0,2.0,0,reported
Hiram,Credit Rate,2018,2.25/2.00,2.25,2.0,1,split_new_first
Hiram,Credit Rate,2019,2.25,2.25,2.25,0,reported
Hiram,Credit Rate,2020,2.25,2.25,2.25,0,reported
Hiram,Credit Rate,2021,2.25,2.25,2.25,0,reported
Hiram,Credit Rate,2022,2.25,2.25,2.25,0,reported
Hiram,Credit Rate,2023,1.25,1.25,1.25,0,reported
Hiram,Credit Rate,2024,1.25,1.25,1.25,0,reported
Hiram,Credit Rate,2025,1.25,1.25,1.25,0,reported
Holland,Tax Rate,2016,2.25,2.25,2.25,0,reported
Holland,Tax Rate,2017,2.25,2.25,2.25,0,reported
Holland,Tax Rate,2018,2.25,2.25,2.25,0,reported
Holland,Tax Rate,2019,2.25,2.25,2.25,0,reported
Holland,Tax Rate,2020,2.25,2.25,2.25,0,reported
Holland,Tax Rate,2021,2.25,2.25,2.25,0,reported
Holland,Tax Rate,2022,2.25,2.25,2.25,0,reported
Holland,Tax Rate,2023,2.25,2.25,2.25,0,reported
Holland,Tax Rate,2024,2.25,2.25,2.25,0,reported
Holland,Tax Rate,2025,2.25,2.25,2.25,0,reported
Holland,Credit Factor,2016,100,100.0,100.0,0,reported
Holland,Credit Factor,2017,100,100.0,100.0,0,reported
Holland,Credit Factor,2018,100,100.0,100.0,0,reported
Holland,Credit Factor,2019,100,100.0,100.0,0,reported
Holland,Credit Factor,2020,100,100.0,100.0,0,reported
Holland,Credit Factor,2021,100,100.0,100.0,0,reported
Holland,Credit Factor,2022,100,100.0,100.0,0,reported
Holland,Credit Factor,2023,100,100.0,100.0,0,reported
Holland,Credit Factor,2024,100,100.0,100.0,0,reported
Holland,Credit Factor,2025,100,100.0,100.0,0,reported
Holland,Credit Rate,2016,2.25,2.25,2.25,0,reported
Holland,Credit Rate,2017,2.25,2.25,2.25,0,reported
Holland,Credit Rate,2018,2.25,2.25,2.25,0,reported
Holland,Credit Rate,2019,2.25,2.25,2.25,0,reported
Holland,Credit Rate,2020,2.25,2.25,2.25,0,reported
Holland,Credit Rate,2021,2.25,2.25,2.25,0,reported
Holland,Credit Rate,2022,2.25,2.25,2.25,0,reported
Holland,Credit Rate,2023,2.25,2.25,2.25,0,reported
Holland,Credit Rate,2024,2.25,2.25,2.25,0,reported
Holland,Credit Rate,2025,2.25,2.25,2.25,0,reported
Holland Springfield Twp Jedd,Tax Rate,2016,1.50,1.5,1.5,0,reported
Holland Springfield Twp Jedd,Tax Rate,2017,1.50,1.5,1.5,0,reported
Holland Springfield Twp Jedd,Tax Rate,2018,1.50,1.5,1.5,0,reported
Holland Springfield Twp Jedd,Tax Rate,2019,1.50,1.5,1.5,0,reported
Holland Springfield Twp Jedd,Tax Rate,2020,1.50,1.5,1.5,0,reported
Holland Springfield Twp Jedd,Tax Rate,2021,1.50,1.5,1.5,0,reported
Holland Springfield Twp Jedd,Tax Rate,2022,1.50,1.5,1.5,0,reported
Holland Springfield Twp Jedd,Tax Rate,2023,1.50,1.5,1.5,0,reported
Holland Springfield Twp Jedd,Tax Rate,2024,1.50,1.5,1.5,0,reported
Holland Springfield Twp Jedd,Tax Rate,2025,1.50,1.5,1.5,0,reported
Holland Springfield Twp Jedd,Credit Factor,2016,,,,0,absent
Holland Springfield Twp Jedd,Credit Factor,2017,,,,0,absent
Holland Springfield Twp Jedd,Credit Factor,2018,,,,0,absent
Holland Springfield Twp Jedd,Credit Factor,2019,,,,0,absent
Holland Springfield Twp Jedd,Credit Factor,2020,,,,0,absent
Holland Springfield Twp Jedd,Credit Factor,2021,,,,0,absent
Holland Springfield Twp Jedd,Credit Factor,2022,,,,0,absent
Holland Springfield Twp Jedd,Credit Factor,2023,,,,0,absent
Holland Springfield Twp Jedd,Credit Factor,2024,,,,0,absent
Holland Springfield Twp Jedd,Credit Factor,2025,,,,0,absent
Holland Springfield Twp Jedd,Credit Rate,2016,,,,0,absent
Holland Springfield Twp Jedd,Credit Rate,2017,,,,0,absent
Holland Springfield Twp Jedd,Credit Rate,2018,,,,0,absent
Holland Springfield Twp Jedd,Credit Rate,2019,,,,0,absent
Holland Springfield Twp Jedd,Credit Rate,2020,,,,0,absent
Holland Springfield Twp Jedd,Credit Rate,2021,,,,0,absent
Holland Springfield Twp Jedd,Credit Rate,2022,,,,0,absent
Holland Springfield Twp Jedd,Credit Rate,2023,,,,0,absent
Holland Springfield Twp Jedd,Credit Rate,2024,,,,0,absent
Holland Springfield Twp Jedd,Credit Rate,2025,,,,0,absent
Holmesville,Tax Rate,2016,-,,,0,not_member_or_no_tax
Holmesville,Tax Rate,2017,-,,,0,not_member_or_no_tax
Holmesville,Tax Rate,2018,-,,,0,not_member_or_no_tax
Holmesville,Tax Rate,2019,-,,,0,not_member_or_no_tax
Holmesville,Tax Rate,2020,-,,,0,not_member_or_no_tax
Holmesville,Tax Rate,2021,-,,,0,not_member_or_no_tax
Holmesville,Tax Rate,2022,-,,,0,not_member_or_no_tax
Holmesville,Tax Rate,2023,-,,,0,not_member_or_no_tax
Holmesville,Tax Rate,2024,1.00/-,1.0,0.0,1,split_new_first_partial
Holmesville,Tax Rate,2025,1.00/-,,,1,split_unresolved
Holmesville,Credit Factor,2016,-,,,0,not_member_or_no_tax
Holmesville,Credit Factor,2017,-,,,0,not_member_or_no_tax
Holmesville,Credit Factor,2018,-,,,0,not_member_or_no_tax
Holmesville,Credit Factor,2019,-,,,0,not_member_or_no_tax
Holmesville,Credit Factor,2020,-,,,0,not_member_or_no_tax
Holmesville,Credit Factor,2021,-,,,0,not_member_or_no_tax
Holmesville,Credit Factor,2022,-,,,0,not_member_or_no_tax
Holmesville,Credit Factor,2023,-,,,0,not_member_or_no_tax
Holmesville,Credit Factor,2024,-,0.0,0.0,0,dash_zero_inferred
Holmesville,Credit Factor,2025,-,0.0,0.0,0,dash_zero_inferred
Holmesville,Credit Rate,2016,-,,,0,not_member_or_no_tax
Holmesville,Credit Rate,2017,-,,,0,not_member_or_no_tax
Holmesville,Credit Rate,2018,-,,,0,not_member_or_no_tax
Holmesville,Credit Rate,2019,-,,,0,not_member_or_no_tax
Holmesville,Credit Rate,2020,-,,,0,not_member_or_no_tax
Holmesville,Credit Rate,2021,-,,,0,not_member_or_no_tax
Holmesville,Credit Rate,2022,-,,,0,not_member_or_no_tax
Holmesville,Credit Rate,2023,-,,,0,not_member_or_no_tax
Holmesville,Credit Rate,2024,-,0.0,0.0,0,dash_zero_inferred
Holmesville,Credit Rate,2025,-,0.0,0.0,0,dash_zero_inferred
Hopedale,Tax Rate,2016,1.00,1.0,1.0,0,reported
Hopedale,Tax Rate,2017,1.00,1.0,1.0,0,reported
Hopedale,Tax Rate,2018,1.00,1.0,1.0,0,reported
Hopedale,Tax Rate,2019,1.00,1.0,1.0,0,reported
Hopedale,Tax Rate,2020,1.00,1.0,1.0,0,reported
Hopedale,Tax Rate,2021,1.00,1.0,1.0,0,reported
Hopedale,Tax Rate,2022,1.00,1.0,1.0,0,reported
Hopedale,Tax Rate,2023,1.00,1.0,1.0,0,reported
Hopedale,Tax Rate,2024,1.00,1.0,1.0,0,reported
Hopedale,Tax Rate,2025,1.00,1.0,1.0,0,reported
Hopedale,Credit Factor,2016,100,100.0,100.0,0,reported
Hopedale,Credit Factor,2017,100,100.0,100.0,0,reported
Hopedale,Credit Factor,2018,100,100.0,100.0,0,reported
Hopedale,Credit Factor,2019,100,100.0,100.0,0,reported
Hopedale,Credit Factor,2020,100,100.0,100.0,0,reported
Hopedale,Credit Factor,2021,100,100.0,100.0,0,reported
Hopedale,Credit Factor,2022,100,100.0,100.0,0,reported
Hopedale,Credit Factor,2023,100,100.0,100.0,0,reported
Hopedale,Credit Factor,2024,100,100.0,100.0,0,reported
Hopedale,Credit Factor,2025,100,100.0,100.0,0,reported
Hopedale,Credit Rate,2016,1.00,1.0,1.0,0,reported
Hopedale,Credit Rate,2017,1.00,1.0,1.0,0,reported
Hopedale,Credit Rate,2018,1.00,1.0,1.0,0,reported
Hopedale,Credit Rate,2019,1.00,1.0,1.0,0,reported
Hopedale,Credit Rate,2020,1.00,1.0,1.0,0,reported
Hopedale,Credit Rate,2021,1.00,1.0,1.0,0,reported
Hopedale,Credit Rate,2022,1.00,1.0,1.0,0,reported
Hopedale,Credit Rate,2023,1.00,1.0,1.0,0,reported
Hopedale,Credit Rate,2024,1.00,1.0,1.0,0,reported
Hopedale,Credit Rate,2025,1.00,1.0,1.0,0,reported
Hudson,Tax Rate,2016,2.00,2.0,2.0,0,reported
Hudson,Tax Rate,2017,2.00,2.0,2.0,0,reported
Hudson,Tax Rate,2018,2.00,2.0,2.0,0,reported
Hudson,Tax Rate,2019,2.00,2.0,2.0,0,reported
Hudson,Tax Rate,2020,2.00,2.0,2.0,0,reported
Hudson,Tax Rate,2021,2.00,2.0,2.0,0,reported
Hudson,Tax Rate,2022,2.00,2.0,2.0,0,reported
Hudson,Tax Rate,2023,2.00,2.0,2.0,0,reported
Hudson,Tax Rate,2024,2.00,2.0,2.0,0,reported
Hudson,Tax Rate,2025,2.00,2.0,2.0,0,reported
Hudson,Credit Factor,2016,100,100.0,100.0,0,reported
Hudson,Credit Factor,2017,100,100.0,100.0,0,reported
Hudson,Credit Factor,2018,100,100.0,100.0,0,reported
Hudson,Credit Factor,2019,100,100.0,100.0,0,reported
Hudson,Credit Factor,2020,100,100.0,100.0,0,reported
Hudson,Credit Factor,2021,100,100.0,100.0,0,reported
Hudson,Credit Factor,2022,100,100.0,100.0,0,reported
Hudson,Credit Factor,2023,100,100.0,100.0,0,reported
Hudson,Credit Factor,2024,100,100.0,100.0,0,reported
Hudson,Credit Factor,2025,100,100.0,100.0,0,reported
Hudson,Credit Rate,2016,2.00,2.0,2.0,0,reported
Hudson,Credit Rate,2017,2.00,2.0,2.0,0,reported
Hudson,Credit Rate,2018,2.00,2.0,2.0,0,reported
Hudson,Credit Rate,2019,2.00,2.0,2.0,0,reported
Hudson,Credit Rate,2020,2.00,2.0,2.0,0,reported
Hudson,Credit Rate,2021,2.00,2.0,2.0,0,reported
Hudson,Credit Rate,2022,2.00,2.0,2.0,0,reported
Hudson,Credit Rate,2023,2.00,2.0,2.0,0,reported
Hudson,Credit Rate,2024,2.00,2.0,2.0,0,reported
Hudson,Credit Rate,2025,2.00,2.0,2.0,0,reported
Huron,Tax Rate,2016,1.00,1.0,1.0,0,reported
Huron,Tax Rate,2017,1.00,1.0,1.0,0,reported
Huron,Tax Rate,2018,1.00,1.0,1.0,0,reported
Huron,Tax Rate,2019,1.00,1.0,1.0,0,reported
Huron,Tax Rate,2020,1.00,1.0,1.0,0,reported
Huron,Tax Rate,2021,1.00,1.0,1.0,0,reported
Huron,Tax Rate,2022,1.00,1.0,1.0,0,reported
Huron,Tax Rate,2023,1.00,1.0,1.0,0,reported
Huron,Tax Rate,2024,1.00,1.0,1.0,0,reported
Huron,Tax Rate,2025,1.00,1.0,1.0,0,reported
Huron,Credit Factor,2016,-,0.0,0.0,0,dash_zero_inferred
Huron,Credit Factor,2017,-,0.0,0.0,0,dash_zero_inferred
Huron,Credit Factor,2018,-,0.0,0.0,0,dash_zero_inferred
Huron,Credit Factor,2019,-,0.0,0.0,0,dash_zero_inferred
Huron,Credit Factor,2020,-,0.0,0.0,0,dash_zero_inferred
Huron,Credit Factor,2021,-,0.0,0.0,0,dash_zero_inferred
Huron,Credit Factor,2022,-,0.0,0.0,0,dash_zero_inferred
Huron,Credit Factor,2023,-,0.0,0.0,0,dash_zero_inferred
Huron,Credit Factor,2024,-,0.0,0.0,0,dash_zero_inferred
Huron,Credit Factor,2025,-,0.0,0.0,0,dash_zero_inferred
Huron,Credit Rate,2016,-,0.0,0.0,0,dash_zero_inferred
Huron,Credit Rate,2017,-,0.0,0.0,0,dash_zero_inferred
Huron,Credit Rate,2018,-,0.0,0.0,0,dash_zero_inferred
Huron,Credit Rate,2019,-,0.0,0.0,0,dash_zero_inferred
Huron,Credit Rate,2020,-,0.0,0.0,0,dash_zero_inferred
Huron,Credit Rate,2021,-,0.0,0.0,0,dash_zero_inferred
Huron,Credit Rate,2022,-,0.0,0.0,0,dash_zero_inferred
Huron,Credit Rate,2023,-,0.0,0.0,0,dash_zero_inferred
Huron,Credit Rate,2024,-,0.0,0.0,0,dash_zero_inferred
Huron,Credit Rate,2025,-,0.0,0.0,0,dash_zero_inferred
Independence,Tax Rate,2016,2.00,2.0,2.0,0,reported
Independence,Tax Rate,2017,2.00,2.0,2.0,0,reported
Independence,Tax Rate,2018,2.00,2.0,2.0,0,reported
Independence,Tax Rate,2019,2.00,2.0,2.0,0,reported
Independence,Tax Rate,2020,2.00,2.0,2.0,0,reported
Independence,Tax Rate,2021,2.00,2.0,2.0,0,reported
Independence,Tax Rate,2022,2.00,2.0,2.0,0,reported
Independence,Tax Rate,2023,2.00,2.0,2.0,0,reported
Independence,Tax Rate,2024,2.00,2.0,2.0,0,reported
Independence,Tax Rate,2025,2.00,2.0,2.0,0,reported
Independence,Credit Factor,2016,100,100.0,100.0,0,reported
Independence,Credit Factor,2017,100,100.0,100.0,0,reported
Independence,Credit Factor,2018,100,100.0,100.0,0,reported
Independence,Credit Factor,2019,100,100.0,100.0,0,reported
Independence,Credit Factor,2020,100,100.0,100.0,0,reported
Independence,Credit Factor,2021,100,100.0,100.0,0,reported
Independence,Credit Factor,2022,100,100.0,100.0,0,reported
Independence,Credit Factor,2023,100,100.0,100.0,0,reported
Independence,Credit Factor,2024,100,100.0,100.0,0,reported
Independence,Credit Factor,2025,100,100.0,100.0,0,reported
Independence,Credit Rate,2016,2.00,2.0,2.0,0,reported
Independence,Credit Rate,2017,2.00,2.0,2.0,0,reported
Independence,Credit Rate,2018,2.00,2.0,2.0,0,reported
Independence,Credit Rate,2019,2.00,2.0,2.0,0,reported
Independence,Credit Rate,2020,2.00,2.0,2.0,0,reported
Independence,Credit Rate,2021,2.00,2.0,2.0,0,reported
Independence,Credit Rate,2022,2.00,2.0,2.0,0,reported
Independence,Credit Rate,2023,2.00,2.0,2.0,0,reported
Independence,Credit Rate,2024,2.00,2.0,2.0,0,reported
Independence,Credit Rate,2025,2.00,2.0,2.0,0,reported
Jackson,Tax Rate,2016,-,,,0,not_member_or_no_tax
Jackson,Tax Rate,2017,-,,,0,not_member_or_no_tax
Jackson,Tax Rate,2018,-/1.00/-,,,1,split_multi_unresolved
Jackson,Tax Rate,2019,-,,,0,not_member_or_no_tax
Jackson,Tax Rate,2020,-,,,0,not_member_or_no_tax
Jackson,Tax Rate,2021,1.50,1.5,1.5,0,reported
Jackson,Tax Rate,2022,1.50,1.5,1.5,0,reported
Jackson,Tax Rate,2023,1.50,1.5,1.5,0,reported
Jackson,Tax Rate,2024,1.50,1.5,1.5,0,reported
Jackson,Tax Rate,2025,1.50,1.5,1.5,0,reported
Jackson,Credit Factor,2016,-,,,0,not_member_or_no_tax
Jackson,Credit Factor,2017,-,,,0,not_member_or_no_tax
Jackson,Credit Factor,2018,-/1.00/-,,,1,split_multi_unresolved
Jackson,Credit Factor,2019,-,,,0,not_member_or_no_tax
Jackson,Credit Factor,2020,-,,,0,not_member_or_no_tax
Jackson,Credit Factor,2021,100,100.0,100.0,0,reported
Jackson,Credit Factor,2022,100,100.0,100.0,0,reported
Jackson,Credit Factor,2023,100,100.0,100.0,0,reported
Jackson,Credit Factor,2024,100,100.0,100.0,0,reported
Jackson,Credit Factor,2025,100,100.0,100.0,0,reported
Jackson,Credit Rate,2016,-,,,0,not_member_or_no_tax
Jackson,Credit Rate,2017,-,,,0,not_member_or_no_tax
Jackson,Credit Rate,2018,-/1.00/-,,,1,split_multi_unresolved
Jackson,Credit Rate,2019,-,,,0,not_member_or_no_tax
Jackson,Credit Rate,2020,-,,,0,not_member_or_no_tax
Jackson,Credit Rate,2021,1.00,1.0,1.0,0,reported
Jackson,Credit Rate,2022,1.00,1.0,1.0,0,reported
Jackson,Credit Rate,2023,1.00,1.0,1.0,0,reported
Jackson,Credit Rate,2024,1.00,1.0,1.0,0,reported
Jackson,Credit Rate,2025,1.00,1.0,1.0,0,reported
Jackson Center,Tax Rate,2016,1.50,1.5,1.5,0,reported
Jackson Center,Tax Rate,2017,1.50,1.5,1.5,0,reported
Jackson Center,Tax Rate,2018,1.50,1.5,1.5,0,reported
Jackson Center,Tax Rate,2019,1.50,1.5,1.5,0,reported
Jackson Center,Tax Rate,2020,1.50,1.5,1.5,0,reported
Jackson Center,Tax Rate,2021,1.50,1.5,1.5,0,reported
Jackson Center,Tax Rate,2022,1.50,1.5,1.5,0,reported
Jackson Center,Tax Rate,2023,1.50,1.5,1.5,0,reported
Jackson Center,Tax Rate,2024,1.50,1.5,1.5,0,reported
Jackson Center,Tax Rate,2025,1.50,1.5,1.5,0,reported
Jackson Center,Credit Factor,2016,100,100.0,100.0,0,reported
Jackson Center,Credit Factor,2017,100,100.0,100.0,0,reported
Jackson Center,Credit Factor,2018,100,100.0,100.0,0,reported
Jackson Center,Credit Factor,2019,100,100.0,100.0,0,reported
Jackson Center,Credit Factor,2020,100,100.0,100.0,0,reported
Jackson Center,Credit Factor,2021,100,100.0,100.0,0,reported
Jackson Center,Credit Factor,2022,100,100.0,100.0,0,reported
Jackson Center,Credit Factor,2023,100,100.0,100.0,0,reported
Jackson Center,Credit Factor,2024,100,100.0,100.0,0,reported
Jackson Center,Credit Factor,2025,100,100.0,100.0,0,reported
Jackson Center,Credit Rate,2016,1.50,1.5,1.5,0,reported
Jackson Center,Credit Rate,2017,1.50,1.5,1.5,0,reported
Jackson Center,Credit Rate,2018,1.50,1.5,1.5,0,reported
Jackson Center,Credit Rate,2019,1.50,1.5,1.5,0,reported
Jackson Center,Credit Rate,2020,1.50,1.5,1.5,0,reported
Jackson Center,Credit Rate,2021,1.50,1.5,1.5,0,reported
Jackson Center,Credit Rate,2022,1.50,1.5,1.5,0,reported
Jackson Center,Credit Rate,2023,1.50,1.5,1.5,0,reported
Jackson Center,Credit Rate,2024,1.50,1.5,1.5,0,reported
Jackson Center,Credit Rate,2025,1.50,1.5,1.5,0,reported
Jeffersonville,Tax Rate,2016,1.00,1.0,1.0,0,reported
Jeffersonville,Tax Rate,2017,1.00,1.0,1.0,0,reported
Jeffersonville,Tax Rate,2018,1.00,1.0,1.0,0,reported
Jeffersonville,Tax Rate,2019,1.00,1.0,1.0,0,reported
Jeffersonville,Tax Rate,2020,1.00,1.0,1.0,0,reported
Jeffersonville,Tax Rate,2021,1.00,1.0,1.0,0,reported
Jeffersonville,Tax Rate,2022,1.00,1.0,1.0,0,reported
Jeffersonville,Tax Rate,2023,1.00,1.0,1.0,0,reported
Jeffersonville,Tax Rate,2024,1.00,1.0,1.0,0,reported
Jeffersonville,Tax Rate,2025,1.00,1.0,1.0,0,reported
Jeffersonville,Credit Factor,2016,50,50.0,50.0,0,reported
Jeffersonville,Credit Factor,2017,50,50.0,50.0,0,reported
Jeffersonville,Credit Factor,2018,50,50.0,50.0,0,reported
Jeffersonville,Credit Factor,2019,50,50.0,50.0,0,reported
Jeffersonville,Credit Factor,2020,50,50.0,50.0,0,reported
Jeffersonville,Credit Factor,2021,50,50.0,50.0,0,reported
Jeffersonville,Credit Factor,2022,50,50.0,50.0,0,reported
Jeffersonville,Credit Factor,2023,50,50.0,50.0,0,reported
Jeffersonville,Credit Factor,2024,50,50.0,50.0,0,reported
Jeffersonville,Credit Factor,2025,50,50.0,50.0,0,reported
Jeffersonville,Credit Rate,2016,1.00,1.0,1.0,0,reported
Jeffersonville,Credit Rate,2017,1.00,1.0,1.0,0,reported
Jeffersonville,Credit Rate,2018,1.00,1.0,1.0,0,reported
Jeffersonville,Credit Rate,2019,1.00,1.0,1.0,0,reported
Jeffersonville,Credit Rate,2020,1.00,1.0,1.0,0,reported
Jeffersonville,Credit Rate,2021,1.00,1.0,1.0,0,reported
Jeffersonville,Credit Rate,2022,1.00,1.0,1.0,0,reported
Jeffersonville,Credit Rate,2023,1.00,1.0,1.0,0,reported
Jeffersonville,Credit Rate,2024,1.00,1.0,1.0,0,reported
Jeffersonville,Credit Rate,2025,1.00,1.0,1.0,0,reported
Jerry City,Tax Rate,2016,1.00,1.0,1.0,0,reported
Jerry City,Tax Rate,2017,1.00,1.0,1.0,0,reported
Jerry City,Tax Rate,2018,1.00,1.0,1.0,0,reported
Jerry City,Tax Rate,2019,1.00,1.0,1.0,0,reported
Jerry City,Tax Rate,2020,1.00,1.0,1.0,0,reported
Jerry City,Tax Rate,2021,1.00,1.0,1.0,0,reported
Jerry City,Tax Rate,2022,1.00,1.0,1.0,0,reported
Jerry City,Tax Rate,2023,1.00,1.0,1.0,0,reported
Jerry City,Tax Rate,2024,1.00,1.0,1.0,0,reported
Jerry City,Tax Rate,2025,1.00,1.0,1.0,0,reported
Jerry City,Credit Factor,2016,-,0.0,0.0,0,dash_zero_inferred
Jerry City,Credit Factor,2017,-,0.0,0.0,0,dash_zero_inferred
Jerry City,Credit Factor,2018,-,0.0,0.0,0,dash_zero_inferred
Jerry City,Credit Factor,2019,-,0.0,0.0,0,dash_zero_inferred
Jerry City,Credit Factor,2020,-,0.0,0.0,0,dash_zero_inferred
Jerry City,Credit Factor,2021,-,0.0,0.0,0,dash_zero_inferred
Jerry City,Credit Factor,2022,-,0.0,0.0,0,dash_zero_inferred
Jerry City,Credit Factor,2023,-,0.0,0.0,0,dash_zero_inferred
Jerry City,Credit Factor,2024,-,0.0,0.0,0,dash_zero_inferred
Jerry City,Credit Factor,2025,-,0.0,0.0,0,dash_zero_inferred
Jerry City,Credit Rate,2016,-,0.0,0.0,0,dash_zero_inferred
Jerry City,Credit Rate,2017,-,0.0,0.0,0,dash_zero_inferred
Jerry City,Credit Rate,2018,-,0.0,0.0,0,dash_zero_inferred
Jerry City,Credit Rate,2019,-,0.0,0.0,0,dash_zero_inferred
Jerry City,Credit Rate,2020,-,0.0,0.0,0,dash_zero_inferred
Jerry City,Credit Rate,2021,-,0.0,0.0,0,dash_zero_inferred
Jerry City,Credit Rate,2022,-,0.0,0.0,0,dash_zero_inferred
Jerry City,Credit Rate,2023,-,0.0,0.0,0,dash_zero_inferred
Jerry City,Credit Rate,2024,-,0.0,0.0,0,dash_zero_inferred
Jerry City,Credit Rate,2025,-,0.0,0.0,0,dash_zero_inferred
Jewett,Tax Rate,2016,1.00,1.0,1.0,0,reported
Jewett,Tax Rate,2017,1.00,1.0,1.0,0,reported
Jewett,Tax Rate,2018,1.00,1.0,1.0,0,reported
Jewett,Tax Rate,2019,1.00,1.0,1.0,0,reported
Jewett,Tax Rate,2020,1.00,1.0,1.0,0,reported
Jewett,Tax Rate,2021,1.00,1.0,1.0,0,reported
Jewett,Tax Rate,2022,1.00,1.0,1.0,0,reported
Jewett,Tax Rate,2023,1.00,1.0,1.0,0,reported
Jewett,Tax Rate,2024,1.00,1.0,1.0,0,reported
Jewett,Tax Rate,2025,1.00,1.0,1.0,0,reported
Jewett,Credit Factor,2016,100,100.0,100.0,0,reported
Jewett,Credit Factor,2017,100,100.0,100.0,0,reported
Jewett,Credit Factor,2018,100,100.0,100.0,0,reported
Jewett,Credit Factor,2019,100,100.0,100.0,0,reported
Jewett,Credit Factor,2020,100,100.0,100.0,0,reported
Jewett,Credit Factor,2021,100,100.0,100.0,0,reported
Jewett,Credit Factor,2022,100,100.0,100.0,0,reported
Jewett,Credit Factor,2023,100,100.0,100.0,0,reported
Jewett,Credit Factor,2024,100,100.0,100.0,0,reported
Jewett,Credit Factor,2025,100,100.0,100.0,0,reported
Jewett,Credit Rate,2016,1.00,1.0,1.0,0,reported
Jewett,Credit Rate,2017,1.00,1.0,1.0,0,reported
Jewett,Credit Rate,2018,1.00,1.0,1.0,0,reported
Jewett,Credit Rate,2019,1.00,1.0,1.0,0,reported
Jewett,Credit Rate,2020,1.00,1.0,1.0,0,reported
Jewett,Credit Rate,2021,1.00,1.0,1.0,0,reported
Jewett,Credit Rate,2022,1.00,1.0,1.0,0,reported
Jewett,Credit Rate,2023,1.00,1.0,1.0,0,reported
Jewett,Credit Rate,2024,1.00,1.0,1.0,0,reported
Jewett,Credit Rate,2025,1.00,1.0,1.0,0,reported
Johnstown,Tax Rate,2016,1.00,1.0,1.0,0,reported
Johnstown,Tax Rate,2017,1.00,1.0,1.0,0,reported
Johnstown,Tax Rate,2018,1.00,1.0,1.0,0,reported
Johnstown,Tax Rate,2019,1.00,1.0,1.0,0,reported
Johnstown,Tax Rate,2020,1.00,1.0,1.0,0,reported
Johnstown,Tax Rate,2021,1.00,1.0,1.0,0,reported
Johnstown,Tax Rate,2022,1.00,1.0,1.0,0,reported
Johnstown,Tax Rate,2023,1.00,1.0,1.0,0,reported
Johnstown,Tax Rate,2024,1.00,1.0,1.0,0,reported
Johnstown,Tax Rate,2025,1.00,1.0,1.0,0,reported
Johnstown,Credit Factor,2016,-,0.0,0.0,0,dash_zero_inferred
Johnstown,Credit Factor,2017,-,0.0,0.0,0,dash_zero_inferred
Johnstown,Credit Factor,2018,-,0.0,0.0,0,dash_zero_inferred
Johnstown,Credit Factor,2019,-,0.0,0.0,0,dash_zero_inferred
Johnstown,Credit Factor,2020,-,0.0,0.0,0,dash_zero_inferred
Johnstown,Credit Factor,2021,-,0.0,0.0,0,dash_zero_inferred
Johnstown,Credit Factor,2022,-,0.0,0.0,0,dash_zero_inferred
Johnstown,Credit Factor,2023,-,0.0,0.0,0,dash_zero_inferred
Johnstown,Credit Factor,2024,-,0.0,0.0,0,dash_zero_inferred
Johnstown,Credit Factor,2025,-,0.0,0.0,0,dash_zero_inferred
Johnstown,Credit Rate,2016,-,0.0,0.0,0,dash_zero_inferred
Johnstown,Credit Rate,2017,-,0.0,0.0,0,dash_zero_inferred
Johnstown,Credit Rate,2018,-,0.0,0.0,0,dash_zero_inferred
Johnstown,Credit Rate,2019,-,0.0,0.0,0,dash_zero_inferred
Johnstown,Credit Rate,2020,-,0.0,0.0,0,dash_zero_inferred
Johnstown,Credit Rate,2021,-,0.0,0.0,0,dash_zero_inferred
Johnstown,Credit Rate,2022,-,0.0,0.0,0,dash_zero_inferred
Johnstown,Credit Rate,2023,-,0.0,0.0,0,dash_zero_inferred
Johnstown,Credit Rate,2024,-,0.0,0.0,0,dash_zero_inferred
Johnstown,Credit Rate,2025,-,0.0,0.0,0,dash_zero_inferred
Kent,Tax Rate,2016,2.25,2.25,2.25,0,reported
Kent,Tax Rate,2017,2.25,2.25,2.25,0,reported
Kent,Tax Rate,2018,2.25,2.25,2.25,0,reported
Kent,Tax Rate,2019,2.25,2.25,2.25,0,reported
Kent,Tax Rate,2020,2.25,2.25,2.25,0,reported
Kent,Tax Rate,2021,2.25,2.25,2.25,0,reported
Kent,Tax Rate,2022,2.25,2.25,2.25,0,reported
Kent,Tax Rate,2023,2.25,2.25,2.25,0,reported
Kent,Tax Rate,2024,2.25,2.25,2.25,0,reported
Kent,Tax Rate,2025,2.25,2.25,2.25,0,reported
Kent,Credit Factor,2016,100,100.0,100.0,0,reported
Kent,Credit Factor,2017,100,100.0,100.0,0,reported
Kent,Credit Factor,2018,100,100.0,100.0,0,reported
Kent,Credit Factor,2019,100,100.0,100.0,0,reported
Kent,Credit Factor,2020,100,100.0,100.0,0,reported
Kent,Credit Factor,2021,100,100.0,100.0,0,reported
Kent,Credit Factor,2022,100,100.0,100.0,0,reported
Kent,Credit Factor,2023,100,100.0,100.0,0,reported
Kent,Credit Factor,2024,100,100.0,100.0,0,reported
Kent,Credit Factor,2025,100,100.0,100.0,0,reported
Kent,Credit Rate,2016,2.25,2.25,2.25,0,reported
Kent,Credit Rate,2017,2.25,2.25,2.25,0,reported
Kent,Credit Rate,2018,2.25,2.25,2.25,0,reported
Kent,Credit Rate,2019,2.25,2.25,2.25,0,reported
Kent,Credit Rate,2020,2.25,2.25,2.25,0,reported
Kent,Credit Rate,2021,2.25,2.25,2.25,0,reported
Kent,Credit Rate,2022,2.25,2.25,2.25,0,reported
Kent,Credit Rate,2023,2.25,2.25,2.25,0,reported
Kent,Credit Rate,2024,2.25,2.25,2.25,0,reported
Kent,Credit Rate,2025,2.25,2.25,2.25,0,reported
Killbuck,Tax Rate,2016,1.00,1.0,1.0,0,reported
Killbuck,Tax Rate,2017,1.00,1.0,1.0,0,reported
Killbuck,Tax Rate,2018,1.00,1.0,1.0,0,reported
Killbuck,Tax Rate,2019,1.00,1.0,1.0,0,reported
Killbuck,Tax Rate,2020,1.00,1.0,1.0,0,reported
Killbuck,Tax Rate,2021,1.00,1.0,1.0,0,reported
Killbuck,Tax Rate,2022,1.00,1.0,1.0,0,reported
Killbuck,Tax Rate,2023,1.00,1.0,1.0,0,reported
Killbuck,Tax Rate,2024,1.00,1.0,1.0,0,reported
Killbuck,Tax Rate,2025,1.00,1.0,1.0,0,reported
Killbuck,Credit Factor,2016,100,100.0,100.0,0,reported
Killbuck,Credit Factor,2017,100,100.0,100.0,0,reported
Killbuck,Credit Factor,2018,100,100.0,100.0,0,reported
Killbuck,Credit Factor,2019,100,100.0,100.0,0,reported
Killbuck,Credit Factor,2020,100,100.0,100.0,0,reported
Killbuck,Credit Factor,2021,100,100.0,100.0,0,reported
Killbuck,Credit Factor,2022,100,100.0,100.0,0,reported
Killbuck,Credit Factor,2023,100,100.0,100.0,0,reported
Killbuck,Credit Factor,2024,100,100.0,100.0,0,reported
Killbuck,Credit Factor,2025,100,100.0,100.0,0,reported
Killbuck,Credit Rate,2016,1.00,1.0,1.0,0,reported
Killbuck,Credit Rate,2017,1.00,1.0,1.0,0,reported
Killbuck,Credit Rate,2018,1.00,1.0,1.0,0,reported
Killbuck,Credit Rate,2019,1.00,1.0,1.0,0,reported
Killbuck,Credit Rate,2020,1.00,1.0,1.0,0,reported
Killbuck,Credit Rate,2021,1.00,1.0,1.0,0,reported
Killbuck,Credit Rate,2022,1.00,1.0,1.0,0,reported
Killbuck,Credit Rate,2023,1.00,1.0,1.0,0,reported
Killbuck,Credit Rate,2024,1.00,1.0,1.0,0,reported
Killbuck,Credit Rate,2025,1.00,1.0,1.0,0,reported
Kirkersville,Tax Rate,2016,-,,,0,not_member_or_no_tax
Kirkersville,Tax Rate,2017,1.00,1.0,1.0,0,reported
Kirkersville,Tax Rate,2018,1.00,1.0,1.0,0,reported
Kirkersville,Tax Rate,2019,1.00,1.0,1.0,0,reported
Kirkersville,Tax Rate,2020,1.00,1.0,1.0,0,reported
Kirkersville,Tax Rate,2021,1.00,1.0,1.0,0,reported
Kirkersville,Tax Rate,2022,1.00,1.0,1.0,0,reported
Kirkersville,Tax Rate,2023,1.00,1.0,1.0,0,reported
Kirkersville,Tax Rate,2024,1.00,1.0,1.0,0,reported
Kirkersville,Tax Rate,2025,1.00,1.0,1.0,0,reported
Kirkersville,Credit Factor,2016,-,,,0,not_member_or_no_tax
Kirkersville,Credit Factor,2017,-,0.0,0.0,0,dash_zero_inferred
Kirkersville,Credit Factor,2018,-,0.0,0.0,0,dash_zero_inferred
Kirkersville,Credit Factor,2019,-,0.0,0.0,0,dash_zero_inferred
Kirkersville,Credit Factor,2020,-,0.0,0.0,0,dash_zero_inferred
Kirkersville,Credit Factor,2021,-,0.0,0.0,0,dash_zero_inferred
Kirkersville,Credit Factor,2022,-,0.0,0.0,0,dash_zero_inferred
Kirkersville,Credit Factor,2023,-,0.0,0.0,0,dash_zero_inferred
Kirkersville,Credit Factor,2024,-,0.0,0.0,0,dash_zero_inferred
Kirkersville,Credit Factor,2025,-,0.0,0.0,0,dash_zero_inferred
Kirkersville,Credit Rate,2016,-,,,0,not_member_or_no_tax
Kirkersville,Credit Rate,2017,-,0.0,0.0,0,dash_zero_inferred
Kirkersville,Credit Rate,2018,-,0.0,0.0,0,dash_zero_inferred
Kirkersville,Credit Rate,2019,-,0.0,0.0,0,dash_zero_inferred
Kirkersville,Credit Rate,2020,-,0.0,0.0,0,dash_zero_inferred
Kirkersville,Credit Rate,2021,-,0.0,0.0,0,dash_zero_inferred
Kirkersville,Credit Rate,2022,-,0.0,0.0,0,dash_zero_inferred
Kirkersville,Credit Rate,2023,-,0.0,0.0,0,dash_zero_inferred
Kirkersville,Credit Rate,2024,-,0.0,0.0,0,dash_zero_inferred
Kirkersville,Credit Rate,2025,-,0.0,0.0,0,dash_zero_inferred
Kirtland,Tax Rate,2016,2.00,2.0,2.0,0,reported
Kirtland,Tax Rate,2017,2.00,2.0,2.0,0,reported
Kirtland,Tax Rate,2018,2.00,2.0,2.0,0,reported
Kirtland,Tax Rate,2019,2.00,2.0,2.0,0,reported
Kirtland,Tax Rate,2020,2.00,2.0,2.0,0,reported
Kirtland,Tax Rate,2021,2.00,2.0,2.0,0,reported
Kirtland,Tax Rate,2022,2.00,2.0,2.0,0,reported
Kirtland,Tax Rate,2023,2.00,2.0,2.0,0,reported
Kirtland,Tax Rate,2024,2.00,2.0,2.0,0,reported
Kirtland,Tax Rate,2025,2.00,2.0,2.0,0,reported
Kirtland,Credit Factor,2016,100,100.0,100.0,0,reported
Kirtland,Credit Factor,2017,100,100.0,100.0,0,reported
Kirtland,Credit Factor,2018,100,100.0,100.0,0,reported
Kirtland,Credit Factor,2019,100,100.0,100.0,0,reported
Kirtland,Credit Factor,2020,100,100.0,100.0,0,reported
Kirtland,Credit Factor,2021,100,100.0,100.0,0,reported
Kirtland,Credit Factor,2022,100,100.0,100.0,0,reported
Kirtland,Credit Factor,2023,100,100.0,100.0,0,reported
Kirtland,Credit Factor,2024,100,100.0,100.0,0,reported
Kirtland,Credit Factor,2025,100,100.0,100.0,0,reported
Kirtland,Credit Rate,2016,1.75,1.75,1.75,0,reported
Kirtland,Credit Rate,2017,1.75,1.75,1.75,0,reported
Kirtland,Credit Rate,2018,1.75,1.75,1.75,0,reported
Kirtland,Credit Rate,2019,1.75,1.75,1.75,0,reported
Kirtland,Credit Rate,2020,1.75,1.75,1.75,0,reported
Kirtland,Credit Rate,2021,1.75,1.75,1.75,0,reported
Kirtland,Credit Rate,2022,1.75,1.75,1.75,0,reported
Kirtland,Credit Rate,2023,1.75,1.75,1.75,0,reported
Kirtland,Credit Rate,2024,1.75,1.75,1.75,0,reported
Kirtland,Credit Rate,2025,1.75,1.75,1.75,0,reported
LaGrange,Tax Rate,2016,1.50,1.5,1.5,0,reported
LaGrange,Tax Rate,2017,1.50,1.5,1.5,0,reported
LaGrange,Tax Rate,2018,1.50,1.5,1.5,0,reported
LaGrange,Tax Rate,2019,1.50,1.5,1.5,0,reported
LaGrange,Tax Rate,2020,1.50,1.5,1.5,0,reported
LaGrange,Tax Rate,2021,1.50,1.5,1.5,0,reported
LaGrange,Tax Rate,2022,1.50,1.5,1.5,0,reported
LaGrange,Tax Rate,2023,1.50,1.5,1.5,0,reported
LaGrange,Tax Rate,2024,1.50,1.5,1.5,0,reported
LaGrange,Tax Rate,2025,1.50,1.5,1.5,0,reported
LaGrange,Credit Factor,2016,100,100.0,100.0,0,reported
LaGrange,Credit Factor,2017,100,100.0,100.0,0,reported
LaGrange,Credit Factor,2018,100,100.0,100.0,0,reported
LaGrange,Credit Factor,2019,100,100.0,100.0,0,reported
LaGrange,Credit Factor,2020,100,100.0,100.0,0,reported
LaGrange,Credit Factor,2021,100,100.0,100.0,0,reported
LaGrange,Credit Factor,2022,100,100.0,100.0,0,reported
LaGrange,Credit Factor,2023,100,100.0,100.0,0,reported
LaGrange,Credit Factor,2024,100,100.0,100.0,0,reported
LaGrange,Credit Factor,2025,100,100.0,100.0,0,reported
LaGrange,Credit Rate,2016,1.50,1.5,1.5,0,reported
LaGrange,Credit Rate,2017,1.50,1.5,1.5,0,reported
LaGrange,Credit Rate,2018,1.50,1.5,1.5,0,reported
LaGrange,Credit Rate,2019,1.50,1.5,1.5,0,reported
LaGrange,Credit Rate,2020,1.50,1.5,1.5,0,reported
LaGrange,Credit Rate,2021,1.50,1.5,1.5,0,reported
LaGrange,Credit Rate,2022,1.50,1.5,1.5,0,reported
LaGrange,Credit Rate,2023,1.50,1.5,1.5,0,reported
LaGrange,Credit Rate,2024,1.50,1.5,1.5,0,reported
LaGrange,Credit Rate,2025,1.50,1.5,1.5,0,reported
Lakeline,Tax Rate,2016,1.00,1.0,1.0,0,reported
Lakeline,Tax Rate,2017,1.00,1.0,1.0,0,reported
Lakeline,Tax Rate,2018,1.00,1.0,1.0,0,reported
Lakeline,Tax Rate,2019,1.00,1.0,1.0,0,reported
Lakeline,Tax Rate,2020,1.00,1.0,1.0,0,reported
Lakeline,Tax Rate,2021,1.00,1.0,1.0,0,reported
Lakeline,Tax Rate,2022,1.00,1.0,1.0,0,reported
Lakeline,Tax Rate,2023,1.00,1.0,1.0,0,reported
Lakeline,Tax Rate,2024,1.00,1.0,1.0,0,reported
Lakeline,Tax Rate,2025,1.00,1.0,1.0,0,reported
Lakeline,Credit Factor,2016,-,0.0,0.0,0,dash_zero_inferred
Lakeline,Credit Factor,2017,-,0.0,0.0,0,dash_zero_inferred
Lakeline,Credit Factor,2018,-,0.0,0.0,0,dash_zero_inferred
Lakeline,Credit Factor,2019,-,0.0,0.0,0,dash_zero_inferred
Lakeline,Credit Factor,2020,-,0.0,0.0,0,dash_zero_inferred
Lakeline,Credit Factor,2021,-,0.0,0.0,0,dash_zero_inferred
Lakeline,Credit Factor,2022,-,0.0,0.0,0,dash_zero_inferred
Lakeline,Credit Factor,2023,-,0.0,0.0,0,dash_zero_inferred
Lakeline,Credit Factor,2024,-,0.0,0.0,0,dash_zero_inferred
Lakeline,Credit Factor,2025,-,0.0,0.0,0,dash_zero_inferred
Lakeline,Credit Rate,2016,-,0.0,0.0,0,dash_zero_inferred
Lakeline,Credit Rate,2017,-,0.0,0.0,0,dash_zero_inferred
Lakeline,Credit Rate,2018,-,0.0,0.0,0,dash_zero_inferred
Lakeline,Credit Rate,2019,-,0.0,0.0,0,dash_zero_inferred
Lakeline,Credit Rate,2020,-,0.0,0.0,0,dash_zero_inferred
Lakeline,Credit Rate,2021,-,0.0,0.0,0,dash_zero_inferred
Lakeline,Credit Rate,2022,-,0.0,0.0,0,dash_zero_inferred
Lakeline,Credit Rate,2023,-,0.0,0.0,0,dash_zero_inferred
Lakeline,Credit Rate,2024,-,0.0,0.0,0,dash_zero_inferred
Lakeline,Credit Rate,2025,-,0.0,0.0,0,dash_zero_inferred
Lakemore,Tax Rate,2016,2.00,2.0,2.0,0,reported
Lakemore,Tax Rate,2017,2.00,2.0,2.0,0,reported
Lakemore,Tax Rate,2018,2.25,2.25,2.25,0,reported
Lakemore,Tax Rate,2019,2.25,2.25,2.25,0,reported
Lakemore,Tax Rate,2020,2.25,2.25,2.25,0,reported
Lakemore,Tax Rate,2021,2.25,2.25,2.25,0,reported
Lakemore,Tax Rate,2022,2.25,2.25,2.25,0,reported
Lakemore,Tax Rate,2023,2.25,2.25,2.25,0,reported
Lakemore,Tax Rate,2024,2.25,2.25,2.25,0,reported
Lakemore,Tax Rate,2025,2.25,2.25,2.25,0,reported
Lakemore,Credit Factor,2016,50/100,100.0,50.0,1,split_old_first_partial
Lakemore,Credit Factor,2017,100,100.0,100.0,0,reported
Lakemore,Credit Factor,2018,100,100.0,100.0,0,reported
Lakemore,Credit Factor,2019,100,100.0,100.0,0,reported
Lakemore,Credit Factor,2020,100,100.0,100.0,0,reported
Lakemore,Credit Factor,2021,100,100.0,100.0,0,reported
Lakemore,Credit Factor,2022,100,100.0,100.0,0,reported
Lakemore,Credit Factor,2023,100,100.0,100.0,0,reported
Lakemore,Credit Factor,2024,100,100.0,100.0,0,reported
Lakemore,Credit Factor,2025,100,100.0,100.0,0,reported
Lakemore,Credit Rate,2016,2.00,2.0,2.0,0,reported
Lakemore,Credit Rate,2017,2.00,2.0,2.0,0,reported
Lakemore,Credit Rate,2018,2.25,2.25,2.25,0,reported
Lakemore,Credit Rate,2019,2.25,2.25,2.25,0,reported
Lakemore,Credit Rate,2020,2.25,2.25,2.25,0,reported
Lakemore,Credit Rate,2021,2.25,2.25,2.25,0,reported
Lakemore,Credit Rate,2022,2.25,2.25,2.25,0,reported
Lakemore,Credit Rate,2023,2.25,2.25,2.25,0,reported
Lakemore,Credit Rate,2024,2.25,2.25,2.25,0,reported
Lakemore,Credit Rate,2025,2.25,2.25,2.25,0,reported
Latty,Tax Rate,2016,-,,,0,not_member_or_no_tax
Latty,Tax Rate,2017,-,,,0,not_member_or_no_tax
Latty,Tax Rate,2018,-,,,0,not_member_or_no_tax
Latty,Tax Rate,2019,-,,,0,not_member_or_no_tax
Latty,Tax Rate,2020,-,,,0,not_member_or_no_tax
Latty,Tax Rate,2021,1.00,1.0,1.0,0,reported
Latty,Tax Rate,2022,1.00,1.0,1.0,0,reported
Latty,Tax Rate,2023,1.00,1.0,1.0,0,reported
Latty,Tax Rate,2024,1.00,1.0,1.0,0,reported
Latty,Tax Rate,2025,1.00,1.0,1.0,0,reported
Latty,Credit Factor,2016,-,,,0,not_member_or_no_tax
Latty,Credit Factor,2017,-,,,0,not_member_or_no_tax
Latty,Credit Factor,2018,-,,,0,not_member_or_no_tax
Latty,Credit Factor,2019,-,,,0,not_member_or_no_tax
Latty,Credit Factor,2020,-,,,0,not_member_or_no_tax
Latty,Credit Factor,2021,-,0.0,0.0,0,dash_zero_inferred
Latty,Credit Factor,2022,-,0.0,0.0,0,dash_zero_inferred
Latty,Credit Factor,2023,-,0.0,0.0,0,dash_zero_inferred
Latty,Credit Factor,2024,-,0.0,0.0,0,dash_zero_inferred
Latty,Credit Factor,2025,-,0.0,0.0,0,dash_zero_inferred
Latty,Credit Rate,2016,-,,,0,not_member_or_no_tax
Latty,Credit Rate,2017,-,,,0,not_member_or_no_tax
Latty,Credit Rate,2018,-,,,0,not_member_or_no_tax
Latty,Credit Rate,2019,-,,,0,not_member_or_no_tax
Latty,Credit Rate,2020,-,,,0,not_member_or_no_tax
Latty,Credit Rate,2021,-,0.0,0.0,0,dash_zero_inferred
Latty,Credit Rate,2022,-,0.0,0.0,0,dash_zero_inferred
Latty,Credit Rate,2023,-,0.0,0.0,0,dash_zero_inferred
Latty,Credit Rate,2024,-,0.0,0.0,0,dash_zero_inferred
Latty,Credit Rate,2025,-,0.0,0.0,0,dash_zero_inferred
Leesburg,Tax Rate,2016,-,,,0,not_member_or_no_tax
Leesburg,Tax Rate,2017,-,,,0,not_member_or_no_tax
Leesburg,Tax Rate,2018,-,,,0,not_member_or_no_tax
Leesburg,Tax Rate,2019,-,,,0,not_member_or_no_tax
Leesburg,Tax Rate,2020,1.00,1.0,1.0,0,reported
Leesburg,Tax Rate,2021,1.00,1.0,1.0,0,reported
Leesburg,Tax Rate,2022,1.00,1.0,1.0,0,reported
Leesburg,Tax Rate,2023,1.00,1.0,1.0,0,reported
Leesburg,Tax Rate,2024,1.00,1.0,1.0,0,reported
Leesburg,Tax Rate,2025,1.00,1.0,1.0,0,reported
Leesburg,Credit Factor,2016,-,,,0,not_member_or_no_tax
Leesburg,Credit Factor,2017,-,,,0,not_member_or_no_tax
Leesburg,Credit Factor,2018,-,,,0,not_member_or_no_tax
Leesburg,Credit Factor,2019,-,,,0,not_member_or_no_tax
Leesburg,Credit Factor,2020,100,100.0,100.0,0,reported
Leesburg,Credit Factor,2021,100,100.0,100.0,0,reported
Leesburg,Credit Factor,2022,100,100.0,100.0,0,reported
Leesburg,Credit Factor,2023,100,100.0,100.0,0,reported
Leesburg,Credit Factor,2024,100,100.0,100.0,0,reported
Leesburg,Credit Factor,2025,100,100.0,100.0,0,reported
Leesburg,Credit Rate,2016,-,,,0,not_member_or_no_tax
Leesburg,Credit Rate,2017,-,,,0,not_member_or_no_tax
Leesburg,Credit Rate,2018,-,,,0,not_member_or_no_tax
Leesburg,Credit Rate,2019,-,,,0,not_member_or_no_tax
Leesburg,Credit Rate,2020,1.00,1.0,1.0,0,reported
Leesburg,Credit Rate,2021,1.00,1.0,1.0,0,reported
Leesburg,Credit Rate,2022,1.00,1.0,1.0,0,reported
Leesburg,Credit Rate,2023,1.00,1.0,1.0,0,reported
Leesburg,Credit Rate,2024,1.00,1.0,1.0,0,reported
Leesburg,Credit Rate,2025,1.00,1.0,1.0,0,reported
Leetonia,Tax Rate,2016,-,,,0,not_member_or_no_tax
Leetonia,Tax Rate,2017,1.50,1.5,1.5,0,reported
Leetonia,Tax Rate,2018,1.50,1.5,1.5,0,reported
Leetonia,Tax Rate,2019,1.50,1.5,1.5,0,reported
Leetonia,Tax Rate,2020,1.50,1.5,1.5,0,reported
Leetonia,Tax Rate,2021,1.50,1.5,1.5,0,reported
Leetonia,Tax Rate,2022,1.50,1.5,1.5,0,reported
Leetonia,Tax Rate,2023,1.50,1.5,1.5,0,reported
Leetonia,Tax Rate,2024,1.50,1.5,1.5,0,reported
Leetonia,Tax Rate,2025,1.50,1.5,1.5,0,reported
Leetonia,Credit Factor,2016,-,,,0,not_member_or_no_tax
Leetonia,Credit Factor,2017,50,50.0,50.0,0,reported
Leetonia,Credit Factor,2018,50,50.0,50.0,0,reported
Leetonia,Credit Factor,2019,50,50.0,50.0,0,reported
Leetonia,Credit Factor,2020,50,50.0,50.0,0,reported
Leetonia,Credit Factor,2021,50,50.0,50.0,0,reported
Leetonia,Credit Factor,2022,50,50.0,50.0,0,reported
Leetonia,Credit Factor,2023,50,50.0,50.0,0,reported
Leetonia,Credit Factor,2024,50,50.0,50.0,0,reported
Leetonia,Credit Factor,2025,50,50.0,50.0,0,reported
Leetonia,Credit Rate,2016,-,,,0,not_member_or_no_tax
Leetonia,Credit Rate,2017,1.00,1.0,1.0,0,reported
Leetonia,Credit Rate,2018,1.00,1.0,1.0,0,reported
Leetonia,Credit Rate,2019,1.00,1.0,1.0,0,reported
Leetonia,Credit Rate,2020,1.00,1.0,1.0,0,reported
Leetonia,Credit Rate,2021,1.00,1.0,1.0,0,reported
Leetonia,Credit Rate,2022,1.00,1.0,1.0,0,reported
Leetonia,Credit Rate,2023,1.00,1.0,1.0,0,reported
Leetonia,Credit Rate,2024,1.00,1.0,1.0,0,reported
Leetonia,Credit Rate,2025,1.00,1.0,1.0,0,reported
Liberty Center,Tax Rate,2016,-,,,0,not_member_or_no_tax
Liberty Center,Tax Rate,2017,-,,,0,not_member_or_no_tax
Liberty Center,Tax Rate,2018,-,,,0,not_member_or_no_tax
Liberty Center,Tax Rate,2019,1.00,1.0,1.0,0,reported
Liberty Center,Tax Rate,2020,1.00,1.0,1.0,0,reported
Liberty Center,Tax Rate,2021,1.00,1.0,1.0,0,reported
Liberty Center,Tax Rate,2022,1.00,1.0,1.0,0,reported
Liberty Center,Tax Rate,2023,1.00,1.0,1.0,0,reported
Liberty Center,Tax Rate,2024,1.00,1.0,1.0,0,reported
Liberty Center,Tax Rate,2025,1.00,1.0,1.0,0,reported
Liberty Center,Credit Factor,2016,-,,,0,not_member_or_no_tax
Liberty Center,Credit Factor,2017,-,,,0,not_member_or_no_tax
Liberty Center,Credit Factor,2018,-,,,0,not_member_or_no_tax
Liberty Center,Credit Factor,2019,50,50.0,50.0,0,reported
Liberty Center,Credit Factor,2020,50,50.0,50.0,0,reported
Liberty Center,Credit Factor,2021,50,50.0,50.0,0,reported
Liberty Center,Credit Factor,2022,50,50.0,50.0,0,reported
Liberty Center,Credit Factor,2023,50,50.0,50.0,0,reported
Liberty Center,Credit Factor,2024,50,50.0,50.0,0,reported
Liberty Center,Credit Factor,2025,50,50.0,50.0,0,reported
Liberty Center,Credit Rate,2016,-,,,0,not_member_or_no_tax
Liberty Center,Credit Rate,2017,-,,,0,not_member_or_no_tax
Liberty Center,Credit Rate,2018,-,,,0,not_member_or_no_tax
Liberty Center,Credit Rate,2019,1.00,1.0,1.0,0,reported
Liberty Center,Credit Rate,2020,1.00,1.0,1.0,0,reported
Liberty Center,Credit Rate,2021,1.00,1.0,1.0,0,reported
Liberty Center,Credit Rate,2022,1.00,1.0,1.0,0,reported
Liberty Center,Credit Rate,2023,1.00,1.0,1.0,0,reported
Liberty Center,Credit Rate,2024,1.00,1.0,1.0,0,reported
Liberty Center,Credit Rate,2025,1.00,1.0,1.0,0,reported
Lincoln Heights,Tax Rate,2016,-,,,0,not_member_or_no_tax
Lincoln Heights,Tax Rate,2017,-,,,0,not_member_or_no_tax
Lincoln Heights,Tax Rate,2018,-,,,0,not_member_or_no_tax
Lincoln Heights,Tax Rate,2019,-,,,0,not_member_or_no_tax
Lincoln Heights,Tax Rate,2020,-,,,0,not_member_or_no_tax
Lincoln Heights,Tax Rate,2021,-,,,0,not_member_or_no_tax
Lincoln Heights,Tax Rate,2022,2.00,2.0,2.0,0,reported
Lincoln Heights,Tax Rate,2023,2.00,2.0,2.0,0,reported
Lincoln Heights,Tax Rate,2024,2.00,2.0,2.0,0,reported
Lincoln Heights,Tax Rate,2025,2.00,2.0,2.0,0,reported
Lincoln Heights,Credit Factor,2016,-,,,0,not_member_or_no_tax
Lincoln Heights,Credit Factor,2017,-,,,0,not_member_or_no_tax
Lincoln Heights,Credit Factor,2018,-,,,0,not_member_or_no_tax
Lincoln Heights,Credit Factor,2019,-,,,0,not_member_or_no_tax
Lincoln Heights,Credit Factor,2020,-,,,0,not_member_or_no_tax
Lincoln Heights,Credit Factor,2021,-,,,0,not_member_or_no_tax
Lincoln Heights,Credit Factor,2022,100,100.0,100.0,0,reported
Lincoln Heights,Credit Factor,2023,100,100.0,100.0,0,reported
Lincoln Heights,Credit Factor,2024,100,100.0,100.0,0,reported
Lincoln Heights,Credit Factor,2025,100,100.0,100.0,0,reported
Lincoln Heights,Credit Rate,2016,-,,,0,not_member_or_no_tax
Lincoln Heights,Credit Rate,2017,-,,,0,not_member_or_no_tax
Lincoln Heights,Credit Rate,2018,-,,,0,not_member_or_no_tax
Lincoln Heights,Credit Rate,2019,-,,,0,not_member_or_no_tax
Lincoln Heights,Credit Rate,2020,-,,,0,not_member_or_no_tax
Lincoln Heights,Credit Rate,2021,-,,,0,not_member_or_no_tax
Lincoln Heights,Credit Rate,2022,1.00,1.0,1.0,0,reported
Lincoln Heights,Credit Rate,2023,1.00,1.0,1.0,0,reported
Lincoln Heights,Credit Rate,2024,1.00,1.0,1.0,0,reported
Lincoln Heights,Credit Rate,2025,1.00,1.0,1.0,0,reported
Lithopolis,Tax Rate,2016,1.50,1.5,1.5,0,reported
Lithopolis,Tax Rate,2017,1.50,1.5,1.5,0,reported
Lithopolis,Tax Rate,2018,1.50,1.5,1.5,0,reported
Lithopolis,Tax Rate,2019,1.50,1.5,1.5,0,reported
Lithopolis,Tax Rate,2020,1.00,1.0,1.0,0,reported
Lithopolis,Tax Rate,2021,1.00,1.0,1.0,0,reported
Lithopolis,Tax Rate,2022,1.00,1.0,1.0,0,reported
Lithopolis,Tax Rate,2023,1.00,1.0,1.0,0,reported
Lithopolis,Tax Rate,2024,1.00,1.0,1.0,0,reported
Lithopolis,Tax Rate,2025,1.00,1.0,1.0,0,reported
Lithopolis,Credit Factor,2016,-,0.0,0.0,0,dash_zero_inferred
Lithopolis,Credit Factor,2017,-,0.0,0.0,0,dash_zero_inferred
Lithopolis,Credit Factor,2018,-,0.0,0.0,0,dash_zero_inferred
Lithopolis,Credit Factor,2019,-,0.0,0.0,0,dash_zero_inferred
Lithopolis,Credit Factor,2020,-,0.0,0.0,0,dash_zero_inferred
Lithopolis,Credit Factor,2021,-,0.0,0.0,0,dash_zero_inferred
Lithopolis,Credit Factor,2022,-,0.0,0.0,0,dash_zero_inferred
Lithopolis,Credit Factor,2023,-,0.0,0.0,0,dash_zero_inferred
Lithopolis,Credit Factor,2024,-,0.0,0.0,0,dash_zero_inferred
Lithopolis,Credit Factor,2025,-,0.0,0.0,0,dash_zero_inferred
Lithopolis,Credit Rate,2016,-,0.0,0.0,0,dash_zero_inferred
Lithopolis,Credit Rate,2017,-,0.0,0.0,0,dash_zero_inferred
Lithopolis,Credit Rate,2018,-,0.0,0.0,0,dash_zero_inferred
Lithopolis,Credit Rate,2019,-,0.0,0.0,0,dash_zero_inferred
Lithopolis,Credit Rate,2020,-,0.0,0.0,0,dash_zero_inferred
Lithopolis,Credit Rate,2021,-,0.0,0.0,0,dash_zero_inferred
Lithopolis,Credit Rate,2022,-,0.0,0.0,0,dash_zero_inferred
Lithopolis,Credit Rate,2023,-,0.0,0.0,0,dash_zero_inferred
Lithopolis,Credit Rate,2024,-,0.0,0.0,0,dash_zero_inferred
Lithopolis,Credit Rate,2025,-,0.0,0.0,0,dash_zero_inferred
Lockbourne,Tax Rate,2016,1.00,1.0,1.0,0,reported
Lockbourne,Tax Rate,2017,1.00,1.0,1.0,0,reported
Lockbourne,Tax Rate,2018,1.00,1.0,1.0,0,reported
Lockbourne,Tax Rate,2019,1.00,1.0,1.0,0,reported
Lockbourne,Tax Rate,2020,1.00,1.0,1.0,0,reported
Lockbourne,Tax Rate,2021,1.00,1.0,1.0,0,reported
Lockbourne,Tax Rate,2022,1.00,1.0,1.0,0,reported
Lockbourne,Tax Rate,2023,1.00,1.0,1.0,0,reported
Lockbourne,Tax Rate,2024,1.00,1.0,1.0,0,reported
Lockbourne,Tax Rate,2025,1.00,1.0,1.0,0,reported
Lockbourne,Credit Factor,2016,-,0.0,0.0,0,dash_zero_inferred
Lockbourne,Credit Factor,2017,-,0.0,0.0,0,dash_zero_inferred
Lockbourne,Credit Factor,2018,-,0.0,0.0,0,dash_zero_inferred
Lockbourne,Credit Factor,2019,-,0.0,0.0,0,dash_zero_inferred
Lockbourne,Credit Factor,2020,-,0.0,0.0,0,dash_zero_inferred
Lockbourne,Credit Factor,2021,-,0.0,0.0,0,dash_zero_inferred
Lockbourne,Credit Factor,2022,-,0.0,0.0,0,dash_zero_inferred
Lockbourne,Credit Factor,2023,-,0.0,0.0,0,dash_zero_inferred
Lockbourne,Credit Factor,2024,-,0.0,0.0,0,dash_zero_inferred
Lockbourne,Credit Factor,2025,-,0.0,0.0,0,dash_zero_inferred
Lockbourne,Credit Rate,2016,-,0.0,0.0,0,dash_zero_inferred
Lockbourne,Credit Rate,2017,-,0.0,0.0,0,dash_zero_inferred
Lockbourne,Credit Rate,2018,-,0.0,0.0,0,dash_zero_inferred
Lockbourne,Credit Rate,2019,-,0.0,0.0,0,dash_zero_inferred
Lockbourne,Credit Rate,2020,-,0.0,0.0,0,dash_zero_inferred
Lockbourne,Credit Rate,2021,-,0.0,0.0,0,dash_zero_inferred
Lockbourne,Credit Rate,2022,-,0.0,0.0,0,dash_zero_inferred
Lockbourne,Credit Rate,2023,-,0.0,0.0,0,dash_zero_inferred
Lockbourne,Credit Rate,2024,-,0.0,0.0,0,dash_zero_inferred
Lockbourne,Credit Rate,2025,-,0.0,0.0,0,dash_zero_inferred
Lockington,Tax Rate,2016,-,,,0,not_member_or_no_tax
Lockington,Tax Rate,2017,-,,,0,not_member_or_no_tax
Lockington,Tax Rate,2018,-,,,0,not_member_or_no_tax
Lockington,Tax Rate,2019,-,,,0,not_member_or_no_tax
Lockington,Tax Rate,2020,-,,,0,not_member_or_no_tax
Lockington,Tax Rate,2021,-,,,0,not_member_or_no_tax
Lockington,Tax Rate,2022,1.00,1.0,1.0,0,reported
Lockington,Tax Rate,2023,1.00,1.0,1.0,0,reported
Lockington,Tax Rate,2024,1.00,1.0,1.0,0,reported
Lockington,Tax Rate,2025,1.00,1.0,1.0,0,reported
Lockington,Credit Factor,2016,-,,,0,not_member_or_no_tax
Lockington,Credit Factor,2017,-,,,0,not_member_or_no_tax
Lockington,Credit Factor,2018,-,,,0,not_member_or_no_tax
Lockington,Credit Factor,2019,-,,,0,not_member_or_no_tax
Lockington,Credit Factor,2020,-,,,0,not_member_or_no_tax
Lockington,Credit Factor,2021,-,,,0,not_member_or_no_tax
Lockington,Credit Factor,2022,-,0.0,0.0,0,dash_zero_inferred
Lockington,Credit Factor,2023,-,0.0,0.0,0,dash_zero_inferred
Lockington,Credit Factor,2024,-,0.0,0.0,0,dash_zero_inferred
Lockington,Credit Factor,2025,-,0.0,0.0,0,dash_zero_inferred
Lockington,Credit Rate,2016,-,,,0,not_member_or_no_tax
Lockington,Credit Rate,2017,-,,,0,not_member_or_no_tax
Lockington,Credit Rate,2018,-,,,0,not_member_or_no_tax
Lockington,Credit Rate,2019,-,,,0,not_member_or_no_tax
Lockington,Credit Rate,2020,-,,,0,not_member_or_no_tax
Lockington,Credit Rate,2021,-,,,0,not_member_or_no_tax
Lockington,Credit Rate,2022,-,0.0,0.0,0,dash_zero_inferred
Lockington,Credit Rate,2023,-,0.0,0.0,0,dash_zero_inferred
Lockington,Credit Rate,2024,-,0.0,0.0,0,dash_zero_inferred
Lockington,Credit Rate,2025,-,0.0,0.0,0,dash_zero_inferred
Lockland,Tax Rate,2016,2.10,2.1,2.1,0,reported
Lockland,Tax Rate,2017,2.10,2.1,2.1,0,reported
Lockland,Tax Rate,2018,2.10,2.1,2.1,0,reported
Lockland,Tax Rate,2019,2.10,2.1,2.1,0,reported
Lockland,Tax Rate,2020,2.10,2.1,2.1,0,reported
Lockland,Tax Rate,2021,2.10,2.1,2.1,0,reported
Lockland,Tax Rate,2022,2.10,2.1,2.1,0,reported
Lockland,Tax Rate,2023,2.10,2.1,2.1,0,reported
Lockland,Tax Rate,2024,2.10,2.1,2.1,0,reported
Lockland,Tax Rate,2025,2.10,2.1,2.1,0,reported
Lockland,Credit Factor,2016,100,100.0,100.0,0,reported
Lockland,Credit Factor,2017,100,100.0,100.0,0,reported
Lockland,Credit Factor,2018,100,100.0,100.0,0,reported
Lockland,Credit Factor,2019,100,100.0,100.0,0,reported
Lockland,Credit Factor,2020,100,100.0,100.0,0,reported
Lockland,Credit Factor,2021,100,100.0,100.0,0,reported
Lockland,Credit Factor,2022,100,100.0,100.0,0,reported
Lockland,Credit Factor,2023,100,100.0,100.0,0,reported
Lockland,Credit Factor,2024,100,100.0,100.0,0,reported
Lockland,Credit Factor,2025,100,100.0,100.0,0,reported
Lockland,Credit Rate,2016,2.10,2.1,2.1,0,reported
Lockland,Credit Rate,2017,2.10,2.1,2.1,0,reported
Lockland,Credit Rate,2018,2.10,2.1,2.1,0,reported
Lockland,Credit Rate,2019,2.10,2.1,2.1,0,reported
Lockland,Credit Rate,2020,2.10,2.1,2.1,0,reported
Lockland,Credit Rate,2021,2.10,2.1,2.1,0,reported
Lockland,Credit Rate,2022,2.10,2.1,2.1,0,reported
Lockland,Credit Rate,2023,2.10,2.1,2.1,0,reported
Lockland,Credit Rate,2024,2.10,2.1,2.1,0,reported
Lockland,Credit Rate,2025,2.10,2.1,2.1,0,reported
Lodi,Tax Rate,2016,-,,,0,not_member_or_no_tax
Lodi,Tax Rate,2017,-,,,0,not_member_or_no_tax
Lodi,Tax Rate,2018,1.00,1.0,1.0,0,reported
Lodi,Tax Rate,2019,1.00,1.0,1.0,0,reported
Lodi,Tax Rate,2020,1.00,1.0,1.0,0,reported
Lodi,Tax Rate,2021,1.00,1.0,1.0,0,reported
Lodi,Tax Rate,2022,1.00,1.0,1.0,0,reported
Lodi,Tax Rate,2023,1.00,1.0,1.0,0,reported
Lodi,Tax Rate,2024,1.00,1.0,1.0,0,reported
Lodi,Tax Rate,2025,1.00,1.0,1.0,0,reported
Lodi,Credit Factor,2016,-,,,0,not_member_or_no_tax
Lodi,Credit Factor,2017,-,,,0,not_member_or_no_tax
Lodi,Credit Factor,2018,-,0.0,0.0,0,dash_zero_inferred
Lodi,Credit Factor,2019,-,0.0,0.0,0,dash_zero_inferred
Lodi,Credit Factor,2020,-,0.0,0.0,0,dash_zero_inferred
Lodi,Credit Factor,2021,-,0.0,0.0,0,dash_zero_inferred
Lodi,Credit Factor,2022,-,0.0,0.0,0,dash_zero_inferred
Lodi,Credit Factor,2023,-,0.0,0.0,0,dash_zero_inferred
Lodi,Credit Factor,2024,-,0.0,0.0,0,dash_zero_inferred
Lodi,Credit Factor,2025,-,0.0,0.0,0,dash_zero_inferred
Lodi,Credit Rate,2016,-,,,0,not_member_or_no_tax
Lodi,Credit Rate,2017,-,,,0,not_member_or_no_tax
Lodi,Credit Rate,2018,-,0.0,0.0,0,dash_zero_inferred
Lodi,Credit Rate,2019,-,0.0,0.0,0,dash_zero_inferred
Lodi,Credit Rate,2020,-,0.0,0.0,0,dash_zero_inferred
Lodi,Credit Rate,2021,-,0.0,0.0,0,dash_zero_inferred
Lodi,Credit Rate,2022,-,0.0,0.0,0,dash_zero_inferred
Lodi,Credit Rate,2023,-,0.0,0.0,0,dash_zero_inferred
Lodi,Credit Rate,2024,-,0.0,0.0,0,dash_zero_inferred
Lodi,Credit Rate,2025,-,0.0,0.0,0,dash_zero_inferred
Loveland,Tax Rate,2016,1.00,1.0,1.0,0,reported
Loveland,Tax Rate,2017,1.00,1.0,1.0,0,reported
Loveland,Tax Rate,2018,1.00,1.0,1.0,0,reported
Loveland,Tax Rate,2019,1.00,1.0,1.0,0,reported
Loveland,Tax Rate,2020,1.00,1.0,1.0,0,reported
Loveland,Tax Rate,2021,1.00,1.0,1.0,0,reported
Loveland,Tax Rate,2022,1.00,1.0,1.0,0,reported
Loveland,Tax Rate,2023,1.00,1.0,1.0,0,reported
Loveland,Tax Rate,2024,1.00,1.0,1.0,0,reported
Loveland,Tax Rate,2025,1.00,1.0,1.0,0,reported
Loveland,Credit Factor,2016,100,100.0,100.0,0,reported
Loveland,Credit Factor,2017,100,100.0,100.0,0,reported
Loveland,Credit Factor,2018,100,100.0,100.0,0,reported
Loveland,Credit Factor,2019,100,100.0,100.0,0,reported
Loveland,Credit Factor,2020,100,100.0,100.0,0,reported
Loveland,Credit Factor,2021,100,100.0,100.0,0,reported
Loveland,Credit Factor,2022,100,100.0,100.0,0,reported
Loveland,Credit Factor,2023,100,100.0,100.0,0,reported
Loveland,Credit Factor,2024,100,100.0,100.0,0,reported
Loveland,Credit Factor,2025,100,100.0,100.0,0,reported
Loveland,Credit Rate,2016,1.00,1.0,1.0,0,reported
Loveland,Credit Rate,2017,1.00,1.0,1.0,0,reported
Loveland,Credit Rate,2018,1.00,1.0,1.0,0,reported
Loveland,Credit Rate,2019,1.00,1.0,1.0,0,reported
Loveland,Credit Rate,2020,1.00,1.0,1.0,0,reported
Loveland,Credit Rate,2021,1.00,1.0,1.0,0,reported
Loveland,Credit Rate,2022,1.00,1.0,1.0,0,reported
Loveland,Credit Rate,2023,1.00,1.0,1.0,0,reported
Loveland,Credit Rate,2024,1.00,1.0,1.0,0,reported
Loveland,Credit Rate,2025,1.00,1.0,1.0,0,reported
Lowellville,Tax Rate,2016,2.00,2.0,2.0,0,reported
Lowellville,Tax Rate,2017,2.00,2.0,2.0,0,reported
Lowellville,Tax Rate,2018,2.00,2.0,2.0,0,reported
Lowellville,Tax Rate,2019,2.00,2.0,2.0,0,reported
Lowellville,Tax Rate,2020,2.00,2.0,2.0,0,reported
Lowellville,Tax Rate,2021,2.00,2.0,2.0,0,reported
Lowellville,Tax Rate,2022,2.00,2.0,2.0,0,reported
Lowellville,Tax Rate,2023,2.00,2.0,2.0,0,reported
Lowellville,Tax Rate,2024,2.00,2.0,2.0,0,reported
Lowellville,Tax Rate,2025,2.00,2.0,2.0,0,reported
Lowellville,Credit Factor,2016,100,100.0,100.0,0,reported
Lowellville,Credit Factor,2017,100,100.0,100.0,0,reported
Lowellville,Credit Factor,2018,100,100.0,100.0,0,reported
Lowellville,Credit Factor,2019,100,100.0,100.0,0,reported
Lowellville,Credit Factor,2020,100,100.0,100.0,0,reported
Lowellville,Credit Factor,2021,100,100.0,100.0,0,reported
Lowellville,Credit Factor,2022,100,100.0,100.0,0,reported
Lowellville,Credit Factor,2023,100,100.0,100.0,0,reported
Lowellville,Credit Factor,2024,100,100.0,100.0,0,reported
Lowellville,Credit Factor,2025,100,100.0,100.0,0,reported
Lowellville,Credit Rate,2016,2.00,2.0,2.0,0,reported
Lowellville,Credit Rate,2017,2.00,2.0,2.0,0,reported
Lowellville,Credit Rate,2018,2.00,2.0,2.0,0,reported
Lowellville,Credit Rate,2019,2.00,2.0,2.0,0,reported
Lowellville,Credit Rate,2020,2.00,2.0,2.0,0,reported
Lowellville,Credit Rate,2021,2.00,2.0,2.0,0,reported
Lowellville,Credit Rate,2022,2.00,2.0,2.0,0,reported
Lowellville,Credit Rate,2023,2.00,2.0,2.0,0,reported
Lowellville,Credit Rate,2024,2.00,2.0,2.0,0,reported
Lowellville,Credit Rate,2025,2.00,2.0,2.0,0,reported
Lyndhurst,Tax Rate,2016,2.00,2.0,2.0,0,reported
Lyndhurst,Tax Rate,2017,2.00,2.0,2.0,0,reported
Lyndhurst,Tax Rate,2018,2.00,2.0,2.0,0,reported
Lyndhurst,Tax Rate,2019,2.00,2.0,2.0,0,reported
Lyndhurst,Tax Rate,2020,2.00,2.0,2.0,0,reported
Lyndhurst,Tax Rate,2021,2.00,2.0,2.0,0,reported
Lyndhurst,Tax Rate,2022,2.00,2.0,2.0,0,reported
Lyndhurst,Tax Rate,2023,2.00,2.0,2.0,0,reported
Lyndhurst,Tax Rate,2024,2.00,2.0,2.0,0,reported
Lyndhurst,Tax Rate,2025,2.00,2.0,2.0,0,reported
Lyndhurst,Credit Factor,2016,50,50.0,50.0,0,reported
Lyndhurst,Credit Factor,2017,50,50.0,50.0,0,reported
Lyndhurst,Credit Factor,2018,50,50.0,50.0,0,reported
Lyndhurst,Credit Factor,2019,50,50.0,50.0,0,reported
Lyndhurst,Credit Factor,2020,50,50.0,50.0,0,reported
Lyndhurst,Credit Factor,2021,50,50.0,50.0,0,reported
Lyndhurst,Credit Factor,2022,50,50.0,50.0,0,reported
Lyndhurst,Credit Factor,2023,50,50.0,50.0,0,reported
Lyndhurst,Credit Factor,2024,50,50.0,50.0,0,reported
Lyndhurst,Credit Factor,2025,50,50.0,50.0,0,reported
Lyndhurst,Credit Rate,2016,2.00,2.0,2.0,0,reported
Lyndhurst,Credit Rate,2017,2.00,2.0,2.0,0,reported
Lyndhurst,Credit Rate,2018,2.00,2.0,2.0,0,reported
Lyndhurst,Credit Rate,2019,2.00,2.0,2.0,0,reported
Lyndhurst,Credit Rate,2020,2.00,2.0,2.0,0,reported
Lyndhurst,Credit Rate,2021,2.00,2.0,2.0,0,reported
Lyndhurst,Credit Rate,2022,2.00,2.0,2.0,0,reported
Lyndhurst,Credit Rate,2023,2.00,2.0,2.0,0,reported
Lyndhurst,Credit Rate,2024,2.00,2.0,2.0,0,reported
Lyndhurst,Credit Rate,2025,2.00,2.0,2.0,0,reported
Lyons,Tax Rate,2016,1.00,1.0,1.0,0,reported
Lyons,Tax Rate,2017,1.00,1.0,1.0,0,reported
Lyons,Tax Rate,2018,1.00,1.0,1.0,0,reported
Lyons,Tax Rate,2019,1.00,1.0,1.0,0,reported
Lyons,Tax Rate,2020,1.00,1.0,1.0,0,reported
Lyons,Tax Rate,2021,1.00,1.0,1.0,0,reported
Lyons,Tax Rate,2022,1.00,1.0,1.0,0,reported
Lyons,Tax Rate,2023,1.00,1.0,1.0,0,reported
Lyons,Tax Rate,2024,1.00,1.0,1.0,0,reported
Lyons,Tax Rate,2025,1.00,1.0,1.0,0,reported
Lyons,Credit Factor,2016,-,0.0,0.0,0,dash_zero_inferred
Lyons,Credit Factor,2017,-,0.0,0.0,0,dash_zero_inferred
Lyons,Credit Factor,2018,-,0.0,0.0,0,dash_zero_inferred
Lyons,Credit Factor,2019,-,0.0,0.0,0,dash_zero_inferred
Lyons,Credit Factor,2020,-,0.0,0.0,0,dash_zero_inferred
Lyons,Credit Factor,2021,-,0.0,0.0,0,dash_zero_inferred
Lyons,Credit Factor,2022,-,0.0,0.0,0,dash_zero_inferred
Lyons,Credit Factor,2023,-,0.0,0.0,0,dash_zero_inferred
Lyons,Credit Factor,2024,-,0.0,0.0,0,dash_zero_inferred
Lyons,Credit Factor,2025,-,0.0,0.0,0,dash_zero_inferred
Lyons,Credit Rate,2016,-,0.0,0.0,0,dash_zero_inferred
Lyons,Credit Rate,2017,-,0.0,0.0,0,dash_zero_inferred
Lyons,Credit Rate,2018,-,0.0,0.0,0,dash_zero_inferred
Lyons,Credit Rate,2019,-,0.0,0.0,0,dash_zero_inferred
Lyons,Credit Rate,2020,-,0.0,0.0,0,dash_zero_inferred
Lyons,Credit Rate,2021,-,0.0,0.0,0,dash_zero_inferred
Lyons,Credit Rate,2022,-,0.0,0.0,0,dash_zero_inferred
Lyons,Credit Rate,2023,-,0.0,0.0,0,dash_zero_inferred
Lyons,Credit Rate,2024,-,0.0,0.0,0,dash_zero_inferred
Lyons,Credit Rate,2025,-,0.0,0.0,0,dash_zero_inferred
Macedonia,Tax Rate,2016,2.00,2.0,2.0,0,reported
Macedonia,Tax Rate,2017,2.25/2.00,2.25,2.0,1,split_new_first
Macedonia,Tax Rate,2018,2.25,2.25,2.25,0,reported
Macedonia,Tax Rate,2019,2.50/2.25,2.5,2.25,1,split_new_first
Macedonia,Tax Rate,2020,2.50,2.5,2.5,0,reported
Macedonia,Tax Rate,2021,2.50,2.5,2.5,0,reported
Macedonia,Tax Rate,2022,2.50,2.5,2.5,0,reported
Macedonia,Tax Rate,2023,2.50,2.5,2.5,0,reported
Macedonia,Tax Rate,2024,2.50,2.5,2.5,0,reported
Macedonia,Tax Rate,2025,2.50,2.5,2.5,0,reported
Macedonia,Credit Factor,2016,100,100.0,100.0,0,reported
Macedonia,Credit Factor,2017,100,100.0,100.0,0,reported
Macedonia,Credit Factor,2018,100,100.0,100.0,0,reported
Macedonia,Credit Factor,2019,100,100.0,100.0,0,reported
Macedonia,Credit Factor,2020,100,100.0,100.0,0,reported
Macedonia,Credit Factor,2021,100,100.0,100.0,0,reported
Macedonia,Credit Factor,2022,100,100.0,100.0,0,reported
Macedonia,Credit Factor,2023,100,100.0,100.0,0,reported
Macedonia,Credit Factor,2024,100,100.0,100.0,0,reported
Macedonia,Credit Factor,2025,100,100.0,100.0,0,reported
Macedonia,Credit Rate,2016,2.00,2.0,2.0,0,reported
Macedonia,Credit Rate,2017,2.25/2.00,2.25,2.0,1,split_new_first
Macedonia,Credit Rate,2018,2.25,2.25,2.25,0,reported
Macedonia,Credit Rate,2019,2.50/2.25,2.5,2.25,1,split_new_first
Macedonia,Credit Rate,2020,2.50,2.5,2.5,0,reported
Macedonia,Credit Rate,2021,2.50,2.5,2.5,0,reported
Macedonia,Credit Rate,2022,2.50,2.5,2.5,0,reported
Macedonia,Credit Rate,2023,2.50,2.5,2.5,0,reported
Macedonia,Credit Rate,2024,2.50,2.5,2.5,0,reported
Macedonia,Credit Rate,2025,2.50,2.5,2.5,0,reported
Macedonia/Northfield Jedd,Tax Rate,2016,2.00,2.0,2.0,0,reported
Macedonia/Northfield Jedd,Tax Rate,2017,2.25/2.00,2.25,2.0,1,split_new_first
Macedonia/Northfield Jedd,Tax Rate,2018,2.25,2.25,2.25,0,reported
Macedonia/Northfield Jedd,Tax Rate,2019,2.50/2.25,2.5,2.25,1,split_new_first
Macedonia/Northfield Jedd,Tax Rate,2020,2.50,2.5,2.5,0,reported
Macedonia/Northfield Jedd,Tax Rate,2021,2.50,2.5,2.5,0,reported
Macedonia/Northfield Jedd,Tax Rate,2022,2.50,2.5,2.5,0,reported
Macedonia/Northfield Jedd,Tax Rate,2023,2.50,2.5,2.5,0,reported
Macedonia/Northfield Jedd,Tax Rate,2024,2.50,2.5,2.5,0,reported
Macedonia/Northfield Jedd,Tax Rate,2025,2.50,2.5,2.5,0,reported
Macedonia/Northfield Jedd,Credit Factor,2016,,,,0,absent
Macedonia/Northfield Jedd,Credit Factor,2017,,,,0,absent
Macedonia/Northfield Jedd,Credit Factor,2018,,,,0,absent
Macedonia/Northfield Jedd,Credit Factor,2019,,,,0,absent
Macedonia/Northfield Jedd,Credit Factor,2020,,,,0,absent
Macedonia/Northfield Jedd,Credit Factor,2021,,,,0,absent
Macedonia/Northfield Jedd,Credit Factor,2022,,,,0,absent
Macedonia/Northfield Jedd,Credit Factor,2023,,,,0,absent
Macedonia/Northfield Jedd,Credit Factor,2024,,,,0,absent
Macedonia/Northfield Jedd,Credit Factor,2025,,,,0,absent
Macedonia/Northfield Jedd,Credit Rate,2016,,,,0,absent
Macedonia/Northfield Jedd,Credit Rate,2017,,,,0,absent
Macedonia/Northfield Jedd,Credit Rate,2018,,,,0,absent
Macedonia/Northfield Jedd,Credit Rate,2019,,,,0,absent
Macedonia/Northfield Jedd,Credit Rate,2020,,,,0,absent
Macedonia/Northfield Jedd,Credit Rate,2021,,,,0,absent
Macedonia/Northfield Jedd,Credit Rate,2022,,,,0,absent
Macedonia/Northfield Jedd,Credit Rate,2023,,,,0,absent
Macedonia/Northfield Jedd,Credit Rate,2024,,,,0,absent
Macedonia/Northfield Jedd,Credit Rate,2025,,,,0,absent
Madison Village,Tax Rate,2016,-,,,0,not_member_or_no_tax
Madison Village,Tax Rate,2017,1.00,1.0,1.0,0,reported
Madison Village,Tax Rate,2018,1.00,1.0,1.0,0,reported
Madison Village,Tax Rate,2019,1.00,1.0,1.0,0,reported
Madison Village,Tax Rate,2020,1.00,1.0,1.0,0,reported
Madison Village,Tax Rate,2021,1.00,1.0,1.0,0,reported
Madison Village,Tax Rate,2022,1.00,1.0,1.0,0,reported
Madison Village,Tax Rate,2023,1.00,1.0,1.0,0,reported
Madison Village,Tax Rate,2024,1.00,1.0,1.0,0,reported
Madison Village,Tax Rate,2025,1.00,1.0,1.0,0,reported
Madison Village,Credit Factor,2016,-,,,0,not_member_or_no_tax
Madison Village,Credit Factor,2017,-,0.0,0.0,0,dash_zero_inferred
Madison Village,Credit Factor,2018,-,0.0,0.0,0,dash_zero_inferred
Madison Village,Credit Factor,2019,-,0.0,0.0,0,dash_zero_inferred
Madison Village,Credit Factor,2020,-,0.0,0.0,0,dash_zero_inferred
Madison Village,Credit Factor,2021,-,0.0,0.0,0,dash_zero_inferred
Madison Village,Credit Factor,2022,-,0.0,0.0,0,dash_zero_inferred
Madison Village,Credit Factor,2023,-,0.0,0.0,0,dash_zero_inferred
Madison Village,Credit Factor,2024,-,0.0,0.0,0,dash_zero_inferred
Madison Village,Credit Factor,2025,-,0.0,0.0,0,dash_zero_inferred
Madison Village,Credit Rate,2016,-,,,0,not_member_or_no_tax
Madison Village,Credit Rate,2017,-,0.0,0.0,0,dash_zero_inferred
Madison Village,Credit Rate,2018,-,0.0,0.0,0,dash_zero_inferred
Madison Village,Credit Rate,2019,-,0.0,0.0,0,dash_zero_inferred
Madison Village,Credit Rate,2020,-,0.0,0.0,0,dash_zero_inferred
Madison Village,Credit Rate,2021,-,0.0,0.0,0,dash_zero_inferred
Madison Village,Credit Rate,2022,-,0.0,0.0,0,dash_zero_inferred
Madison Village,Credit Rate,2023,-,0.0,0.0,0,dash_zero_inferred
Madison Village,Credit Rate,2024,-,0.0,0.0,0,dash_zero_inferred
Madison Village,Credit Rate,2025,-,0.0,0.0,0,dash_zero_inferred
Maineville,Tax Rate,2016,1.00,1.0,1.0,0,reported
Maineville,Tax Rate,2017,1.00,1.0,1.0,0,reported
Maineville,Tax Rate,2018,1.00,1.0,1.0,0,reported
Maineville,Tax Rate,2019,1.00,1.0,1.0,0,reported
Maineville,Tax Rate,2020,1.00,1.0,1.0,0,reported
Maineville,Tax Rate,2021,1.00,1.0,1.0,0,reported
Maineville,Tax Rate,2022,1.00,1.0,1.0,0,reported
Maineville,Tax Rate,2023,1.00,1.0,1.0,0,reported
Maineville,Tax Rate,2024,1.00,1.0,1.0,0,reported
Maineville,Tax Rate,2025,1.00,1.0,1.0,0,reported
Maineville,Credit Factor,2016,50,50.0,50.0,0,reported
Maineville,Credit Factor,2017,50,50.0,50.0,0,reported
Maineville,Credit Factor,2018,50,50.0,50.0,0,reported
Maineville,Credit Factor,2019,50,50.0,50.0,0,reported
Maineville,Credit Factor,2020,50,50.0,50.0,0,reported
Maineville,Credit Factor,2021,50,50.0,50.0,0,reported
Maineville,Credit Factor,2022,50,50.0,50.0,0,reported
Maineville,Credit Factor,2023,50,50.0,50.0,0,reported
Maineville,Credit Factor,2024,50,50.0,50.0,0,reported
Maineville,Credit Factor,2025,50,50.0,50.0,0,reported
Maineville,Credit Rate,2016,1.00,1.0,1.0,0,reported
Maineville,Credit Rate,2017,1.00,1.0,1.0,0,reported
Maineville,Credit Rate,2018,1.00,1.0,1.0,0,reported
Maineville,Credit Rate,2019,1.00,1.0,1.0,0,reported
Maineville,Credit Rate,2020,1.00,1.0,1.0,0,reported
Maineville,Credit Rate,2021,1.00,1.0,1.0,0,reported
Maineville,Credit Rate,2022,1.00,1.0,1.0,0,reported
Maineville,Credit Rate,2023,1.00,1.0,1.0,0,reported
Maineville,Credit Rate,2024,1.00,1.0,1.0,0,reported
Maineville,Credit Rate,2025,1.00,1.0,1.0,0,reported
Malinta,Tax Rate,2016,-,,,0,not_member_or_no_tax
Malinta,Tax Rate,2017,-,,,0,not_member_or_no_tax
Malinta,Tax Rate,2018,-,,,0,not_member_or_no_tax
Malinta,Tax Rate,2019,-,,,0,not_member_or_no_tax
Malinta,Tax Rate,2020,-,,,0,not_member_or_no_tax
Malinta,Tax Rate,2021,-,,,0,not_member_or_no_tax
Malinta,Tax Rate,2022,1.00,1.0,1.0,0,reported
Malinta,Tax Rate,2023,1.00,1.0,1.0,0,reported
Malinta,Tax Rate,2024,1.00,1.0,1.0,0,reported
Malinta,Tax Rate,2025,1.00,1.0,1.0,0,reported
Malinta,Credit Factor,2016,-,,,0,not_member_or_no_tax
Malinta,Credit Factor,2017,-,,,0,not_member_or_no_tax
Malinta,Credit Factor,2018,-,,,0,not_member_or_no_tax
Malinta,Credit Factor,2019,-,,,0,not_member_or_no_tax
Malinta,Credit Factor,2020,-,,,0,not_member_or_no_tax
Malinta,Credit Factor,2021,-,,,0,not_member_or_no_tax
Malinta,Credit Factor,2022,50,50.0,50.0,0,reported
Malinta,Credit Factor,2023,50,50.0,50.0,0,reported
Malinta,Credit Factor,2024,50,50.0,50.0,0,reported
Malinta,Credit Factor,2025,50,50.0,50.0,0,reported
Malinta,Credit Rate,2016,-,,,0,not_member_or_no_tax
Malinta,Credit Rate,2017,-,,,0,not_member_or_no_tax
Malinta,Credit Rate,2018,-,,,0,not_member_or_no_tax
Malinta,Credit Rate,2019,-,,,0,not_member_or_no_tax
Malinta,Credit Rate,2020,-,,,0,not_member_or_no_tax
Malinta,Credit Rate,2021,-,,,0,not_member_or_no_tax
Malinta,Credit Rate,2022,1.00,1.0,1.0,0,reported
Malinta,Credit Rate,2023,1.00,1.0,1.0,0,reported
Malinta,Credit Rate,2024,1.00,1.0,1.0,0,reported
Malinta,Credit Rate,2025,1.00,1.0,1.0,0,reported
Malvern,Tax Rate,2016,-,,,0,not_member_or_no_tax
Malvern,Tax Rate,2017,-,,,0,not_member_or_no_tax
Malvern,Tax Rate,2018,1.00,1.0,1.0,0,reported
Malvern,Tax Rate,2019,1.00,1.0,1.0,0,reported
Malvern,Tax Rate,2020,1.00,1.0,1.0,0,reported
Malvern,Tax Rate,2021,1.00,1.0,1.0,0,reported
Malvern,Tax Rate,2022,1.00,1.0,1.0,0,reported
Malvern,Tax Rate,2023,1.00,1.0,1.0,0,reported
Malvern,Tax Rate,2024,1.00,1.0,1.0,0,reported
Malvern,Tax Rate,2025,1.00,1.0,1.0,0,reported
Malvern,Credit Factor,2016,-,,,0,not_member_or_no_tax
Malvern,Credit Factor,2017,-,,,0,not_member_or_no_tax
Malvern,Credit Factor,2018,100,100.0,100.0,0,reported
Malvern,Credit Factor,2019,100,100.0,100.0,0,reported
Malvern,Credit Factor,2020,100,100.0,100.0,0,reported
Malvern,Credit Factor,2021,100,100.0,100.0,0,reported
Malvern,Credit Factor,2022,100,100.0,100.0,0,reported
Malvern,Credit Factor,2023,100,100.0,100.0,0,reported
Malvern,Credit Factor,2024,100,100.0,100.0,0,reported
Malvern,Credit Factor,2025,100,100.0,100.0,0,reported
Malvern,Credit Rate,2016,-,,,0,not_member_or_no_tax
Malvern,Credit Rate,2017,-,,,0,not_member_or_no_tax
Malvern,Credit Rate,2018,1.00,1.0,1.0,0,reported
Malvern,Credit Rate,2019,1.00,1.0,1.0,0,reported
Malvern,Credit Rate,2020,1.00,1.0,1.0,0,reported
Malvern,Credit Rate,2021,1.00,1.0,1.0,0,reported
Malvern,Credit Rate,2022,1.00,1.0,1.0,0,reported
Malvern,Credit Rate,2023,1.00,1.0,1.0,0,reported
Malvern,Credit Rate,2024,1.00,1.0,1.0,0,reported
Malvern,Credit Rate,2025,1.00,1.0,1.0,0,reported
Manchester,Tax Rate,2016,1.00,1.0,1.0,0,reported
Manchester,Tax Rate,2017,1.00,1.0,1.0,0,reported
Manchester,Tax Rate,2018,1.00,1.0,1.0,0,reported
Manchester,Tax Rate,2019,1.00,1.0,1.0,0,reported
Manchester,Tax Rate,2020,1.00,1.0,1.0,0,reported
Manchester,Tax Rate,2021,1.00,1.0,1.0,0,reported
Manchester,Tax Rate,2022,1.00,1.0,1.0,0,reported
Manchester,Tax Rate,2023,1.00,1.0,1.0,0,reported
Manchester,Tax Rate,2024,1.00,1.0,1.0,0,reported
Manchester,Tax Rate,2025,1.00,1.0,1.0,0,reported
Manchester,Credit Factor,2016,100,100.0,100.0,0,reported
Manchester,Credit Factor,2017,100,100.0,100.0,0,reported
Manchester,Credit Factor,2018,100,100.0,100.0,0,reported
Manchester,Credit Factor,2019,100,100.0,100.0,0,reported
Manchester,Credit Factor,2020,100,100.0,100.0,0,reported
Manchester,Credit Factor,2021,100,100.0,100.0,0,reported
Manchester,Credit Factor,2022,100,100.0,100.0,0,reported
Manchester,Credit Factor,2023,100,100.0,100.0,0,reported
Manchester,Credit Factor,2024,100,100.0,100.0,0,reported
Manchester,Credit Factor,2025,100,100.0,100.0,0,reported
Manchester,Credit Rate,2016,1.00,1.0,1.0,0,reported
Manchester,Credit Rate,2017,1.00,1.0,1.0,0,reported
Manchester,Credit Rate,2018,1.00,1.0,1.0,0,reported
Manchester,Credit Rate,2019,1.00,1.0,1.0,0,reported
Manchester,Credit Rate,2020,1.00,1.0,1.0,0,reported
Manchester,Credit Rate,2021,1.00,1.0,1.0,0,reported
Manchester,Credit Rate,2022,1.00,1.0,1.0,0,reported
Manchester,Credit Rate,2023,1.00,1.0,1.0,0,reported
Manchester,Credit Rate,2024,1.00,1.0,1.0,0,reported
Manchester,Credit Rate,2025,1.00,1.0,1.0,0,reported
Mantua Village,Tax Rate,2016,-,,,0,not_member_or_no_tax
Mantua Village,Tax Rate,2017,-,,,0,not_member_or_no_tax
Mantua Village,Tax Rate,2018,-,,,0,not_member_or_no_tax
Mantua Village,Tax Rate,2019,-,,,0,not_member_or_no_tax
Mantua Village,Tax Rate,2020,1.50,1.5,1.5,0,reported
Mantua Village,Tax Rate,2021,1.50,1.5,1.5,0,reported
Mantua Village,Tax Rate,2022,2.00/1.5,2.0,1.5,1,split_new_first
Mantua Village,Tax Rate,2023,2.00,2.0,2.0,0,reported
Mantua Village,Tax Rate,2024,2.00,2.0,2.0,0,reported
Mantua Village,Tax Rate,2025,2.00,2.0,2.0,0,reported
Mantua Village,Credit Factor,2016,-,,,0,not_member_or_no_tax
Mantua Village,Credit Factor,2017,-,,,0,not_member_or_no_tax
Mantua Village,Credit Factor,2018,-,,,0,not_member_or_no_tax
Mantua Village,Credit Factor,2019,-,,,0,not_member_or_no_tax
Mantua Village,Credit Factor,2020,100,100.0,100.0,0,reported
Mantua Village,Credit Factor,2021,100,100.0,100.0,0,reported
Mantua Village,Credit Factor,2022,100,100.0,100.0,0,reported
Mantua Village,Credit Factor,2023,100,100.0,100.0,0,reported
Mantua Village,Credit Factor,2024,100,100.0,100.0,0,reported
Mantua Village,Credit Factor,2025,100,100.0,100.0,0,reported
Mantua Village,Credit Rate,2016,-,,,0,not_member_or_no_tax
Mantua Village,Credit Rate,2017,-,,,0,not_member_or_no_tax
Mantua Village,Credit Rate,2018,-,,,0,not_member_or_no_tax
Mantua Village,Credit Rate,2019,-,,,0,not_member_or_no_tax
Mantua Village,Credit Rate,2020,0.50,0.5,0.5,0,reported
Mantua Village,Credit Rate,2021,0.50,0.5,0.5,0,reported
Mantua Village,Credit Rate,2022,0.50,0.5,0.5,0,reported
Mantua Village,Credit Rate,2023,0.50,0.5,0.5,0,reported
Mantua Village,Credit Rate,2024,0.50,0.5,0.5,0,reported
Mantua Village,Credit Rate,2025,0.50,0.5,0.5,0,reported
Maple Heights,Tax Rate,2016,2.50,2.5,2.5,0,reported
Maple Heights,Tax Rate,2017,2.50,2.5,2.5,0,reported
Maple Heights,Tax Rate,2018,2.50,2.5,2.5,0,reported
Maple Heights,Tax Rate,2019,2.50,2.5,2.5,0,reported
Maple Heights,Tax Rate,2020,2.50,2.5,2.5,0,reported
Maple Heights,Tax Rate,2021,2.50,2.5,2.5,0,reported
Maple Heights,Tax Rate,2022,2.50,2.5,2.5,0,reported
Maple Heights,Tax Rate,2023,2.50,2.5,2.5,0,reported
Maple Heights,Tax Rate,2024,2.50,2.5,2.5,0,reported
Maple Heights,Tax Rate,2025,2.50,2.5,2.5,0,reported
Maple Heights,Credit Factor,2016,100,100.0,100.0,0,reported
Maple Heights,Credit Factor,2017,100,100.0,100.0,0,reported
Maple Heights,Credit Factor,2018,100,100.0,100.0,0,reported
Maple Heights,Credit Factor,2019,100,100.0,100.0,0,reported
Maple Heights,Credit Factor,2020,100,100.0,100.0,0,reported
Maple Heights,Credit Factor,2021,100,100.0,100.0,0,reported
Maple Heights,Credit Factor,2022,100,100.0,100.0,0,reported
Maple Heights,Credit Factor,2023,100,100.0,100.0,0,reported
Maple Heights,Credit Factor,2024,100,100.0,100.0,0,reported
Maple Heights,Credit Factor,2025,100,100.0,100.0,0,reported
Maple Heights,Credit Rate,2016,2.50,2.5,2.5,0,reported
Maple Heights,Credit Rate,2017,2.50,2.5,2.5,0,reported
Maple Heights,Credit Rate,2018,2.50,2.5,2.5,0,reported
Maple Heights,Credit Rate,2019,2.50,2.5,2.5,0,reported
Maple Heights,Credit Rate,2020,2.50,2.5,2.5,0,reported
Maple Heights,Credit Rate,2021,2.50,2.5,2.5,0,reported
Maple Heights,Credit Rate,2022,2.50,2.5,2.5,0,reported
Maple Heights,Credit Rate,2023,2.50,2.5,2.5,0,reported
Maple Heights,Credit Rate,2024,2.50,2.5,2.5,0,reported
Maple Heights,Credit Rate,2025,2.50,2.5,2.5,0,reported
Marengo,Tax Rate,2016,1.00,1.0,1.0,0,reported
Marengo,Tax Rate,2017,1.00,1.0,1.0,0,reported
Marengo,Tax Rate,2018,1.00,1.0,1.0,0,reported
Marengo,Tax Rate,2019,1.00,1.0,1.0,0,reported
Marengo,Tax Rate,2020,1.00,1.0,1.0,0,reported
Marengo,Tax Rate,2021,1.00,1.0,1.0,0,reported
Marengo,Tax Rate,2022,1.00,1.0,1.0,0,reported
Marengo,Tax Rate,2023,1.00,1.0,1.0,0,reported
Marengo,Tax Rate,2024,1.00,1.0,1.0,0,reported
Marengo,Tax Rate,2025,1.00,1.0,1.0,0,reported
Marengo,Credit Factor,2016,-,0.0,0.0,0,dash_zero_inferred
Marengo,Credit Factor,2017,-,0.0,0.0,0,dash_zero_inferred
Marengo,Credit Factor,2018,-,0.0,0.0,0,dash_zero_inferred
Marengo,Credit Factor,2019,-,0.0,0.0,0,dash_zero_inferred
Marengo,Credit Factor,2020,-,0.0,0.0,0,dash_zero_inferred
Marengo,Credit Factor,2021,-,0.0,0.0,0,dash_zero_inferred
Marengo,Credit Factor,2022,-,0.0,0.0,0,dash_zero_inferred
Marengo,Credit Factor,2023,-,0.0,0.0,0,dash_zero_inferred
Marengo,Credit Factor,2024,-,0.0,0.0,0,dash_zero_inferred
Marengo,Credit Factor,2025,-,0.0,0.0,0,dash_zero_inferred
Marengo,Credit Rate,2016,-,0.0,0.0,0,dash_zero_inferred
Marengo,Credit Rate,2017,-,0.0,0.0,0,dash_zero_inferred
Marengo,Credit Rate,2018,-,0.0,0.0,0,dash_zero_inferred
Marengo,Credit Rate,2019,-,0.0,0.0,0,dash_zero_inferred
Marengo,Credit Rate,2020,-,0.0,0.0,0,dash_zero_inferred
Marengo,Credit Rate,2021,-,0.0,0.0,0,dash_zero_inferred
Marengo,Credit Rate,2022,-,0.0,0.0,0,dash_zero_inferred
Marengo,Credit Rate,2023,-,0.0,0.0,0,dash_zero_inferred
Marengo,Credit Rate,2024,-,0.0,0.0,0,dash_zero_inferred
Marengo,Credit Rate,2025,-,0.0,0.0,0,dash_zero_inferred
Marengo-Bennington Twp JEDD,Tax Rate,2016,-,,,0,not_member_or_no_tax
Marengo-Bennington Twp JEDD,Tax Rate,2017,-,,,0,not_member_or_no_tax
Marengo-Bennington Twp JEDD,Tax Rate,2018,-,,,0,not_member_or_no_tax
Marengo-Bennington Twp JEDD,Tax Rate,2019,-,,,0,not_member_or_no_tax
Marengo-Bennington Twp JEDD,Tax Rate,2020,-,,,0,not_member_or_no_tax
Marengo-Bennington Twp JEDD,Tax Rate,2021,-,,,0,not_member_or_no_tax
Marengo-Bennington Twp JEDD,Tax Rate,2022,-,,,0,not_member_or_no_tax
Marengo-Bennington Twp JEDD,Tax Rate,2023,-,,,0,not_member_or_no_tax
Marengo-Bennington Twp JEDD,Tax Rate,2024,1.00,1.0,1.0,0,reported
Marengo-Bennington Twp JEDD,Tax Rate,2025,1.00,1.0,1.0,0,reported
Marengo-Bennington Twp JEDD,Credit Factor,2016,,,,0,absent
Marengo-Bennington Twp JEDD,Credit Factor,2017,,,,0,absent
Marengo-Bennington Twp JEDD,Credit Factor,2018,,,,0,absent
Marengo-Bennington Twp JEDD,Credit Factor,2019,,,,0,absent
Marengo-Bennington Twp JEDD,Credit Factor,2020,,,,0,absent
Marengo-Bennington Twp JEDD,Credit Factor,2021,,,,0,absent
Marengo-Bennington Twp JEDD,Credit Factor,2022,,,,0,absent
Marengo-Bennington Twp JEDD,Credit Factor,2023,,,,0,absent
Marengo-Bennington Twp JEDD,Credit Factor,2024,,,,0,absent
Marengo-Bennington Twp JEDD,Credit Factor,2025,,,,0,absent
Marengo-Bennington Twp JEDD,Credit Rate,2016,,,,0,absent
Marengo-Bennington Twp JEDD,Credit Rate,2017,,,,0,absent
Marengo-Bennington Twp JEDD,Credit Rate,2018,,,,0,absent
Marengo-Bennington Twp JEDD,Credit Rate,2019,,,,0,absent
Marengo-Bennington Twp JEDD,Credit Rate,2020,,,,0,absent
Marengo-Bennington Twp JEDD,Credit Rate,2021,,,,0,absent
Marengo-Bennington Twp JEDD,Credit Rate,2022,,,,0,absent
Marengo-Bennington Twp JEDD,Credit Rate,2023,,,,0,absent
Marengo-Bennington Twp JEDD,Credit Rate,2024,,,,0,absent
Marengo-Bennington Twp JEDD,Credit Rate,2025,,,,0,absent
Martins Ferry,Tax Rate,2016,1.00,1.0,1.0,0,reported
Martins Ferry,Tax Rate,2017,1.00,1.0,1.0,0,reported
Martins Ferry,Tax Rate,2018,1.00,1.0,1.0,0,reported
Martins Ferry,Tax Rate,2019,1.00,1.0,1.0,0,reported
Martins Ferry,Tax Rate,2020,1.00,1.0,1.0,0,reported
Martins Ferry,Tax Rate,2021,1.00,1.0,1.0,0,reported
Martins Ferry,Tax Rate,2022,1.00,1.0,1.0,0,reported
Martins Ferry,Tax Rate,2023,1.00,1.0,1.0,0,reported
Martins Ferry,Tax Rate,2024,1.00,1.0,1.0,0,reported
Martins Ferry,Tax Rate,2025,1.00,1.0,1.0,0,reported
Martins Ferry,Credit Factor,2016,100,100.0,100.0,0,reported
Martins Ferry,Credit Factor,2017,100,100.0,100.0,0,reported
Martins Ferry,Credit Factor,2018,100,100.0,100.0,0,reported
Martins Ferry,Credit Factor,2019,100,100.0,100.0,0,reported
Martins Ferry,Credit Factor,2020,100,100.0,100.0,0,reported
Martins Ferry,Credit Factor,2021,100,100.0,100.0,0,reported
Martins Ferry,Credit Factor,2022,100,100.0,100.0,0,reported
Martins Ferry,Credit Factor,2023,100,100.0,100.0,0,reported
Martins Ferry,Credit Factor,2024,100,100.0,100.0,0,reported
Martins Ferry,Credit Factor,2025,100,100.0,100.0,0,reported
Martins Ferry,Credit Rate,2016,1.00,1.0,1.0,0,reported
Martins Ferry,Credit Rate,2017,1.00,1.0,1.0,0,reported
Martins Ferry,Credit Rate,2018,1.00,1.0,1.0,0,reported
Martins Ferry,Credit Rate,2019,1.00,1.0,1.0,0,reported
Martins Ferry,Credit Rate,2020,1.00,1.0,1.0,0,reported
Martins Ferry,Credit Rate,2021,1.00,1.0,1.0,0,reported
Martins Ferry,Credit Rate,2022,1.00,1.0,1.0,0,reported
Martins Ferry,Credit Rate,2023,1.00,1.0,1.0,0,reported
Martins Ferry,Credit Rate,2024,1.00,1.0,1.0,0,reported
Martins Ferry,Credit Rate,2025,1.00,1.0,1.0,0,reported
Mayfield Heights,Tax Rate,2016,1.00,1.0,1.0,0,reported
Mayfield Heights,Tax Rate,2017,1.00,1.0,1.0,0,reported
Mayfield Heights,Tax Rate,2018,1.00,1.0,1.0,0,reported
Mayfield Heights,Tax Rate,2019,1.00,1.0,1.0,0,reported
Mayfield Heights,Tax Rate,2020,1.50/1.00,1.5,1.0,1,split_new_first
Mayfield Heights,Tax Rate,2021,1.50,1.5,1.5,0,reported
Mayfield Heights,Tax Rate,2022,1.50,1.5,1.5,0,reported
Mayfield Heights,Tax Rate,2023,1.50,1.5,1.5,0,reported
Mayfield Heights,Tax Rate,2024,1.50,1.5,1.5,0,reported
Mayfield Heights,Tax Rate,2025,1.50,1.5,1.5,0,reported
Mayfield Heights,Credit Factor,2016,50,50.0,50.0,0,reported
Mayfield Heights,Credit Factor,2017,50,50.0,50.0,0,reported
Mayfield Heights,Credit Factor,2018,50,50.0,50.0,0,reported
Mayfield Heights,Credit Factor,2019,50,50.0,50.0,0,reported
Mayfield Heights,Credit Factor,2020,100/50,100.0,50.0,1,split_new_first
Mayfield Heights,Credit Factor,2021,100,100.0,100.0,0,reported
Mayfield Heights,Credit Factor,2022,100,100.0,100.0,0,reported
Mayfield Heights,Credit Factor,2023,100,100.0,100.0,0,reported
Mayfield Heights,Credit Factor,2024,100,100.0,100.0,0,reported
Mayfield Heights,Credit Factor,2025,100,100.0,100.0,0,reported
Mayfield Heights,Credit Rate,2016,1.00,1.0,1.0,0,reported
Mayfield Heights,Credit Rate,2017,1.00,1.0,1.0,0,reported
Mayfield Heights,Credit Rate,2018,1.00,1.0,1.0,0,reported
Mayfield Heights,Credit Rate,2019,1.00,1.0,1.0,0,reported
Mayfield Heights,Credit Rate,2020,1.50/1.00,1.5,1.0,1,split_new_first
Mayfield Heights,Credit Rate,2021,1.50,1.5,1.5,0,reported
Mayfield Heights,Credit Rate,2022,1.50,1.5,1.5,0,reported
Mayfield Heights,Credit Rate,2023,1.50,1.5,1.5,0,reported
Mayfield Heights,Credit Rate,2024,1.50,1.5,1.5,0,reported
Mayfield Heights,Credit Rate,2025,1.50,1.5,1.5,0,reported
Mayfield Village,Tax Rate,2016,2.00,2.0,2.0,0,reported
Mayfield Village,Tax Rate,2017,2.00,2.0,2.0,0,reported
Mayfield Village,Tax Rate,2018,2.00,2.0,2.0,0,reported
Mayfield Village,Tax Rate,2019,2.00,2.0,2.0,0,reported
Mayfield Village,Tax Rate,2020,2.00,2.0,2.0,0,reported
Mayfield Village,Tax Rate,2021,2.00,2.0,2.0,0,reported
Mayfield Village,Tax Rate,2022,2.00,2.0,2.0,0,reported
Mayfield Village,Tax Rate,2023,2.00,2.0,2.0,0,reported
Mayfield Village,Tax Rate,2024,2.00,2.0,2.0,0,reported
Mayfield Village,Tax Rate,2025,2.00,2.0,2.0,0,reported
Mayfield Village,Credit Factor,2016,100,100.0,100.0,0,reported
Mayfield Village,Credit Factor,2017,100,100.0,100.0,0,reported
Mayfield Village,Credit Factor,2018,100,100.0,100.0,0,reported
Mayfield Village,Credit Factor,2019,100,100.0,100.0,0,reported
Mayfield Village,Credit Factor,2020,100,100.0,100.0,0,reported
Mayfield Village,Credit Factor,2021,100,100.0,100.0,0,reported
Mayfield Village,Credit Factor,2022,100,100.0,100.0,0,reported
Mayfield Village,Credit Factor,2023,100,100.0,100.0,0,reported
Mayfield Village,Credit Factor,2024,100,100.0,100.0,0,reported
Mayfield Village,Credit Factor,2025,100,100.0,100.0,0,reported
Mayfield Village,Credit Rate,2016,2.00,2.0,2.0,0,reported
Mayfield Village,Credit Rate,2017,2.00,2.0,2.0,0,reported
Mayfield Village,Credit Rate,2018,2.00,2.0,2.0,0,reported
Mayfield Village,Credit Rate,2019,2.00,2.0,2.0,0,reported
Mayfield Village,Credit Rate,2020,2.00,2.0,2.0,0,reported
Mayfield Village,Credit Rate,2021,2.00,2.0,2.0,0,reported
Mayfield Village,Credit Rate,2022,2.00,2.0,2.0,0,reported
Mayfield Village,Credit Rate,2023,2.00,2.0,2.0,0,reported
Mayfield Village,Credit Rate,2024,2.00,2.0,2.0,0,reported
Mayfield Village,Credit Rate,2025,2.00,2.0,2.0,0,reported
McClure,Tax Rate,2016,1.00,1.0,1.0,0,reported
McClure,Tax Rate,2017,1.00,1.0,1.0,0,reported
McClure,Tax Rate,2018,1.00,1.0,1.0,0,reported
McClure,Tax Rate,2019,1.00,1.0,1.0,0,reported
McClure,Tax Rate,2020,1.00,1.0,1.0,0,reported
McClure,Tax Rate,2021,1.00,1.0,1.0,0,reported
McClure,Tax Rate,2022,1.00,1.0,1.0,0,reported
McClure,Tax Rate,2023,1.00,1.0,1.0,0,reported
McClure,Tax Rate,2024,1.00,1.0,1.0,0,reported
McClure,Tax Rate,2025,1.00,1.0,1.0,0,reported
McClure,Credit Factor,2016,-,0.0,0.0,0,dash_zero_inferred
McClure,Credit Factor,2017,-,0.0,0.0,0,dash_zero_inferred
McClure,Credit Factor,2018,-,0.0,0.0,0,dash_zero_inferred
McClure,Credit Factor,2019,-,0.0,0.0,0,dash_zero_inferred
McClure,Credit Factor,2020,-,0.0,0.0,0,dash_zero_inferred
McClure,Credit Factor,2021,-,0.0,0.0,0,dash_zero_inferred
McClure,Credit Factor,2022,-,0.0,0.0,0,dash_zero_inferred
McClure,Credit Factor,2023,-,0.0,0.0,0,dash_zero_inferred
McClure,Credit Factor,2024,-,0.0,0.0,0,dash_zero_inferred
McClure,Credit Factor,2025,-,0.0,0.0,0,dash_zero_inferred
McClure,Credit Rate,2016,-,0.0,0.0,0,dash_zero_inferred
McClure,Credit Rate,2017,-,0.0,0.0,0,dash_zero_inferred
McClure,Credit Rate,2018,-,0.0,0.0,0,dash_zero_inferred
McClure,Credit Rate,2019,-,0.0,0.0,0,dash_zero_inferred
McClure,Credit Rate,2020,-,0.0,0.0,0,dash_zero_inferred
McClure,Credit Rate,2021,-,0.0,0.0,0,dash_zero_inferred
McClure,Credit Rate,2022,-,0.0,0.0,0,dash_zero_inferred
McClure,Credit Rate,2023,-,0.0,0.0,0,dash_zero_inferred
McClure,Credit Rate,2024,-,0.0,0.0,0,dash_zero_inferred
McClure,Credit Rate,2025,-,0.0,0.0,0,dash_zero_inferred
McDonald,Tax Rate,2016,2.00,2.0,2.0,0,reported
McDonald,Tax Rate,2017,2.00,2.0,2.0,0,reported
McDonald,Tax Rate,2018,2.00,2.0,2.0,0,reported
McDonald,Tax Rate,2019,2.00,2.0,2.0,0,reported
McDonald,Tax Rate,2020,2.00,2.0,2.0,0,reported
McDonald,Tax Rate,2021,2.00,2.0,2.0,0,reported
McDonald,Tax Rate,2022,2.00,2.0,2.0,0,reported
McDonald,Tax Rate,2023,2.00,2.0,2.0,0,reported
McDonald,Tax Rate,2024,2.00,2.0,2.0,0,reported
McDonald,Tax Rate,2025,2.00,2.0,2.0,0,reported
McDonald,Credit Factor,2016,100,100.0,100.0,0,reported
McDonald,Credit Factor,2017,100,100.0,100.0,0,reported
McDonald,Credit Factor,2018,100,100.0,100.0,0,reported
McDonald,Credit Factor,2019,100,100.0,100.0,0,reported
McDonald,Credit Factor,2020,100,100.0,100.0,0,reported
McDonald,Credit Factor,2021,100,100.0,100.0,0,reported
McDonald,Credit Factor,2022,100,100.0,100.0,0,reported
McDonald,Credit Factor,2023,100,100.0,100.0,0,reported
McDonald,Credit Factor,2024,100,100.0,100.0,0,reported
McDonald,Credit Factor,2025,100,100.0,100.0,0,reported
McDonald,Credit Rate,2016,2.00,2.0,2.0,0,reported
McDonald,Credit Rate,2017,2.00,2.0,2.0,0,reported
McDonald,Credit Rate,2018,2.00,2.0,2.0,0,reported
McDonald,Credit Rate,2019,2.00,2.0,2.0,0,reported
McDonald,Credit Rate,2020,2.00,2.0,2.0,0,reported
McDonald,Credit Rate,2021,2.00,2.0,2.0,0,reported
McDonald,Credit Rate,2022,2.00,2.0,2.0,0,reported
McDonald,Credit Rate,2023,2.00,2.0,2.0,0,reported
McDonald,Credit Rate,2024,2.00,2.0,2.0,0,reported
McDonald,Credit Rate,2025,2.00,2.0,2.0,0,reported
Mechanicsburg,Tax Rate,2016,1.00,1.0,1.0,0,reported
Mechanicsburg,Tax Rate,2017,1.00,1.0,1.0,0,reported
Mechanicsburg,Tax Rate,2018,1.00,1.0,1.0,0,reported
Mechanicsburg,Tax Rate,2019,1.00,1.0,1.0,0,reported
Mechanicsburg,Tax Rate,2020,1.00,1.0,1.0,0,reported
Mechanicsburg,Tax Rate,2021,1.00,1.0,1.0,0,reported
Mechanicsburg,Tax Rate,2022,1.00,1.0,1.0,0,reported
Mechanicsburg,Tax Rate,2023,1.00,1.0,1.0,0,reported
Mechanicsburg,Tax Rate,2024,1.00,1.0,1.0,0,reported
Mechanicsburg,Tax Rate,2025,1.00,1.0,1.0,0,reported
Mechanicsburg,Credit Factor,2016,-,0.0,0.0,0,dash_zero_inferred
Mechanicsburg,Credit Factor,2017,-,0.0,0.0,0,dash_zero_inferred
Mechanicsburg,Credit Factor,2018,-,0.0,0.0,0,dash_zero_inferred
Mechanicsburg,Credit Factor,2019,-,0.0,0.0,0,dash_zero_inferred
Mechanicsburg,Credit Factor,2020,-,0.0,0.0,0,dash_zero_inferred
Mechanicsburg,Credit Factor,2021,-,0.0,0.0,0,dash_zero_inferred
Mechanicsburg,Credit Factor,2022,-,0.0,0.0,0,dash_zero_inferred
Mechanicsburg,Credit Factor,2023,-,0.0,0.0,0,dash_zero_inferred
Mechanicsburg,Credit Factor,2024,-,0.0,0.0,0,dash_zero_inferred
Mechanicsburg,Credit Factor,2025,-,0.0,0.0,0,dash_zero_inferred
Mechanicsburg,Credit Rate,2016,-,0.0,0.0,0,dash_zero_inferred
Mechanicsburg,Credit Rate,2017,-,0.0,0.0,0,dash_zero_inferred
Mechanicsburg,Credit Rate,2018,-,0.0,0.0,0,dash_zero_inferred
Mechanicsburg,Credit Rate,2019,-,0.0,0.0,0,dash_zero_inferred
Mechanicsburg,Credit Rate,2020,-,0.0,0.0,0,dash_zero_inferred
Mechanicsburg,Credit Rate,2021,-,0.0,0.0,0,dash_zero_inferred
Mechanicsburg,Credit Rate,2022,-,0.0,0.0,0,dash_zero_inferred
Mechanicsburg,Credit Rate,2023,-,0.0,0.0,0,dash_zero_inferred
Mechanicsburg,Credit Rate,2024,-,0.0,0.0,0,dash_zero_inferred
Mechanicsburg,Credit Rate,2025,-,0.0,0.0,0,dash_zero_inferred
Medina,Tax Rate,2016,-,,,0,not_member_or_no_tax
Medina,Tax Rate,2017,-,,,0,not_member_or_no_tax
Medina,Tax Rate,2018,1.25,1.25,1.25,0,reported
Medina,Tax Rate,2019,1.25,1.25,1.25,0,reported
Medina,Tax Rate,2020,1.25,1.25,1.25,0,reported
Medina,Tax Rate,2021,1.25,1.25,1.25,0,reported
Medina,Tax Rate,2022,1.25,1.25,1.25,0,reported
Medina,Tax Rate,2023,1.25,1.25,1.25,0,reported
Medina,Tax Rate,2024,1.25,1.25,1.25,0,reported
Medina,Tax Rate,2025,1.25,1.25,1.25,0,reported
Medina,Credit Factor,2016,-,,,0,not_member_or_no_tax
Medina,Credit Factor,2017,-,,,0,not_member_or_no_tax
Medina,Credit Factor,2018,25,25.0,25.0,0,reported
Medina,Credit Factor,2019,25,25.0,25.0,0,reported
Medina,Credit Factor,2020,25,25.0,25.0,0,reported
Medina,Credit Factor,2021,25,25.0,25.0,0,reported
Medina,Credit Factor,2022,25,25.0,25.0,0,reported
Medina,Credit Factor,2023,25,25.0,25.0,0,reported
Medina,Credit Factor,2024,25,25.0,25.0,0,reported
Medina,Credit Factor,2025,25,25.0,25.0,0,reported
Medina,Credit Rate,2016,-,,,0,not_member_or_no_tax
Medina,Credit Rate,2017,-,,,0,not_member_or_no_tax
Medina,Credit Rate,2018,0.75,0.75,0.75,0,reported
Medina,Credit Rate,2019,0.75,0.75,0.75,0,reported
Medina,Credit Rate,2020,0.75,0.75,0.75,0,reported
Medina,Credit Rate,2021,0.75,0.75,0.75,0,reported
Medina,Credit Rate,2022,0.75,0.75,0.75,0,reported
Medina,Credit Rate,2023,0.75,0.75,0.75,0,reported
Medina,Credit Rate,2024,0.75,0.75,0.75,0,reported
Medina,Credit Rate,2025,0.75,0.75,0.75,0,reported
Medina Montville JEDD,Tax Rate,2016,-,,,0,not_member_or_no_tax
Medina Montville JEDD,Tax Rate,2017,-,,,0,not_member_or_no_tax
Medina Montville JEDD,Tax Rate,2018,1.25,1.25,1.25,0,reported
Medina Montville JEDD,Tax Rate,2019,1.25,1.25,1.25,0,reported
Medina Montville JEDD,Tax Rate,2020,1.25,1.25,1.25,0,reported
Medina Montville JEDD,Tax Rate,2021,1.25,1.25,1.25,0,reported
Medina Montville JEDD,Tax Rate,2022,1.25,1.25,1.25,0,reported
Medina Montville JEDD,Tax Rate,2023,1.25,1.25,1.25,0,reported
Medina Montville JEDD,Tax Rate,2024,1.25,1.25,1.25,0,reported
Medina Montville JEDD,Tax Rate,2025,1.25,1.25,1.25,0,reported
Medina Montville JEDD,Credit Factor,2016,,,,0,absent
Medina Montville JEDD,Credit Factor,2017,,,,0,absent
Medina Montville JEDD,Credit Factor,2018,,,,0,absent
Medina Montville JEDD,Credit Factor,2019,,,,0,absent
Medina Montville JEDD,Credit Factor,2020,,,,0,absent
Medina Montville JEDD,Credit Factor,2021,,,,0,absent
Medina Montville JEDD,Credit Factor,2022,,,,0,absent
Medina Montville JEDD,Credit Factor,2023,,,,0,absent
Medina Montville JEDD,Credit Factor,2024,,,,0,absent
Medina Montville JEDD,Credit Factor,2025,,,,0,absent
Medina Montville JEDD,Credit Rate,2016,,,,0,absent
Medina Montville JEDD,Credit Rate,2017,,,,0,absent
Medina Montville JEDD,Credit Rate,2018,,,,0,absent
Medina Montville JEDD,Credit Rate,2019,,,,0,absent
Medina Montville JEDD,Credit Rate,2020,,,,0,absent
Medina Montville JEDD,Credit Rate,2021,,,,0,absent
Medina Montville JEDD,Credit Rate,2022,,,,0,absent
Medina Montville JEDD,Credit Rate,2023,,,,0,absent
Medina Montville JEDD,Credit Rate,2024,,,,0,absent
Medina Montville JEDD,Credit Rate,2025,,,,0,absent
Melrose,Tax Rate,2016,1.00,1.0,1.0,0,reported
Melrose,Tax Rate,2017,1.00,1.0,1.0,0,reported
Melrose,Tax Rate,2018,1.00,1.0,1.0,0,reported
Melrose,Tax Rate,2019,1.00,1.0,1.0,0,reported
Melrose,Tax Rate,2020,1.00,1.0,1.0,0,reported
Melrose,Tax Rate,2021,1.00,1.0,1.0,0,reported
Melrose,Tax Rate,2022,1.00,1.0,1.0,0,reported
Melrose,Tax Rate,2023,1.00,1.0,1.0,0,reported
Melrose,Tax Rate,2024,1.00,1.0,1.0,0,reported
Melrose,Tax Rate,2025,1.00,1.0,1.0,0,reported
Melrose,Credit Factor,2016,-,0.0,0.0,0,dash_zero_inferred
Melrose,Credit Factor,2017,-,0.0,0.0,0,dash_zero_inferred
Melrose,Credit Factor,2018,-,0.0,0.0,0,dash_zero_inferred
Melrose,Credit Factor,2019,-,0.0,0.0,0,dash_zero_inferred
Melrose,Credit Factor,2020,-,0.0,0.0,0,dash_zero_inferred
Melrose,Credit Factor,2021,-,0.0,0.0,0,dash_zero_inferred
Melrose,Credit Factor,2022,-,0.0,0.0,0,dash_zero_inferred
Melrose,Credit Factor,2023,-,0.0,0.0,0,dash_zero_inferred
Melrose,Credit Factor,2024,-,0.0,0.0,0,dash_zero_inferred
Melrose,Credit Factor,2025,-,0.0,0.0,0,dash_zero_inferred
Melrose,Credit Rate,2016,-,0.0,0.0,0,dash_zero_inferred
Melrose,Credit Rate,2017,-,0.0,0.0,0,dash_zero_inferred
Melrose,Credit Rate,2018,-,0.0,0.0,0,dash_zero_inferred
Melrose,Credit Rate,2019,-,0.0,0.0,0,dash_zero_inferred
Melrose,Credit Rate,2020,-,0.0,0.0,0,dash_zero_inferred
Melrose,Credit Rate,2021,-,0.0,0.0,0,dash_zero_inferred
Melrose,Credit Rate,2022,-,0.0,0.0,0,dash_zero_inferred
Melrose,Credit Rate,2023,-,0.0,0.0,0,dash_zero_inferred
Melrose,Credit Rate,2024,-,0.0,0.0,0,dash_zero_inferred
Melrose,Credit Rate,2025,-,0.0,0.0,0,dash_zero_inferred
Mentor,Tax Rate,2016,2.00,2.0,2.0,0,reported
Mentor,Tax Rate,2017,2.00,2.0,2.0,0,reported
Mentor,Tax Rate,2018,2.00,2.0,2.0,0,reported
Mentor,Tax Rate,2019,2.00,2.0,2.0,0,reported
Mentor,Tax Rate,2020,2.00,2.0,2.0,0,reported
Mentor,Tax Rate,2021,2.00,2.0,2.0,0,reported
Mentor,Tax Rate,2022,2.00,2.0,2.0,0,reported
Mentor,Tax Rate,2023,2.00,2.0,2.0,0,reported
Mentor,Tax Rate,2024,2.00,2.0,2.0,0,reported
Mentor,Tax Rate,2025,2.00,2.0,2.0,0,reported
Mentor,Credit Factor,2016,100,100.0,100.0,0,reported
Mentor,Credit Factor,2017,100,100.0,100.0,0,reported
Mentor,Credit Factor,2018,100,100.0,100.0,0,reported
Mentor,Credit Factor,2019,100,100.0,100.0,0,reported
Mentor,Credit Factor,2020,100,100.0,100.0,0,reported
Mentor,Credit Factor,2021,100,100.0,100.0,0,reported
Mentor,Credit Factor,2022,100,100.0,100.0,0,reported
Mentor,Credit Factor,2023,100,100.0,100.0,0,reported
Mentor,Credit Factor,2024,100,100.0,100.0,0,reported
Mentor,Credit Factor,2025,100,100.0,100.0,0,reported
Mentor,Credit Rate,2016,2.00,2.0,2.0,0,reported
Mentor,Credit Rate,2017,2.00,2.0,2.0,0,reported
Mentor,Credit Rate,2018,2.00,2.0,2.0,0,reported
Mentor,Credit Rate,2019,2.00,2.0,2.0,0,reported
Mentor,Credit Rate,2020,2.00,2.0,2.0,0,reported
Mentor,Credit Rate,2021,2.00,2.0,2.0,0,reported
Mentor,Credit Rate,2022,2.00,2.0,2.0,0,reported
Mentor,Credit Rate,2023,2.00,2.0,2.0,0,reported
Mentor,Credit Rate,2024,2.00,2.0,2.0,0,reported
Mentor,Credit Rate,2025,2.00,2.0,2.0,0,reported
Metamora,Tax Rate,2016,1.00,1.0,1.0,0,reported
Metamora,Tax Rate,2017,1.00,1.0,1.0,0,reported
Metamora,Tax Rate,2018,1.00,1.0,1.0,0,reported
Metamora,Tax Rate,2019,1.00,1.0,1.0,0,reported
Metamora,Tax Rate,2020,1.00,1.0,1.0,0,reported
Metamora,Tax Rate,2021,1.00,1.0,1.0,0,reported
Metamora,Tax Rate,2022,1.00,1.0,1.0,0,reported
Metamora,Tax Rate,2023,1.00,1.0,1.0,0,reported
Metamora,Tax Rate,2024,1.00,1.0,1.0,0,reported
Metamora,Tax Rate,2025,1.00,1.0,1.0,0,reported
Metamora,Credit Factor,2016,50,50.0,50.0,0,reported
Metamora,Credit Factor,2017,50,50.0,50.0,0,reported
Metamora,Credit Factor,2018,50,50.0,50.0,0,reported
Metamora,Credit Factor,2019,50,50.0,50.0,0,reported
Metamora,Credit Factor,2020,50,50.0,50.0,0,reported
Metamora,Credit Factor,2021,50,50.0,50.0,0,reported
Metamora,Credit Factor,2022,50,50.0,50.0,0,reported
Metamora,Credit Factor,2023,50,50.0,50.0,0,reported
Metamora,Credit Factor,2024,50,50.0,50.0,0,reported
Metamora,Credit Factor,2025,50,50.0,50.0,0,reported
Metamora,Credit Rate,2016,1.00,1.0,1.0,0,reported
Metamora,Credit Rate,2017,1.00,1.0,1.0,0,reported
Metamora,Credit Rate,2018,1.00,1.0,1.0,0,reported
Metamora,Credit Rate,2019,1.00,1.0,1.0,0,reported
Metamora,Credit Rate,2020,1.00,1.0,1.0,0,reported
Metamora,Credit Rate,2021,1.00,1.0,1.0,0,reported
Metamora,Credit Rate,2022,1.00,1.0,1.0,0,reported
Metamora,Credit Rate,2023,1.00,1.0,1.0,0,reported
Metamora,Credit Rate,2024,1.00,1.0,1.0,0,reported
Metamora,Credit Rate,2025,1.00,1.0,1.0,0,reported
Middle Point,Tax Rate,2016,1.50,1.5,1.5,0,reported
Middle Point,Tax Rate,2017,1.50,1.5,1.5,0,reported
Middle Point,Tax Rate,2018,1.50,1.5,1.5,0,reported
Middle Point,Tax Rate,2019,1.50,1.5,1.5,0,reported
Middle Point,Tax Rate,2020,1.50,1.5,1.5,0,reported
Middle Point,Tax Rate,2021,1.50,1.5,1.5,0,reported
Middle Point,Tax Rate,2022,1.50,1.5,1.5,0,reported
Middle Point,Tax Rate,2023,1.50,1.5,1.5,0,reported
Middle Point,Tax Rate,2024,1.50,1.5,1.5,0,reported
Middle Point,Tax Rate,2025,1.50,1.5,1.5,0,reported
Middle Point,Credit Factor,2016,100,100.0,100.0,0,reported
Middle Point,Credit Factor,2017,100,100.0,100.0,0,reported
Middle Point,Credit Factor,2018,100,100.0,100.0,0,reported
Middle Point,Credit Factor,2019,100,100.0,100.0,0,reported
Middle Point,Credit Factor,2020,100,100.0,100.0,0,reported
Middle Point,Credit Factor,2021,100,100.0,100.0,0,reported
Middle Point,Credit Factor,2022,100,100.0,100.0,0,reported
Middle Point,Credit Factor,2023,100,100.0,100.0,0,reported
Middle Point,Credit Factor,2024,100,100.0,100.0,0,reported
Middle Point,Credit Factor,2025,100,100.0,100.0,0,reported
Middle Point,Credit Rate,2016,1.00,1.0,1.0,0,reported
Middle Point,Credit Rate,2017,1.00,1.0,1.0,0,reported
Middle Point,Credit Rate,2018,1.00,1.0,1.0,0,reported
Middle Point,Credit Rate,2019,1.00,1.0,1.0,0,reported
Middle Point,Credit Rate,2020,1.00,1.0,1.0,0,reported
Middle Point,Credit Rate,2021,1.00,1.0,1.0,0,reported
Middle Point,Credit Rate,2022,1.00,1.0,1.0,0,reported
Middle Point,Credit Rate,2023,1.00,1.0,1.0,0,reported
Middle Point,Credit Rate,2024,1.00,1.0,1.0,0,reported
Middle Point,Credit Rate,2025,1.00,1.0,1.0,0,reported
Middleburg Heights,Tax Rate,2016,2.00,2.0,2.0,0,reported
Middleburg Heights,Tax Rate,2017,2.00,2.0,2.0,0,reported
Middleburg Heights,Tax Rate,2018,2.00,2.0,2.0,0,reported
Middleburg Heights,Tax Rate,2019,2.00,2.0,2.0,0,reported
Middleburg Heights,Tax Rate,2020,2.00,2.0,2.0,0,reported
Middleburg Heights,Tax Rate,2021,2.00,2.0,2.0,0,reported
Middleburg Heights,Tax Rate,2022,2.00,2.0,2.0,0,reported
Middleburg Heights,Tax Rate,2023,2.00,2.0,2.0,0,reported
Middleburg Heights,Tax Rate,2024,2.00,2.0,2.0,0,reported
Middleburg Heights,Tax Rate,2025,2.00,2.0,2.0,0,reported
Middleburg Heights,Credit Factor,2016,100,100.0,100.0,0,reported
Middleburg Heights,Credit Factor,2017,100,100.0,100.0,0,reported
Middleburg Heights,Credit Factor,2018,100,100.0,100.0,0,reported
Middleburg Heights,Credit Factor,2019,100,100.0,100.0,0,reported
Middleburg Heights,Credit Factor,2020,100,100.0,100.0,0,reported
Middleburg Heights,Credit Factor,2021,100,100.0,100.0,0,reported
Middleburg Heights,Credit Factor,2022,100,100.0,100.0,0,reported
Middleburg Heights,Credit Factor,2023,100,100.0,100.0,0,reported
Middleburg Heights,Credit Factor,2024,100,100.0,100.0,0,reported
Middleburg Heights,Credit Factor,2025,100,100.0,100.0,0,reported
Middleburg Heights,Credit Rate,2016,2.00,2.0,2.0,0,reported
Middleburg Heights,Credit Rate,2017,2.00,2.0,2.0,0,reported
Middleburg Heights,Credit Rate,2018,2.00,2.0,2.0,0,reported
Middleburg Heights,Credit Rate,2019,2.00,2.0,2.0,0,reported
Middleburg Heights,Credit Rate,2020,2.00,2.0,2.0,0,reported
Middleburg Heights,Credit Rate,2021,2.00,2.0,2.0,0,reported
Middleburg Heights,Credit Rate,2022,2.00,2.0,2.0,0,reported
Middleburg Heights,Credit Rate,2023,2.00,2.0,2.0,0,reported
Middleburg Heights,Credit Rate,2024,2.00,2.0,2.0,0,reported
Middleburg Heights,Credit Rate,2025,2.00,2.0,2.0,0,reported
Middleport,Tax Rate,2016,1.00,1.0,1.0,0,reported
Middleport,Tax Rate,2017,1.00,1.0,1.0,0,reported
Middleport,Tax Rate,2018,1.00,1.0,1.0,0,reported
Middleport,Tax Rate,2019,1.00,1.0,1.0,0,reported
Middleport,Tax Rate,2020,1.00,1.0,1.0,0,reported
Middleport,Tax Rate,2021,1.00,1.0,1.0,0,reported
Middleport,Tax Rate,2022,1.00,1.0,1.0,0,reported
Middleport,Tax Rate,2023,1.00,1.0,1.0,0,reported
Middleport,Tax Rate,2024,1.00,1.0,1.0,0,reported
Middleport,Tax Rate,2025,1.00,1.0,1.0,0,reported
Middleport,Credit Factor,2016,100,100.0,100.0,0,reported
Middleport,Credit Factor,2017,100,100.0,100.0,0,reported
Middleport,Credit Factor,2018,100,100.0,100.0,0,reported
Middleport,Credit Factor,2019,100,100.0,100.0,0,reported
Middleport,Credit Factor,2020,100,100.0,100.0,0,reported
Middleport,Credit Factor,2021,100,100.0,100.0,0,reported
Middleport,Credit Factor,2022,100,100.0,100.0,0,reported
Middleport,Credit Factor,2023,100,100.0,100.0,0,reported
Middleport,Credit Factor,2024,100,100.0,100.0,0,reported
Middleport,Credit Factor,2025,100,100.0,100.0,0,reported
Middleport,Credit Rate,2016,1.00,1.0,1.0,0,reported
Middleport,Credit Rate,2017,1.00,1.0,1.0,0,reported
Middleport,Credit Rate,2018,1.00,1.0,1.0,0,reported
Middleport,Credit Rate,2019,1.00,1.0,1.0,0,reported
Middleport,Credit Rate,2020,1.00,1.0,1.0,0,reported
Middleport,Credit Rate,2021,1.00,1.0,1.0,0,reported
Middleport,Credit Rate,2022,1.00,1.0,1.0,0,reported
Middleport,Credit Rate,2023,1.00,1.0,1.0,0,reported
Middleport,Credit Rate,2024,1.00,1.0,1.0,0,reported
Middleport,Credit Rate,2025,1.00,1.0,1.0,0,reported
Midvale,Tax Rate,2016,-,,,0,not_member_or_no_tax
Midvale,Tax Rate,2017,1.00,1.0,1.0,0,reported
Midvale,Tax Rate,2018,1.00,1.0,1.0,0,reported
Midvale,Tax Rate,2019,1.00,1.0,1.0,0,reported
Midvale,Tax Rate,2020,1.00,1.0,1.0,0,reported
Midvale,Tax Rate,2021,1.50/1.00,1.5,1.0,1,split_new_first
Midvale,Tax Rate,2022,1.50,1.5,1.5,0,reported
Midvale,Tax Rate,2023,1.50,1.5,1.5,0,reported
Midvale,Tax Rate,2024,1.50,1.5,1.5,0,reported
Midvale,Tax Rate,2025,1.50,1.5,1.5,0,reported
Midvale,Credit Factor,2016,-,,,0,not_member_or_no_tax
Midvale,Credit Factor,2017,100,100.0,100.0,0,reported
Midvale,Credit Factor,2018,100,100.0,100.0,0,reported
Midvale,Credit Factor,2019,100,100.0,100.0,0,reported
Midvale,Credit Factor,2020,100,100.0,100.0,0,reported
Midvale,Credit Factor,2021,100,100.0,100.0,0,reported
Midvale,Credit Factor,2022,100,100.0,100.0,0,reported
Midvale,Credit Factor,2023,100,100.0,100.0,0,reported
Midvale,Credit Factor,2024,100,100.0,100.0,0,reported
Midvale,Credit Factor,2025,100,100.0,100.0,0,reported
Midvale,Credit Rate,2016,-,,,0,not_member_or_no_tax
Midvale,Credit Rate,2017,1.00,1.0,1.0,0,reported
Midvale,Credit Rate,2018,1.00,1.0,1.0,0,reported
Midvale,Credit Rate,2019,1.00,1.0,1.0,0,reported
Midvale,Credit Rate,2020,1.00,1.0,1.0,0,reported
Midvale,Credit Rate,2021,1.50/1.00,1.5,1.0,1,split_new_first
Midvale,Credit Rate,2022,1.50,1.5,1.5,0,reported
Midvale,Credit Rate,2023,1.50,1.5,1.5,0,reported
Midvale,Credit Rate,2024,1.50,1.5,1.5,0,reported
Midvale,Credit Rate,2025,1.50,1.5,1.5,0,reported
Mifflin,Tax Rate,2016,1.00,1.0,1.0,0,reported
Mifflin,Tax Rate,2017,1.00,1.0,1.0,0,reported
Mifflin,Tax Rate,2018,1.00,1.0,1.0,0,reported
Mifflin,Tax Rate,2019,1.00,1.0,1.0,0,reported
Mifflin,Tax Rate,2020,-,,,0,not_member_or_no_tax
Mifflin,Tax Rate,2021,-,,,0,not_member_or_no_tax
Mifflin,Tax Rate,2022,-,,,0,not_member_or_no_tax
Mifflin,Tax Rate,2023,-,,,0,not_member_or_no_tax
Mifflin,Tax Rate,2024,-,,,0,not_member_or_no_tax
Mifflin,Tax Rate,2025,1.00,1.0,1.0,0,reported
Mifflin,Credit Factor,2016,-,0.0,0.0,0,dash_zero_inferred
Mifflin,Credit Factor,2017,-,0.0,0.0,0,dash_zero_inferred
Mifflin,Credit Factor,2018,-,0.0,0.0,0,dash_zero_inferred
Mifflin,Credit Factor,2019,-,0.0,0.0,0,dash_zero_inferred
Mifflin,Credit Factor,2020,-,,,0,not_member_or_no_tax
Mifflin,Credit Factor,2021,-,,,0,not_member_or_no_tax
Mifflin,Credit Factor,2022,-,,,0,not_member_or_no_tax
Mifflin,Credit Factor,2023,-,,,0,not_member_or_no_tax
Mifflin,Credit Factor,2024,-,,,0,not_member_or_no_tax
Mifflin,Credit Factor,2025,-,0.0,0.0,0,dash_zero_inferred
Mifflin,Credit Rate,2016,-,0.0,0.0,0,dash_zero_inferred
Mifflin,Credit Rate,2017,-,0.0,0.0,0,dash_zero_inferred
Mifflin,Credit Rate,2018,-,0.0,0.0,0,dash_zero_inferred
Mifflin,Credit Rate,2019,-,0.0,0.0,0,dash_zero_inferred
Mifflin,Credit Rate,2020,-,,,0,not_member_or_no_tax
Mifflin,Credit Rate,2021,-,,,0,not_member_or_no_tax
Mifflin,Credit Rate,2022,-,,,0,not_member_or_no_tax
Mifflin,Credit Rate,2023,-,,,0,not_member_or_no_tax
Mifflin,Credit Rate,2024,-,,,0,not_member_or_no_tax
Mifflin,Credit Rate,2025,-,0.0,0.0,0,dash_zero_inferred
Milan,Tax Rate,2016,1.00,1.0,1.0,0,reported
Milan,Tax Rate,2017,1.00,1.0,1.0,0,reported
Milan,Tax Rate,2018,1.00,1.0,1.0,0,reported
Milan,Tax Rate,2019,1.00,1.0,1.0,0,reported
Milan,Tax Rate,2020,1.00,1.0,1.0,0,reported
Milan,Tax Rate,2021,1.00,1.0,1.0,0,reported
Milan,Tax Rate,2022,1.00,1.0,1.0,0,reported
Milan,Tax Rate,2023,1.00,1.0,1.0,0,reported
Milan,Tax Rate,2024,1.00,1.0,1.0,0,reported
Milan,Tax Rate,2025,1.00,1.0,1.0,0,reported
Milan,Credit Factor,2016,-,0.0,0.0,0,dash_zero_inferred
Milan,Credit Factor,2017,-,0.0,0.0,0,dash_zero_inferred
Milan,Credit Factor,2018,-,0.0,0.0,0,dash_zero_inferred
Milan,Credit Factor,2019,-,0.0,0.0,0,dash_zero_inferred
Milan,Credit Factor,2020,-,0.0,0.0,0,dash_zero_inferred
Milan,Credit Factor,2021,-,0.0,0.0,0,dash_zero_inferred
Milan,Credit Factor,2022,-,0.0,0.0,0,dash_zero_inferred
Milan,Credit Factor,2023,-,0.0,0.0,0,dash_zero_inferred
Milan,Credit Factor,2024,-,0.0,0.0,0,dash_zero_inferred
Milan,Credit Factor,2025,-,0.0,0.0,0,dash_zero_inferred
Milan,Credit Rate,2016,-,0.0,0.0,0,dash_zero_inferred
Milan,Credit Rate,2017,-,0.0,0.0,0,dash_zero_inferred
Milan,Credit Rate,2018,-,0.0,0.0,0,dash_zero_inferred
Milan,Credit Rate,2019,-,0.0,0.0,0,dash_zero_inferred
Milan,Credit Rate,2020,-,0.0,0.0,0,dash_zero_inferred
Milan,Credit Rate,2021,-,0.0,0.0,0,dash_zero_inferred
Milan,Credit Rate,2022,-,0.0,0.0,0,dash_zero_inferred
Milan,Credit Rate,2023,-,0.0,0.0,0,dash_zero_inferred
Milan,Credit Rate,2024,-,0.0,0.0,0,dash_zero_inferred
Milan,Credit Rate,2025,-,0.0,0.0,0,dash_zero_inferred
Milford,Tax Rate,2016,1.00,1.0,1.0,0,reported
Milford,Tax Rate,2017,1.00,1.0,1.0,0,reported
Milford,Tax Rate,2018,1.00,1.0,1.0,0,reported
Milford,Tax Rate,2019,1.00,1.0,1.0,0,reported
Milford,Tax Rate,2020,1.00,1.0,1.0,0,reported
Milford,Tax Rate,2021,1.00,1.0,1.0,0,reported
Milford,Tax Rate,2022,1.00,1.0,1.0,0,reported
Milford,Tax Rate,2023,1.00,1.0,1.0,0,reported
Milford,Tax Rate,2024,1.00,1.0,1.0,0,reported
Milford,Tax Rate,2025,1.00,1.0,1.0,0,reported
Milford,Credit Factor,2016,-,0.0,0.0,0,dash_zero_inferred
Milford,Credit Factor,2017,-,0.0,0.0,0,dash_zero_inferred
Milford,Credit Factor,2018,-,0.0,0.0,0,dash_zero_inferred
Milford,Credit Factor,2019,-,0.0,0.0,0,dash_zero_inferred
Milford,Credit Factor,2020,-,0.0,0.0,0,dash_zero_inferred
Milford,Credit Factor,2021,-,0.0,0.0,0,dash_zero_inferred
Milford,Credit Factor,2022,-,0.0,0.0,0,dash_zero_inferred
Milford,Credit Factor,2023,-,0.0,0.0,0,dash_zero_inferred
Milford,Credit Factor,2024,-,0.0,0.0,0,dash_zero_inferred
Milford,Credit Factor,2025,-,0.0,0.0,0,dash_zero_inferred
Milford,Credit Rate,2016,-,0.0,0.0,0,dash_zero_inferred
Milford,Credit Rate,2017,-,0.0,0.0,0,dash_zero_inferred
Milford,Credit Rate,2018,-,0.0,0.0,0,dash_zero_inferred
Milford,Credit Rate,2019,-,0.0,0.0,0,dash_zero_inferred
Milford,Credit Rate,2020,-,0.0,0.0,0,dash_zero_inferred
Milford,Credit Rate,2021,-,0.0,0.0,0,dash_zero_inferred
Milford,Credit Rate,2022,-,0.0,0.0,0,dash_zero_inferred
Milford,Credit Rate,2023,-,0.0,0.0,0,dash_zero_inferred
Milford,Credit Rate,2024,-,0.0,0.0,0,dash_zero_inferred
Milford,Credit Rate,2025,-,0.0,0.0,0,dash_zero_inferred
Milford Center,Tax Rate,2016,1.00,1.0,1.0,0,reported
Milford Center,Tax Rate,2017,1.00,1.0,1.0,0,reported
Milford Center,Tax Rate,2018,1.00,1.0,1.0,0,reported
Milford Center,Tax Rate,2019,1.00,1.0,1.0,0,reported
Milford Center,Tax Rate,2020,1.00,1.0,1.0,0,reported
Milford Center,Tax Rate,2021,1.00,1.0,1.0,0,reported
Milford Center,Tax Rate,2022,1.00,1.0,1.0,0,reported
Milford Center,Tax Rate,2023,1.00,1.0,1.0,0,reported
Milford Center,Tax Rate,2024,1.00,1.0,1.0,0,reported
Milford Center,Tax Rate,2025,1.00,1.0,1.0,0,reported
Milford Center,Credit Factor,2016,-,0.0,0.0,0,dash_zero_inferred
Milford Center,Credit Factor,2017,-,0.0,0.0,0,dash_zero_inferred
Milford Center,Credit Factor,2018,-,0.0,0.0,0,dash_zero_inferred
Milford Center,Credit Factor,2019,-,0.0,0.0,0,dash_zero_inferred
Milford Center,Credit Factor,2020,-,0.0,0.0,0,dash_zero_inferred
Milford Center,Credit Factor,2021,-,0.0,0.0,0,dash_zero_inferred
Milford Center,Credit Factor,2022,-,0.0,0.0,0,dash_zero_inferred
Milford Center,Credit Factor,2023,-,0.0,0.0,0,dash_zero_inferred
Milford Center,Credit Factor,2024,-,0.0,0.0,0,dash_zero_inferred
Milford Center,Credit Factor,2025,-,0.0,0.0,0,dash_zero_inferred
Milford Center,Credit Rate,2016,-,0.0,0.0,0,dash_zero_inferred
Milford Center,Credit Rate,2017,-,0.0,0.0,0,dash_zero_inferred
Milford Center,Credit Rate,2018,-,0.0,0.0,0,dash_zero_inferred
Milford Center,Credit Rate,2019,-,0.0,0.0,0,dash_zero_inferred
Milford Center,Credit Rate,2020,-,0.0,0.0,0,dash_zero_inferred
Milford Center,Credit Rate,2021,-,0.0,0.0,0,dash_zero_inferred
Milford Center,Credit Rate,2022,-,0.0,0.0,0,dash_zero_inferred
Milford Center,Credit Rate,2023,-,0.0,0.0,0,dash_zero_inferred
Milford Center,Credit Rate,2024,-,0.0,0.0,0,dash_zero_inferred
Milford Center,Credit Rate,2025,-,0.0,0.0,0,dash_zero_inferred
Milford Jedd,Tax Rate,2016,1.00,1.0,1.0,0,reported
Milford Jedd,Tax Rate,2017,1.00,1.0,1.0,0,reported
Milford Jedd,Tax Rate,2018,1.00,1.0,1.0,0,reported
Milford Jedd,Tax Rate,2019,1.00,1.0,1.0,0,reported
Milford Jedd,Tax Rate,2020,1.00,1.0,1.0,0,reported
Milford Jedd,Tax Rate,2021,1.00,1.0,1.0,0,reported
Milford Jedd,Tax Rate,2022,1.00,1.0,1.0,0,reported
Milford Jedd,Tax Rate,2023,1.00,1.0,1.0,0,reported
Milford Jedd,Tax Rate,2024,1.00,1.0,1.0,0,reported
Milford Jedd,Tax Rate,2025,1.00,1.0,1.0,0,reported
Milford Jedd,Credit Factor,2016,,,,0,absent
Milford Jedd,Credit Factor,2017,,,,0,absent
Milford Jedd,Credit Factor,2018,,,,0,absent
Milford Jedd,Credit Factor,2019,,,,0,absent
Milford Jedd,Credit Factor,2020,,,,0,absent
Milford Jedd,Credit Factor,2021,,,,0,absent
Milford Jedd,Credit Factor,2022,,,,0,absent
Milford Jedd,Credit Factor,2023,,,,0,absent
Milford Jedd,Credit Factor,2024,,,,0,absent
Milford Jedd,Credit Factor,2025,,,,0,absent
Milford Jedd,Credit Rate,2016,,,,0,absent
Milford Jedd,Credit Rate,2017,,,,0,absent
Milford Jedd,Credit Rate,2018,,,,0,absent
Milford Jedd,Credit Rate,2019,,,,0,absent
Milford Jedd,Credit Rate,2020,,,,0,absent
Milford Jedd,Credit Rate,2021,,,,0,absent
Milford Jedd,Credit Rate,2022,,,,0,absent
Milford Jedd,Credit Rate,2023,,,,0,absent
Milford Jedd,Credit Rate,2024,,,,0,absent
Milford Jedd,Credit Rate,2025,,,,0,absent
Milford Jedd II,Tax Rate,2016,1.00,1.0,1.0,0,reported
Milford Jedd II,Tax Rate,2017,1.00,1.0,1.0,0,reported
Milford Jedd II,Tax Rate,2018,1.00,1.0,1.0,0,reported
Milford Jedd II,Tax Rate,2019,1.00,1.0,1.0,0,reported
Milford Jedd II,Tax Rate,2020,1.00,1.0,1.0,0,reported
Milford Jedd II,Tax Rate,2021,1.00,1.0,1.0,0,reported
Milford Jedd II,Tax Rate,2022,1.00,1.0,1.0,0,reported
Milford Jedd II,Tax Rate,2023,1.00,1.0,1.0,0,reported
Milford Jedd II,Tax Rate,2024,1.00,1.0,1.0,0,reported
Milford Jedd II,Tax Rate,2025,1.00,1.0,1.0,0,reported
Milford Jedd II,Credit Factor,2016,,,,0,absent
Milford Jedd II,Credit Factor,2017,,,,0,absent
Milford Jedd II,Credit Factor,2018,,,,0,absent
Milford Jedd II,Credit Factor,2019,,,,0,absent
Milford Jedd II,Credit Factor,2020,,,,0,absent
Milford Jedd II,Credit Factor,2021,,,,0,absent
Milford Jedd II,Credit Factor,2022,,,,0,absent
Milford Jedd II,Credit Factor,2023,,,,0,absent
Milford Jedd II,Credit Factor,2024,,,,0,absent
Milford Jedd II,Credit Factor,2025,,,,0,absent
Milford Jedd II,Credit Rate,2016,,,,0,absent
Milford Jedd II,Credit Rate,2017,,,,0,absent
Milford Jedd II,Credit Rate,2018,,,,0,absent
Milford Jedd II,Credit Rate,2019,,,,0,absent
Milford Jedd II,Credit Rate,2020,,,,0,absent
Milford Jedd II,Credit Rate,2021,,,,0,absent
Milford Jedd II,Credit Rate,2022,,,,0,absent
Milford Jedd II,Credit Rate,2023,,,,0,absent
Milford Jedd II,Credit Rate,2024,,,,0,absent
Milford Jedd II,Credit Rate,2025,,,,0,absent
Milford Jedd III,Tax Rate,2016,1.00,1.0,1.0,0,reported
Milford Jedd III,Tax Rate,2017,1.00,1.0,1.0,0,reported
Milford Jedd III,Tax Rate,2018,1.00,1.0,1.0,0,reported
Milford Jedd III,Tax Rate,2019,1.00,1.0,1.0,0,reported
Milford Jedd III,Tax Rate,2020,1.00,1.0,1.0,0,reported
Milford Jedd III,Tax Rate,2021,1.00,1.0,1.0,0,reported
Milford Jedd III,Tax Rate,2022,1.00,1.0,1.0,0,reported
Milford Jedd III,Tax Rate,2023,1.00,1.0,1.0,0,reported
Milford Jedd III,Tax Rate,2024,1.00,1.0,1.0,0,reported
Milford Jedd III,Tax Rate,2025,1.00,1.0,1.0,0,reported
Milford Jedd III,Credit Factor,2016,,,,0,absent
Milford Jedd III,Credit Factor,2017,,,,0,absent
Milford Jedd III,Credit Factor,2018,,,,0,absent
Milford Jedd III,Credit Factor,2019,,,,0,absent
Milford Jedd III,Credit Factor,2020,,,,0,absent
Milford Jedd III,Credit Factor,2021,,,,0,absent
Milford Jedd III,Credit Factor,2022,,,,0,absent
Milford Jedd III,Credit Factor,2023,,,,0,absent
Milford Jedd III,Credit Factor,2024,,,,0,absent
Milford Jedd III,Credit Factor,2025,,,,0,absent
Milford Jedd III,Credit Rate,2016,,,,0,absent
Milford Jedd III,Credit Rate,2017,,,,0,absent
Milford Jedd III,Credit Rate,2018,,,,0,absent
Milford Jedd III,Credit Rate,2019,,,,0,absent
Milford Jedd III,Credit Rate,2020,,,,0,absent
Milford Jedd III,Credit Rate,2021,,,,0,absent
Milford Jedd III,Credit Rate,2022,,,,0,absent
Milford Jedd III,Credit Rate,2023,,,,0,absent
Milford Jedd III,Credit Rate,2024,,,,0,absent
Milford Jedd III,Credit Rate,2025,,,,0,absent
Milford Jedd IV,Tax Rate,2016,1.00,1.0,1.0,0,reported
Milford Jedd IV,Tax Rate,2017,1.00,1.0,1.0,0,reported
Milford Jedd IV,Tax Rate,2018,1.00,1.0,1.0,0,reported
Milford Jedd IV,Tax Rate,2019,1.00,1.0,1.0,0,reported
Milford Jedd IV,Tax Rate,2020,1.00,1.0,1.0,0,reported
Milford Jedd IV,Tax Rate,2021,1.00,1.0,1.0,0,reported
Milford Jedd IV,Tax Rate,2022,1.00,1.0,1.0,0,reported
Milford Jedd IV,Tax Rate,2023,1.00,1.0,1.0,0,reported
Milford Jedd IV,Tax Rate,2024,1.00,1.0,1.0,0,reported
Milford Jedd IV,Tax Rate,2025,1.00,1.0,1.0,0,reported
Milford Jedd IV,Credit Factor,2016,,,,0,absent
Milford Jedd IV,Credit Factor,2017,,,,0,absent
Milford Jedd IV,Credit Factor,2018,,,,0,absent
Milford Jedd IV,Credit Factor,2019,,,,0,absent
Milford Jedd IV,Credit Factor,2020,,,,0,absent
Milford Jedd IV,Credit Factor,2021,,,,0,absent
Milford Jedd IV,Credit Factor,2022,,,,0,absent
Milford Jedd IV,Credit Factor,2023,,,,0,absent
Milford Jedd IV,Credit Factor,2024,,,,0,absent
Milford Jedd IV,Credit Factor,2025,,,,0,absent
Milford Jedd IV,Credit Rate,2016,,,,0,absent
Milford Jedd IV,Credit Rate,2017,,,,0,absent
Milford Jedd IV,Credit Rate,2018,,,,0,absent
Milford Jedd IV,Credit Rate,2019,,,,0,absent
Milford Jedd IV,Credit Rate,2020,,,,0,absent
Milford Jedd IV,Credit Rate,2021,,,,0,absent
Milford Jedd IV,Credit Rate,2022,,,,0,absent
Milford Jedd IV,Credit Rate,2023,,,,0,absent
Milford Jedd IV,Credit Rate,2024,,,,0,absent
Milford Jedd IV,Credit Rate,2025,,,,0,absent
Milford Jedd V,Tax Rate,2016,-,,,0,not_member_or_no_tax
Milford Jedd V,Tax Rate,2017,-,,,0,not_member_or_no_tax
Milford Jedd V,Tax Rate,2018,1.00,1.0,1.0,0,reported
Milford Jedd V,Tax Rate,2019,1.00,1.0,1.0,0,reported
Milford Jedd V,Tax Rate,2020,1.00,1.0,1.0,0,reported
Milford Jedd V,Tax Rate,2021,1.00,1.0,1.0,0,reported
Milford Jedd V,Tax Rate,2022,1.00,1.0,1.0,0,reported
Milford Jedd V,Tax Rate,2023,1.00,1.0,1.0,0,reported
Milford Jedd V,Tax Rate,2024,1.00,1.0,1.0,0,reported
Milford Jedd V,Tax Rate,2025,1.00,1.0,1.0,0,reported
Milford Jedd V,Credit Factor,2016,,,,0,absent
Milford Jedd V,Credit Factor,2017,,,,0,absent
Milford Jedd V,Credit Factor,2018,,,,0,absent
Milford Jedd V,Credit Factor,2019,,,,0,absent
Milford Jedd V,Credit Factor,2020,,,,0,absent
Milford Jedd V,Credit Factor,2021,,,,0,absent
Milford Jedd V,Credit Factor,2022,,,,0,absent
Milford Jedd V,Credit Factor,2023,,,,0,absent
Milford Jedd V,Credit Factor,2024,,,,0,absent
Milford Jedd V,Credit Factor,2025,,,,0,absent
Milford Jedd V,Credit Rate,2016,,,,0,absent
Milford Jedd V,Credit Rate,2017,,,,0,absent
Milford Jedd V,Credit Rate,2018,,,,0,absent
Milford Jedd V,Credit Rate,2019,,,,0,absent
Milford Jedd V,Credit Rate,2020,,,,0,absent
Milford Jedd V,Credit Rate,2021,,,,0,absent
Milford Jedd V,Credit Rate,2022,,,,0,absent
Milford Jedd V,Credit Rate,2023,,,,0,absent
Milford Jedd V,Credit Rate,2024,,,,0,absent
Milford Jedd V,Credit Rate,2025,,,,0,absent
Milford Jedd VI,Tax Rate,2016,-,,,0,not_member_or_no_tax
Milford Jedd VI,Tax Rate,2017,-,,,0,not_member_or_no_tax
Milford Jedd VI,Tax Rate,2018,-,,,0,not_member_or_no_tax
Milford Jedd VI,Tax Rate,2019,1.00/-,1.0,0.0,1,split_new_first
Milford Jedd VI,Tax Rate,2020,1.00,1.0,1.0,0,reported
Milford Jedd VI,Tax Rate,2021,1.00,1.0,1.0,0,reported
Milford Jedd VI,Tax Rate,2022,1.00,1.0,1.0,0,reported
Milford Jedd VI,Tax Rate,2023,1.00,1.0,1.0,0,reported
Milford Jedd VI,Tax Rate,2024,1.00,1.0,1.0,0,reported
Milford Jedd VI,Tax Rate,2025,1.00,1.0,1.0,0,reported
Milford Jedd VI,Credit Factor,2016,,,,0,absent
Milford Jedd VI,Credit Factor,2017,,,,0,absent
Milford Jedd VI,Credit Factor,2018,,,,0,absent
Milford Jedd VI,Credit Factor,2019,,,,0,absent
Milford Jedd VI,Credit Factor,2020,,,,0,absent
Milford Jedd VI,Credit Factor,2021,,,,0,absent
Milford Jedd VI,Credit Factor,2022,,,,0,absent
Milford Jedd VI,Credit Factor,2023,,,,0,absent
Milford Jedd VI,Credit Factor,2024,,,,0,absent
Milford Jedd VI,Credit Factor,2025,,,,0,absent
Milford Jedd VI,Credit Rate,2016,,,,0,absent
Milford Jedd VI,Credit Rate,2017,,,,0,absent
Milford Jedd VI,Credit Rate,2018,,,,0,absent
Milford Jedd VI,Credit Rate,2019,,,,0,absent
Milford Jedd VI,Credit Rate,2020,,,,0,absent
Milford Jedd VI,Credit Rate,2021,,,,0,absent
Milford Jedd VI,Credit Rate,2022,,,,0,absent
Milford Jedd VI,Credit Rate,2023,,,,0,absent
Milford Jedd VI,Credit Rate,2024,,,,0,absent
Milford Jedd VI,Credit Rate,2025,,,,0,absent
Milford Jedd VII,Tax Rate,2016,-,,,0,not_member_or_no_tax
Milford Jedd VII,Tax Rate,2017,-,,,0,not_member_or_no_tax
Milford Jedd VII,Tax Rate,2018,-,,,0,not_member_or_no_tax
Milford Jedd VII,Tax Rate,2019,-,,,0,not_member_or_no_tax
Milford Jedd VII,Tax Rate,2020,-,,,0,not_member_or_no_tax
Milford Jedd VII,Tax Rate,2021,1.00,1.0,1.0,0,reported
Milford Jedd VII,Tax Rate,2022,1.00,1.0,1.0,0,reported
Milford Jedd VII,Tax Rate,2023,1.00,1.0,1.0,0,reported
Milford Jedd VII,Tax Rate,2024,1.00,1.0,1.0,0,reported
Milford Jedd VII,Tax Rate,2025,1.00,1.0,1.0,0,reported
Milford Jedd VII,Credit Factor,2016,,,,0,absent
Milford Jedd VII,Credit Factor,2017,,,,0,absent
Milford Jedd VII,Credit Factor,2018,,,,0,absent
Milford Jedd VII,Credit Factor,2019,,,,0,absent
Milford Jedd VII,Credit Factor,2020,,,,0,absent
Milford Jedd VII,Credit Factor,2021,,,,0,absent
Milford Jedd VII,Credit Factor,2022,,,,0,absent
Milford Jedd VII,Credit Factor,2023,,,,0,absent
Milford Jedd VII,Credit Factor,2024,,,,0,absent
Milford Jedd VII,Credit Factor,2025,,,,0,absent
Milford Jedd VII,Credit Rate,2016,,,,0,absent
Milford Jedd VII,Credit Rate,2017,,,,0,absent
Milford Jedd VII,Credit Rate,2018,,,,0,absent
Milford Jedd VII,Credit Rate,2019,,,,0,absent
Milford Jedd VII,Credit Rate,2020,,,,0,absent
Milford Jedd VII,Credit Rate,2021,,,,0,absent
Milford Jedd VII,Credit Rate,2022,,,,0,absent
Milford Jedd VII,Credit Rate,2023,,,,0,absent
Milford Jedd VII,Credit Rate,2024,,,,0,absent
Milford Jedd VII,Credit Rate,2025,,,,0,absent
Milford Jedd VIII,Tax Rate,2016,-,,,0,not_member_or_no_tax
Milford Jedd VIII,Tax Rate,2017,-,,,0,not_member_or_no_tax
Milford Jedd VIII,Tax Rate,2018,-,,,0,not_member_or_no_tax
Milford Jedd VIII,Tax Rate,2019,-,,,0,not_member_or_no_tax
Milford Jedd VIII,Tax Rate,2020,-,,,0,not_member_or_no_tax
Milford Jedd VIII,Tax Rate,2021,-,,,0,not_member_or_no_tax
Milford Jedd VIII,Tax Rate,2022,-,,,0,not_member_or_no_tax
Milford Jedd VIII,Tax Rate,2023,-,,,0,not_member_or_no_tax
Milford Jedd VIII,Tax Rate,2024,-,,,0,not_member_or_no_tax
Milford Jedd VIII,Tax Rate,2025,1.00,1.0,1.0,0,reported
Milford Jedd VIII,Credit Factor,2016,,,,0,absent
Milford Jedd VIII,Credit Factor,2017,,,,0,absent
Milford Jedd VIII,Credit Factor,2018,,,,0,absent
Milford Jedd VIII,Credit Factor,2019,,,,0,absent
Milford Jedd VIII,Credit Factor,2020,,,,0,absent
Milford Jedd VIII,Credit Factor,2021,,,,0,absent
Milford Jedd VIII,Credit Factor,2022,,,,0,absent
Milford Jedd VIII,Credit Factor,2023,,,,0,absent
Milford Jedd VIII,Credit Factor,2024,,,,0,absent
Milford Jedd VIII,Credit Factor,2025,,,,0,absent
Milford Jedd VIII,Credit Rate,2016,,,,0,absent
Milford Jedd VIII,Credit Rate,2017,,,,0,absent
Milford Jedd VIII,Credit Rate,2018,,,,0,absent
Milford Jedd VIII,Credit Rate,2019,,,,0,absent
Milford Jedd VIII,Credit Rate,2020,,,,0,absent
Milford Jedd VIII,Credit Rate,2021,,,,0,absent
Milford Jedd VIII,Credit Rate,2022,,,,0,absent
Milford Jedd VIII,Credit Rate,2023,,,,0,absent
Milford Jedd VIII,Credit Rate,2024,,,,0,absent
Milford Jedd VIII,Credit Rate,2025,,,,0,absent
Millbury,Tax Rate,2016,-,,,0,not_member_or_no_tax
Millbury,Tax Rate,2017,-,,,0,not_member_or_no_tax
Millbury,Tax Rate,2018,-,,,0,not_member_or_no_tax
Millbury,Tax Rate,2019,-,,,0,not_member_or_no_tax
Millbury,Tax Rate,2020,-,,,0,not_member_or_no_tax
Millbury,Tax Rate,2021,-,,,0,not_member_or_no_tax
Millbury,Tax Rate,2022,-,,,0,not_member_or_no_tax
Millbury,Tax Rate,2023,-,,,0,not_member_or_no_tax
Millbury,Tax Rate,2024,1.50,1.5,1.5,0,reported
Millbury,Tax Rate,2025,1.50,1.5,1.5,0,reported
Millbury,Credit Factor,2016,-,,,0,not_member_or_no_tax
Millbury,Credit Factor,2017,-,,,0,not_member_or_no_tax
Millbury,Credit Factor,2018,-,,,0,not_member_or_no_tax
Millbury,Credit Factor,2019,-,,,0,not_member_or_no_tax
Millbury,Credit Factor,2020,-,,,0,not_member_or_no_tax
Millbury,Credit Factor,2021,-,,,0,not_member_or_no_tax
Millbury,Credit Factor,2022,-,,,0,not_member_or_no_tax
Millbury,Credit Factor,2023,-,,,0,not_member_or_no_tax
Millbury,Credit Factor,2024,100,100.0,100.0,0,reported
Millbury,Credit Factor,2025,100,100.0,100.0,0,reported
Millbury,Credit Rate,2016,-,,,0,not_member_or_no_tax
Millbury,Credit Rate,2017,-,,,0,not_member_or_no_tax
Millbury,Credit Rate,2018,-,,,0,not_member_or_no_tax
Millbury,Credit Rate,2019,-,,,0,not_member_or_no_tax
Millbury,Credit Rate,2020,-,,,0,not_member_or_no_tax
Millbury,Credit Rate,2021,-,,,0,not_member_or_no_tax
Millbury,Credit Rate,2022,-,,,0,not_member_or_no_tax
Millbury,Credit Rate,2023,-,,,0,not_member_or_no_tax
Millbury,Credit Rate,2024,0.50,0.5,0.5,0,reported
Millbury,Credit Rate,2025,0.50,0.5,0.5,0,reported
Miller City,Tax Rate,2016,1.00,1.0,1.0,0,reported
Miller City,Tax Rate,2017,1.00,1.0,1.0,0,reported
Miller City,Tax Rate,2018,1.00,1.0,1.0,0,reported
Miller City,Tax Rate,2019,1.00,1.0,1.0,0,reported
Miller City,Tax Rate,2020,1.00,1.0,1.0,0,reported
Miller City,Tax Rate,2021,1.00,1.0,1.0,0,reported
Miller City,Tax Rate,2022,1.00,1.0,1.0,0,reported
Miller City,Tax Rate,2023,1.00,1.0,1.0,0,reported
Miller City,Tax Rate,2024,1.00,1.0,1.0,0,reported
Miller City,Tax Rate,2025,1.00,1.0,1.0,0,reported
Miller City,Credit Factor,2016,100,100.0,100.0,0,reported
Miller City,Credit Factor,2017,100,100.0,100.0,0,reported
Miller City,Credit Factor,2018,100,100.0,100.0,0,reported
Miller City,Credit Factor,2019,100,100.0,100.0,0,reported
Miller City,Credit Factor,2020,100,100.0,100.0,0,reported
Miller City,Credit Factor,2021,100,100.0,100.0,0,reported
Miller City,Credit Factor,2022,100,100.0,100.0,0,reported
Miller City,Credit Factor,2023,100,100.0,100.0,0,reported
Miller City,Credit Factor,2024,100,100.0,100.0,0,reported
Miller City,Credit Factor,2025,100,100.0,100.0,0,reported
Miller City,Credit Rate,2016,1.00,1.0,1.0,0,reported
Miller City,Credit Rate,2017,1.00,1.0,1.0,0,reported
Miller City,Credit Rate,2018,1.00,1.0,1.0,0,reported
Miller City,Credit Rate,2019,1.00,1.0,1.0,0,reported
Miller City,Credit Rate,2020,1.00,1.0,1.0,0,reported
Miller City,Credit Rate,2021,1.00,1.0,1.0,0,reported
Miller City,Credit Rate,2022,1.00,1.0,1.0,0,reported
Miller City,Credit Rate,2023,1.00,1.0,1.0,0,reported
Miller City,Credit Rate,2024,1.00,1.0,1.0,0,reported
Miller City,Credit Rate,2025,1.00,1.0,1.0,0,reported
Millersport,Tax Rate,2016,1.00,1.0,1.0,0,reported
Millersport,Tax Rate,2017,1.00,1.0,1.0,0,reported
Millersport,Tax Rate,2018,1.00,1.0,1.0,0,reported
Millersport,Tax Rate,2019,1.00,1.0,1.0,0,reported
Millersport,Tax Rate,2020,1.00,1.0,1.0,0,reported
Millersport,Tax Rate,2021,1.00,1.0,1.0,0,reported
Millersport,Tax Rate,2022,1.00,1.0,1.0,0,reported
Millersport,Tax Rate,2023,1.00,1.0,1.0,0,reported
Millersport,Tax Rate,2024,1.00,1.0,1.0,0,reported
Millersport,Tax Rate,2025,1.00,1.0,1.0,0,reported
Millersport,Credit Factor,2016,-,0.0,0.0,0,dash_zero_inferred
Millersport,Credit Factor,2017,-,0.0,0.0,0,dash_zero_inferred
Millersport,Credit Factor,2018,-,0.0,0.0,0,dash_zero_inferred
Millersport,Credit Factor,2019,-,0.0,0.0,0,dash_zero_inferred
Millersport,Credit Factor,2020,-,0.0,0.0,0,dash_zero_inferred
Millersport,Credit Factor,2021,-,0.0,0.0,0,dash_zero_inferred
Millersport,Credit Factor,2022,-,0.0,0.0,0,dash_zero_inferred
Millersport,Credit Factor,2023,-,0.0,0.0,0,dash_zero_inferred
Millersport,Credit Factor,2024,-,0.0,0.0,0,dash_zero_inferred
Millersport,Credit Factor,2025,-,0.0,0.0,0,dash_zero_inferred
Millersport,Credit Rate,2016,-,0.0,0.0,0,dash_zero_inferred
Millersport,Credit Rate,2017,-,0.0,0.0,0,dash_zero_inferred
Millersport,Credit Rate,2018,-,0.0,0.0,0,dash_zero_inferred
Millersport,Credit Rate,2019,-,0.0,0.0,0,dash_zero_inferred
Millersport,Credit Rate,2020,-,0.0,0.0,0,dash_zero_inferred
Millersport,Credit Rate,2021,-,0.0,0.0,0,dash_zero_inferred
Millersport,Credit Rate,2022,-,0.0,0.0,0,dash_zero_inferred
Millersport,Credit Rate,2023,-,0.0,0.0,0,dash_zero_inferred
Millersport,Credit Rate,2024,-,0.0,0.0,0,dash_zero_inferred
Millersport,Credit Rate,2025,-,0.0,0.0,0,dash_zero_inferred
Millville,Tax Rate,2016,-,,,0,not_member_or_no_tax
Millville,Tax Rate,2017,-,,,0,not_member_or_no_tax
Millville,Tax Rate,2018,-,,,0,not_member_or_no_tax
Millville,Tax Rate,2019,-,,,0,not_member_or_no_tax
Millville,Tax Rate,2020,-,,,0,not_member_or_no_tax
Millville,Tax Rate,2021,-,,,0,not_member_or_no_tax
Millville,Tax Rate,2022,-,,,0,not_member_or_no_tax
Millville,Tax Rate,2023,-,,,0,not_member_or_no_tax
Millville,Tax Rate,2024,-,,,0,not_member_or_no_tax
Millville,Tax Rate,2025,1.00,1.0,1.0,0,reported
Millville,Credit Factor,2016,-,,,0,not_member_or_no_tax
Millville,Credit Factor,2017,-,,,0,not_member_or_no_tax
Millville,Credit Factor,2018,-,,,0,not_member_or_no_tax
Millville,Credit Factor,2019,-,,,0,not_member_or_no_tax
Millville,Credit Factor,2020,-,,,0,not_member_or_no_tax
Millville,Credit Factor,2021,-,,,0,not_member_or_no_tax
Millville,Credit Factor,2022,-,,,0,not_member_or_no_tax
Millville,Credit Factor,2023,-,,,0,not_member_or_no_tax
Millville,Credit Factor,2024,-,,,0,not_member_or_no_tax
Millville,Credit Factor,2025,100,100.0,100.0,0,reported
Millville,Credit Rate,2016,-,,,0,not_member_or_no_tax
Millville,Credit Rate,2017,-,,,0,not_member_or_no_tax
Millville,Credit Rate,2018,-,,,0,not_member_or_no_tax
Millville,Credit Rate,2019,-,,,0,not_member_or_no_tax
Millville,Credit Rate,2020,-,,,0,not_member_or_no_tax
Millville,Credit Rate,2021,-,,,0,not_member_or_no_tax
Millville,Credit Rate,2022,-,,,0,not_member_or_no_tax
Millville,Credit Rate,2023,-,,,0,not_member_or_no_tax
Millville,Credit Rate,2024,-,,,0,not_member_or_no_tax
Millville,Credit Rate,2025,1.00,1.0,1.0,0,reported
Mineral City,Tax Rate,2016,1.00,1.0,1.0,0,reported
Mineral City,Tax Rate,2017,1.00,1.0,1.0,0,reported
Mineral City,Tax Rate,2018,1.00,1.0,1.0,0,reported
Mineral City,Tax Rate,2019,1.00,1.0,1.0,0,reported
Mineral City,Tax Rate,2020,1.00,1.0,1.0,0,reported
Mineral City,Tax Rate,2021,1.00,1.0,1.0,0,reported
Mineral City,Tax Rate,2022,1.00,1.0,1.0,0,reported
Mineral City,Tax Rate,2023,1.00,1.0,1.0,0,reported
Mineral City,Tax Rate,2024,1.00,1.0,1.0,0,reported
Mineral City,Tax Rate,2025,1.00,1.0,1.0,0,reported
Mineral City,Credit Factor,2016,100,100.0,100.0,0,reported
Mineral City,Credit Factor,2017,100,100.0,100.0,0,reported
Mineral City,Credit Factor,2018,100,100.0,100.0,0,reported
Mineral City,Credit Factor,2019,100,100.0,100.0,0,reported
Mineral City,Credit Factor,2020,100,100.0,100.0,0,reported
Mineral City,Credit Factor,2021,100,100.0,100.0,0,reported
Mineral City,Credit Factor,2022,100,100.0,100.0,0,reported
Mineral City,Credit Factor,2023,100,100.0,100.0,0,reported
Mineral City,Credit Factor,2024,100,100.0,100.0,0,reported
Mineral City,Credit Factor,2025,100,100.0,100.0,0,reported
Mineral City,Credit Rate,2016,1.00,1.0,1.0,0,reported
Mineral City,Credit Rate,2017,1.00,1.0,1.0,0,reported
Mineral City,Credit Rate,2018,1.00,1.0,1.0,0,reported
Mineral City,Credit Rate,2019,1.00,1.0,1.0,0,reported
Mineral City,Credit Rate,2020,1.00,1.0,1.0,0,reported
Mineral City,Credit Rate,2021,1.00,1.0,1.0,0,reported
Mineral City,Credit Rate,2022,1.00,1.0,1.0,0,reported
Mineral City,Credit Rate,2023,1.00,1.0,1.0,0,reported
Mineral City,Credit Rate,2024,1.00,1.0,1.0,0,reported
Mineral City,Credit Rate,2025,1.00,1.0,1.0,0,reported
Minerva,Tax Rate,2016,-,,,0,not_member_or_no_tax
Minerva,Tax Rate,2017,-,,,0,not_member_or_no_tax
Minerva,Tax Rate,2018,-,,,0,not_member_or_no_tax
Minerva,Tax Rate,2019,-,,,0,not_member_or_no_tax
Minerva,Tax Rate,2020,-,,,0,not_member_or_no_tax
Minerva,Tax Rate,2021,-,,,0,not_member_or_no_tax
Minerva,Tax Rate,2022,1.50,1.5,1.5,0,reported
Minerva,Tax Rate,2023,1.50,1.5,1.5,0,reported
Minerva,Tax Rate,2024,1.50,1.5,1.5,0,reported
Minerva,Tax Rate,2025,1.50,1.5,1.5,0,reported
Minerva,Credit Factor,2016,-,,,0,not_member_or_no_tax
Minerva,Credit Factor,2017,-,,,0,not_member_or_no_tax
Minerva,Credit Factor,2018,-,,,0,not_member_or_no_tax
Minerva,Credit Factor,2019,-,,,0,not_member_or_no_tax
Minerva,Credit Factor,2020,-,,,0,not_member_or_no_tax
Minerva,Credit Factor,2021,-,,,0,not_member_or_no_tax
Minerva,Credit Factor,2022,100,100.0,100.0,0,reported
Minerva,Credit Factor,2023,100,100.0,100.0,0,reported
Minerva,Credit Factor,2024,100,100.0,100.0,0,reported
Minerva,Credit Factor,2025,100,100.0,100.0,0,reported
Minerva,Credit Rate,2016,-,,,0,not_member_or_no_tax
Minerva,Credit Rate,2017,-,,,0,not_member_or_no_tax
Minerva,Credit Rate,2018,-,,,0,not_member_or_no_tax
Minerva,Credit Rate,2019,-,,,0,not_member_or_no_tax
Minerva,Credit Rate,2020,-,,,0,not_member_or_no_tax
Minerva,Credit Rate,2021,-,,,0,not_member_or_no_tax
Minerva,Credit Rate,2022,1.50,1.5,1.5,0,reported
Minerva,Credit Rate,2023,1.50,1.5,1.5,0,reported
Minerva,Credit Rate,2024,1.50,1.5,1.5,0,reported
Minerva,Credit Rate,2025,1.50,1.5,1.5,0,reported
Minerva Park,Tax Rate,2016,2.00,2.0,2.0,0,reported
Minerva Park,Tax Rate,2017,2.00,2.0,2.0,0,reported
Minerva Park,Tax Rate,2018,2.00,2.0,2.0,0,reported
Minerva Park,Tax Rate,2019,2.00,2.0,2.0,0,reported
Minerva Park,Tax Rate,2020,2.00,2.0,2.0,0,reported
Minerva Park,Tax Rate,2021,2.00,2.0,2.0,0,reported
Minerva Park,Tax Rate,2022,2.00,2.0,2.0,0,reported
Minerva Park,Tax Rate,2023,2.00,2.0,2.0,0,reported
Minerva Park,Tax Rate,2024,2.00,2.0,2.0,0,reported
Minerva Park,Tax Rate,2025,2.00,2.0,2.0,0,reported
Minerva Park,Credit Factor,2016,-,0.0,0.0,0,dash_zero_inferred
Minerva Park,Credit Factor,2017,-,0.0,0.0,0,dash_zero_inferred
Minerva Park,Credit Factor,2018,-,0.0,0.0,0,dash_zero_inferred
Minerva Park,Credit Factor,2019,-,0.0,0.0,0,dash_zero_inferred
Minerva Park,Credit Factor,2020,-,0.0,0.0,0,dash_zero_inferred
Minerva Park,Credit Factor,2021,-,0.0,0.0,0,dash_zero_inferred
Minerva Park,Credit Factor,2022,-,0.0,0.0,0,dash_zero_inferred
Minerva Park,Credit Factor,2023,-,0.0,0.0,0,dash_zero_inferred
Minerva Park,Credit Factor,2024,-,0.0,0.0,0,dash_zero_inferred
Minerva Park,Credit Factor,2025,-,0.0,0.0,0,dash_zero_inferred
Minerva Park,Credit Rate,2016,-,0.0,0.0,0,dash_zero_inferred
Minerva Park,Credit Rate,2017,-,0.0,0.0,0,dash_zero_inferred
Minerva Park,Credit Rate,2018,-,0.0,0.0,0,dash_zero_inferred
Minerva Park,Credit Rate,2019,-,0.0,0.0,0,dash_zero_inferred
Minerva Park,Credit Rate,2020,-,0.0,0.0,0,dash_zero_inferred
Minerva Park,Credit Rate,2021,-,0.0,0.0,0,dash_zero_inferred
Minerva Park,Credit Rate,2022,-,0.0,0.0,0,dash_zero_inferred
Minerva Park,Credit Rate,2023,-,0.0,0.0,0,dash_zero_inferred
Minerva Park,Credit Rate,2024,-,0.0,0.0,0,dash_zero_inferred
Minerva Park,Credit Rate,2025,-,0.0,0.0,0,dash_zero_inferred
Mingo Junction,Tax Rate,2016,1.975,1.975,1.975,0,reported
Mingo Junction,Tax Rate,2017,2.00,2.0,2.0,0,reported
Mingo Junction,Tax Rate,2018,2.00,2.0,2.0,0,reported
Mingo Junction,Tax Rate,2019,2.00,2.0,2.0,0,reported
Mingo Junction,Tax Rate,2020,2.00,2.0,2.0,0,reported
Mingo Junction,Tax Rate,2021,2.00,2.0,2.0,0,reported
Mingo Junction,Tax Rate,2022,2.00,2.0,2.0,0,reported
Mingo Junction,Tax Rate,2023,1.00,1.0,1.0,0,reported
Mingo Junction,Tax Rate,2024,1.00,1.0,1.0,0,reported
Mingo Junction,Tax Rate,2025,2.00,2.0,2.0,0,reported
Mingo Junction,Credit Factor,2016,100,100.0,100.0,0,reported
Mingo Junction,Credit Factor,2017,100,100.0,100.0,0,reported
Mingo Junction,Credit Factor,2018,100,100.0,100.0,0,reported
Mingo Junction,Credit Factor,2019,100,100.0,100.0,0,reported
Mingo Junction,Credit Factor,2020,100,100.0,100.0,0,reported
Mingo Junction,Credit Factor,2021,100,100.0,100.0,0,reported
Mingo Junction,Credit Factor,2022,100,100.0,100.0,0,reported
Mingo Junction,Credit Factor,2023,100,100.0,100.0,0,reported
Mingo Junction,Credit Factor,2024,100,100.0,100.0,0,reported
Mingo Junction,Credit Factor,2025,100,100.0,100.0,0,reported
Mingo Junction,Credit Rate,2016,1.975,1.975,1.975,0,reported
Mingo Junction,Credit Rate,2017,2.00,2.0,2.0,0,reported
Mingo Junction,Credit Rate,2018,2.00,2.0,2.0,0,reported
Mingo Junction,Credit Rate,2019,2.00,2.0,2.0,0,reported
Mingo Junction,Credit Rate,2020,2.00,2.0,2.0,0,reported
Mingo Junction,Credit Rate,2021,2.00,2.0,2.0,0,reported
Mingo Junction,Credit Rate,2022,2.00,2.0,2.0,0,reported
Mingo Junction,Credit Rate,2023,1.00,1.0,1.0,0,reported
Mingo Junction,Credit Rate,2024,1.00,1.0,1.0,0,reported
Mingo Junction,Credit Rate,2025,2.00,2.0,2.0,0,reported
Mogadore,Tax Rate,2016,2.25,2.25,2.25,0,reported
Mogadore,Tax Rate,2017,2.25,2.25,2.25,0,reported
Mogadore,Tax Rate,2018,2.25,2.25,2.25,0,reported
Mogadore,Tax Rate,2019,2.50/2.25,2.5,2.25,1,split_new_first
Mogadore,Tax Rate,2020,2.50,2.5,2.5,0,reported
Mogadore,Tax Rate,2021,2.50,2.5,2.5,0,reported
Mogadore,Tax Rate,2022,2.50,2.5,2.5,0,reported
Mogadore,Tax Rate,2023,2.50,2.5,2.5,0,reported
Mogadore,Tax Rate,2024,2.50,2.5,2.5,0,reported
Mogadore,Tax Rate,2025,2.50,2.5,2.5,0,reported
Mogadore,Credit Factor,2016,100,100.0,100.0,0,reported
Mogadore,Credit Factor,2017,100,100.0,100.0,0,reported
Mogadore,Credit Factor,2018,100,100.0,100.0,0,reported
Mogadore,Credit Factor,2019,100,100.0,100.0,0,reported
Mogadore,Credit Factor,2020,100,100.0,100.0,0,reported
Mogadore,Credit Factor,2021,100,100.0,100.0,0,reported
Mogadore,Credit Factor,2022,100,100.0,100.0,0,reported
Mogadore,Credit Factor,2023,100,100.0,100.0,0,reported
Mogadore,Credit Factor,2024,100,100.0,100.0,0,reported
Mogadore,Credit Factor,2025,100,100.0,100.0,0,reported
Mogadore,Credit Rate,2016,2.25,2.25,2.25,0,reported
Mogadore,Credit Rate,2017,2.25,2.25,2.25,0,reported
Mogadore,Credit Rate,2018,2.25,2.25,2.25,0,reported
Mogadore,Credit Rate,2019,2.50/2.25,2.5,2.25,1,split_new_first
Mogadore,Credit Rate,2020,2.50,2.5,2.5,0,reported
Mogadore,Credit Rate,2021,2.50,2.5,2.5,0,reported
Mogadore,Credit Rate,2022,2.50,2.5,2.5,0,reported
Mogadore,Credit Rate,2023,2.50,2.5,2.5,0,reported
Mogadore,Credit Rate,2024,2.50,2.5,2.5,0,reported
Mogadore,Credit Rate,2025,2.50,2.5,2.5,0,reported
Monroeville,Tax Rate,2016,-,,,0,not_member_or_no_tax
Monroeville,Tax Rate,2017,-,,,0,not_member_or_no_tax
Monroeville,Tax Rate,2018,-,,,0,not_member_or_no_tax
Monroeville,Tax Rate,2019,-,,,0,not_member_or_no_tax
Monroeville,Tax Rate,2020,-,,,0,not_member_or_no_tax
Monroeville,Tax Rate,2021,1.00,1.0,1.0,0,reported
Monroeville,Tax Rate,2022,1.00,1.0,1.0,0,reported
Monroeville,Tax Rate,2023,1.00,1.0,1.0,0,reported
Monroeville,Tax Rate,2024,1.00,1.0,1.0,0,reported
Monroeville,Tax Rate,2025,1.00,1.0,1.0,0,reported
Monroeville,Credit Factor,2016,-,,,0,not_member_or_no_tax
Monroeville,Credit Factor,2017,-,,,0,not_member_or_no_tax
Monroeville,Credit Factor,2018,-,,,0,not_member_or_no_tax
Monroeville,Credit Factor,2019,-,,,0,not_member_or_no_tax
Monroeville,Credit Factor,2020,-,,,0,not_member_or_no_tax
Monroeville,Credit Factor,2021,100,100.0,100.0,0,reported
Monroeville,Credit Factor,2022,100,100.0,100.0,0,reported
Monroeville,Credit Factor,2023,100,100.0,100.0,0,reported
Monroeville,Credit Factor,2024,100,100.0,100.0,0,reported
Monroeville,Credit Factor,2025,100,100.0,100.0,0,reported
Monroeville,Credit Rate,2016,-,,,0,not_member_or_no_tax
Monroeville,Credit Rate,2017,-,,,0,not_member_or_no_tax
Monroeville,Credit Rate,2018,-,,,0,not_member_or_no_tax
Monroeville,Credit Rate,2019,-,,,0,not_member_or_no_tax
Monroeville,Credit Rate,2020,-,,,0,not_member_or_no_tax
Monroeville,Credit Rate,2021,1.00,1.0,1.0,0,reported
Monroeville,Credit Rate,2022,1.00,1.0,1.0,0,reported
Monroeville,Credit Rate,2023,1.00,1.0,1.0,0,reported
Monroeville,Credit Rate,2024,1.00,1.0,1.0,0,reported
Monroeville,Credit Rate,2025,1.00,1.0,1.0,0,reported
Montgomery,Tax Rate,2016,-,,,0,not_member_or_no_tax
Montgomery,Tax Rate,2017,-,,,0,not_member_or_no_tax
Montgomery,Tax Rate,2018,-,,,0,not_member_or_no_tax
Montgomery,Tax Rate,2019,-,,,0,not_member_or_no_tax
Montgomery,Tax Rate,2020,-,,,0,not_member_or_no_tax
Montgomery,Tax Rate,2021,-,,,0,not_member_or_no_tax
Montgomery,Tax Rate,2022,-,,,0,not_member_or_no_tax
Montgomery,Tax Rate,2023,1.00,1.0,1.0,0,reported
Montgomery,Tax Rate,2024,1.00,1.0,1.0,0,reported
Montgomery,Tax Rate,2025,1.00,1.0,1.0,0,reported
Montgomery,Credit Factor,2016,-,,,0,not_member_or_no_tax
Montgomery,Credit Factor,2017,-,,,0,not_member_or_no_tax
Montgomery,Credit Factor,2018,-,,,0,not_member_or_no_tax
Montgomery,Credit Factor,2019,-,,,0,not_member_or_no_tax
Montgomery,Credit Factor,2020,-,,,0,not_member_or_no_tax
Montgomery,Credit Factor,2021,-,,,0,not_member_or_no_tax
Montgomery,Credit Factor,2022,-,,,0,not_member_or_no_tax
Montgomery,Credit Factor,2023,100,100.0,100.0,0,reported
Montgomery,Credit Factor,2024,100,100.0,100.0,0,reported
Montgomery,Credit Factor,2025,100,100.0,100.0,0,reported
Montgomery,Credit Rate,2016,-,,,0,not_member_or_no_tax
Montgomery,Credit Rate,2017,-,,,0,not_member_or_no_tax
Montgomery,Credit Rate,2018,-,,,0,not_member_or_no_tax
Montgomery,Credit Rate,2019,-,,,0,not_member_or_no_tax
Montgomery,Credit Rate,2020,-,,,0,not_member_or_no_tax
Montgomery,Credit Rate,2021,-,,,0,not_member_or_no_tax
Montgomery,Credit Rate,2022,-,,,0,not_member_or_no_tax
Montgomery,Credit Rate,2023,1.00,1.0,1.0,0,reported
Montgomery,Credit Rate,2024,1.00,1.0,1.0,0,reported
Montgomery,Credit Rate,2025,1.00,1.0,1.0,0,reported
Moreland Hills,Tax Rate,2016,1.00,1.0,1.0,0,reported
Moreland Hills,Tax Rate,2017,1.00,1.0,1.0,0,reported
Moreland Hills,Tax Rate,2018,1.00,1.0,1.0,0,reported
Moreland Hills,Tax Rate,2019,1.00,1.0,1.0,0,reported
Moreland Hills,Tax Rate,2020,1.00,1.0,1.0,0,reported
Moreland Hills,Tax Rate,2021,1.00,1.0,1.0,0,reported
Moreland Hills,Tax Rate,2022,1.00,1.0,1.0,0,reported
Moreland Hills,Tax Rate,2023,1.00,1.0,1.0,0,reported
Moreland Hills,Tax Rate,2024,1.00,1.0,1.0,0,reported
Moreland Hills,Tax Rate,2025,1.00,1.0,1.0,0,reported
Moreland Hills,Credit Factor,2016,-,0.0,0.0,0,dash_zero_inferred
Moreland Hills,Credit Factor,2017,-,0.0,0.0,0,dash_zero_inferred
Moreland Hills,Credit Factor,2018,-,0.0,0.0,0,dash_zero_inferred
Moreland Hills,Credit Factor,2019,-,0.0,0.0,0,dash_zero_inferred
Moreland Hills,Credit Factor,2020,-,0.0,0.0,0,dash_zero_inferred
Moreland Hills,Credit Factor,2021,-,0.0,0.0,0,dash_zero_inferred
Moreland Hills,Credit Factor,2022,-,0.0,0.0,0,dash_zero_inferred
Moreland Hills,Credit Factor,2023,-,0.0,0.0,0,dash_zero_inferred
Moreland Hills,Credit Factor,2024,-,0.0,0.0,0,dash_zero_inferred
Moreland Hills,Credit Factor,2025,-,0.0,0.0,0,dash_zero_inferred
Moreland Hills,Credit Rate,2016,-,0.0,0.0,0,dash_zero_inferred
Moreland Hills,Credit Rate,2017,-,0.0,0.0,0,dash_zero_inferred
Moreland Hills,Credit Rate,2018,-,0.0,0.0,0,dash_zero_inferred
Moreland Hills,Credit Rate,2019,-,0.0,0.0,0,dash_zero_inferred
Moreland Hills,Credit Rate,2020,-,0.0,0.0,0,dash_zero_inferred
Moreland Hills,Credit Rate,2021,-,0.0,0.0,0,dash_zero_inferred
Moreland Hills,Credit Rate,2022,-,0.0,0.0,0,dash_zero_inferred
Moreland Hills,Credit Rate,2023,-,0.0,0.0,0,dash_zero_inferred
Moreland Hills,Credit Rate,2024,-,0.0,0.0,0,dash_zero_inferred
Moreland Hills,Credit Rate,2025,-,0.0,0.0,0,dash_zero_inferred
Morral,Tax Rate,2016,1.00,1.0,1.0,0,reported
Morral,Tax Rate,2017,1.00,1.0,1.0,0,reported
Morral,Tax Rate,2018,1.00,1.0,1.0,0,reported
Morral,Tax Rate,2019,1.00,1.0,1.0,0,reported
Morral,Tax Rate,2020,1.00,1.0,1.0,0,reported
Morral,Tax Rate,2021,1.00,1.0,1.0,0,reported
Morral,Tax Rate,2022,1.00,1.0,1.0,0,reported
Morral,Tax Rate,2023,1.00,1.0,1.0,0,reported
Morral,Tax Rate,2024,1.00,1.0,1.0,0,reported
Morral,Tax Rate,2025,1.00,1.0,1.0,0,reported
Morral,Credit Factor,2016,-,0.0,0.0,0,dash_zero_inferred
Morral,Credit Factor,2017,-,0.0,0.0,0,dash_zero_inferred
Morral,Credit Factor,2018,-,0.0,0.0,0,dash_zero_inferred
Morral,Credit Factor,2019,-,0.0,0.0,0,dash_zero_inferred
Morral,Credit Factor,2020,-,0.0,0.0,0,dash_zero_inferred
Morral,Credit Factor,2021,-,0.0,0.0,0,dash_zero_inferred
Morral,Credit Factor,2022,-,0.0,0.0,0,dash_zero_inferred
Morral,Credit Factor,2023,-,0.0,0.0,0,dash_zero_inferred
Morral,Credit Factor,2024,-,0.0,0.0,0,dash_zero_inferred
Morral,Credit Factor,2025,-,0.0,0.0,0,dash_zero_inferred
Morral,Credit Rate,2016,-,0.0,0.0,0,dash_zero_inferred
Morral,Credit Rate,2017,-,0.0,0.0,0,dash_zero_inferred
Morral,Credit Rate,2018,-,0.0,0.0,0,dash_zero_inferred
Morral,Credit Rate,2019,-,0.0,0.0,0,dash_zero_inferred
Morral,Credit Rate,2020,-,0.0,0.0,0,dash_zero_inferred
Morral,Credit Rate,2021,-,0.0,0.0,0,dash_zero_inferred
Morral,Credit Rate,2022,-,0.0,0.0,0,dash_zero_inferred
Morral,Credit Rate,2023,-,0.0,0.0,0,dash_zero_inferred
Morral,Credit Rate,2024,-,0.0,0.0,0,dash_zero_inferred
Morral,Credit Rate,2025,-,0.0,0.0,0,dash_zero_inferred
Moscow,Tax Rate,2016,-,,,0,not_member_or_no_tax
Moscow,Tax Rate,2017,-,,,0,not_member_or_no_tax
Moscow,Tax Rate,2018,-,,,0,not_member_or_no_tax
Moscow,Tax Rate,2019,-,,,0,not_member_or_no_tax
Moscow,Tax Rate,2020,-,,,0,not_member_or_no_tax
Moscow,Tax Rate,2021,-,,,0,not_member_or_no_tax
Moscow,Tax Rate,2022,-,,,0,not_member_or_no_tax
Moscow,Tax Rate,2023,-,,,0,not_member_or_no_tax
Moscow,Tax Rate,2024,-,,,0,not_member_or_no_tax
Moscow,Tax Rate,2025,-,,,0,not_member_or_no_tax
Moscow,Credit Factor,2016,-,,,0,not_member_or_no_tax
Moscow,Credit Factor,2017,-,,,0,not_member_or_no_tax
Moscow,Credit Factor,2018,-,,,0,not_member_or_no_tax
Moscow,Credit Factor,2019,-,,,0,not_member_or_no_tax
Moscow,Credit Factor,2020,-,,,0,not_member_or_no_tax
Moscow,Credit Factor,2021,-,,,0,not_member_or_no_tax
Moscow,Credit Factor,2022,-,,,0,not_member_or_no_tax
Moscow,Credit Factor,2023,-,,,0,not_member_or_no_tax
Moscow,Credit Factor,2024,-,,,0,not_member_or_no_tax
Moscow,Credit Factor,2025,-,,,0,not_member_or_no_tax
Moscow,Credit Rate,2016,-,,,0,not_member_or_no_tax
Moscow,Credit Rate,2017,-,,,0,not_member_or_no_tax
Moscow,Credit Rate,2018,-,,,0,not_member_or_no_tax
Moscow,Credit Rate,2019,-,,,0,not_member_or_no_tax
Moscow,Credit Rate,2020,-,,,0,not_member_or_no_tax
Moscow,Credit Rate,2021,-,,,0,not_member_or_no_tax
Moscow,Credit Rate,2022,-,,,0,not_member_or_no_tax
Moscow,Credit Rate,2023,-,,,0,not_member_or_no_tax
Moscow,Credit Rate,2024,-,,,0,not_member_or_no_tax
Moscow,Credit Rate,2025,-,,,0,not_member_or_no_tax
Mount Sterling,Tax Rate,2016,1.00,1.0,1.0,0,reported
Mount Sterling,Tax Rate,2017,1.00,1.0,1.0,0,reported
Mount Sterling,Tax Rate,2018,1.00,1.0,1.0,0,reported
Mount Sterling,Tax Rate,2019,1.00,1.0,1.0,0,reported
Mount Sterling,Tax Rate,2020,1.00,1.0,1.0,0,reported
Mount Sterling,Tax Rate,2021,1.00,1.0,1.0,0,reported
Mount Sterling,Tax Rate,2022,1.00,1.0,1.0,0,reported
Mount Sterling,Tax Rate,2023,1.00,1.0,1.0,0,reported
Mount Sterling,Tax Rate,2024,1.00,1.0,1.0,0,reported
Mount Sterling,Tax Rate,2025,1.00,1.0,1.0,0,reported
Mount Sterling,Credit Factor,2016,-,0.0,0.0,0,dash_zero_inferred
Mount Sterling,Credit Factor,2017,-,0.0,0.0,0,dash_zero_inferred
Mount Sterling,Credit Factor,2018,-,0.0,0.0,0,dash_zero_inferred
Mount Sterling,Credit Factor,2019,-,0.0,0.0,0,dash_zero_inferred
Mount Sterling,Credit Factor,2020,-,0.0,0.0,0,dash_zero_inferred
Mount Sterling,Credit Factor,2021,-,0.0,0.0,0,dash_zero_inferred
Mount Sterling,Credit Factor,2022,-,0.0,0.0,0,dash_zero_inferred
Mount Sterling,Credit Factor,2023,-,0.0,0.0,0,dash_zero_inferred
Mount Sterling,Credit Factor,2024,-,0.0,0.0,0,dash_zero_inferred
Mount Sterling,Credit Factor,2025,-,0.0,0.0,0,dash_zero_inferred
Mount Sterling,Credit Rate,2016,-,0.0,0.0,0,dash_zero_inferred
Mount Sterling,Credit Rate,2017,-,0.0,0.0,0,dash_zero_inferred
Mount Sterling,Credit Rate,2018,-,0.0,0.0,0,dash_zero_inferred
Mount Sterling,Credit Rate,2019,-,0.0,0.0,0,dash_zero_inferred
Mount Sterling,Credit Rate,2020,-,0.0,0.0,0,dash_zero_inferred
Mount Sterling,Credit Rate,2021,-,0.0,0.0,0,dash_zero_inferred
Mount Sterling,Credit Rate,2022,-,0.0,0.0,0,dash_zero_inferred
Mount Sterling,Credit Rate,2023,-,0.0,0.0,0,dash_zero_inferred
Mount Sterling,Credit Rate,2024,-,0.0,0.0,0,dash_zero_inferred
Mount Sterling,Credit Rate,2025,-,0.0,0.0,0,dash_zero_inferred
Mount Victory,Tax Rate,2016,1.00,1.0,1.0,0,reported
Mount Victory,Tax Rate,2017,1.00,1.0,1.0,0,reported
Mount Victory,Tax Rate,2018,1.00,1.0,1.0,0,reported
Mount Victory,Tax Rate,2019,1.00,1.0,1.0,0,reported
Mount Victory,Tax Rate,2020,1.00,1.0,1.0,0,reported
Mount Victory,Tax Rate,2021,1.00,1.0,1.0,0,reported
Mount Victory,Tax Rate,2022,1.00,1.0,1.0,0,reported
Mount Victory,Tax Rate,2023,1.00,1.0,1.0,0,reported
Mount Victory,Tax Rate,2024,1.00,1.0,1.0,0,reported
Mount Victory,Tax Rate,2025,1.00,1.0,1.0,0,reported
Mount Victory,Credit Factor,2016,-,0.0,0.0,0,dash_zero_inferred
Mount Victory,Credit Factor,2017,-,0.0,0.0,0,dash_zero_inferred
Mount Victory,Credit Factor,2018,-,0.0,0.0,0,dash_zero_inferred
Mount Victory,Credit Factor,2019,-,0.0,0.0,0,dash_zero_inferred
Mount Victory,Credit Factor,2020,-,0.0,0.0,0,dash_zero_inferred
Mount Victory,Credit Factor,2021,-,0.0,0.0,0,dash_zero_inferred
Mount Victory,Credit Factor,2022,-,0.0,0.0,0,dash_zero_inferred
Mount Victory,Credit Factor,2023,-,0.0,0.0,0,dash_zero_inferred
Mount Victory,Credit Factor,2024,-,0.0,0.0,0,dash_zero_inferred
Mount Victory,Credit Factor,2025,-,0.0,0.0,0,dash_zero_inferred
Mount Victory,Credit Rate,2016,-,0.0,0.0,0,dash_zero_inferred
Mount Victory,Credit Rate,2017,-,0.0,0.0,0,dash_zero_inferred
Mount Victory,Credit Rate,2018,-,0.0,0.0,0,dash_zero_inferred
Mount Victory,Credit Rate,2019,-,0.0,0.0,0,dash_zero_inferred
Mount Victory,Credit Rate,2020,-,0.0,0.0,0,dash_zero_inferred
Mount Victory,Credit Rate,2021,-,0.0,0.0,0,dash_zero_inferred
Mount Victory,Credit Rate,2022,-,0.0,0.0,0,dash_zero_inferred
Mount Victory,Credit Rate,2023,-,0.0,0.0,0,dash_zero_inferred
Mount Victory,Credit Rate,2024,-,0.0,0.0,0,dash_zero_inferred
Mount Victory,Credit Rate,2025,-,0.0,0.0,0,dash_zero_inferred
Mt. Healthy,Tax Rate,2016,2.00,2.0,2.0,0,reported
Mt. Healthy,Tax Rate,2017,2.00,2.0,2.0,0,reported
Mt. Healthy,Tax Rate,2018,2.00,2.0,2.0,0,reported
Mt. Healthy,Tax Rate,2019,2.00,2.0,2.0,0,reported
Mt. Healthy,Tax Rate,2020,2.00,2.0,2.0,0,reported
Mt. Healthy,Tax Rate,2021,2.00,2.0,2.0,0,reported
Mt. Healthy,Tax Rate,2022,2.00,2.0,2.0,0,reported
Mt. Healthy,Tax Rate,2023,2.00,2.0,2.0,0,reported
Mt. Healthy,Tax Rate,2024,2.00,2.0,2.0,0,reported
Mt. Healthy,Tax Rate,2025,2.00,2.0,2.0,0,reported
Mt. Healthy,Credit Factor,2016,100,100.0,100.0,0,reported
Mt. Healthy,Credit Factor,2017,100,100.0,100.0,0,reported
Mt. Healthy,Credit Factor,2018,100,100.0,100.0,0,reported
Mt. Healthy,Credit Factor,2019,100,100.0,100.0,0,reported
Mt. Healthy,Credit Factor,2020,100,100.0,100.0,0,reported
Mt. Healthy,Credit Factor,2021,100,100.0,100.0,0,reported
Mt. Healthy,Credit Factor,2022,100,100.0,100.0,0,reported
Mt. Healthy,Credit Factor,2023,100,100.0,100.0,0,reported
Mt. Healthy,Credit Factor,2024,100,100.0,100.0,0,reported
Mt. Healthy,Credit Factor,2025,100,100.0,100.0,0,reported
Mt. Healthy,Credit Rate,2016,1.60,1.6,1.6,0,reported
Mt. Healthy,Credit Rate,2017,1.60,1.6,1.6,0,reported
Mt. Healthy,Credit Rate,2018,1.60,1.6,1.6,0,reported
Mt. Healthy,Credit Rate,2019,1.60,1.6,1.6,0,reported
Mt. Healthy,Credit Rate,2020,1.60,1.6,1.6,0,reported
Mt. Healthy,Credit Rate,2021,1.60,1.6,1.6,0,reported
Mt. Healthy,Credit Rate,2022,1.60,1.6,1.6,0,reported
Mt. Healthy,Credit Rate,2023,1.60,1.6,1.6,0,reported
Mt. Healthy,Credit Rate,2024,1.60,1.6,1.6,0,reported
Mt. Healthy,Credit Rate,2025,1.60,1.6,1.6,0,reported
Napoleon,Tax Rate,2016,-,,,0,not_member_or_no_tax
Napoleon,Tax Rate,2017,-,,,0,not_member_or_no_tax
Napoleon,Tax Rate,2018,-,,,0,not_member_or_no_tax
Napoleon,Tax Rate,2019,-,,,0,not_member_or_no_tax
Napoleon,Tax Rate,2020,-,,,0,not_member_or_no_tax
Napoleon,Tax Rate,2021,-,,,0,not_member_or_no_tax
Napoleon,Tax Rate,2022,1.50,1.5,1.5,0,reported
Napoleon,Tax Rate,2023,1.50,1.5,1.5,0,reported
Napoleon,Tax Rate,2024,1.50,1.5,1.5,0,reported
Napoleon,Tax Rate,2025,1.50,1.5,1.5,0,reported
Napoleon,Credit Factor,2016,-,,,0,not_member_or_no_tax
Napoleon,Credit Factor,2017,-,,,0,not_member_or_no_tax
Napoleon,Credit Factor,2018,-,,,0,not_member_or_no_tax
Napoleon,Credit Factor,2019,-,,,0,not_member_or_no_tax
Napoleon,Credit Factor,2020,-,,,0,not_member_or_no_tax
Napoleon,Credit Factor,2021,-,,,0,not_member_or_no_tax
Napoleon,Credit Factor,2022,70,70.0,70.0,0,reported
Napoleon,Credit Factor,2023,70,70.0,70.0,0,reported
Napoleon,Credit Factor,2024,70,70.0,70.0,0,reported
Napoleon,Credit Factor,2025,70,70.0,70.0,0,reported
Napoleon,Credit Rate,2016,-,,,0,not_member_or_no_tax
Napoleon,Credit Rate,2017,-,,,0,not_member_or_no_tax
Napoleon,Credit Rate,2018,-,,,0,not_member_or_no_tax
Napoleon,Credit Rate,2019,-,,,0,not_member_or_no_tax
Napoleon,Credit Rate,2020,-,,,0,not_member_or_no_tax
Napoleon,Credit Rate,2021,-,,,0,not_member_or_no_tax
Napoleon,Credit Rate,2022,1.50,1.5,1.5,0,reported
Napoleon,Credit Rate,2023,1.50,1.5,1.5,0,reported
Napoleon,Credit Rate,2024,1.50,1.5,1.5,0,reported
Napoleon,Credit Rate,2025,1.50,1.5,1.5,0,reported
Nashville,Tax Rate,2016,-,,,0,not_member_or_no_tax
Nashville,Tax Rate,2017,-,,,0,not_member_or_no_tax
Nashville,Tax Rate,2018,-,,,0,not_member_or_no_tax
Nashville,Tax Rate,2019,-,,,0,not_member_or_no_tax
Nashville,Tax Rate,2020,-,,,0,not_member_or_no_tax
Nashville,Tax Rate,2021,-,,,0,not_member_or_no_tax
Nashville,Tax Rate,2022,1.00,1.0,1.0,0,reported
Nashville,Tax Rate,2023,1.00,1.0,1.0,0,reported
Nashville,Tax Rate,2024,1.00,1.0,1.0,0,reported
Nashville,Tax Rate,2025,1.00,1.0,1.0,0,reported
Nashville,Credit Factor,2016,-,,,0,not_member_or_no_tax
Nashville,Credit Factor,2017,-,,,0,not_member_or_no_tax
Nashville,Credit Factor,2018,-,,,0,not_member_or_no_tax
Nashville,Credit Factor,2019,-,,,0,not_member_or_no_tax
Nashville,Credit Factor,2020,-,,,0,not_member_or_no_tax
Nashville,Credit Factor,2021,-,,,0,not_member_or_no_tax
Nashville,Credit Factor,2022,-,0.0,0.0,0,dash_zero_inferred
Nashville,Credit Factor,2023,-,0.0,0.0,0,dash_zero_inferred
Nashville,Credit Factor,2024,-,0.0,0.0,0,dash_zero_inferred
Nashville,Credit Factor,2025,-,0.0,0.0,0,dash_zero_inferred
Nashville,Credit Rate,2016,-,,,0,not_member_or_no_tax
Nashville,Credit Rate,2017,-,,,0,not_member_or_no_tax
Nashville,Credit Rate,2018,-,,,0,not_member_or_no_tax
Nashville,Credit Rate,2019,-,,,0,not_member_or_no_tax
Nashville,Credit Rate,2020,-,,,0,not_member_or_no_tax
Nashville,Credit Rate,2021,-,,,0,not_member_or_no_tax
Nashville,Credit Rate,2022,-,0.0,0.0,0,dash_zero_inferred
Nashville,Credit Rate,2023,-,0.0,0.0,0,dash_zero_inferred
Nashville,Credit Rate,2024,-,0.0,0.0,0,dash_zero_inferred
Nashville,Credit Rate,2025,-,0.0,0.0,0,dash_zero_inferred
Nelsonville,Tax Rate,2016,-,,,0,not_member_or_no_tax
Nelsonville,Tax Rate,2017,-,,,0,not_member_or_no_tax
Nelsonville,Tax Rate,2018,-,,,0,not_member_or_no_tax
Nelsonville,Tax Rate,2019,-,,,0,not_member_or_no_tax
Nelsonville,Tax Rate,2020,-,,,0,not_member_or_no_tax
Nelsonville,Tax Rate,2021,-,,,0,not_member_or_no_tax
Nelsonville,Tax Rate,2022,-,,,0,not_member_or_no_tax
Nelsonville,Tax Rate,2023,1.75,1.75,1.75,0,reported
Nelsonville,Tax Rate,2024,1.75,1.75,1.75,0,reported
Nelsonville,Tax Rate,2025,1.75,1.75,1.75,0,reported
Nelsonville,Credit Factor,2016,-,,,0,not_member_or_no_tax
Nelsonville,Credit Factor,2017,-,,,0,not_member_or_no_tax
Nelsonville,Credit Factor,2018,-,,,0,not_member_or_no_tax
Nelsonville,Credit Factor,2019,-,,,0,not_member_or_no_tax
Nelsonville,Credit Factor,2020,-,,,0,not_member_or_no_tax
Nelsonville,Credit Factor,2021,-,,,0,not_member_or_no_tax
Nelsonville,Credit Factor,2022,-,,,0,not_member_or_no_tax
Nelsonville,Credit Factor,2023,100,100.0,100.0,0,reported
Nelsonville,Credit Factor,2024,100,100.0,100.0,0,reported
Nelsonville,Credit Factor,2025,100,100.0,100.0,0,reported
Nelsonville,Credit Rate,2016,-,,,0,not_member_or_no_tax
Nelsonville,Credit Rate,2017,-,,,0,not_member_or_no_tax
Nelsonville,Credit Rate,2018,-,,,0,not_member_or_no_tax
Nelsonville,Credit Rate,2019,-,,,0,not_member_or_no_tax
Nelsonville,Credit Rate,2020,-,,,0,not_member_or_no_tax
Nelsonville,Credit Rate,2021,-,,,0,not_member_or_no_tax
Nelsonville,Credit Rate,2022,-,,,0,not_member_or_no_tax
Nelsonville,Credit Rate,2023,0.50,0.5,0.5,0,reported
Nelsonville,Credit Rate,2024,0.50,0.5,0.5,0,reported
Nelsonville,Credit Rate,2025,0.50,0.5,0.5,0,reported
New Albany,Tax Rate,2016,2.00,2.0,2.0,0,reported
New Albany,Tax Rate,2017,2.00,2.0,2.0,0,reported
New Albany,Tax Rate,2018,2.00,2.0,2.0,0,reported
New Albany,Tax Rate,2019,2.00,2.0,2.0,0,reported
New Albany,Tax Rate,2020,2.00,2.0,2.0,0,reported
New Albany,Tax Rate,2021,2.00,2.0,2.0,0,reported
New Albany,Tax Rate,2022,2.00,2.0,2.0,0,reported
New Albany,Tax Rate,2023,2.00,2.0,2.0,0,reported
New Albany,Tax Rate,2024,2.00,2.0,2.0,0,reported
New Albany,Tax Rate,2025,2.00,2.0,2.0,0,reported
New Albany,Credit Factor,2016,100,100.0,100.0,0,reported
New Albany,Credit Factor,2017,100,100.0,100.0,0,reported
New Albany,Credit Factor,2018,100,100.0,100.0,0,reported
New Albany,Credit Factor,2019,100,100.0,100.0,0,reported
New Albany,Credit Factor,2020,100,100.0,100.0,0,reported
New Albany,Credit Factor,2021,100,100.0,100.0,0,reported
New Albany,Credit Factor,2022,100,100.0,100.0,0,reported
New Albany,Credit Factor,2023,100,100.0,100.0,0,reported
New Albany,Credit Factor,2024,100,100.0,100.0,0,reported
New Albany,Credit Factor,2025,100,100.0,100.0,0,reported
New Albany,Credit Rate,2016,2.00,2.0,2.0,0,reported
New Albany,Credit Rate,2017,2.00,2.0,2.0,0,reported
New Albany,Credit Rate,2018,2.00,2.0,2.0,0,reported
New Albany,Credit Rate,2019,2.00,2.0,2.0,0,reported
New Albany,Credit Rate,2020,2.00,2.0,2.0,0,reported
New Albany,Credit Rate,2021,2.00,2.0,2.0,0,reported
New Albany,Credit Rate,2022,2.00,2.0,2.0,0,reported
New Albany,Credit Rate,2023,2.00,2.0,2.0,0,reported
New Albany,Credit Rate,2024,2.00,2.0,2.0,0,reported
New Albany,Credit Rate,2025,2.00,2.0,2.0,0,reported
New Bavaria,Tax Rate,2016,1.00,1.0,1.0,0,reported
New Bavaria,Tax Rate,2017,1.00,1.0,1.0,0,reported
New Bavaria,Tax Rate,2018,1.00,1.0,1.0,0,reported
New Bavaria,Tax Rate,2019,1.00,1.0,1.0,0,reported
New Bavaria,Tax Rate,2020,1.00,1.0,1.0,0,reported
New Bavaria,Tax Rate,2021,1.00,1.0,1.0,0,reported
New Bavaria,Tax Rate,2022,1.00,1.0,1.0,0,reported
New Bavaria,Tax Rate,2023,1.00,1.0,1.0,0,reported
New Bavaria,Tax Rate,2024,1.00,1.0,1.0,0,reported
New Bavaria,Tax Rate,2025,1.00,1.0,1.0,0,reported
New Bavaria,Credit Factor,2016,-,0.0,0.0,0,dash_zero_inferred
New Bavaria,Credit Factor,2017,-,0.0,0.0,0,dash_zero_inferred
New Bavaria,Credit Factor,2018,-,0.0,0.0,0,dash_zero_inferred
New Bavaria,Credit Factor,2019,-,0.0,0.0,0,dash_zero_inferred
New Bavaria,Credit Factor,2020,-,0.0,0.0,0,dash_zero_inferred
New Bavaria,Credit Factor,2021,-,0.0,0.0,0,dash_zero_inferred
New Bavaria,Credit Factor,2022,-,0.0,0.0,0,dash_zero_inferred
New Bavaria,Credit Factor,2023,-,0.0,0.0,0,dash_zero_inferred
New Bavaria,Credit Factor,2024,-,0.0,0.0,0,dash_zero_inferred
New Bavaria,Credit Factor,2025,-,0.0,0.0,0,dash_zero_inferred
New Bavaria,Credit Rate,2016,-,0.0,0.0,0,dash_zero_inferred
New Bavaria,Credit Rate,2017,-,0.0,0.0,0,dash_zero_inferred
New Bavaria,Credit Rate,2018,-,0.0,0.0,0,dash_zero_inferred
New Bavaria,Credit Rate,2019,-,0.0,0.0,0,dash_zero_inferred
New Bavaria,Credit Rate,2020,-,0.0,0.0,0,dash_zero_inferred
New Bavaria,Credit Rate,2021,-,0.0,0.0,0,dash_zero_inferred
New Bavaria,Credit Rate,2022,-,0.0,0.0,0,dash_zero_inferred
New Bavaria,Credit Rate,2023,-,0.0,0.0,0,dash_zero_inferred
New Bavaria,Credit Rate,2024,-,0.0,0.0,0,dash_zero_inferred
New Bavaria,Credit Rate,2025,-,0.0,0.0,0,dash_zero_inferred
New Boston,Tax Rate,2016,-,,,0,not_member_or_no_tax
New Boston,Tax Rate,2017,-,,,0,not_member_or_no_tax
New Boston,Tax Rate,2018,-,,,0,not_member_or_no_tax
New Boston,Tax Rate,2019,-,,,0,not_member_or_no_tax
New Boston,Tax Rate,2020,-,,,0,not_member_or_no_tax
New Boston,Tax Rate,2021,-,,,0,not_member_or_no_tax
New Boston,Tax Rate,2022,-,,,0,not_member_or_no_tax
New Boston,Tax Rate,2023,-,,,0,not_member_or_no_tax
New Boston,Tax Rate,2024,-,,,0,not_member_or_no_tax
New Boston,Tax Rate,2025,2.50,2.5,2.5,0,reported
New Boston,Credit Factor,2016,-,,,0,not_member_or_no_tax
New Boston,Credit Factor,2017,-,,,0,not_member_or_no_tax
New Boston,Credit Factor,2018,-,,,0,not_member_or_no_tax
New Boston,Credit Factor,2019,-,,,0,not_member_or_no_tax
New Boston,Credit Factor,2020,-,,,0,not_member_or_no_tax
New Boston,Credit Factor,2021,-,,,0,not_member_or_no_tax
New Boston,Credit Factor,2022,-,,,0,not_member_or_no_tax
New Boston,Credit Factor,2023,-,,,0,not_member_or_no_tax
New Boston,Credit Factor,2024,-,,,0,not_member_or_no_tax
New Boston,Credit Factor,2025,100,100.0,100.0,0,reported
New Boston,Credit Rate,2016,-,,,0,not_member_or_no_tax
New Boston,Credit Rate,2017,-,,,0,not_member_or_no_tax
New Boston,Credit Rate,2018,-,,,0,not_member_or_no_tax
New Boston,Credit Rate,2019,-,,,0,not_member_or_no_tax
New Boston,Credit Rate,2020,-,,,0,not_member_or_no_tax
New Boston,Credit Rate,2021,-,,,0,not_member_or_no_tax
New Boston,Credit Rate,2022,-,,,0,not_member_or_no_tax
New Boston,Credit Rate,2023,-,,,0,not_member_or_no_tax
New Boston,Credit Rate,2024,-,,,0,not_member_or_no_tax
New Boston,Credit Rate,2025,2.50,2.5,2.5,0,reported
New Bloomington,Tax Rate,2016,1.00,1.0,1.0,0,reported
New Bloomington,Tax Rate,2017,1.00,1.0,1.0,0,reported
New Bloomington,Tax Rate,2018,1.00,1.0,1.0,0,reported
New Bloomington,Tax Rate,2019,1.00,1.0,1.0,0,reported
New Bloomington,Tax Rate,2020,1.00,1.0,1.0,0,reported
New Bloomington,Tax Rate,2021,1.00,1.0,1.0,0,reported
New Bloomington,Tax Rate,2022,1.00,1.0,1.0,0,reported
New Bloomington,Tax Rate,2023,1.00,1.0,1.0,0,reported
New Bloomington,Tax Rate,2024,1.00,1.0,1.0,0,reported
New Bloomington,Tax Rate,2025,1.00,1.0,1.0,0,reported
New Bloomington,Credit Factor,2016,50,50.0,50.0,0,reported
New Bloomington,Credit Factor,2017,50,50.0,50.0,0,reported
New Bloomington,Credit Factor,2018,50,50.0,50.0,0,reported
New Bloomington,Credit Factor,2019,50,50.0,50.0,0,reported
New Bloomington,Credit Factor,2020,50,50.0,50.0,0,reported
New Bloomington,Credit Factor,2021,50,50.0,50.0,0,reported
New Bloomington,Credit Factor,2022,50,50.0,50.0,0,reported
New Bloomington,Credit Factor,2023,50,50.0,50.0,0,reported
New Bloomington,Credit Factor,2024,50,50.0,50.0,0,reported
New Bloomington,Credit Factor,2025,50,50.0,50.0,0,reported
New Bloomington,Credit Rate,2016,1.00,1.0,1.0,0,reported
New Bloomington,Credit Rate,2017,1.00,1.0,1.0,0,reported
New Bloomington,Credit Rate,2018,1.00,1.0,1.0,0,reported
New Bloomington,Credit Rate,2019,1.00,1.0,1.0,0,reported
New Bloomington,Credit Rate,2020,1.00,1.0,1.0,0,reported
New Bloomington,Credit Rate,2021,1.00,1.0,1.0,0,reported
New Bloomington,Credit Rate,2022,1.00,1.0,1.0,0,reported
New Bloomington,Credit Rate,2023,1.00,1.0,1.0,0,reported
New Bloomington,Credit Rate,2024,1.00,1.0,1.0,0,reported
New Bloomington,Credit Rate,2025,1.00,1.0,1.0,0,reported
New Concord,Tax Rate,2016,-,,,0,not_member_or_no_tax
New Concord,Tax Rate,2017,-,,,0,not_member_or_no_tax
New Concord,Tax Rate,2018,-,,,0,not_member_or_no_tax
New Concord,Tax Rate,2019,-,,,0,not_member_or_no_tax
New Concord,Tax Rate,2020,-,,,0,not_member_or_no_tax
New Concord,Tax Rate,2021,-,,,0,not_member_or_no_tax
New Concord,Tax Rate,2022,-,,,0,not_member_or_no_tax
New Concord,Tax Rate,2023,-,,,0,not_member_or_no_tax
New Concord,Tax Rate,2024,-,,,0,not_member_or_no_tax
New Concord,Tax Rate,2025,2.25,2.25,2.25,0,reported
New Concord,Credit Factor,2016,-,,,0,not_member_or_no_tax
New Concord,Credit Factor,2017,-,,,0,not_member_or_no_tax
New Concord,Credit Factor,2018,-,,,0,not_member_or_no_tax
New Concord,Credit Factor,2019,-,,,0,not_member_or_no_tax
New Concord,Credit Factor,2020,-,,,0,not_member_or_no_tax
New Concord,Credit Factor,2021,-,,,0,not_member_or_no_tax
New Concord,Credit Factor,2022,-,,,0,not_member_or_no_tax
New Concord,Credit Factor,2023,-,,,0,not_member_or_no_tax
New Concord,Credit Factor,2024,-,,,0,not_member_or_no_tax
New Concord,Credit Factor,2025,100,100.0,100.0,0,reported
New Concord,Credit Rate,2016,-,,,0,not_member_or_no_tax
New Concord,Credit Rate,2017,-,,,0,not_member_or_no_tax
New Concord,Credit Rate,2018,-,,,0,not_member_or_no_tax
New Concord,Credit Rate,2019,-,,,0,not_member_or_no_tax
New Concord,Credit Rate,2020,-,,,0,not_member_or_no_tax
New Concord,Credit Rate,2021,-,,,0,not_member_or_no_tax
New Concord,Credit Rate,2022,-,,,0,not_member_or_no_tax
New Concord,Credit Rate,2023,-,,,0,not_member_or_no_tax
New Concord,Credit Rate,2024,-,,,0,not_member_or_no_tax
New Concord,Credit Rate,2025,2.25,2.25,2.25,0,reported
New Franklin,Tax Rate,2016,1.00,1.0,1.0,0,reported
New Franklin,Tax Rate,2017,2.00,2.0,2.0,0,reported
New Franklin,Tax Rate,2018,2.00,2.0,2.0,0,reported
New Franklin,Tax Rate,2019,2.00,2.0,2.0,0,reported
New Franklin,Tax Rate,2020,2.00,2.0,2.0,0,reported
New Franklin,Tax Rate,2021,2.00,2.0,2.0,0,reported
New Franklin,Tax Rate,2022,2.00,2.0,2.0,0,reported
New Franklin,Tax Rate,2023,2.00,2.0,2.0,0,reported
New Franklin,Tax Rate,2024,2.00,2.0,2.0,0,reported
New Franklin,Tax Rate,2025,2.00,2.0,2.0,0,reported
New Franklin,Credit Factor,2016,100,100.0,100.0,0,reported
New Franklin,Credit Factor,2017,100,100.0,100.0,0,reported
New Franklin,Credit Factor,2018,100,100.0,100.0,0,reported
New Franklin,Credit Factor,2019,100,100.0,100.0,0,reported
New Franklin,Credit Factor,2020,100,100.0,100.0,0,reported
New Franklin,Credit Factor,2021,100,100.0,100.0,0,reported
New Franklin,Credit Factor,2022,100,100.0,100.0,0,reported
New Franklin,Credit Factor,2023,100,100.0,100.0,0,reported
New Franklin,Credit Factor,2024,100,100.0,100.0,0,reported
New Franklin,Credit Factor,2025,100,100.0,100.0,0,reported
New Franklin,Credit Rate,2016,1.00,1.0,1.0,0,reported
New Franklin,Credit Rate,2017,2.00,2.0,2.0,0,reported
New Franklin,Credit Rate,2018,2.00,2.0,2.0,0,reported
New Franklin,Credit Rate,2019,2.00,2.0,2.0,0,reported
New Franklin,Credit Rate,2020,2.00,2.0,2.0,0,reported
New Franklin,Credit Rate,2021,2.00,2.0,2.0,0,reported
New Franklin,Credit Rate,2022,2.00,2.0,2.0,0,reported
New Franklin,Credit Rate,2023,2.00,2.0,2.0,0,reported
New Franklin,Credit Rate,2024,2.00,2.0,2.0,0,reported
New Franklin,Credit Rate,2025,2.00,2.0,2.0,0,reported
New Lebanon,Tax Rate,2016,-,,,0,not_member_or_no_tax
New Lebanon,Tax Rate,2017,-,,,0,not_member_or_no_tax
New Lebanon,Tax Rate,2018,-,,,0,not_member_or_no_tax
New Lebanon,Tax Rate,2019,-,,,0,not_member_or_no_tax
New Lebanon,Tax Rate,2020,-,,,0,not_member_or_no_tax
New Lebanon,Tax Rate,2021,-,,,0,not_member_or_no_tax
New Lebanon,Tax Rate,2022,-,,,0,not_member_or_no_tax
New Lebanon,Tax Rate,2023,-,,,0,not_member_or_no_tax
New Lebanon,Tax Rate,2024,-,,,0,not_member_or_no_tax
New Lebanon,Tax Rate,2025,1.00,1.0,1.0,0,reported
New Lebanon,Credit Factor,2016,-,,,0,not_member_or_no_tax
New Lebanon,Credit Factor,2017,-,,,0,not_member_or_no_tax
New Lebanon,Credit Factor,2018,-,,,0,not_member_or_no_tax
New Lebanon,Credit Factor,2019,-,,,0,not_member_or_no_tax
New Lebanon,Credit Factor,2020,-,,,0,not_member_or_no_tax
New Lebanon,Credit Factor,2021,-,,,0,not_member_or_no_tax
New Lebanon,Credit Factor,2022,-,,,0,not_member_or_no_tax
New Lebanon,Credit Factor,2023,-,,,0,not_member_or_no_tax
New Lebanon,Credit Factor,2024,-,,,0,not_member_or_no_tax
New Lebanon,Credit Factor,2025,-,0.0,0.0,0,dash_zero_inferred
New Lebanon,Credit Rate,2016,-,,,0,not_member_or_no_tax
New Lebanon,Credit Rate,2017,-,,,0,not_member_or_no_tax
New Lebanon,Credit Rate,2018,-,,,0,not_member_or_no_tax
New Lebanon,Credit Rate,2019,-,,,0,not_member_or_no_tax
New Lebanon,Credit Rate,2020,-,,,0,not_member_or_no_tax
New Lebanon,Credit Rate,2021,-,,,0,not_member_or_no_tax
New Lebanon,Credit Rate,2022,-,,,0,not_member_or_no_tax
New Lebanon,Credit Rate,2023,-,,,0,not_member_or_no_tax
New Lebanon,Credit Rate,2024,-,,,0,not_member_or_no_tax
New Lebanon,Credit Rate,2025,-,0.0,0.0,0,dash_zero_inferred
New Richmond,Tax Rate,2016,1.00,1.0,1.0,0,reported
New Richmond,Tax Rate,2017,1.00,1.0,1.0,0,reported
New Richmond,Tax Rate,2018,1.00,1.0,1.0,0,reported
New Richmond,Tax Rate,2019,1.00,1.0,1.0,0,reported
New Richmond,Tax Rate,2020,1.00,1.0,1.0,0,reported
New Richmond,Tax Rate,2021,1.00,1.0,1.0,0,reported
New Richmond,Tax Rate,2022,1.00,1.0,1.0,0,reported
New Richmond,Tax Rate,2023,1.00,1.0,1.0,0,reported
New Richmond,Tax Rate,2024,1.00,1.0,1.0,0,reported
New Richmond,Tax Rate,2025,1.00,1.0,1.0,0,reported
New Richmond,Credit Factor,2016,50,50.0,50.0,0,reported
New Richmond,Credit Factor,2017,50,50.0,50.0,0,reported
New Richmond,Credit Factor,2018,50,50.0,50.0,0,reported
New Richmond,Credit Factor,2019,50,50.0,50.0,0,reported
New Richmond,Credit Factor,2020,50,50.0,50.0,0,reported
New Richmond,Credit Factor,2021,50,50.0,50.0,0,reported
New Richmond,Credit Factor,2022,50,50.0,50.0,0,reported
New Richmond,Credit Factor,2023,50,50.0,50.0,0,reported
New Richmond,Credit Factor,2024,50,50.0,50.0,0,reported
New Richmond,Credit Factor,2025,50,50.0,50.0,0,reported
New Richmond,Credit Rate,2016,1.00,1.0,1.0,0,reported
New Richmond,Credit Rate,2017,1.00,1.0,1.0,0,reported
New Richmond,Credit Rate,2018,1.00,1.0,1.0,0,reported
New Richmond,Credit Rate,2019,1.00,1.0,1.0,0,reported
New Richmond,Credit Rate,2020,1.00,1.0,1.0,0,reported
New Richmond,Credit Rate,2021,1.00,1.0,1.0,0,reported
New Richmond,Credit Rate,2022,1.00,1.0,1.0,0,reported
New Richmond,Credit Rate,2023,1.00,1.0,1.0,0,reported
New Richmond,Credit Rate,2024,1.00,1.0,1.0,0,reported
New Richmond,Credit Rate,2025,1.00,1.0,1.0,0,reported
New Riegel,Tax Rate,2016,1.00,1.0,1.0,0,reported
New Riegel,Tax Rate,2017,1.00,1.0,1.0,0,reported
New Riegel,Tax Rate,2018,1.00,1.0,1.0,0,reported
New Riegel,Tax Rate,2019,1.00,1.0,1.0,0,reported
New Riegel,Tax Rate,2020,1.00,1.0,1.0,0,reported
New Riegel,Tax Rate,2021,1.00,1.0,1.0,0,reported
New Riegel,Tax Rate,2022,1.00,1.0,1.0,0,reported
New Riegel,Tax Rate,2023,1.00,1.0,1.0,0,reported
New Riegel,Tax Rate,2024,1.00,1.0,1.0,0,reported
New Riegel,Tax Rate,2025,1.00,1.0,1.0,0,reported
New Riegel,Credit Factor,2016,100,100.0,100.0,0,reported
New Riegel,Credit Factor,2017,100,100.0,100.0,0,reported
New Riegel,Credit Factor,2018,100,100.0,100.0,0,reported
New Riegel,Credit Factor,2019,100,100.0,100.0,0,reported
New Riegel,Credit Factor,2020,100,100.0,100.0,0,reported
New Riegel,Credit Factor,2021,100,100.0,100.0,0,reported
New Riegel,Credit Factor,2022,100,100.0,100.0,0,reported
New Riegel,Credit Factor,2023,100,100.0,100.0,0,reported
New Riegel,Credit Factor,2024,100,100.0,100.0,0,reported
New Riegel,Credit Factor,2025,100,100.0,100.0,0,reported
New Riegel,Credit Rate,2016,0.50,0.5,0.5,0,reported
New Riegel,Credit Rate,2017,0.50,0.5,0.5,0,reported
New Riegel,Credit Rate,2018,0.50,0.5,0.5,0,reported
New Riegel,Credit Rate,2019,0.50,0.5,0.5,0,reported
New Riegel,Credit Rate,2020,0.50,0.5,0.5,0,reported
New Riegel,Credit Rate,2021,0.50,0.5,0.5,0,reported
New Riegel,Credit Rate,2022,0.50,0.5,0.5,0,reported
New Riegel,Credit Rate,2023,0.50,0.5,0.5,0,reported
New Riegel,Credit Rate,2024,0.50,0.5,0.5,0,reported
New Riegel,Credit Rate,2025,0.50,0.5,0.5,0,reported
New Washington,Tax Rate,2016,-,,,0,not_member_or_no_tax
New Washington,Tax Rate,2017,-,,,0,not_member_or_no_tax
New Washington,Tax Rate,2018,1.50,1.5,1.5,0,reported
New Washington,Tax Rate,2019,1.50,1.5,1.5,0,reported
New Washington,Tax Rate,2020,1.50,1.5,1.5,0,reported
New Washington,Tax Rate,2021,1.50,1.5,1.5,0,reported
New Washington,Tax Rate,2022,1.50,1.5,1.5,0,reported
New Washington,Tax Rate,2023,1.50,1.5,1.5,0,reported
New Washington,Tax Rate,2024,1.50,1.5,1.5,0,reported
New Washington,Tax Rate,2025,1.50,1.5,1.5,0,reported
New Washington,Credit Factor,2016,-,,,0,not_member_or_no_tax
New Washington,Credit Factor,2017,-,,,0,not_member_or_no_tax
New Washington,Credit Factor,2018,100,100.0,100.0,0,reported
New Washington,Credit Factor,2019,100,100.0,100.0,0,reported
New Washington,Credit Factor,2020,100,100.0,100.0,0,reported
New Washington,Credit Factor,2021,100,100.0,100.0,0,reported
New Washington,Credit Factor,2022,100,100.0,100.0,0,reported
New Washington,Credit Factor,2023,100,100.0,100.0,0,reported
New Washington,Credit Factor,2024,100,100.0,100.0,0,reported
New Washington,Credit Factor,2025,100,100.0,100.0,0,reported
New Washington,Credit Rate,2016,-,,,0,not_member_or_no_tax
New Washington,Credit Rate,2017,-,,,0,not_member_or_no_tax
New Washington,Credit Rate,2018,0.75,0.75,0.75,0,reported
New Washington,Credit Rate,2019,0.75,0.75,0.75,0,reported
New Washington,Credit Rate,2020,0.75,0.75,0.75,0,reported
New Washington,Credit Rate,2021,0.75,0.75,0.75,0,reported
New Washington,Credit Rate,2022,0.75,0.75,0.75,0,reported
New Washington,Credit Rate,2023,0.75,0.75,0.75,0,reported
New Washington,Credit Rate,2024,0.75,0.75,0.75,0,reported
New Washington,Credit Rate,2025,0.75,0.75,0.75,0,reported
New Waterford,Tax Rate,2016,1.00,1.0,1.0,0,reported
New Waterford,Tax Rate,2017,1.00,1.0,1.0,0,reported
New Waterford,Tax Rate,2018,1.00,1.0,1.0,0,reported
New Waterford,Tax Rate,2019,1.00,1.0,1.0,0,reported
New Waterford,Tax Rate,2020,1.00,1.0,1.0,0,reported
New Waterford,Tax Rate,2021,1.00,1.0,1.0,0,reported
New Waterford,Tax Rate,2022,1.00,1.0,1.0,0,reported
New Waterford,Tax Rate,2023,1.00,1.0,1.0,0,reported
New Waterford,Tax Rate,2024,1.00,1.0,1.0,0,reported
New Waterford,Tax Rate,2025,1.00,1.0,1.0,0,reported
New Waterford,Credit Factor,2016,50,50.0,50.0,0,reported
New Waterford,Credit Factor,2017,50,50.0,50.0,0,reported
New Waterford,Credit Factor,2018,50,50.0,50.0,0,reported
New Waterford,Credit Factor,2019,50,50.0,50.0,0,reported
New Waterford,Credit Factor,2020,50,50.0,50.0,0,reported
New Waterford,Credit Factor,2021,50,50.0,50.0,0,reported
New Waterford,Credit Factor,2022,50,50.0,50.0,0,reported
New Waterford,Credit Factor,2023,50,50.0,50.0,0,reported
New Waterford,Credit Factor,2024,50,50.0,50.0,0,reported
New Waterford,Credit Factor,2025,50,50.0,50.0,0,reported
New Waterford,Credit Rate,2016,1.00,1.0,1.0,0,reported
New Waterford,Credit Rate,2017,1.00,1.0,1.0,0,reported
New Waterford,Credit Rate,2018,1.00,1.0,1.0,0,reported
New Waterford,Credit Rate,2019,1.00,1.0,1.0,0,reported
New Waterford,Credit Rate,2020,1.00,1.0,1.0,0,reported
New Waterford,Credit Rate,2021,1.00,1.0,1.0,0,reported
New Waterford,Credit Rate,2022,1.00,1.0,1.0,0,reported
New Waterford,Credit Rate,2023,1.00,1.0,1.0,0,reported
New Waterford,Credit Rate,2024,1.00,1.0,1.0,0,reported
New Waterford,Credit Rate,2025,1.00,1.0,1.0,0,reported
Newburgh Heights,Tax Rate,2016,2.00,2.0,2.0,0,reported
Newburgh Heights,Tax Rate,2017,2.00,2.0,2.0,0,reported
Newburgh Heights,Tax Rate,2018,2.00,2.0,2.0,0,reported
Newburgh Heights,Tax Rate,2019,2.00,2.0,2.0,0,reported
Newburgh Heights,Tax Rate,2020,2.00,2.0,2.0,0,reported
Newburgh Heights,Tax Rate,2021,2.00,2.0,2.0,0,reported
Newburgh Heights,Tax Rate,2022,2.00,2.0,2.0,0,reported
Newburgh Heights,Tax Rate,2023,2.00,2.0,2.0,0,reported
Newburgh Heights,Tax Rate,2024,2.00,2.0,2.0,0,reported
Newburgh Heights,Tax Rate,2025,2.00,2.0,2.0,0,reported
Newburgh Heights,Credit Factor,2016,-,0.0,0.0,0,dash_zero_inferred
Newburgh Heights,Credit Factor,2017,-,0.0,0.0,0,dash_zero_inferred
Newburgh Heights,Credit Factor,2018,30,30.0,30.0,0,reported
Newburgh Heights,Credit Factor,2019,75,75.0,75.0,0,reported
Newburgh Heights,Credit Factor,2020,75,75.0,75.0,0,reported
Newburgh Heights,Credit Factor,2021,75,75.0,75.0,0,reported
Newburgh Heights,Credit Factor,2022,75,75.0,75.0,0,reported
Newburgh Heights,Credit Factor,2023,75,75.0,75.0,0,reported
Newburgh Heights,Credit Factor,2024,75,75.0,75.0,0,reported
Newburgh Heights,Credit Factor,2025,75,75.0,75.0,0,reported
Newburgh Heights,Credit Rate,2016,-,0.0,0.0,0,dash_zero_inferred
Newburgh Heights,Credit Rate,2017,-,0.0,0.0,0,dash_zero_inferred
Newburgh Heights,Credit Rate,2018,1.00,1.0,1.0,0,reported
Newburgh Heights,Credit Rate,2019,1.00,1.0,1.0,0,reported
Newburgh Heights,Credit Rate,2020,1.00,1.0,1.0,0,reported
Newburgh Heights,Credit Rate,2021,1.00,1.0,1.0,0,reported
Newburgh Heights,Credit Rate,2022,1.00,1.0,1.0,0,reported
Newburgh Heights,Credit Rate,2023,1.00,1.0,1.0,0,reported
Newburgh Heights,Credit Rate,2024,1.00,1.0,1.0,0,reported
Newburgh Heights,Credit Rate,2025,1.00,1.0,1.0,0,reported
Newcomerstown,Tax Rate,2016,2.00,2.0,2.0,0,reported
Newcomerstown,Tax Rate,2017,2.00,2.0,2.0,0,reported
Newcomerstown,Tax Rate,2018,2.00,2.0,2.0,0,reported
Newcomerstown,Tax Rate,2019,2.00,2.0,2.0,0,reported
Newcomerstown,Tax Rate,2020,2.00,2.0,2.0,0,reported
Newcomerstown,Tax Rate,2021,2.00,2.0,2.0,0,reported
Newcomerstown,Tax Rate,2022,2.00,2.0,2.0,0,reported
Newcomerstown,Tax Rate,2023,2.00,2.0,2.0,0,reported
Newcomerstown,Tax Rate,2024,2.00,2.0,2.0,0,reported
Newcomerstown,Tax Rate,2025,2.00,2.0,2.0,0,reported
Newcomerstown,Credit Factor,2016,100,100.0,100.0,0,reported
Newcomerstown,Credit Factor,2017,100,100.0,100.0,0,reported
Newcomerstown,Credit Factor,2018,100,100.0,100.0,0,reported
Newcomerstown,Credit Factor,2019,100,100.0,100.0,0,reported
Newcomerstown,Credit Factor,2020,100,100.0,100.0,0,reported
Newcomerstown,Credit Factor,2021,100,100.0,100.0,0,reported
Newcomerstown,Credit Factor,2022,100,100.0,100.0,0,reported
Newcomerstown,Credit Factor,2023,100,100.0,100.0,0,reported
Newcomerstown,Credit Factor,2024,100,100.0,100.0,0,reported
Newcomerstown,Credit Factor,2025,100,100.0,100.0,0,reported
Newcomerstown,Credit Rate,2016,2.00,2.0,2.0,0,reported
Newcomerstown,Credit Rate,2017,2.00,2.0,2.0,0,reported
Newcomerstown,Credit Rate,2018,2.00,2.0,2.0,0,reported
Newcomerstown,Credit Rate,2019,2.00,2.0,2.0,0,reported
Newcomerstown,Credit Rate,2020,2.00,2.0,2.0,0,reported
Newcomerstown,Credit Rate,2021,2.00,2.0,2.0,0,reported
Newcomerstown,Credit Rate,2022,2.00,2.0,2.0,0,reported
Newcomerstown,Credit Rate,2023,2.00,2.0,2.0,0,reported
Newcomerstown,Credit Rate,2024,2.00,2.0,2.0,0,reported
Newcomerstown,Credit Rate,2025,2.00,2.0,2.0,0,reported
Newton Falls,Tax Rate,2016,-,,,0,not_member_or_no_tax
Newton Falls,Tax Rate,2017,-,,,0,not_member_or_no_tax
Newton Falls,Tax Rate,2018,1.00,1.0,1.0,0,reported
Newton Falls,Tax Rate,2019,1.00,1.0,1.0,0,reported
Newton Falls,Tax Rate,2020,1.00,1.0,1.0,0,reported
Newton Falls,Tax Rate,2021,1.00,1.0,1.0,0,reported
Newton Falls,Tax Rate,2022,1.00,1.0,1.0,0,reported
Newton Falls,Tax Rate,2023,1.00,1.0,1.0,0,reported
Newton Falls,Tax Rate,2024,1.00,1.0,1.0,0,reported
Newton Falls,Tax Rate,2025,1.00,1.0,1.0,0,reported
Newton Falls,Credit Factor,2016,-,,,0,not_member_or_no_tax
Newton Falls,Credit Factor,2017,-,,,0,not_member_or_no_tax
Newton Falls,Credit Factor,2018,100,100.0,100.0,0,reported
Newton Falls,Credit Factor,2019,100,100.0,100.0,0,reported
Newton Falls,Credit Factor,2020,100,100.0,100.0,0,reported
Newton Falls,Credit Factor,2021,100,100.0,100.0,0,reported
Newton Falls,Credit Factor,2022,100,100.0,100.0,0,reported
Newton Falls,Credit Factor,2023,100,100.0,100.0,0,reported
Newton Falls,Credit Factor,2024,100,100.0,100.0,0,reported
Newton Falls,Credit Factor,2025,100,100.0,100.0,0,reported
Newton Falls,Credit Rate,2016,-,,,0,not_member_or_no_tax
Newton Falls,Credit Rate,2017,-,,,0,not_member_or_no_tax
Newton Falls,Credit Rate,2018,1.00,1.0,1.0,0,reported
Newton Falls,Credit Rate,2019,1.00,1.0,1.0,0,reported
Newton Falls,Credit Rate,2020,1.00,1.0,1.0,0,reported
Newton Falls,Credit Rate,2021,1.00,1.0,1.0,0,reported
Newton Falls,Credit Rate,2022,1.00,1.0,1.0,0,reported
Newton Falls,Credit Rate,2023,1.00,1.0,1.0,0,reported
Newton Falls,Credit Rate,2024,1.00,1.0,1.0,0,reported
Newton Falls,Credit Rate,2025,1.00,1.0,1.0,0,reported
Newtonsville,Tax Rate,2016,-,,,0,not_member_or_no_tax
Newtonsville,Tax Rate,2017,1.00,1.0,1.0,0,reported
Newtonsville,Tax Rate,2018,1.00,1.0,1.0,0,reported
Newtonsville,Tax Rate,2019,1.00,1.0,1.0,0,reported
Newtonsville,Tax Rate,2020,-/1.00,0.0,1.0,1,split_new_first
Newtonsville,Tax Rate,2021,-,,,0,not_member_or_no_tax
Newtonsville,Tax Rate,2022,-,,,0,not_member_or_no_tax
Newtonsville,Tax Rate,2023,-,,,0,not_member_or_no_tax
Newtonsville,Tax Rate,2024,-,,,0,not_member_or_no_tax
Newtonsville,Tax Rate,2025,-,,,0,not_member_or_no_tax
Newtonsville,Credit Factor,2016,-,,,0,not_member_or_no_tax
Newtonsville,Credit Factor,2017,-,0.0,0.0,0,dash_zero_inferred
Newtonsville,Credit Factor,2018,-,0.0,0.0,0,dash_zero_inferred
Newtonsville,Credit Factor,2019,-,0.0,0.0,0,dash_zero_inferred
Newtonsville,Credit Factor,2020,-,0.0,0.0,0,dash_zero_inferred
Newtonsville,Credit Factor,2021,-,,,0,not_member_or_no_tax
Newtonsville,Credit Factor,2022,-,,,0,not_member_or_no_tax
Newtonsville,Credit Factor,2023,-,,,0,not_member_or_no_tax
Newtonsville,Credit Factor,2024,-,,,0,not_member_or_no_tax
Newtonsville,Credit Factor,2025,-,,,0,not_member_or_no_tax
Newtonsville,Credit Rate,2016,-,,,0,not_member_or_no_tax
Newtonsville,Credit Rate,2017,-,0.0,0.0,0,dash_zero_inferred
Newtonsville,Credit Rate,2018,-,0.0,0.0,0,dash_zero_inferred
Newtonsville,Credit Rate,2019,-,0.0,0.0,0,dash_zero_inferred
Newtonsville,Credit Rate,2020,-,0.0,0.0,0,dash_zero_inferred
Newtonsville,Credit Rate,2021,-,,,0,not_member_or_no_tax
Newtonsville,Credit Rate,2022,-,,,0,not_member_or_no_tax
Newtonsville,Credit Rate,2023,-,,,0,not_member_or_no_tax
Newtonsville,Credit Rate,2024,-,,,0,not_member_or_no_tax
Newtonsville,Credit Rate,2025,-,,,0,not_member_or_no_tax
Newtown,Tax Rate,2016,1.00,1.0,1.0,0,reported
Newtown,Tax Rate,2017,1.00,1.0,1.0,0,reported
Newtown,Tax Rate,2018,1.00,1.0,1.0,0,reported
Newtown,Tax Rate,2019,1.00,1.0,1.0,0,reported
Newtown,Tax Rate,2020,1.00,1.0,1.0,0,reported
Newtown,Tax Rate,2021,1.00,1.0,1.0,0,reported
Newtown,Tax Rate,2022,1.00,1.0,1.0,0,reported
Newtown,Tax Rate,2023,1.00,1.0,1.0,0,reported
Newtown,Tax Rate,2024,1.00,1.0,1.0,0,reported
Newtown,Tax Rate,2025,1.00,1.0,1.0,0,reported
Newtown,Credit Factor,2016,100,100.0,100.0,0,reported
Newtown,Credit Factor,2017,100,100.0,100.0,0,reported
Newtown,Credit Factor,2018,100,100.0,100.0,0,reported
Newtown,Credit Factor,2019,100,100.0,100.0,0,reported
Newtown,Credit Factor,2020,100,100.0,100.0,0,reported
Newtown,Credit Factor,2021,100,100.0,100.0,0,reported
Newtown,Credit Factor,2022,100,100.0,100.0,0,reported
Newtown,Credit Factor,2023,100,100.0,100.0,0,reported
Newtown,Credit Factor,2024,100,100.0,100.0,0,reported
Newtown,Credit Factor,2025,100,100.0,100.0,0,reported
Newtown,Credit Rate,2016,1.00,1.0,1.0,0,reported
Newtown,Credit Rate,2017,1.00,1.0,1.0,0,reported
Newtown,Credit Rate,2018,1.00,1.0,1.0,0,reported
Newtown,Credit Rate,2019,1.00,1.0,1.0,0,reported
Newtown,Credit Rate,2020,1.00,1.0,1.0,0,reported
Newtown,Credit Rate,2021,1.00,1.0,1.0,0,reported
Newtown,Credit Rate,2022,1.00,1.0,1.0,0,reported
Newtown,Credit Rate,2023,1.00,1.0,1.0,0,reported
Newtown,Credit Rate,2024,1.00,1.0,1.0,0,reported
Newtown,Credit Rate,2025,1.00,1.0,1.0,0,reported
Ney,Tax Rate,2016,1.00,1.0,1.0,0,reported
Ney,Tax Rate,2017,1.00,1.0,1.0,0,reported
Ney,Tax Rate,2018,1.00,1.0,1.0,0,reported
Ney,Tax Rate,2019,1.00,1.0,1.0,0,reported
Ney,Tax Rate,2020,1.00,1.0,1.0,0,reported
Ney,Tax Rate,2021,1.00,1.0,1.0,0,reported
Ney,Tax Rate,2022,1.00,1.0,1.0,0,reported
Ney,Tax Rate,2023,1.00,1.0,1.0,0,reported
Ney,Tax Rate,2024,1.00,1.0,1.0,0,reported
Ney,Tax Rate,2025,1.00,1.0,1.0,0,reported
Ney,Credit Factor,2016,-,0.0,0.0,0,dash_zero_inferred
Ney,Credit Factor,2017,-,0.0,0.0,0,dash_zero_inferred
Ney,Credit Factor,2018,-,0.0,0.0,0,dash_zero_inferred
Ney,Credit Factor,2019,-,0.0,0.0,0,dash_zero_inferred
Ney,Credit Factor,2020,-,0.0,0.0,0,dash_zero_inferred
Ney,Credit Factor,2021,-,0.0,0.0,0,dash_zero_inferred
Ney,Credit Factor,2022,-,0.0,0.0,0,dash_zero_inferred
Ney,Credit Factor,2023,-,0.0,0.0,0,dash_zero_inferred
Ney,Credit Factor,2024,-,0.0,0.0,0,dash_zero_inferred
Ney,Credit Factor,2025,-,0.0,0.0,0,dash_zero_inferred
Ney,Credit Rate,2016,-,0.0,0.0,0,dash_zero_inferred
Ney,Credit Rate,2017,-,0.0,0.0,0,dash_zero_inferred
Ney,Credit Rate,2018,-,0.0,0.0,0,dash_zero_inferred
Ney,Credit Rate,2019,-,0.0,0.0,0,dash_zero_inferred
Ney,Credit Rate,2020,-,0.0,0.0,0,dash_zero_inferred
Ney,Credit Rate,2021,-,0.0,0.0,0,dash_zero_inferred
Ney,Credit Rate,2022,-,0.0,0.0,0,dash_zero_inferred
Ney,Credit Rate,2023,-,0.0,0.0,0,dash_zero_inferred
Ney,Credit Rate,2024,-,0.0,0.0,0,dash_zero_inferred
Ney,Credit Rate,2025,-,0.0,0.0,0,dash_zero_inferred
Niles,Tax Rate,2016,-,,,0,not_member_or_no_tax
Niles,Tax Rate,2017,-,,,0,not_member_or_no_tax
Niles,Tax Rate,2018,2.00,2.0,2.0,0,reported
Niles,Tax Rate,2019,2.00,2.0,2.0,0,reported
Niles,Tax Rate,2020,2.00,2.0,2.0,0,reported
Niles,Tax Rate,2021,2.00,2.0,2.0,0,reported
Niles,Tax Rate,2022,2.00,2.0,2.0,0,reported
Niles,Tax Rate,2023,2.00,2.0,2.0,0,reported
Niles,Tax Rate,2024,2.00,2.0,2.0,0,reported
Niles,Tax Rate,2025,2.00,2.0,2.0,0,reported
Niles,Credit Factor,2016,-,,,0,not_member_or_no_tax
Niles,Credit Factor,2017,-,,,0,not_member_or_no_tax
Niles,Credit Factor,2018,100,100.0,100.0,0,reported
Niles,Credit Factor,2019,100,100.0,100.0,0,reported
Niles,Credit Factor,2020,100,100.0,100.0,0,reported
Niles,Credit Factor,2021,100,100.0,100.0,0,reported
Niles,Credit Factor,2022,100,100.0,100.0,0,reported
Niles,Credit Factor,2023,100,100.0,100.0,0,reported
Niles,Credit Factor,2024,100,100.0,100.0,0,reported
Niles,Credit Factor,2025,100,100.0,100.0,0,reported
Niles,Credit Rate,2016,-,,,0,not_member_or_no_tax
Niles,Credit Rate,2017,-,,,0,not_member_or_no_tax
Niles,Credit Rate,2018,2.00,2.0,2.0,0,reported
Niles,Credit Rate,2019,2.00,2.0,2.0,0,reported
Niles,Credit Rate,2020,2.00,2.0,2.0,0,reported
Niles,Credit Rate,2021,2.00,2.0,2.0,0,reported
Niles,Credit Rate,2022,2.00,2.0,2.0,0,reported
Niles,Credit Rate,2023,2.00,2.0,2.0,0,reported
Niles,Credit Rate,2024,2.00,2.0,2.0,0,reported
Niles,Credit Rate,2025,2.00,2.0,2.0,0,reported
North Canton,Tax Rate,2016,1.50,1.5,1.5,0,reported
North Canton,Tax Rate,2017,1.50,1.5,1.5,0,reported
North Canton,Tax Rate,2018,1.50,1.5,1.5,0,reported
North Canton,Tax Rate,2019,1.50,1.5,1.5,0,reported
North Canton,Tax Rate,2020,1.50,1.5,1.5,0,reported
North Canton,Tax Rate,2021,1.50,1.5,1.5,0,reported
North Canton,Tax Rate,2022,1.50,1.5,1.5,0,reported
North Canton,Tax Rate,2023,1.50,1.5,1.5,0,reported
North Canton,Tax Rate,2024,1.50,1.5,1.5,0,reported
North Canton,Tax Rate,2025,1.50,1.5,1.5,0,reported
North Canton,Credit Factor,2016,100,100.0,100.0,0,reported
North Canton,Credit Factor,2017,100,100.0,100.0,0,reported
North Canton,Credit Factor,2018,100,100.0,100.0,0,reported
North Canton,Credit Factor,2019,100,100.0,100.0,0,reported
North Canton,Credit Factor,2020,100,100.0,100.0,0,reported
North Canton,Credit Factor,2021,100,100.0,100.0,0,reported
North Canton,Credit Factor,2022,100,100.0,100.0,0,reported
North Canton,Credit Factor,2023,100,100.0,100.0,0,reported
North Canton,Credit Factor,2024,100,100.0,100.0,0,reported
North Canton,Credit Factor,2025,100,100.0,100.0,0,reported
North Canton,Credit Rate,2016,1.50,1.5,1.5,0,reported
North Canton,Credit Rate,2017,1.50,1.5,1.5,0,reported
North Canton,Credit Rate,2018,1.50,1.5,1.5,0,reported
North Canton,Credit Rate,2019,1.50,1.5,1.5,0,reported
North Canton,Credit Rate,2020,1.50,1.5,1.5,0,reported
North Canton,Credit Rate,2021,1.50,1.5,1.5,0,reported
North Canton,Credit Rate,2022,1.50,1.5,1.5,0,reported
North Canton,Credit Rate,2023,1.50,1.5,1.5,0,reported
North Canton,Credit Rate,2024,1.50,1.5,1.5,0,reported
North Canton,Credit Rate,2025,1.50,1.5,1.5,0,reported
North College Hill,Tax Rate,2016,-,,,0,not_member_or_no_tax
North College Hill,Tax Rate,2017,-,,,0,not_member_or_no_tax
North College Hill,Tax Rate,2018,1.50,1.5,1.5,0,reported
North College Hill,Tax Rate,2019,1.50,1.5,1.5,0,reported
North College Hill,Tax Rate,2020,1.50,1.5,1.5,0,reported
North College Hill,Tax Rate,2021,1.50,1.5,1.5,0,reported
North College Hill,Tax Rate,2022,1.50,1.5,1.5,0,reported
North College Hill,Tax Rate,2023,1.50,1.5,1.5,0,reported
North College Hill,Tax Rate,2024,1.50,1.5,1.5,0,reported
North College Hill,Tax Rate,2025,1.50,1.5,1.5,0,reported
North College Hill,Credit Factor,2016,-,,,0,not_member_or_no_tax
North College Hill,Credit Factor,2017,-,,,0,not_member_or_no_tax
North College Hill,Credit Factor,2018,-,0.0,0.0,0,dash_zero_inferred
North College Hill,Credit Factor,2019,-,0.0,0.0,0,dash_zero_inferred
North College Hill,Credit Factor,2020,-,0.0,0.0,0,dash_zero_inferred
North College Hill,Credit Factor,2021,-,0.0,0.0,0,dash_zero_inferred
North College Hill,Credit Factor,2022,-,0.0,0.0,0,dash_zero_inferred
North College Hill,Credit Factor,2023,-,0.0,0.0,0,dash_zero_inferred
North College Hill,Credit Factor,2024,-,0.0,0.0,0,dash_zero_inferred
North College Hill,Credit Factor,2025,-,0.0,0.0,0,dash_zero_inferred
North College Hill,Credit Rate,2016,-,,,0,not_member_or_no_tax
North College Hill,Credit Rate,2017,-,,,0,not_member_or_no_tax
North College Hill,Credit Rate,2018,-,0.0,0.0,0,dash_zero_inferred
North College Hill,Credit Rate,2019,-,0.0,0.0,0,dash_zero_inferred
North College Hill,Credit Rate,2020,-,0.0,0.0,0,dash_zero_inferred
North College Hill,Credit Rate,2021,-,0.0,0.0,0,dash_zero_inferred
North College Hill,Credit Rate,2022,-,0.0,0.0,0,dash_zero_inferred
North College Hill,Credit Rate,2023,-,0.0,0.0,0,dash_zero_inferred
North College Hill,Credit Rate,2024,-,0.0,0.0,0,dash_zero_inferred
North College Hill,Credit Rate,2025,-,0.0,0.0,0,dash_zero_inferred
North Hampton,Tax Rate,2016,-,,,0,not_member_or_no_tax
North Hampton,Tax Rate,2017,-,,,0,not_member_or_no_tax
North Hampton,Tax Rate,2018,-,,,0,not_member_or_no_tax
North Hampton,Tax Rate,2019,-,,,0,not_member_or_no_tax
North Hampton,Tax Rate,2020,-,,,0,not_member_or_no_tax
North Hampton,Tax Rate,2021,-,,,0,not_member_or_no_tax
North Hampton,Tax Rate,2022,-,,,0,not_member_or_no_tax
North Hampton,Tax Rate,2023,-,,,0,not_member_or_no_tax
North Hampton,Tax Rate,2024,-,,,0,not_member_or_no_tax
North Hampton,Tax Rate,2025,1.00/-,1.0,0.0,1,split_new_first_partial
North Hampton,Credit Factor,2016,-,,,0,not_member_or_no_tax
North Hampton,Credit Factor,2017,-,,,0,not_member_or_no_tax
North Hampton,Credit Factor,2018,-,,,0,not_member_or_no_tax
North Hampton,Credit Factor,2019,-,,,0,not_member_or_no_tax
North Hampton,Credit Factor,2020,-,,,0,not_member_or_no_tax
North Hampton,Credit Factor,2021,-,,,0,not_member_or_no_tax
North Hampton,Credit Factor,2022,-,,,0,not_member_or_no_tax
North Hampton,Credit Factor,2023,-,,,0,not_member_or_no_tax
North Hampton,Credit Factor,2024,-,,,0,not_member_or_no_tax
North Hampton,Credit Factor,2025,-,0.0,0.0,0,dash_zero_inferred
North Hampton,Credit Rate,2016,-,,,0,not_member_or_no_tax
North Hampton,Credit Rate,2017,-,,,0,not_member_or_no_tax
North Hampton,Credit Rate,2018,-,,,0,not_member_or_no_tax
North Hampton,Credit Rate,2019,-,,,0,not_member_or_no_tax
North Hampton,Credit Rate,2020,-,,,0,not_member_or_no_tax
North Hampton,Credit Rate,2021,-,,,0,not_member_or_no_tax
North Hampton,Credit Rate,2022,-,,,0,not_member_or_no_tax
North Hampton,Credit Rate,2023,-,,,0,not_member_or_no_tax
North Hampton,Credit Rate,2024,-,,,0,not_member_or_no_tax
North Hampton,Credit Rate,2025,-,0.0,0.0,0,dash_zero_inferred
North Lewisburg,Tax Rate,2016,1.00,1.0,1.0,0,reported
North Lewisburg,Tax Rate,2017,1.00,1.0,1.0,0,reported
North Lewisburg,Tax Rate,2018,1.00,1.0,1.0,0,reported
North Lewisburg,Tax Rate,2019,1.00,1.0,1.0,0,reported
North Lewisburg,Tax Rate,2020,1.00,1.0,1.0,0,reported
North Lewisburg,Tax Rate,2021,1.00,1.0,1.0,0,reported
North Lewisburg,Tax Rate,2022,1.00,1.0,1.0,0,reported
North Lewisburg,Tax Rate,2023,1.75,1.75,1.75,0,reported
North Lewisburg,Tax Rate,2024,1.75,1.75,1.75,0,reported
North Lewisburg,Tax Rate,2025,1.75,1.75,1.75,0,reported
North Lewisburg,Credit Factor,2016,-,0.0,0.0,0,dash_zero_inferred
North Lewisburg,Credit Factor,2017,-,0.0,0.0,0,dash_zero_inferred
North Lewisburg,Credit Factor,2018,-,0.0,0.0,0,dash_zero_inferred
North Lewisburg,Credit Factor,2019,-,0.0,0.0,0,dash_zero_inferred
North Lewisburg,Credit Factor,2020,-,0.0,0.0,0,dash_zero_inferred
North Lewisburg,Credit Factor,2021,-,0.0,0.0,0,dash_zero_inferred
North Lewisburg,Credit Factor,2022,-,0.0,0.0,0,dash_zero_inferred
North Lewisburg,Credit Factor,2023,-,0.0,0.0,0,dash_zero_inferred
North Lewisburg,Credit Factor,2024,-,0.0,0.0,0,dash_zero_inferred
North Lewisburg,Credit Factor,2025,-,0.0,0.0,0,dash_zero_inferred
North Lewisburg,Credit Rate,2016,-,0.0,0.0,0,dash_zero_inferred
North Lewisburg,Credit Rate,2017,-,0.0,0.0,0,dash_zero_inferred
North Lewisburg,Credit Rate,2018,-,0.0,0.0,0,dash_zero_inferred
North Lewisburg,Credit Rate,2019,-,0.0,0.0,0,dash_zero_inferred
North Lewisburg,Credit Rate,2020,-,0.0,0.0,0,dash_zero_inferred
North Lewisburg,Credit Rate,2021,-,0.0,0.0,0,dash_zero_inferred
North Lewisburg,Credit Rate,2022,-,0.0,0.0,0,dash_zero_inferred
North Lewisburg,Credit Rate,2023,-,0.0,0.0,0,dash_zero_inferred
North Lewisburg,Credit Rate,2024,-,0.0,0.0,0,dash_zero_inferred
North Lewisburg,Credit Rate,2025,-,0.0,0.0,0,dash_zero_inferred
North Olmsted,Tax Rate,2016,2.00,2.0,2.0,0,reported
North Olmsted,Tax Rate,2017,2.00,2.0,2.0,0,reported
North Olmsted,Tax Rate,2018,2.00,2.0,2.0,0,reported
North Olmsted,Tax Rate,2019,2.00,2.0,2.0,0,reported
North Olmsted,Tax Rate,2020,2.00,2.0,2.0,0,reported
North Olmsted,Tax Rate,2021,2.00,2.0,2.0,0,reported
North Olmsted,Tax Rate,2022,2.00,2.0,2.0,0,reported
North Olmsted,Tax Rate,2023,2.00,2.0,2.0,0,reported
North Olmsted,Tax Rate,2024,2.00,2.0,2.0,0,reported
North Olmsted,Tax Rate,2025,2.00,2.0,2.0,0,reported
North Olmsted,Credit Factor,2016,100,100.0,100.0,0,reported
North Olmsted,Credit Factor,2017,100,100.0,100.0,0,reported
North Olmsted,Credit Factor,2018,100,100.0,100.0,0,reported
North Olmsted,Credit Factor,2019,100,100.0,100.0,0,reported
North Olmsted,Credit Factor,2020,100,100.0,100.0,0,reported
North Olmsted,Credit Factor,2021,100,100.0,100.0,0,reported
North Olmsted,Credit Factor,2022,100,100.0,100.0,0,reported
North Olmsted,Credit Factor,2023,100,100.0,100.0,0,reported
North Olmsted,Credit Factor,2024,100,100.0,100.0,0,reported
North Olmsted,Credit Factor,2025,100,100.0,100.0,0,reported
North Olmsted,Credit Rate,2016,2.00,2.0,2.0,0,reported
North Olmsted,Credit Rate,2017,2.00,2.0,2.0,0,reported
North Olmsted,Credit Rate,2018,2.00,2.0,2.0,0,reported
North Olmsted,Credit Rate,2019,2.00,2.0,2.0,0,reported
North Olmsted,Credit Rate,2020,2.00,2.0,2.0,0,reported
North Olmsted,Credit Rate,2021,2.00,2.0,2.0,0,reported
North Olmsted,Credit Rate,2022,2.00,2.0,2.0,0,reported
North Olmsted,Credit Rate,2023,2.00,2.0,2.0,0,reported
North Olmsted,Credit Rate,2024,2.00,2.0,2.0,0,reported
North Olmsted,Credit Rate,2025,2.00,2.0,2.0,0,reported
North Perry,Tax Rate,2016,-,,,0,not_member_or_no_tax
North Perry,Tax Rate,2017,-,,,0,not_member_or_no_tax
North Perry,Tax Rate,2018,-,,,0,not_member_or_no_tax
North Perry,Tax Rate,2019,-,,,0,not_member_or_no_tax
North Perry,Tax Rate,2020,-,,,0,not_member_or_no_tax
North Perry,Tax Rate,2021,1.00,1.0,1.0,0,reported
North Perry,Tax Rate,2022,1.00,1.0,1.0,0,reported
North Perry,Tax Rate,2023,1.00,1.0,1.0,0,reported
North Perry,Tax Rate,2024,1.00,1.0,1.0,0,reported
North Perry,Tax Rate,2025,1.00,1.0,1.0,0,reported
North Perry,Credit Factor,2016,-,,,0,not_member_or_no_tax
North Perry,Credit Factor,2017,-,,,0,not_member_or_no_tax
North Perry,Credit Factor,2018,-,,,0,not_member_or_no_tax
North Perry,Credit Factor,2019,-,,,0,not_member_or_no_tax
North Perry,Credit Factor,2020,-,,,0,not_member_or_no_tax
North Perry,Credit Factor,2021,100,100.0,100.0,0,reported
North Perry,Credit Factor,2022,100,100.0,100.0,0,reported
North Perry,Credit Factor,2023,100,100.0,100.0,0,reported
North Perry,Credit Factor,2024,100,100.0,100.0,0,reported
North Perry,Credit Factor,2025,100,100.0,100.0,0,reported
North Perry,Credit Rate,2016,-,,,0,not_member_or_no_tax
North Perry,Credit Rate,2017,-,,,0,not_member_or_no_tax
North Perry,Credit Rate,2018,-,,,0,not_member_or_no_tax
North Perry,Credit Rate,2019,-,,,0,not_member_or_no_tax
North Perry,Credit Rate,2020,-,,,0,not_member_or_no_tax
North Perry,Credit Rate,2021,1.00,1.0,1.0,0,reported
North Perry,Credit Rate,2022,1.00,1.0,1.0,0,reported
North Perry,Credit Rate,2023,1.00,1.0,1.0,0,reported
North Perry,Credit Rate,2024,1.00,1.0,1.0,0,reported
North Perry,Credit Rate,2025,1.00,1.0,1.0,0,reported
North Ridgeville,Tax Rate,2016,1.00,1.0,1.0,0,reported
North Ridgeville,Tax Rate,2017,1.00,1.0,1.0,0,reported
North Ridgeville,Tax Rate,2018,1.00,1.0,1.0,0,reported
North Ridgeville,Tax Rate,2019,1.00,1.0,1.0,0,reported
North Ridgeville,Tax Rate,2020,1.00,1.0,1.0,0,reported
North Ridgeville,Tax Rate,2021,1.00,1.0,1.0,0,reported
North Ridgeville,Tax Rate,2022,1.00,1.0,1.0,0,reported
North Ridgeville,Tax Rate,2023,1.00,1.0,1.0,0,reported
North Ridgeville,Tax Rate,2024,1.00,1.0,1.0,0,reported
North Ridgeville,Tax Rate,2025,1.00,1.0,1.0,0,reported
North Ridgeville,Credit Factor,2016,10,10.0,10.0,0,reported
North Ridgeville,Credit Factor,2017,10,10.0,10.0,0,reported
North Ridgeville,Credit Factor,2018,10,10.0,10.0,0,reported
North Ridgeville,Credit Factor,2019,10,10.0,10.0,0,reported
North Ridgeville,Credit Factor,2020,10,10.0,10.0,0,reported
North Ridgeville,Credit Factor,2021,10,10.0,10.0,0,reported
North Ridgeville,Credit Factor,2022,10,10.0,10.0,0,reported
North Ridgeville,Credit Factor,2023,10,10.0,10.0,0,reported
North Ridgeville,Credit Factor,2024,10,10.0,10.0,0,reported
North Ridgeville,Credit Factor,2025,10,10.0,10.0,0,reported
North Ridgeville,Credit Rate,2016,1.00,1.0,1.0,0,reported
North Ridgeville,Credit Rate,2017,1.00,1.0,1.0,0,reported
North Ridgeville,Credit Rate,2018,1.00,1.0,1.0,0,reported
North Ridgeville,Credit Rate,2019,1.00,1.0,1.0,0,reported
North Ridgeville,Credit Rate,2020,1.00,1.0,1.0,0,reported
North Ridgeville,Credit Rate,2021,1.00,1.0,1.0,0,reported
North Ridgeville,Credit Rate,2022,1.00,1.0,1.0,0,reported
North Ridgeville,Credit Rate,2023,1.00,1.0,1.0,0,reported
North Ridgeville,Credit Rate,2024,1.00,1.0,1.0,0,reported
North Ridgeville,Credit Rate,2025,1.00,1.0,1.0,0,reported
North Robinson,Tax Rate,2016,1.00,1.0,1.0,0,reported
North Robinson,Tax Rate,2017,1.00,1.0,1.0,0,reported
North Robinson,Tax Rate,2018,1.00,1.0,1.0,0,reported
North Robinson,Tax Rate,2019,1.00,1.0,1.0,0,reported
North Robinson,Tax Rate,2020,1.00,1.0,1.0,0,reported
North Robinson,Tax Rate,2021,1.00,1.0,1.0,0,reported
North Robinson,Tax Rate,2022,1.00,1.0,1.0,0,reported
North Robinson,Tax Rate,2023,1.00,1.0,1.0,0,reported
North Robinson,Tax Rate,2024,1.00,1.0,1.0,0,reported
North Robinson,Tax Rate,2025,1.00,1.0,1.0,0,reported
North Robinson,Credit Factor,2016,-,0.0,0.0,0,dash_zero_inferred
North Robinson,Credit Factor,2017,-,0.0,0.0,0,dash_zero_inferred
North Robinson,Credit Factor,2018,-,0.0,0.0,0,dash_zero_inferred
North Robinson,Credit Factor,2019,-,0.0,0.0,0,dash_zero_inferred
North Robinson,Credit Factor,2020,-,0.0,0.0,0,dash_zero_inferred
North Robinson,Credit Factor,2021,-,0.0,0.0,0,dash_zero_inferred
North Robinson,Credit Factor,2022,-,0.0,0.0,0,dash_zero_inferred
North Robinson,Credit Factor,2023,-,0.0,0.0,0,dash_zero_inferred
North Robinson,Credit Factor,2024,-,0.0,0.0,0,dash_zero_inferred
North Robinson,Credit Factor,2025,-,0.0,0.0,0,dash_zero_inferred
North Robinson,Credit Rate,2016,-,0.0,0.0,0,dash_zero_inferred
North Robinson,Credit Rate,2017,-,0.0,0.0,0,dash_zero_inferred
North Robinson,Credit Rate,2018,-,0.0,0.0,0,dash_zero_inferred
North Robinson,Credit Rate,2019,-,0.0,0.0,0,dash_zero_inferred
North Robinson,Credit Rate,2020,-,0.0,0.0,0,dash_zero_inferred
North Robinson,Credit Rate,2021,-,0.0,0.0,0,dash_zero_inferred
North Robinson,Credit Rate,2022,-,0.0,0.0,0,dash_zero_inferred
North Robinson,Credit Rate,2023,-,0.0,0.0,0,dash_zero_inferred
North Robinson,Credit Rate,2024,-,0.0,0.0,0,dash_zero_inferred
North Robinson,Credit Rate,2025,-,0.0,0.0,0,dash_zero_inferred
North Royalton,Tax Rate,2016,2.00,2.0,2.0,0,reported
North Royalton,Tax Rate,2017,2.00,2.0,2.0,0,reported
North Royalton,Tax Rate,2018,2.00,2.0,2.0,0,reported
North Royalton,Tax Rate,2019,2.00,2.0,2.0,0,reported
North Royalton,Tax Rate,2020,2.00,2.0,2.0,0,reported
North Royalton,Tax Rate,2021,2.00,2.0,2.0,0,reported
North Royalton,Tax Rate,2022,2.00,2.0,2.0,0,reported
North Royalton,Tax Rate,2023,2.00,2.0,2.0,0,reported
North Royalton,Tax Rate,2024,2.00,2.0,2.0,0,reported
North Royalton,Tax Rate,2025,2.00,2.0,2.0,0,reported
North Royalton,Credit Factor,2016,100,100.0,100.0,0,reported
North Royalton,Credit Factor,2017,100,100.0,100.0,0,reported
North Royalton,Credit Factor,2018,100,100.0,100.0,0,reported
North Royalton,Credit Factor,2019,100,100.0,100.0,0,reported
North Royalton,Credit Factor,2020,100,100.0,100.0,0,reported
North Royalton,Credit Factor,2021,100,100.0,100.0,0,reported
North Royalton,Credit Factor,2022,100,100.0,100.0,0,reported
North Royalton,Credit Factor,2023,100,100.0,100.0,0,reported
North Royalton,Credit Factor,2024,100,100.0,100.0,0,reported
North Royalton,Credit Factor,2025,100,100.0,100.0,0,reported
North Royalton,Credit Rate,2016,1.25,1.25,1.25,0,reported
North Royalton,Credit Rate,2017,1.25,1.25,1.25,0,reported
North Royalton,Credit Rate,2018,1.25,1.25,1.25,0,reported
North Royalton,Credit Rate,2019,1.25,1.25,1.25,0,reported
North Royalton,Credit Rate,2020,1.25,1.25,1.25,0,reported
North Royalton,Credit Rate,2021,1.25,1.25,1.25,0,reported
North Royalton,Credit Rate,2022,1.25,1.25,1.25,0,reported
North Royalton,Credit Rate,2023,1.25,1.25,1.25,0,reported
North Royalton,Credit Rate,2024,1.25,1.25,1.25,0,reported
North Royalton,Credit Rate,2025,1.25,1.25,1.25,0,reported
Northfield Village,Tax Rate,2016,-,,,0,not_member_or_no_tax
Northfield Village,Tax Rate,2017,2.00,2.0,2.0,0,reported
Northfield Village,Tax Rate,2018,2.00,2.0,2.0,0,reported
Northfield Village,Tax Rate,2019,2.00,2.0,2.0,0,reported
Northfield Village,Tax Rate,2020,2.00,2.0,2.0,0,reported
Northfield Village,Tax Rate,2021,2.00,2.0,2.0,0,reported
Northfield Village,Tax Rate,2022,2.00,2.0,2.0,0,reported
Northfield Village,Tax Rate,2023,2.00,2.0,2.0,0,reported
Northfield Village,Tax Rate,2024,2.00,2.0,2.0,0,reported
Northfield Village,Tax Rate,2025,2.00,2.0,2.0,0,reported
Northfield Village,Credit Factor,2016,-,,,0,not_member_or_no_tax
Northfield Village,Credit Factor,2017,100,100.0,100.0,0,reported
Northfield Village,Credit Factor,2018,100,100.0,100.0,0,reported
Northfield Village,Credit Factor,2019,100,100.0,100.0,0,reported
Northfield Village,Credit Factor,2020,100,100.0,100.0,0,reported
Northfield Village,Credit Factor,2021,100,100.0,100.0,0,reported
Northfield Village,Credit Factor,2022,100,100.0,100.0,0,reported
Northfield Village,Credit Factor,2023,100,100.0,100.0,0,reported
Northfield Village,Credit Factor,2024,100,100.0,100.0,0,reported
Northfield Village,Credit Factor,2025,100,100.0,100.0,0,reported
Northfield Village,Credit Rate,2016,-,,,0,not_member_or_no_tax
Northfield Village,Credit Rate,2017,2.00,2.0,2.0,0,reported
Northfield Village,Credit Rate,2018,2.00,2.0,2.0,0,reported
Northfield Village,Credit Rate,2019,2.00,2.0,2.0,0,reported
Northfield Village,Credit Rate,2020,2.00,2.0,2.0,0,reported
Northfield Village,Credit Rate,2021,2.00,2.0,2.0,0,reported
Northfield Village,Credit Rate,2022,2.00,2.0,2.0,0,reported
Northfield Village,Credit Rate,2023,2.00,2.0,2.0,0,reported
Northfield Village,Credit Rate,2024,2.00,2.0,2.0,0,reported
Northfield Village,Credit Rate,2025,2.00,2.0,2.0,0,reported
Northwood,Tax Rate,2016,-,,,0,not_member_or_no_tax
Northwood,Tax Rate,2017,-,,,0,not_member_or_no_tax
Northwood,Tax Rate,2018,-,,,0,not_member_or_no_tax
Northwood,Tax Rate,2019,-,,,0,not_member_or_no_tax
Northwood,Tax Rate,2020,-,,,0,not_member_or_no_tax
Northwood,Tax Rate,2021,-,,,0,not_member_or_no_tax
Northwood,Tax Rate,2022,-,,,0,not_member_or_no_tax
Northwood,Tax Rate,2023,-,,,0,not_member_or_no_tax
Northwood,Tax Rate,2024,1.50,1.5,1.5,0,reported
Northwood,Tax Rate,2025,1.50,1.5,1.5,0,reported
Northwood,Credit Factor,2016,-,,,0,not_member_or_no_tax
Northwood,Credit Factor,2017,-,,,0,not_member_or_no_tax
Northwood,Credit Factor,2018,-,,,0,not_member_or_no_tax
Northwood,Credit Factor,2019,-,,,0,not_member_or_no_tax
Northwood,Credit Factor,2020,-,,,0,not_member_or_no_tax
Northwood,Credit Factor,2021,-,,,0,not_member_or_no_tax
Northwood,Credit Factor,2022,-,,,0,not_member_or_no_tax
Northwood,Credit Factor,2023,-,,,0,not_member_or_no_tax
Northwood,Credit Factor,2024,100,100.0,100.0,0,reported
Northwood,Credit Factor,2025,100,100.0,100.0,0,reported
Northwood,Credit Rate,2016,-,,,0,not_member_or_no_tax
Northwood,Credit Rate,2017,-,,,0,not_member_or_no_tax
Northwood,Credit Rate,2018,-,,,0,not_member_or_no_tax
Northwood,Credit Rate,2019,-,,,0,not_member_or_no_tax
Northwood,Credit Rate,2020,-,,,0,not_member_or_no_tax
Northwood,Credit Rate,2021,-,,,0,not_member_or_no_tax
Northwood,Credit Rate,2022,-,,,0,not_member_or_no_tax
Northwood,Credit Rate,2023,-,,,0,not_member_or_no_tax
Northwood,Credit Rate,2024,1.50,1.5,1.5,0,reported
Northwood,Credit Rate,2025,1.50,1.5,1.5,0,reported
Norton,Tax Rate,2016,-,,,0,not_member_or_no_tax
Norton,Tax Rate,2017,-,,,0,not_member_or_no_tax
Norton,Tax Rate,2018,-,,,0,not_member_or_no_tax
Norton,Tax Rate,2019,-,,,0,not_member_or_no_tax
Norton,Tax Rate,2020,-,,,0,not_member_or_no_tax
Norton,Tax Rate,2021,2.00,2.0,2.0,0,reported
Norton,Tax Rate,2022,2.00,2.0,2.0,0,reported
Norton,Tax Rate,2023,2.00,2.0,2.0,0,reported
Norton,Tax Rate,2024,2.00,2.0,2.0,0,reported
Norton,Tax Rate,2025,2.00,2.0,2.0,0,reported
Norton,Credit Factor,2016,-,,,0,not_member_or_no_tax
Norton,Credit Factor,2017,-,,,0,not_member_or_no_tax
Norton,Credit Factor,2018,-,,,0,not_member_or_no_tax
Norton,Credit Factor,2019,-,,,0,not_member_or_no_tax
Norton,Credit Factor,2020,-,,,0,not_member_or_no_tax
Norton,Credit Factor,2021,100,100.0,100.0,0,reported
Norton,Credit Factor,2022,100,100.0,100.0,0,reported
Norton,Credit Factor,2023,100,100.0,100.0,0,reported
Norton,Credit Factor,2024,100,100.0,100.0,0,reported
Norton,Credit Factor,2025,100,100.0,100.0,0,reported
Norton,Credit Rate,2016,-,,,0,not_member_or_no_tax
Norton,Credit Rate,2017,-,,,0,not_member_or_no_tax
Norton,Credit Rate,2018,-,,,0,not_member_or_no_tax
Norton,Credit Rate,2019,-,,,0,not_member_or_no_tax
Norton,Credit Rate,2020,-,,,0,not_member_or_no_tax
Norton,Credit Rate,2021,1.50,1.5,1.5,0,reported
Norton,Credit Rate,2022,1.50,1.5,1.5,0,reported
Norton,Credit Rate,2023,1.50,1.5,1.5,0,reported
Norton,Credit Rate,2024,1.50,1.5,1.5,0,reported
Norton,Credit Rate,2025,1.50,1.5,1.5,0,reported
Norton Barberton JEDZ,Tax Rate,2016,-,,,0,not_member_or_no_tax
Norton Barberton JEDZ,Tax Rate,2017,-,,,0,not_member_or_no_tax
Norton Barberton JEDZ,Tax Rate,2018,-,,,0,not_member_or_no_tax
Norton Barberton JEDZ,Tax Rate,2019,-,,,0,not_member_or_no_tax
Norton Barberton JEDZ,Tax Rate,2020,-,,,0,not_member_or_no_tax
Norton Barberton JEDZ,Tax Rate,2021,2.00,2.0,2.0,0,reported
Norton Barberton JEDZ,Tax Rate,2022,2.00,2.0,2.0,0,reported
Norton Barberton JEDZ,Tax Rate,2023,2.00,2.0,2.0,0,reported
Norton Barberton JEDZ,Tax Rate,2024,2.00,2.0,2.0,0,reported
Norton Barberton JEDZ,Tax Rate,2025,2.00,2.0,2.0,0,reported
Norton Barberton JEDZ,Credit Factor,2016,,,,0,absent
Norton Barberton JEDZ,Credit Factor,2017,,,,0,absent
Norton Barberton JEDZ,Credit Factor,2018,,,,0,absent
Norton Barberton JEDZ,Credit Factor,2019,,,,0,absent
Norton Barberton JEDZ,Credit Factor,2020,,,,0,absent
Norton Barberton JEDZ,Credit Factor,2021,,,,0,absent
Norton Barberton JEDZ,Credit Factor,2022,,,,0,absent
Norton Barberton JEDZ,Credit Factor,2023,,,,0,absent
Norton Barberton JEDZ,Credit Factor,2024,,,,0,absent
Norton Barberton JEDZ,Credit Factor,2025,,,,0,absent
Norton Barberton JEDZ,Credit Rate,2016,,,,0,absent
Norton Barberton JEDZ,Credit Rate,2017,,,,0,absent
Norton Barberton JEDZ,Credit Rate,2018,,,,0,absent
Norton Barberton JEDZ,Credit Rate,2019,,,,0,absent
Norton Barberton JEDZ,Credit Rate,2020,,,,0,absent
Norton Barberton JEDZ,Credit Rate,2021,,,,0,absent
Norton Barberton JEDZ,Credit Rate,2022,,,,0,absent
Norton Barberton JEDZ,Credit Rate,2023,,,,0,absent
Norton Barberton JEDZ,Credit Rate,2024,,,,0,absent
Norton Barberton JEDZ,Credit Rate,2025,,,,0,absent
Norwalk,Tax Rate,2016,-,,,0,not_member_or_no_tax
Norwalk,Tax Rate,2017,1.50,1.5,1.5,0,reported
Norwalk,Tax Rate,2018,1.50,1.5,1.5,0,reported
Norwalk,Tax Rate,2019,1.50,1.5,1.5,0,reported
Norwalk,Tax Rate,2020,1.50,1.5,1.5,0,reported
Norwalk,Tax Rate,2021,1.50,1.5,1.5,0,reported
Norwalk,Tax Rate,2022,1.50,1.5,1.5,0,reported
Norwalk,Tax Rate,2023,1.50,1.5,1.5,0,reported
Norwalk,Tax Rate,2024,1.50,1.5,1.5,0,reported
Norwalk,Tax Rate,2025,1.50,1.5,1.5,0,reported
Norwalk,Credit Factor,2016,-,,,0,not_member_or_no_tax
Norwalk,Credit Factor,2017,100,100.0,100.0,0,reported
Norwalk,Credit Factor,2018,100,100.0,100.0,0,reported
Norwalk,Credit Factor,2019,100,100.0,100.0,0,reported
Norwalk,Credit Factor,2020,100,100.0,100.0,0,reported
Norwalk,Credit Factor,2021,100,100.0,100.0,0,reported
Norwalk,Credit Factor,2022,100,100.0,100.0,0,reported
Norwalk,Credit Factor,2023,100,100.0,100.0,0,reported
Norwalk,Credit Factor,2024,100,100.0,100.0,0,reported
Norwalk,Credit Factor,2025,100,100.0,100.0,0,reported
Norwalk,Credit Rate,2016,-,,,0,not_member_or_no_tax
Norwalk,Credit Rate,2017,1.50,1.5,1.5,0,reported
Norwalk,Credit Rate,2018,1.50,1.5,1.5,0,reported
Norwalk,Credit Rate,2019,1.50,1.5,1.5,0,reported
Norwalk,Credit Rate,2020,1.50,1.5,1.5,0,reported
Norwalk,Credit Rate,2021,1.50,1.5,1.5,0,reported
Norwalk,Credit Rate,2022,1.50,1.5,1.5,0,reported
Norwalk,Credit Rate,2023,1.50,1.5,1.5,0,reported
Norwalk,Credit Rate,2024,1.50,1.5,1.5,0,reported
Norwalk,Credit Rate,2025,1.50,1.5,1.5,0,reported
Oak Harbor,Tax Rate,2016,-,,,0,not_member_or_no_tax
Oak Harbor,Tax Rate,2017,-,,,0,not_member_or_no_tax
Oak Harbor,Tax Rate,2018,-,,,0,not_member_or_no_tax
Oak Harbor,Tax Rate,2019,-,,,0,not_member_or_no_tax
Oak Harbor,Tax Rate,2020,1.00,1.0,1.0,0,reported
Oak Harbor,Tax Rate,2021,1.00,1.0,1.0,0,reported
Oak Harbor,Tax Rate,2022,1.00,1.0,1.0,0,reported
Oak Harbor,Tax Rate,2023,1.00,1.0,1.0,0,reported
Oak Harbor,Tax Rate,2024,1.00,1.0,1.0,0,reported
Oak Harbor,Tax Rate,2025,1.00,1.0,1.0,0,reported
Oak Harbor,Credit Factor,2016,-,,,0,not_member_or_no_tax
Oak Harbor,Credit Factor,2017,-,,,0,not_member_or_no_tax
Oak Harbor,Credit Factor,2018,-,,,0,not_member_or_no_tax
Oak Harbor,Credit Factor,2019,-,,,0,not_member_or_no_tax
Oak Harbor,Credit Factor,2020,-,0.0,0.0,0,dash_zero_inferred
Oak Harbor,Credit Factor,2021,-,0.0,0.0,0,dash_zero_inferred
Oak Harbor,Credit Factor,2022,-,0.0,0.0,0,dash_zero_inferred
Oak Harbor,Credit Factor,2023,-,0.0,0.0,0,dash_zero_inferred
Oak Harbor,Credit Factor,2024,-,0.0,0.0,0,dash_zero_inferred
Oak Harbor,Credit Factor,2025,-,0.0,0.0,0,dash_zero_inferred
Oak Harbor,Credit Rate,2016,-,,,0,not_member_or_no_tax
Oak Harbor,Credit Rate,2017,-,,,0,not_member_or_no_tax
Oak Harbor,Credit Rate,2018,-,,,0,not_member_or_no_tax
Oak Harbor,Credit Rate,2019,-,,,0,not_member_or_no_tax
Oak Harbor,Credit Rate,2020,-,0.0,0.0,0,dash_zero_inferred
Oak Harbor,Credit Rate,2021,-,0.0,0.0,0,dash_zero_inferred
Oak Harbor,Credit Rate,2022,-,0.0,0.0,0,dash_zero_inferred
Oak Harbor,Credit Rate,2023,-,0.0,0.0,0,dash_zero_inferred
Oak Harbor,Credit Rate,2024,-,0.0,0.0,0,dash_zero_inferred
Oak Harbor,Credit Rate,2025,-,0.0,0.0,0,dash_zero_inferred
Oak Hill,Tax Rate,2016,0.50,0.5,0.5,0,reported
Oak Hill,Tax Rate,2017,0.50,0.5,0.5,0,reported
Oak Hill,Tax Rate,2018,0.50,0.5,0.5,0,reported
Oak Hill,Tax Rate,2019,0.50,0.5,0.5,0,reported
Oak Hill,Tax Rate,2020,0.50,0.5,0.5,0,reported
Oak Hill,Tax Rate,2021,0.50,0.5,0.5,0,reported
Oak Hill,Tax Rate,2022,0.50,0.5,0.5,0,reported
Oak Hill,Tax Rate,2023,0.50,0.5,0.5,0,reported
Oak Hill,Tax Rate,2024,0.50,0.5,0.5,0,reported
Oak Hill,Tax Rate,2025,1.00,1.0,1.0,0,reported
Oak Hill,Credit Factor,2016,-,0.0,0.0,0,dash_zero_inferred
Oak Hill,Credit Factor,2017,-,0.0,0.0,0,dash_zero_inferred
Oak Hill,Credit Factor,2018,-,0.0,0.0,0,dash_zero_inferred
Oak Hill,Credit Factor,2019,-,0.0,0.0,0,dash_zero_inferred
Oak Hill,Credit Factor,2020,-,0.0,0.0,0,dash_zero_inferred
Oak Hill,Credit Factor,2021,-,0.0,0.0,0,dash_zero_inferred
Oak Hill,Credit Factor,2022,-,0.0,0.0,0,dash_zero_inferred
Oak Hill,Credit Factor,2023,-,0.0,0.0,0,dash_zero_inferred
Oak Hill,Credit Factor,2024,-,0.0,0.0,0,dash_zero_inferred
Oak Hill,Credit Factor,2025,-,0.0,0.0,0,dash_zero_inferred
Oak Hill,Credit Rate,2016,-,0.0,0.0,0,dash_zero_inferred
Oak Hill,Credit Rate,2017,-,0.0,0.0,0,dash_zero_inferred
Oak Hill,Credit Rate,2018,-,0.0,0.0,0,dash_zero_inferred
Oak Hill,Credit Rate,2019,-,0.0,0.0,0,dash_zero_inferred
Oak Hill,Credit Rate,2020,-,0.0,0.0,0,dash_zero_inferred
Oak Hill,Credit Rate,2021,-,0.0,0.0,0,dash_zero_inferred
Oak Hill,Credit Rate,2022,-,0.0,0.0,0,dash_zero_inferred
Oak Hill,Credit Rate,2023,-,0.0,0.0,0,dash_zero_inferred
Oak Hill,Credit Rate,2024,-,0.0,0.0,0,dash_zero_inferred
Oak Hill,Credit Rate,2025,-,0.0,0.0,0,dash_zero_inferred
Oakwood Village,Tax Rate,2016,2.50,2.5,2.5,0,reported
Oakwood Village,Tax Rate,2017,2.50,2.5,2.5,0,reported
Oakwood Village,Tax Rate,2018,2.50,2.5,2.5,0,reported
Oakwood Village,Tax Rate,2019,2.50,2.5,2.5,0,reported
Oakwood Village,Tax Rate,2020,2.50,2.5,2.5,0,reported
Oakwood Village,Tax Rate,2021,2.50,2.5,2.5,0,reported
Oakwood Village,Tax Rate,2022,2.50,2.5,2.5,0,reported
Oakwood Village,Tax Rate,2023,2.50,2.5,2.5,0,reported
Oakwood Village,Tax Rate,2024,2.50,2.5,2.5,0,reported
Oakwood Village,Tax Rate,2025,2.50,2.5,2.5,0,reported
Oakwood Village,Credit Factor,2016,100,100.0,100.0,0,reported
Oakwood Village,Credit Factor,2017,100,100.0,100.0,0,reported
Oakwood Village,Credit Factor,2018,100,100.0,100.0,0,reported
Oakwood Village,Credit Factor,2019,100,100.0,100.0,0,reported
Oakwood Village,Credit Factor,2020,100,100.0,100.0,0,reported
Oakwood Village,Credit Factor,2021,100,100.0,100.0,0,reported
Oakwood Village,Credit Factor,2022,100,100.0,100.0,0,reported
Oakwood Village,Credit Factor,2023,100,100.0,100.0,0,reported
Oakwood Village,Credit Factor,2024,100,100.0,100.0,0,reported
Oakwood Village,Credit Factor,2025,100,100.0,100.0,0,reported
Oakwood Village,Credit Rate,2016,2.50,2.5,2.5,0,reported
Oakwood Village,Credit Rate,2017,2.50,2.5,2.5,0,reported
Oakwood Village,Credit Rate,2018,2.50,2.5,2.5,0,reported
Oakwood Village,Credit Rate,2019,2.50,2.5,2.5,0,reported
Oakwood Village,Credit Rate,2020,2.50,2.5,2.5,0,reported
Oakwood Village,Credit Rate,2021,2.50,2.5,2.5,0,reported
Oakwood Village,Credit Rate,2022,2.50,2.5,2.5,0,reported
Oakwood Village,Credit Rate,2023,2.50,2.5,2.5,0,reported
Oakwood Village,Credit Rate,2024,2.50,2.5,2.5,0,reported
Oakwood Village,Credit Rate,2025,2.50,2.5,2.5,0,reported
Oberlin,Tax Rate,2016,2.50,2.5,2.5,0,reported
Oberlin,Tax Rate,2017,2.50,2.5,2.5,0,reported
Oberlin,Tax Rate,2018,2.50,2.5,2.5,0,reported
Oberlin,Tax Rate,2019,2.50,2.5,2.5,0,reported
Oberlin,Tax Rate,2020,2.50,2.5,2.5,0,reported
Oberlin,Tax Rate,2021,2.50,2.5,2.5,0,reported
Oberlin,Tax Rate,2022,2.50,2.5,2.5,0,reported
Oberlin,Tax Rate,2023,2.50,2.5,2.5,0,reported
Oberlin,Tax Rate,2024,2.50,2.5,2.5,0,reported
Oberlin,Tax Rate,2025,2.50,2.5,2.5,0,reported
Oberlin,Credit Factor,2016,100,100.0,100.0,0,reported
Oberlin,Credit Factor,2017,100,100.0,100.0,0,reported
Oberlin,Credit Factor,2018,100,100.0,100.0,0,reported
Oberlin,Credit Factor,2019,100,100.0,100.0,0,reported
Oberlin,Credit Factor,2020,100,100.0,100.0,0,reported
Oberlin,Credit Factor,2021,100,100.0,100.0,0,reported
Oberlin,Credit Factor,2022,100,100.0,100.0,0,reported
Oberlin,Credit Factor,2023,100,100.0,100.0,0,reported
Oberlin,Credit Factor,2024,100,100.0,100.0,0,reported
Oberlin,Credit Factor,2025,100,100.0,100.0,0,reported
Oberlin,Credit Rate,2016,2.50,2.5,2.5,0,reported
Oberlin,Credit Rate,2017,2.50,2.5,2.5,0,reported
Oberlin,Credit Rate,2018,2.50,2.5,2.5,0,reported
Oberlin,Credit Rate,2019,2.50,2.5,2.5,0,reported
Oberlin,Credit Rate,2020,2.50,2.5,2.5,0,reported
Oberlin,Credit Rate,2021,2.50,2.5,2.5,0,reported
Oberlin,Credit Rate,2022,2.50,2.5,2.5,0,reported
Oberlin,Credit Rate,2023,2.50,2.5,2.5,0,reported
Oberlin,Credit Rate,2024,2.50,2.5,2.5,0,reported
Oberlin,Credit Rate,2025,2.50,2.5,2.5,0,reported
Octa,Tax Rate,2016,-,,,0,not_member_or_no_tax
Octa,Tax Rate,2017,-,,,0,not_member_or_no_tax
Octa,Tax Rate,2018,-,,,0,not_member_or_no_tax
Octa,Tax Rate,2019,-,,,0,not_member_or_no_tax
Octa,Tax Rate,2020,-,,,0,not_member_or_no_tax
Octa,Tax Rate,2021,-,,,0,not_member_or_no_tax
Octa,Tax Rate,2022,-,,,0,not_member_or_no_tax
Octa,Tax Rate,2023,1.00,1.0,1.0,0,reported
Octa,Tax Rate,2024,1.00,1.0,1.0,0,reported
Octa,Tax Rate,2025,1.00,1.0,1.0,0,reported
Octa,Credit Factor,2016,-,,,0,not_member_or_no_tax
Octa,Credit Factor,2017,-,,,0,not_member_or_no_tax
Octa,Credit Factor,2018,-,,,0,not_member_or_no_tax
Octa,Credit Factor,2019,-,,,0,not_member_or_no_tax
Octa,Credit Factor,2020,-,,,0,not_member_or_no_tax
Octa,Credit Factor,2021,-,,,0,not_member_or_no_tax
Octa,Credit Factor,2022,-,,,0,not_member_or_no_tax
Octa,Credit Factor,2023,50,50.0,50.0,0,reported
Octa,Credit Factor,2024,50,50.0,50.0,0,reported
Octa,Credit Factor,2025,50,50.0,50.0,0,reported
Octa,Credit Rate,2016,-,,,0,not_member_or_no_tax
Octa,Credit Rate,2017,-,,,0,not_member_or_no_tax
Octa,Credit Rate,2018,-,,,0,not_member_or_no_tax
Octa,Credit Rate,2019,-,,,0,not_member_or_no_tax
Octa,Credit Rate,2020,-,,,0,not_member_or_no_tax
Octa,Credit Rate,2021,-,,,0,not_member_or_no_tax
Octa,Credit Rate,2022,-,,,0,not_member_or_no_tax
Octa,Credit Rate,2023,1.00,1.0,1.0,0,reported
Octa,Credit Rate,2024,1.00,1.0,1.0,0,reported
Octa,Credit Rate,2025,1.00,1.0,1.0,0,reported
Olmsted Falls,Tax Rate,2016,1.50,1.5,1.5,0,reported
Olmsted Falls,Tax Rate,2017,1.50,1.5,1.5,0,reported
Olmsted Falls,Tax Rate,2018,1.50,1.5,1.5,0,reported
Olmsted Falls,Tax Rate,2019,1.50,1.5,1.5,0,reported
Olmsted Falls,Tax Rate,2020,1.50,1.5,1.5,0,reported
Olmsted Falls,Tax Rate,2021,1.50,1.5,1.5,0,reported
Olmsted Falls,Tax Rate,2022,1.50,1.5,1.5,0,reported
Olmsted Falls,Tax Rate,2023,1.50,1.5,1.5,0,reported
Olmsted Falls,Tax Rate,2024,1.50,1.5,1.5,0,reported
Olmsted Falls,Tax Rate,2025,1.50,1.5,1.5,0,reported
Olmsted Falls,Credit Factor,2016,50,50.0,50.0,0,reported
Olmsted Falls,Credit Factor,2017,50,50.0,50.0,0,reported
Olmsted Falls,Credit Factor,2018,50,50.0,50.0,0,reported
Olmsted Falls,Credit Factor,2019,50,50.0,50.0,0,reported
Olmsted Falls,Credit Factor,2020,50,50.0,50.0,0,reported
Olmsted Falls,Credit Factor,2021,50,50.0,50.0,0,reported
Olmsted Falls,Credit Factor,2022,50,50.0,50.0,0,reported
Olmsted Falls,Credit Factor,2023,50,50.0,50.0,0,reported
Olmsted Falls,Credit Factor,2024,50,50.0,50.0,0,reported
Olmsted Falls,Credit Factor,2025,50,50.0,50.0,0,reported
Olmsted Falls,Credit Rate,2016,1.50,1.5,1.5,0,reported
Olmsted Falls,Credit Rate,2017,1.50,1.5,1.5,0,reported
Olmsted Falls,Credit Rate,2018,1.50,1.5,1.5,0,reported
Olmsted Falls,Credit Rate,2019,1.50,1.5,1.5,0,reported
Olmsted Falls,Credit Rate,2020,1.50,1.5,1.5,0,reported
Olmsted Falls,Credit Rate,2021,1.50,1.5,1.5,0,reported
Olmsted Falls,Credit Rate,2022,1.50,1.5,1.5,0,reported
Olmsted Falls,Credit Rate,2023,1.50,1.5,1.5,0,reported
Olmsted Falls,Credit Rate,2024,1.50,1.5,1.5,0,reported
Olmsted Falls,Credit Rate,2025,1.50,1.5,1.5,0,reported
Orange,Tax Rate,2016,2.00,2.0,2.0,0,reported
Orange,Tax Rate,2017,2.00,2.0,2.0,0,reported
Orange,Tax Rate,2018,2.00,2.0,2.0,0,reported
Orange,Tax Rate,2019,2.00,2.0,2.0,0,reported
Orange,Tax Rate,2020,2.00,2.0,2.0,0,reported
Orange,Tax Rate,2021,2.00,2.0,2.0,0,reported
Orange,Tax Rate,2022,2.00,2.0,2.0,0,reported
Orange,Tax Rate,2023,2.00,2.0,2.0,0,reported
Orange,Tax Rate,2024,2.00,2.0,2.0,0,reported
Orange,Tax Rate,2025,2.00,2.0,2.0,0,reported
Orange,Credit Factor,2016,60,60.0,60.0,0,reported
Orange,Credit Factor,2017,60,60.0,60.0,0,reported
Orange,Credit Factor,2018,60,60.0,60.0,0,reported
Orange,Credit Factor,2019,60,60.0,60.0,0,reported
Orange,Credit Factor,2020,60,60.0,60.0,0,reported
Orange,Credit Factor,2021,60,60.0,60.0,0,reported
Orange,Credit Factor,2022,60,60.0,60.0,0,reported
Orange,Credit Factor,2023,60,60.0,60.0,0,reported
Orange,Credit Factor,2024,60,60.0,60.0,0,reported
Orange,Credit Factor,2025,60,60.0,60.0,0,reported
Orange,Credit Rate,2016,1.50,1.5,1.5,0,reported
Orange,Credit Rate,2017,1.50,1.5,1.5,0,reported
Orange,Credit Rate,2018,1.50,1.5,1.5,0,reported
Orange,Credit Rate,2019,1.50,1.5,1.5,0,reported
Orange,Credit Rate,2020,1.50,1.5,1.5,0,reported
Orange,Credit Rate,2021,1.50,1.5,1.5,0,reported
Orange,Credit Rate,2022,1.50,1.5,1.5,0,reported
Orange,Credit Rate,2023,1.50,1.5,1.5,0,reported
Orange,Credit Rate,2024,1.50,1.5,1.5,0,reported
Orange,Credit Rate,2025,1.50,1.5,1.5,0,reported
Orange Chagrin Highland Jedd,Tax Rate,2016,2.00,2.0,2.0,0,reported
Orange Chagrin Highland Jedd,Tax Rate,2017,2.00,2.0,2.0,0,reported
Orange Chagrin Highland Jedd,Tax Rate,2018,2.00,2.0,2.0,0,reported
Orange Chagrin Highland Jedd,Tax Rate,2019,2.00,2.0,2.0,0,reported
Orange Chagrin Highland Jedd,Tax Rate,2020,2.00,2.0,2.0,0,reported
Orange Chagrin Highland Jedd,Tax Rate,2021,2.00,2.0,2.0,0,reported
Orange Chagrin Highland Jedd,Tax Rate,2022,2.00,2.0,2.0,0,reported
Orange Chagrin Highland Jedd,Tax Rate,2023,2.00,2.0,2.0,0,reported
Orange Chagrin Highland Jedd,Tax Rate,2024,2.00/-,2.0,0.0,1,split_new_first_partial
Orange Chagrin Highland Jedd,Tax Rate,2025,2.00,2.0,2.0,0,reported
Orange Chagrin Highland Jedd,Credit Factor,2016,,,,0,absent
Orange Chagrin Highland Jedd,Credit Factor,2017,,,,0,absent
Orange Chagrin Highland Jedd,Credit Factor,2018,,,,0,absent
Orange Chagrin Highland Jedd,Credit Factor,2019,,,,0,absent
Orange Chagrin Highland Jedd,Credit Factor,2020,,,,0,absent
Orange Chagrin Highland Jedd,Credit Factor,2021,,,,0,absent
Orange Chagrin Highland Jedd,Credit Factor,2022,,,,0,absent
Orange Chagrin Highland Jedd,Credit Factor,2023,,,,0,absent
Orange Chagrin Highland Jedd,Credit Factor,2024,,,,0,absent
Orange Chagrin Highland Jedd,Credit Factor,2025,,,,0,absent
Orange Chagrin Highland Jedd,Credit Rate,2016,,,,0,absent
Orange Chagrin Highland Jedd,Credit Rate,2017,,,,0,absent
Orange Chagrin Highland Jedd,Credit Rate,2018,,,,0,absent
Orange Chagrin Highland Jedd,Credit Rate,2019,,,,0,absent
Orange Chagrin Highland Jedd,Credit Rate,2020,,,,0,absent
Orange Chagrin Highland Jedd,Credit Rate,2021,,,,0,absent
Orange Chagrin Highland Jedd,Credit Rate,2022,,,,0,absent
Orange Chagrin Highland Jedd,Credit Rate,2023,,,,0,absent
Orange Chagrin Highland Jedd,Credit Rate,2024,,,,0,absent
Orange Chagrin Highland Jedd,Credit Rate,2025,,,,0,absent
Orange Township JEDD,Tax Rate,2016,-,,,0,not_member_or_no_tax
Orange Township JEDD,Tax Rate,2017,-,,,0,not_member_or_no_tax
Orange Township JEDD,Tax Rate,2018,-,,,0,not_member_or_no_tax
Orange Township JEDD,Tax Rate,2019,-,,,0,not_member_or_no_tax
Orange Township JEDD,Tax Rate,2020,-,,,0,not_member_or_no_tax
Orange Township JEDD,Tax Rate,2021,-,,,0,not_member_or_no_tax
Orange Township JEDD,Tax Rate,2022,-,,,0,not_member_or_no_tax
Orange Township JEDD,Tax Rate,2023,-,,,0,not_member_or_no_tax
Orange Township JEDD,Tax Rate,2024,2.50,2.5,2.5,0,reported
Orange Township JEDD,Tax Rate,2025,2.50,2.5,2.5,0,reported
Orange Township JEDD,Credit Factor,2016,,,,0,absent
Orange Township JEDD,Credit Factor,2017,,,,0,absent
Orange Township JEDD,Credit Factor,2018,,,,0,absent
Orange Township JEDD,Credit Factor,2019,,,,0,absent
Orange Township JEDD,Credit Factor,2020,,,,0,absent
Orange Township JEDD,Credit Factor,2021,,,,0,absent
Orange Township JEDD,Credit Factor,2022,,,,0,absent
Orange Township JEDD,Credit Factor,2023,,,,0,absent
Orange Township JEDD,Credit Factor,2024,,,,0,absent
Orange Township JEDD,Credit Factor,2025,,,,0,absent
Orange Township JEDD,Credit Rate,2016,,,,0,absent
Orange Township JEDD,Credit Rate,2017,,,,0,absent
Orange Township JEDD,Credit Rate,2018,,,,0,absent
Orange Township JEDD,Credit Rate,2019,,,,0,absent
Orange Township JEDD,Credit Rate,2020,,,,0,absent
Orange Township JEDD,Credit Rate,2021,,,,0,absent
Orange Township JEDD,Credit Rate,2022,,,,0,absent
Orange Township JEDD,Credit Rate,2023,,,,0,absent
Orange Township JEDD,Credit Rate,2024,,,,0,absent
Orange Township JEDD,Credit Rate,2025,,,,0,absent
Orrville,Tax Rate,2016,-,,,0,not_member_or_no_tax
Orrville,Tax Rate,2017,-,,,0,not_member_or_no_tax
Orrville,Tax Rate,2018,-,,,0,not_member_or_no_tax
Orrville,Tax Rate,2019,-,,,0,not_member_or_no_tax
Orrville,Tax Rate,2020,-,,,0,not_member_or_no_tax
Orrville,Tax Rate,2021,-,,,0,not_member_or_no_tax
Orrville,Tax Rate,2022,1.00,1.0,1.0,0,reported
Orrville,Tax Rate,2023,1.00,1.0,1.0,0,reported
Orrville,Tax Rate,2024,1.00,1.0,1.0,0,reported
Orrville,Tax Rate,2025,1.00,1.0,1.0,0,reported
Orrville,Credit Factor,2016,-,,,0,not_member_or_no_tax
Orrville,Credit Factor,2017,-,,,0,not_member_or_no_tax
Orrville,Credit Factor,2018,-,,,0,not_member_or_no_tax
Orrville,Credit Factor,2019,-,,,0,not_member_or_no_tax
Orrville,Credit Factor,2020,-,,,0,not_member_or_no_tax
Orrville,Credit Factor,2021,-,,,0,not_member_or_no_tax
Orrville,Credit Factor,2022,100,100.0,100.0,0,reported
Orrville,Credit Factor,2023,100,100.0,100.0,0,reported
Orrville,Credit Factor,2024,100,100.0,100.0,0,reported
Orrville,Credit Factor,2025,100,100.0,100.0,0,reported
Orrville,Credit Rate,2016,-,,,0,not_member_or_no_tax
Orrville,Credit Rate,2017,-,,,0,not_member_or_no_tax
Orrville,Credit Rate,2018,-,,,0,not_member_or_no_tax
Orrville,Credit Rate,2019,-,,,0,not_member_or_no_tax
Orrville,Credit Rate,2020,-,,,0,not_member_or_no_tax
Orrville,Credit Rate,2021,-,,,0,not_member_or_no_tax
Orrville,Credit Rate,2022,1.00,1.0,1.0,0,reported
Orrville,Credit Rate,2023,1.00,1.0,1.0,0,reported
Orrville,Credit Rate,2024,1.00,1.0,1.0,0,reported
Orrville,Credit Rate,2025,1.00,1.0,1.0,0,reported
Ostrander,Tax Rate,2016,-,,,0,not_member_or_no_tax
Ostrander,Tax Rate,2017,1.00,1.0,1.0,0,reported
Ostrander,Tax Rate,2018,1.00,1.0,1.0,0,reported
Ostrander,Tax Rate,2019,1.00,1.0,1.0,0,reported
Ostrander,Tax Rate,2020,1.00,1.0,1.0,0,reported
Ostrander,Tax Rate,2021,1.00,1.0,1.0,0,reported
Ostrander,Tax Rate,2022,1.00,1.0,1.0,0,reported
Ostrander,Tax Rate,2023,1.00,1.0,1.0,0,reported
Ostrander,Tax Rate,2024,1.00,1.0,1.0,0,reported
Ostrander,Tax Rate,2025,1.00,1.0,1.0,0,reported
Ostrander,Credit Factor,2016,-,,,0,not_member_or_no_tax
Ostrander,Credit Factor,2017,100,100.0,100.0,0,reported
Ostrander,Credit Factor,2018,100,100.0,100.0,0,reported
Ostrander,Credit Factor,2019,100,100.0,100.0,0,reported
Ostrander,Credit Factor,2020,100,100.0,100.0,0,reported
Ostrander,Credit Factor,2021,100,100.0,100.0,0,reported
Ostrander,Credit Factor,2022,100,100.0,100.0,0,reported
Ostrander,Credit Factor,2023,100,100.0,100.0,0,reported
Ostrander,Credit Factor,2024,100,100.0,100.0,0,reported
Ostrander,Credit Factor,2025,100,100.0,100.0,0,reported
Ostrander,Credit Rate,2016,-,,,0,not_member_or_no_tax
Ostrander,Credit Rate,2017,1.00,1.0,1.0,0,reported
Ostrander,Credit Rate,2018,1.00,1.0,1.0,0,reported
Ostrander,Credit Rate,2019,1.00,1.0,1.0,0,reported
Ostrander,Credit Rate,2020,1.00,1.0,1.0,0,reported
Ostrander,Credit Rate,2021,1.00,1.0,1.0,0,reported
Ostrander,Credit Rate,2022,1.00,1.0,1.0,0,reported
Ostrander,Credit Rate,2023,1.00,1.0,1.0,0,reported
Ostrander,Credit Rate,2024,1.00,1.0,1.0,0,reported
Ostrander,Credit Rate,2025,1.00,1.0,1.0,0,reported
Ottawa,Tax Rate,2016,1.00,1.0,1.0,0,reported
Ottawa,Tax Rate,2017,1.00,1.0,1.0,0,reported
Ottawa,Tax Rate,2018,1.00,1.0,1.0,0,reported
Ottawa,Tax Rate,2019,1.00,1.0,1.0,0,reported
Ottawa,Tax Rate,2020,1.00,1.0,1.0,0,reported
Ottawa,Tax Rate,2021,1.00,1.0,1.0,0,reported
Ottawa,Tax Rate,2022,1.00,1.0,1.0,0,reported
Ottawa,Tax Rate,2023,1.00,1.0,1.0,0,reported
Ottawa,Tax Rate,2024,1.00,1.0,1.0,0,reported
Ottawa,Tax Rate,2025,1.00,1.0,1.0,0,reported
Ottawa,Credit Factor,2016,-,0.0,0.0,0,dash_zero_inferred
Ottawa,Credit Factor,2017,-,0.0,0.0,0,dash_zero_inferred
Ottawa,Credit Factor,2018,-,0.0,0.0,0,dash_zero_inferred
Ottawa,Credit Factor,2019,-,0.0,0.0,0,dash_zero_inferred
Ottawa,Credit Factor,2020,-,0.0,0.0,0,dash_zero_inferred
Ottawa,Credit Factor,2021,-,0.0,0.0,0,dash_zero_inferred
Ottawa,Credit Factor,2022,-,0.0,0.0,0,dash_zero_inferred
Ottawa,Credit Factor,2023,-,0.0,0.0,0,dash_zero_inferred
Ottawa,Credit Factor,2024,-,0.0,0.0,0,dash_zero_inferred
Ottawa,Credit Factor,2025,-,0.0,0.0,0,dash_zero_inferred
Ottawa,Credit Rate,2016,-,0.0,0.0,0,dash_zero_inferred
Ottawa,Credit Rate,2017,-,0.0,0.0,0,dash_zero_inferred
Ottawa,Credit Rate,2018,-,0.0,0.0,0,dash_zero_inferred
Ottawa,Credit Rate,2019,-,0.0,0.0,0,dash_zero_inferred
Ottawa,Credit Rate,2020,-,0.0,0.0,0,dash_zero_inferred
Ottawa,Credit Rate,2021,-,0.0,0.0,0,dash_zero_inferred
Ottawa,Credit Rate,2022,-,0.0,0.0,0,dash_zero_inferred
Ottawa,Credit Rate,2023,-,0.0,0.0,0,dash_zero_inferred
Ottawa,Credit Rate,2024,-,0.0,0.0,0,dash_zero_inferred
Ottawa,Credit Rate,2025,-,0.0,0.0,0,dash_zero_inferred
Ottawa Hills,Tax Rate,2016,-,,,0,not_member_or_no_tax
Ottawa Hills,Tax Rate,2017,-,,,0,not_member_or_no_tax
Ottawa Hills,Tax Rate,2018,-,,,0,not_member_or_no_tax
Ottawa Hills,Tax Rate,2019,-,,,0,not_member_or_no_tax
Ottawa Hills,Tax Rate,2020,-,,,0,not_member_or_no_tax
Ottawa Hills,Tax Rate,2021,-,,,0,not_member_or_no_tax
Ottawa Hills,Tax Rate,2022,-,,,0,not_member_or_no_tax
Ottawa Hills,Tax Rate,2023,-,,,0,not_member_or_no_tax
Ottawa Hills,Tax Rate,2024,1.50,1.5,1.5,0,reported
Ottawa Hills,Tax Rate,2025,1.50,1.5,1.5,0,reported
Ottawa Hills,Credit Factor,2016,-,,,0,not_member_or_no_tax
Ottawa Hills,Credit Factor,2017,-,,,0,not_member_or_no_tax
Ottawa Hills,Credit Factor,2018,-,,,0,not_member_or_no_tax
Ottawa Hills,Credit Factor,2019,-,,,0,not_member_or_no_tax
Ottawa Hills,Credit Factor,2020,-,,,0,not_member_or_no_tax
Ottawa Hills,Credit Factor,2021,-,,,0,not_member_or_no_tax
Ottawa Hills,Credit Factor,2022,-,,,0,not_member_or_no_tax
Ottawa Hills,Credit Factor,2023,-,,,0,not_member_or_no_tax
Ottawa Hills,Credit Factor,2024,50,50.0,50.0,0,reported
Ottawa Hills,Credit Factor,2025,50,50.0,50.0,0,reported
Ottawa Hills,Credit Rate,2016,-,,,0,not_member_or_no_tax
Ottawa Hills,Credit Rate,2017,-,,,0,not_member_or_no_tax
Ottawa Hills,Credit Rate,2018,-,,,0,not_member_or_no_tax
Ottawa Hills,Credit Rate,2019,-,,,0,not_member_or_no_tax
Ottawa Hills,Credit Rate,2020,-,,,0,not_member_or_no_tax
Ottawa Hills,Credit Rate,2021,-,,,0,not_member_or_no_tax
Ottawa Hills,Credit Rate,2022,-,,,0,not_member_or_no_tax
Ottawa Hills,Credit Rate,2023,-,,,0,not_member_or_no_tax
Ottawa Hills,Credit Rate,2024,1.50,1.5,1.5,0,reported
Ottawa Hills,Credit Rate,2025,1.50,1.5,1.5,0,reported
Owensville,Tax Rate,2016,1.00,1.0,1.0,0,reported
Owensville,Tax Rate,2017,1.00,1.0,1.0,0,reported
Owensville,Tax Rate,2018,1.00,1.0,1.0,0,reported
Owensville,Tax Rate,2019,1.00,1.0,1.0,0,reported
Owensville,Tax Rate,2020,1.00,1.0,1.0,0,reported
Owensville,Tax Rate,2021,1.00,1.0,1.0,0,reported
Owensville,Tax Rate,2022,1.00,1.0,1.0,0,reported
Owensville,Tax Rate,2023,1.00,1.0,1.0,0,reported
Owensville,Tax Rate,2024,1.00,1.0,1.0,0,reported
Owensville,Tax Rate,2025,1.00,1.0,1.0,0,reported
Owensville,Credit Factor,2016,-,0.0,0.0,0,dash_zero_inferred
Owensville,Credit Factor,2017,-,0.0,0.0,0,dash_zero_inferred
Owensville,Credit Factor,2018,-,0.0,0.0,0,dash_zero_inferred
Owensville,Credit Factor,2019,-,0.0,0.0,0,dash_zero_inferred
Owensville,Credit Factor,2020,-,0.0,0.0,0,dash_zero_inferred
Owensville,Credit Factor,2021,-,0.0,0.0,0,dash_zero_inferred
Owensville,Credit Factor,2022,-,0.0,0.0,0,dash_zero_inferred
Owensville,Credit Factor,2023,-,0.0,0.0,0,dash_zero_inferred
Owensville,Credit Factor,2024,-,0.0,0.0,0,dash_zero_inferred
Owensville,Credit Factor,2025,-,0.0,0.0,0,dash_zero_inferred
Owensville,Credit Rate,2016,-,0.0,0.0,0,dash_zero_inferred
Owensville,Credit Rate,2017,-,0.0,0.0,0,dash_zero_inferred
Owensville,Credit Rate,2018,-,0.0,0.0,0,dash_zero_inferred
Owensville,Credit Rate,2019,-,0.0,0.0,0,dash_zero_inferred
Owensville,Credit Rate,2020,-,0.0,0.0,0,dash_zero_inferred
Owensville,Credit Rate,2021,-,0.0,0.0,0,dash_zero_inferred
Owensville,Credit Rate,2022,-,0.0,0.0,0,dash_zero_inferred
Owensville,Credit Rate,2023,-,0.0,0.0,0,dash_zero_inferred
Owensville,Credit Rate,2024,-,0.0,0.0,0,dash_zero_inferred
Owensville,Credit Rate,2025,-,0.0,0.0,0,dash_zero_inferred
Oxford,Tax Rate,2016,2.00,2.0,2.0,0,reported
Oxford,Tax Rate,2017,2.00,2.0,2.0,0,reported
Oxford,Tax Rate,2018,2.00,2.0,2.0,0,reported
Oxford,Tax Rate,2019,2.00,2.0,2.0,0,reported
Oxford,Tax Rate,2020,2.00,2.0,2.0,0,reported
Oxford,Tax Rate,2021,2.00,2.0,2.0,0,reported
Oxford,Tax Rate,2022,2.00,2.0,2.0,0,reported
Oxford,Tax Rate,2023,2.00,2.0,2.0,0,reported
Oxford,Tax Rate,2024,2.00,2.0,2.0,0,reported
Oxford,Tax Rate,2025,2.00,2.0,2.0,0,reported
Oxford,Credit Factor,2016,100,100.0,100.0,0,reported
Oxford,Credit Factor,2017,100,100.0,100.0,0,reported
Oxford,Credit Factor,2018,100,100.0,100.0,0,reported
Oxford,Credit Factor,2019,100,100.0,100.0,0,reported
Oxford,Credit Factor,2020,100,100.0,100.0,0,reported
Oxford,Credit Factor,2021,100,100.0,100.0,0,reported
Oxford,Credit Factor,2022,100,100.0,100.0,0,reported
Oxford,Credit Factor,2023,100,100.0,100.0,0,reported
Oxford,Credit Factor,2024,100,100.0,100.0,0,reported
Oxford,Credit Factor,2025,100,100.0,100.0,0,reported
Oxford,Credit Rate,2016,2.00,2.0,2.0,0,reported
Oxford,Credit Rate,2017,2.00,2.0,2.0,0,reported
Oxford,Credit Rate,2018,2.00,2.0,2.0,0,reported
Oxford,Credit Rate,2019,2.00,2.0,2.0,0,reported
Oxford,Credit Rate,2020,2.00,2.0,2.0,0,reported
Oxford,Credit Rate,2021,2.00,2.0,2.0,0,reported
Oxford,Credit Rate,2022,2.00,2.0,2.0,0,reported
Oxford,Credit Rate,2023,2.00,2.0,2.0,0,reported
Oxford,Credit Rate,2024,2.00,2.0,2.0,0,reported
Oxford,Credit Rate,2025,2.00,2.0,2.0,0,reported
Painesville,Tax Rate,2016,2.00,2.0,2.0,0,reported
Painesville,Tax Rate,2017,2.00,2.0,2.0,0,reported
Painesville,Tax Rate,2018,2.00,2.0,2.0,0,reported
Painesville,Tax Rate,2019,2.00,2.0,2.0,0,reported
Painesville,Tax Rate,2020,2.00,2.0,2.0,0,reported
Painesville,Tax Rate,2021,2.00,2.0,2.0,0,reported
Painesville,Tax Rate,2022,2.00,2.0,2.0,0,reported
Painesville,Tax Rate,2023,2.00,2.0,2.0,0,reported
Painesville,Tax Rate,2024,2.00,2.0,2.0,0,reported
Painesville,Tax Rate,2025,2.00,2.0,2.0,0,reported
Painesville,Credit Factor,2016,100,100.0,100.0,0,reported
Painesville,Credit Factor,2017,100,100.0,100.0,0,reported
Painesville,Credit Factor,2018,100,100.0,100.0,0,reported
Painesville,Credit Factor,2019,100,100.0,100.0,0,reported
Painesville,Credit Factor,2020,100,100.0,100.0,0,reported
Painesville,Credit Factor,2021,100,100.0,100.0,0,reported
Painesville,Credit Factor,2022,100,100.0,100.0,0,reported
Painesville,Credit Factor,2023,100,100.0,100.0,0,reported
Painesville,Credit Factor,2024,100,100.0,100.0,0,reported
Painesville,Credit Factor,2025,100,100.0,100.0,0,reported
Painesville,Credit Rate,2016,2.00,2.0,2.0,0,reported
Painesville,Credit Rate,2017,2.00,2.0,2.0,0,reported
Painesville,Credit Rate,2018,2.00,2.0,2.0,0,reported
Painesville,Credit Rate,2019,2.00,2.0,2.0,0,reported
Painesville,Credit Rate,2020,2.00,2.0,2.0,0,reported
Painesville,Credit Rate,2021,2.00,2.0,2.0,0,reported
Painesville,Credit Rate,2022,2.00,2.0,2.0,0,reported
Painesville,Credit Rate,2023,2.00,2.0,2.0,0,reported
Painesville,Credit Rate,2024,2.00,2.0,2.0,0,reported
Painesville,Credit Rate,2025,2.00,2.0,2.0,0,reported
Painesville Concord Jedd,Tax Rate,2016,1.75,1.75,1.75,0,reported
Painesville Concord Jedd,Tax Rate,2017,1.75,1.75,1.75,0,reported
Painesville Concord Jedd,Tax Rate,2018,1.75,1.75,1.75,0,reported
Painesville Concord Jedd,Tax Rate,2019,1.75,1.75,1.75,0,reported
Painesville Concord Jedd,Tax Rate,2020,1.75,1.75,1.75,0,reported
Painesville Concord Jedd,Tax Rate,2021,1.75,1.75,1.75,0,reported
Painesville Concord Jedd,Tax Rate,2022,1.75,1.75,1.75,0,reported
Painesville Concord Jedd,Tax Rate,2023,1.75,1.75,1.75,0,reported
Painesville Concord Jedd,Tax Rate,2024,1.75,1.75,1.75,0,reported
Painesville Concord Jedd,Tax Rate,2025,1.75,1.75,1.75,0,reported
Painesville Concord Jedd,Credit Factor,2016,,,,0,absent
Painesville Concord Jedd,Credit Factor,2017,,,,0,absent
Painesville Concord Jedd,Credit Factor,2018,,,,0,absent
Painesville Concord Jedd,Credit Factor,2019,,,,0,absent
Painesville Concord Jedd,Credit Factor,2020,,,,0,absent
Painesville Concord Jedd,Credit Factor,2021,,,,0,absent
Painesville Concord Jedd,Credit Factor,2022,,,,0,absent
Painesville Concord Jedd,Credit Factor,2023,,,,0,absent
Painesville Concord Jedd,Credit Factor,2024,,,,0,absent
Painesville Concord Jedd,Credit Factor,2025,,,,0,absent
Painesville Concord Jedd,Credit Rate,2016,,,,0,absent
Painesville Concord Jedd,Credit Rate,2017,,,,0,absent
Painesville Concord Jedd,Credit Rate,2018,,,,0,absent
Painesville Concord Jedd,Credit Rate,2019,,,,0,absent
Painesville Concord Jedd,Credit Rate,2020,,,,0,absent
Painesville Concord Jedd,Credit Rate,2021,,,,0,absent
Painesville Concord Jedd,Credit Rate,2022,,,,0,absent
Painesville Concord Jedd,Credit Rate,2023,,,,0,absent
Painesville Concord Jedd,Credit Rate,2024,,,,0,absent
Painesville Concord Jedd,Credit Rate,2025,,,,0,absent
Parma Heights,Tax Rate,2016,-,,,0,not_member_or_no_tax
Parma Heights,Tax Rate,2017,-,,,0,not_member_or_no_tax
Parma Heights,Tax Rate,2018,-,,,0,not_member_or_no_tax
Parma Heights,Tax Rate,2019,-,,,0,not_member_or_no_tax
Parma Heights,Tax Rate,2020,-,,,0,not_member_or_no_tax
Parma Heights,Tax Rate,2021,3.00,3.0,3.0,0,reported
Parma Heights,Tax Rate,2022,3.00,3.0,3.0,0,reported
Parma Heights,Tax Rate,2023,3.00,3.0,3.0,0,reported
Parma Heights,Tax Rate,2024,3.00,3.0,3.0,0,reported
Parma Heights,Tax Rate,2025,3.00,3.0,3.0,0,reported
Parma Heights,Credit Factor,2016,-,,,0,not_member_or_no_tax
Parma Heights,Credit Factor,2017,-,,,0,not_member_or_no_tax
Parma Heights,Credit Factor,2018,-,,,0,not_member_or_no_tax
Parma Heights,Credit Factor,2019,-,,,0,not_member_or_no_tax
Parma Heights,Credit Factor,2020,-,,,0,not_member_or_no_tax
Parma Heights,Credit Factor,2021,100,100.0,100.0,0,reported
Parma Heights,Credit Factor,2022,100,100.0,100.0,0,reported
Parma Heights,Credit Factor,2023,100,100.0,100.0,0,reported
Parma Heights,Credit Factor,2024,100,100.0,100.0,0,reported
Parma Heights,Credit Factor,2025,100,100.0,100.0,0,reported
Parma Heights,Credit Rate,2016,-,,,0,not_member_or_no_tax
Parma Heights,Credit Rate,2017,-,,,0,not_member_or_no_tax
Parma Heights,Credit Rate,2018,-,,,0,not_member_or_no_tax
Parma Heights,Credit Rate,2019,-,,,0,not_member_or_no_tax
Parma Heights,Credit Rate,2020,-,,,0,not_member_or_no_tax
Parma Heights,Credit Rate,2021,2.00,2.0,2.0,0,reported
Parma Heights,Credit Rate,2022,2.00,2.0,2.0,0,reported
Parma Heights,Credit Rate,2023,2.00,2.0,2.0,0,reported
Parma Heights,Credit Rate,2024,2.00,2.0,2.0,0,reported
Parma Heights,Credit Rate,2025,2.00,2.0,2.0,0,reported
Pataskala,Tax Rate,2016,1.00,1.0,1.0,0,reported
Pataskala,Tax Rate,2017,1.00,1.0,1.0,0,reported
Pataskala,Tax Rate,2018,1.00,1.0,1.0,0,reported
Pataskala,Tax Rate,2019,1.00,1.0,1.0,0,reported
Pataskala,Tax Rate,2020,1.00,1.0,1.0,0,reported
Pataskala,Tax Rate,2021,1.00,1.0,1.0,0,reported
Pataskala,Tax Rate,2022,1.00,1.0,1.0,0,reported
Pataskala,Tax Rate,2023,1.00,1.0,1.0,0,reported
Pataskala,Tax Rate,2024,1.00,1.0,1.0,0,reported
Pataskala,Tax Rate,2025,1.00,1.0,1.0,0,reported
Pataskala,Credit Factor,2016,-,0.0,0.0,0,dash_zero_inferred
Pataskala,Credit Factor,2017,-,0.0,0.0,0,dash_zero_inferred
Pataskala,Credit Factor,2018,-,0.0,0.0,0,dash_zero_inferred
Pataskala,Credit Factor,2019,-,0.0,0.0,0,dash_zero_inferred
Pataskala,Credit Factor,2020,-,0.0,0.0,0,dash_zero_inferred
Pataskala,Credit Factor,2021,-,0.0,0.0,0,dash_zero_inferred
Pataskala,Credit Factor,2022,-,0.0,0.0,0,dash_zero_inferred
Pataskala,Credit Factor,2023,-,0.0,0.0,0,dash_zero_inferred
Pataskala,Credit Factor,2024,-,0.0,0.0,0,dash_zero_inferred
Pataskala,Credit Factor,2025,-,0.0,0.0,0,dash_zero_inferred
Pataskala,Credit Rate,2016,-,0.0,0.0,0,dash_zero_inferred
Pataskala,Credit Rate,2017,-,0.0,0.0,0,dash_zero_inferred
Pataskala,Credit Rate,2018,-,0.0,0.0,0,dash_zero_inferred
Pataskala,Credit Rate,2019,-,0.0,0.0,0,dash_zero_inferred
Pataskala,Credit Rate,2020,-,0.0,0.0,0,dash_zero_inferred
Pataskala,Credit Rate,2021,-,0.0,0.0,0,dash_zero_inferred
Pataskala,Credit Rate,2022,-,0.0,0.0,0,dash_zero_inferred
Pataskala,Credit Rate,2023,-,0.0,0.0,0,dash_zero_inferred
Pataskala,Credit Rate,2024,-,0.0,0.0,0,dash_zero_inferred
Pataskala,Credit Rate,2025,-,0.0,0.0,0,dash_zero_inferred
Patterson,Tax Rate,2016,1.00,1.0,1.0,0,reported
Patterson,Tax Rate,2017,1.00,1.0,1.0,0,reported
Patterson,Tax Rate,2018,1.00,1.0,1.0,0,reported
Patterson,Tax Rate,2019,0.50,0.5,0.5,0,reported
Patterson,Tax Rate,2020,0.50,0.5,0.5,0,reported
Patterson,Tax Rate,2021,0.50,0.5,0.5,0,reported
Patterson,Tax Rate,2022,0.50,0.5,0.5,0,reported
Patterson,Tax Rate,2023,0.50,0.5,0.5,0,reported
Patterson,Tax Rate,2024,0.50,0.5,0.5,0,reported
Patterson,Tax Rate,2025,0.50,0.5,0.5,0,reported
Patterson,Credit Factor,2016,-,0.0,0.0,0,dash_zero_inferred
Patterson,Credit Factor,2017,-,0.0,0.0,0,dash_zero_inferred
Patterson,Credit Factor,2018,-,0.0,0.0,0,dash_zero_inferred
Patterson,Credit Factor,2019,-,0.0,0.0,0,dash_zero_inferred
Patterson,Credit Factor,2020,-,0.0,0.0,0,dash_zero_inferred
Patterson,Credit Factor,2021,-,0.0,0.0,0,dash_zero_inferred
Patterson,Credit Factor,2022,-,0.0,0.0,0,dash_zero_inferred
Patterson,Credit Factor,2023,-,0.0,0.0,0,dash_zero_inferred
Patterson,Credit Factor,2024,-,0.0,0.0,0,dash_zero_inferred
Patterson,Credit Factor,2025,-,0.0,0.0,0,dash_zero_inferred
Patterson,Credit Rate,2016,-,0.0,0.0,0,dash_zero_inferred
Patterson,Credit Rate,2017,-,0.0,0.0,0,dash_zero_inferred
Patterson,Credit Rate,2018,-,0.0,0.0,0,dash_zero_inferred
Patterson,Credit Rate,2019,-,0.0,0.0,0,dash_zero_inferred
Patterson,Credit Rate,2020,-,0.0,0.0,0,dash_zero_inferred
Patterson,Credit Rate,2021,-,0.0,0.0,0,dash_zero_inferred
Patterson,Credit Rate,2022,-,0.0,0.0,0,dash_zero_inferred
Patterson,Credit Rate,2023,-,0.0,0.0,0,dash_zero_inferred
Patterson,Credit Rate,2024,-,0.0,0.0,0,dash_zero_inferred
Patterson,Credit Rate,2025,-,0.0,0.0,0,dash_zero_inferred
Payne,Tax Rate,2016,-,,,0,not_member_or_no_tax
Payne,Tax Rate,2017,-,,,0,not_member_or_no_tax
Payne,Tax Rate,2018,1.00,1.0,1.0,0,reported
Payne,Tax Rate,2019,1.00,1.0,1.0,0,reported
Payne,Tax Rate,2020,1.00,1.0,1.0,0,reported
Payne,Tax Rate,2021,1.00,1.0,1.0,0,reported
Payne,Tax Rate,2022,1.00,1.0,1.0,0,reported
Payne,Tax Rate,2023,1.00,1.0,1.0,0,reported
Payne,Tax Rate,2024,1.00,1.0,1.0,0,reported
Payne,Tax Rate,2025,1.00,1.0,1.0,0,reported
Payne,Credit Factor,2016,-,,,0,not_member_or_no_tax
Payne,Credit Factor,2017,-,,,0,not_member_or_no_tax
Payne,Credit Factor,2018,-,0.0,0.0,0,dash_zero_inferred
Payne,Credit Factor,2019,-,0.0,0.0,0,dash_zero_inferred
Payne,Credit Factor,2020,-,0.0,0.0,0,dash_zero_inferred
Payne,Credit Factor,2021,-,0.0,0.0,0,dash_zero_inferred
Payne,Credit Factor,2022,-,0.0,0.0,0,dash_zero_inferred
Payne,Credit Factor,2023,-,0.0,0.0,0,dash_zero_inferred
Payne,Credit Factor,2024,-,0.0,0.0,0,dash_zero_inferred
Payne,Credit Factor,2025,-,0.0,0.0,0,dash_zero_inferred
Payne,Credit Rate,2016,-,,,0,not_member_or_no_tax
Payne,Credit Rate,2017,-,,,0,not_member_or_no_tax
Payne,Credit Rate,2018,-,0.0,0.0,0,dash_zero_inferred
Payne,Credit Rate,2019,-,0.0,0.0,0,dash_zero_inferred
Payne,Credit Rate,2020,-,0.0,0.0,0,dash_zero_inferred
Payne,Credit Rate,2021,-,0.0,0.0,0,dash_zero_inferred
Payne,Credit Rate,2022,-,0.0,0.0,0,dash_zero_inferred
Payne,Credit Rate,2023,-,0.0,0.0,0,dash_zero_inferred
Payne,Credit Rate,2024,-,0.0,0.0,0,dash_zero_inferred
Payne,Credit Rate,2025,-,0.0,0.0,0,dash_zero_inferred
Peninsula,Tax Rate,2016,2.00,2.0,2.0,0,reported
Peninsula,Tax Rate,2017,2.00,2.0,2.0,0,reported
Peninsula,Tax Rate,2018,2.00,2.0,2.0,0,reported
Peninsula,Tax Rate,2019,2.00,2.0,2.0,0,reported
Peninsula,Tax Rate,2020,2.00,2.0,2.0,0,reported
Peninsula,Tax Rate,2021,2.00,2.0,2.0,0,reported
Peninsula,Tax Rate,2022,2.00,2.0,2.0,0,reported
Peninsula,Tax Rate,2023,2.00,2.0,2.0,0,reported
Peninsula,Tax Rate,2024,2.00,2.0,2.0,0,reported
Peninsula,Tax Rate,2025,2.00,2.0,2.0,0,reported
Peninsula,Credit Factor,2016,100,100.0,100.0,0,reported
Peninsula,Credit Factor,2017,100,100.0,100.0,0,reported
Peninsula,Credit Factor,2018,100,100.0,100.0,0,reported
Peninsula,Credit Factor,2019,100,100.0,100.0,0,reported
Peninsula,Credit Factor,2020,100,100.0,100.0,0,reported
Peninsula,Credit Factor,2021,100,100.0,100.0,0,reported
Peninsula,Credit Factor,2022,100,100.0,100.0,0,reported
Peninsula,Credit Factor,2023,100,100.0,100.0,0,reported
Peninsula,Credit Factor,2024,100,100.0,100.0,0,reported
Peninsula,Credit Factor,2025,100,100.0,100.0,0,reported
Peninsula,Credit Rate,2016,2.00,2.0,2.0,0,reported
Peninsula,Credit Rate,2017,2.00,2.0,2.0,0,reported
Peninsula,Credit Rate,2018,2.00,2.0,2.0,0,reported
Peninsula,Credit Rate,2019,2.00,2.0,2.0,0,reported
Peninsula,Credit Rate,2020,2.00,2.0,2.0,0,reported
Peninsula,Credit Rate,2021,2.00,2.0,2.0,0,reported
Peninsula,Credit Rate,2022,2.00,2.0,2.0,0,reported
Peninsula,Credit Rate,2023,2.00,2.0,2.0,0,reported
Peninsula,Credit Rate,2024,2.00,2.0,2.0,0,reported
Peninsula,Credit Rate,2025,2.00,2.0,2.0,0,reported
Pepper Pike,Tax Rate,2016,1.00,1.0,1.0,0,reported
Pepper Pike,Tax Rate,2017,1.00,1.0,1.0,0,reported
Pepper Pike,Tax Rate,2018,1.00,1.0,1.0,0,reported
Pepper Pike,Tax Rate,2019,1.00,1.0,1.0,0,reported
Pepper Pike,Tax Rate,2020,1.00,1.0,1.0,0,reported
Pepper Pike,Tax Rate,2021,1.00,1.0,1.0,0,reported
Pepper Pike,Tax Rate,2022,1.00,1.0,1.0,0,reported
Pepper Pike,Tax Rate,2023,1.00,1.0,1.0,0,reported
Pepper Pike,Tax Rate,2024,1.00,1.0,1.0,0,reported
Pepper Pike,Tax Rate,2025,1.00,1.0,1.0,0,reported
Pepper Pike,Credit Factor,2016,50,50.0,50.0,0,reported
Pepper Pike,Credit Factor,2017,50,50.0,50.0,0,reported
Pepper Pike,Credit Factor,2018,50,50.0,50.0,0,reported
Pepper Pike,Credit Factor,2019,50,50.0,50.0,0,reported
Pepper Pike,Credit Factor,2020,50,50.0,50.0,0,reported
Pepper Pike,Credit Factor,2021,50,50.0,50.0,0,reported
Pepper Pike,Credit Factor,2022,50,50.0,50.0,0,reported
Pepper Pike,Credit Factor,2023,50,50.0,50.0,0,reported
Pepper Pike,Credit Factor,2024,50,50.0,50.0,0,reported
Pepper Pike,Credit Factor,2025,50,50.0,50.0,0,reported
Pepper Pike,Credit Rate,2016,1.00,1.0,1.0,0,reported
Pepper Pike,Credit Rate,2017,1.00,1.0,1.0,0,reported
Pepper Pike,Credit Rate,2018,1.00,1.0,1.0,0,reported
Pepper Pike,Credit Rate,2019,1.00,1.0,1.0,0,reported
Pepper Pike,Credit Rate,2020,1.00,1.0,1.0,0,reported
Pepper Pike,Credit Rate,2021,1.00,1.0,1.0,0,reported
Pepper Pike,Credit Rate,2022,1.00,1.0,1.0,0,reported
Pepper Pike,Credit Rate,2023,1.00,1.0,1.0,0,reported
Pepper Pike,Credit Rate,2024,1.00,1.0,1.0,0,reported
Pepper Pike,Credit Rate,2025,1.00,1.0,1.0,0,reported
Perry,Tax Rate,2016,2.00,2.0,2.0,0,reported
Perry,Tax Rate,2017,2.00,2.0,2.0,0,reported
Perry,Tax Rate,2018,2.00,2.0,2.0,0,reported
Perry,Tax Rate,2019,2.00,2.0,2.0,0,reported
Perry,Tax Rate,2020,2.00,2.0,2.0,0,reported
Perry,Tax Rate,2021,2.00,2.0,2.0,0,reported
Perry,Tax Rate,2022,2.00,2.0,2.0,0,reported
Perry,Tax Rate,2023,2.00,2.0,2.0,0,reported
Perry,Tax Rate,2024,2.00,2.0,2.0,0,reported
Perry,Tax Rate,2025,2.00,2.0,2.0,0,reported
Perry,Credit Factor,2016,100,100.0,100.0,0,reported
Perry,Credit Factor,2017,100,100.0,100.0,0,reported
Perry,Credit Factor,2018,100,100.0,100.0,0,reported
Perry,Credit Factor,2019,100,100.0,100.0,0,reported
Perry,Credit Factor,2020,100,100.0,100.0,0,reported
Perry,Credit Factor,2021,100,100.0,100.0,0,reported
Perry,Credit Factor,2022,100,100.0,100.0,0,reported
Perry,Credit Factor,2023,100,100.0,100.0,0,reported
Perry,Credit Factor,2024,100,100.0,100.0,0,reported
Perry,Credit Factor,2025,100,100.0,100.0,0,reported
Perry,Credit Rate,2016,2.00,2.0,2.0,0,reported
Perry,Credit Rate,2017,2.00,2.0,2.0,0,reported
Perry,Credit Rate,2018,2.00,2.0,2.0,0,reported
Perry,Credit Rate,2019,2.00,2.0,2.0,0,reported
Perry,Credit Rate,2020,2.00,2.0,2.0,0,reported
Perry,Credit Rate,2021,2.00,2.0,2.0,0,reported
Perry,Credit Rate,2022,2.00,2.0,2.0,0,reported
Perry,Credit Rate,2023,2.00,2.0,2.0,0,reported
Perry,Credit Rate,2024,2.00,2.0,2.0,0,reported
Perry,Credit Rate,2025,2.00,2.0,2.0,0,reported
Perry Jedd,Tax Rate,2016,1.00,1.0,1.0,0,reported
Perry Jedd,Tax Rate,2017,1.00,1.0,1.0,0,reported
Perry Jedd,Tax Rate,2018,1.00,1.0,1.0,0,reported
Perry Jedd,Tax Rate,2019,1.00,1.0,1.0,0,reported
Perry Jedd,Tax Rate,2020,1.00,1.0,1.0,0,reported
Perry Jedd,Tax Rate,2021,1.00,1.0,1.0,0,reported
Perry Jedd,Tax Rate,2022,1.00,1.0,1.0,0,reported
Perry Jedd,Tax Rate,2023,1.00,1.0,1.0,0,reported
Perry Jedd,Tax Rate,2024,1.00,1.0,1.0,0,reported
Perry Jedd,Tax Rate,2025,1.00,1.0,1.0,0,reported
Perry Jedd,Credit Factor,2016,,,,0,absent
Perry Jedd,Credit Factor,2017,,,,0,absent
Perry Jedd,Credit Factor,2018,,,,0,absent
Perry Jedd,Credit Factor,2019,,,,0,absent
Perry Jedd,Credit Factor,2020,,,,0,absent
Perry Jedd,Credit Factor,2021,,,,0,absent
Perry Jedd,Credit Factor,2022,,,,0,absent
Perry Jedd,Credit Factor,2023,,,,0,absent
Perry Jedd,Credit Factor,2024,,,,0,absent
Perry Jedd,Credit Factor,2025,,,,0,absent
Perry Jedd,Credit Rate,2016,,,,0,absent
Perry Jedd,Credit Rate,2017,,,,0,absent
Perry Jedd,Credit Rate,2018,,,,0,absent
Perry Jedd,Credit Rate,2019,,,,0,absent
Perry Jedd,Credit Rate,2020,,,,0,absent
Perry Jedd,Credit Rate,2021,,,,0,absent
Perry Jedd,Credit Rate,2022,,,,0,absent
Perry Jedd,Credit Rate,2023,,,,0,absent
Perry Jedd,Credit Rate,2024,,,,0,absent
Perry Jedd,Credit Rate,2025,,,,0,absent
Piketon,Tax Rate,2016,1.00,1.0,1.0,0,reported
Piketon,Tax Rate,2017,1.00,1.0,1.0,0,reported
Piketon,Tax Rate,2018,1.00,1.0,1.0,0,reported
Piketon,Tax Rate,2019,1.00,1.0,1.0,0,reported
Piketon,Tax Rate,2020,1.00,1.0,1.0,0,reported
Piketon,Tax Rate,2021,1.00,1.0,1.0,0,reported
Piketon,Tax Rate,2022,1.00,1.0,1.0,0,reported
Piketon,Tax Rate,2023,1.00,1.0,1.0,0,reported
Piketon,Tax Rate,2024,1.00,1.0,1.0,0,reported
Piketon,Tax Rate,2025,1.00,1.0,1.0,0,reported
Piketon,Credit Factor,2016,-,0.0,0.0,0,dash_zero_inferred
Piketon,Credit Factor,2017,-,0.0,0.0,0,dash_zero_inferred
Piketon,Credit Factor,2018,-,0.0,0.0,0,dash_zero_inferred
Piketon,Credit Factor,2019,-,0.0,0.0,0,dash_zero_inferred
Piketon,Credit Factor,2020,-,0.0,0.0,0,dash_zero_inferred
Piketon,Credit Factor,2021,-,0.0,0.0,0,dash_zero_inferred
Piketon,Credit Factor,2022,-,0.0,0.0,0,dash_zero_inferred
Piketon,Credit Factor,2023,-,0.0,0.0,0,dash_zero_inferred
Piketon,Credit Factor,2024,-,0.0,0.0,0,dash_zero_inferred
Piketon,Credit Factor,2025,-,0.0,0.0,0,dash_zero_inferred
Piketon,Credit Rate,2016,-,0.0,0.0,0,dash_zero_inferred
Piketon,Credit Rate,2017,-,0.0,0.0,0,dash_zero_inferred
Piketon,Credit Rate,2018,-,0.0,0.0,0,dash_zero_inferred
Piketon,Credit Rate,2019,-,0.0,0.0,0,dash_zero_inferred
Piketon,Credit Rate,2020,-,0.0,0.0,0,dash_zero_inferred
Piketon,Credit Rate,2021,-,0.0,0.0,0,dash_zero_inferred
Piketon,Credit Rate,2022,-,0.0,0.0,0,dash_zero_inferred
Piketon,Credit Rate,2023,-,0.0,0.0,0,dash_zero_inferred
Piketon,Credit Rate,2024,-,0.0,0.0,0,dash_zero_inferred
Piketon,Credit Rate,2025,-,0.0,0.0,0,dash_zero_inferred
Piqua,Tax Rate,2016,-,,,0,not_member_or_no_tax
Piqua,Tax Rate,2017,-,,,0,not_member_or_no_tax
Piqua,Tax Rate,2018,-,,,0,not_member_or_no_tax
Piqua,Tax Rate,2019,-,,,0,not_member_or_no_tax
Piqua,Tax Rate,2020,-,,,0,not_member_or_no_tax
Piqua,Tax Rate,2021,-,,,0,not_member_or_no_tax
Piqua,Tax Rate,2022,2.00,2.0,2.0,0,reported
Piqua,Tax Rate,2023,2.00,2.0,2.0,0,reported
Piqua,Tax Rate,2024,2.00,2.0,2.0,0,reported
Piqua,Tax Rate,2025,2.00,2.0,2.0,0,reported
Piqua,Credit Factor,2016,-,,,0,not_member_or_no_tax
Piqua,Credit Factor,2017,-,,,0,not_member_or_no_tax
Piqua,Credit Factor,2018,-,,,0,not_member_or_no_tax
Piqua,Credit Factor,2019,-,,,0,not_member_or_no_tax
Piqua,Credit Factor,2020,-,,,0,not_member_or_no_tax
Piqua,Credit Factor,2021,-,,,0,not_member_or_no_tax
Piqua,Credit Factor,2022,100,100.0,100.0,0,reported
Piqua,Credit Factor,2023,100,100.0,100.0,0,reported
Piqua,Credit Factor,2024,100,100.0,100.0,0,reported
Piqua,Credit Factor,2025,100,100.0,100.0,0,reported
Piqua,Credit Rate,2016,-,,,0,not_member_or_no_tax
Piqua,Credit Rate,2017,-,,,0,not_member_or_no_tax
Piqua,Credit Rate,2018,-,,,0,not_member_or_no_tax
Piqua,Credit Rate,2019,-,,,0,not_member_or_no_tax
Piqua,Credit Rate,2020,-,,,0,not_member_or_no_tax
Piqua,Credit Rate,2021,-,,,0,not_member_or_no_tax
Piqua,Credit Rate,2022,2.00,2.0,2.0,0,reported
Piqua,Credit Rate,2023,2.00,2.0,2.0,0,reported
Piqua,Credit Rate,2024,2.00,2.0,2.0,0,reported
Piqua,Credit Rate,2025,2.00,2.0,2.0,0,reported
Plain City,Tax Rate,2016,1.00/1.50,1.5,1.0,1,split_old_first_partial
Plain City,Tax Rate,2017,1.50,1.5,1.5,0,reported
Plain City,Tax Rate,2018,1.50,1.5,1.5,0,reported
Plain City,Tax Rate,2019,1.50,1.5,1.5,0,reported
Plain City,Tax Rate,2020,-,,,0,not_member_or_no_tax
Plain City,Tax Rate,2021,-,,,0,not_member_or_no_tax
Plain City,Tax Rate,2022,-,,,0,not_member_or_no_tax
Plain City,Tax Rate,2023,-,,,0,not_member_or_no_tax
Plain City,Tax Rate,2024,-,,,0,not_member_or_no_tax
Plain City,Tax Rate,2025,-,,,0,not_member_or_no_tax
Plain City,Credit Factor,2016,-,0.0,0.0,0,dash_zero_inferred
Plain City,Credit Factor,2017,-,0.0,0.0,0,dash_zero_inferred
Plain City,Credit Factor,2018,-,0.0,0.0,0,dash_zero_inferred
Plain City,Credit Factor,2019,-,0.0,0.0,0,dash_zero_inferred
Plain City,Credit Factor,2020,-,,,0,not_member_or_no_tax
Plain City,Credit Factor,2021,-,,,0,not_member_or_no_tax
Plain City,Credit Factor,2022,-,,,0,not_member_or_no_tax
Plain City,Credit Factor,2023,-,,,0,not_member_or_no_tax
Plain City,Credit Factor,2024,-,,,0,not_member_or_no_tax
Plain City,Credit Factor,2025,-,,,0,not_member_or_no_tax
Plain City,Credit Rate,2016,-,0.0,0.0,0,dash_zero_inferred
Plain City,Credit Rate,2017,-,0.0,0.0,0,dash_zero_inferred
Plain City,Credit Rate,2018,-,0.0,0.0,0,dash_zero_inferred
Plain City,Credit Rate,2019,-,0.0,0.0,0,dash_zero_inferred
Plain City,Credit Rate,2020,-,,,0,not_member_or_no_tax
Plain City,Credit Rate,2021,-,,,0,not_member_or_no_tax
Plain City,Credit Rate,2022,-,,,0,not_member_or_no_tax
Plain City,Credit Rate,2023,-,,,0,not_member_or_no_tax
Plain City,Credit Rate,2024,-,,,0,not_member_or_no_tax
Plain City,Credit Rate,2025,-,,,0,not_member_or_no_tax
Pleasant Hill,Tax Rate,2016,0.75,0.75,0.75,0,reported
Pleasant Hill,Tax Rate,2017,0.75,0.75,0.75,0,reported
Pleasant Hill,Tax Rate,2018,0.75,0.75,0.75,0,reported
Pleasant Hill,Tax Rate,2019,0.75,0.75,0.75,0,reported
Pleasant Hill,Tax Rate,2020,0.75,0.75,0.75,0,reported
Pleasant Hill,Tax Rate,2021,0.75,0.75,0.75,0,reported
Pleasant Hill,Tax Rate,2022,0.75,0.75,0.75,0,reported
Pleasant Hill,Tax Rate,2023,0.75,0.75,0.75,0,reported
Pleasant Hill,Tax Rate,2024,1.00,1.0,1.0,0,reported
Pleasant Hill,Tax Rate,2025,1.00,1.0,1.0,0,reported
Pleasant Hill,Credit Factor,2016,-,0.0,0.0,0,dash_zero_inferred
Pleasant Hill,Credit Factor,2017,-,0.0,0.0,0,dash_zero_inferred
Pleasant Hill,Credit Factor,2018,-,0.0,0.0,0,dash_zero_inferred
Pleasant Hill,Credit Factor,2019,-,0.0,0.0,0,dash_zero_inferred
Pleasant Hill,Credit Factor,2020,-,0.0,0.0,0,dash_zero_inferred
Pleasant Hill,Credit Factor,2021,-,0.0,0.0,0,dash_zero_inferred
Pleasant Hill,Credit Factor,2022,-,0.0,0.0,0,dash_zero_inferred
Pleasant Hill,Credit Factor,2023,-,0.0,0.0,0,dash_zero_inferred
Pleasant Hill,Credit Factor,2024,-,0.0,0.0,0,dash_zero_inferred
Pleasant Hill,Credit Factor,2025,-,0.0,0.0,0,dash_zero_inferred
Pleasant Hill,Credit Rate,2016,-,0.0,0.0,0,dash_zero_inferred
Pleasant Hill,Credit Rate,2017,-,0.0,0.0,0,dash_zero_inferred
Pleasant Hill,Credit Rate,2018,-,0.0,0.0,0,dash_zero_inferred
Pleasant Hill,Credit Rate,2019,-,0.0,0.0,0,dash_zero_inferred
Pleasant Hill,Credit Rate,2020,-,0.0,0.0,0,dash_zero_inferred
Pleasant Hill,Credit Rate,2021,-,0.0,0.0,0,dash_zero_inferred
Pleasant Hill,Credit Rate,2022,-,0.0,0.0,0,dash_zero_inferred
Pleasant Hill,Credit Rate,2023,-,0.0,0.0,0,dash_zero_inferred
Pleasant Hill,Credit Rate,2024,-,0.0,0.0,0,dash_zero_inferred
Pleasant Hill,Credit Rate,2025,-,0.0,0.0,0,dash_zero_inferred
Pleasantville,Tax Rate,2016,1.00,1.0,1.0,0,reported
Pleasantville,Tax Rate,2017,1.00,1.0,1.0,0,reported
Pleasantville,Tax Rate,2018,1.00,1.0,1.0,0,reported
Pleasantville,Tax Rate,2019,1.00,1.0,1.0,0,reported
Pleasantville,Tax Rate,2020,1.00,1.0,1.0,0,reported
Pleasantville,Tax Rate,2021,1.00,1.0,1.0,0,reported
Pleasantville,Tax Rate,2022,1.00,1.0,1.0,0,reported
Pleasantville,Tax Rate,2023,1.00,1.0,1.0,0,reported
Pleasantville,Tax Rate,2024,1.00,1.0,1.0,0,reported
Pleasantville,Tax Rate,2025,1.00,1.0,1.0,0,reported
Pleasantville,Credit Factor,2016,-,0.0,0.0,0,dash_zero_inferred
Pleasantville,Credit Factor,2017,-,0.0,0.0,0,dash_zero_inferred
Pleasantville,Credit Factor,2018,-,0.0,0.0,0,dash_zero_inferred
Pleasantville,Credit Factor,2019,-,0.0,0.0,0,dash_zero_inferred
Pleasantville,Credit Factor,2020,-,0.0,0.0,0,dash_zero_inferred
Pleasantville,Credit Factor,2021,-,0.0,0.0,0,dash_zero_inferred
Pleasantville,Credit Factor,2022,-,0.0,0.0,0,dash_zero_inferred
Pleasantville,Credit Factor,2023,-,0.0,0.0,0,dash_zero_inferred
Pleasantville,Credit Factor,2024,-,0.0,0.0,0,dash_zero_inferred
Pleasantville,Credit Factor,2025,-,0.0,0.0,0,dash_zero_inferred
Pleasantville,Credit Rate,2016,-,0.0,0.0,0,dash_zero_inferred
Pleasantville,Credit Rate,2017,-,0.0,0.0,0,dash_zero_inferred
Pleasantville,Credit Rate,2018,-,0.0,0.0,0,dash_zero_inferred
Pleasantville,Credit Rate,2019,-,0.0,0.0,0,dash_zero_inferred
Pleasantville,Credit Rate,2020,-,0.0,0.0,0,dash_zero_inferred
Pleasantville,Credit Rate,2021,-,0.0,0.0,0,dash_zero_inferred
Pleasantville,Credit Rate,2022,-,0.0,0.0,0,dash_zero_inferred
Pleasantville,Credit Rate,2023,-,0.0,0.0,0,dash_zero_inferred
Pleasantville,Credit Rate,2024,-,0.0,0.0,0,dash_zero_inferred
Pleasantville,Credit Rate,2025,-,0.0,0.0,0,dash_zero_inferred
Pomeroy,Tax Rate,2016,-,,,0,not_member_or_no_tax
Pomeroy,Tax Rate,2017,-,,,0,not_member_or_no_tax
Pomeroy,Tax Rate,2018,-,,,0,not_member_or_no_tax
Pomeroy,Tax Rate,2019,1.00,1.0,1.0,0,reported
Pomeroy,Tax Rate,2020,1.00,1.0,1.0,0,reported
Pomeroy,Tax Rate,2021,1.00,1.0,1.0,0,reported
Pomeroy,Tax Rate,2022,1.00,1.0,1.0,0,reported
Pomeroy,Tax Rate,2023,1.00,1.0,1.0,0,reported
Pomeroy,Tax Rate,2024,1.00,1.0,1.0,0,reported
Pomeroy,Tax Rate,2025,1.00,1.0,1.0,0,reported
Pomeroy,Credit Factor,2016,-,,,0,not_member_or_no_tax
Pomeroy,Credit Factor,2017,-,,,0,not_member_or_no_tax
Pomeroy,Credit Factor,2018,-,,,0,not_member_or_no_tax
Pomeroy,Credit Factor,2019,100,100.0,100.0,0,reported
Pomeroy,Credit Factor,2020,100,100.0,100.0,0,reported
Pomeroy,Credit Factor,2021,100,100.0,100.0,0,reported
Pomeroy,Credit Factor,2022,100,100.0,100.0,0,reported
Pomeroy,Credit Factor,2023,100,100.0,100.0,0,reported
Pomeroy,Credit Factor,2024,100,100.0,100.0,0,reported
Pomeroy,Credit Factor,2025,100,100.0,100.0,0,reported
Pomeroy,Credit Rate,2016,-,,,0,not_member_or_no_tax
Pomeroy,Credit Rate,2017,-,,,0,not_member_or_no_tax
Pomeroy,Credit Rate,2018,-,,,0,not_member_or_no_tax
Pomeroy,Credit Rate,2019,1.00,1.0,1.0,0,reported
Pomeroy,Credit Rate,2020,1.00,1.0,1.0,0,reported
Pomeroy,Credit Rate,2021,1.00,1.0,1.0,0,reported
Pomeroy,Credit Rate,2022,1.00,1.0,1.0,0,reported
Pomeroy,Credit Rate,2023,1.00,1.0,1.0,0,reported
Pomeroy,Credit Rate,2024,1.00,1.0,1.0,0,reported
Pomeroy,Credit Rate,2025,1.00,1.0,1.0,0,reported
Portage,Tax Rate,2016,1.00,1.0,1.0,0,reported
Portage,Tax Rate,2017,1.00,1.0,1.0,0,reported
Portage,Tax Rate,2018,1.00,1.0,1.0,0,reported
Portage,Tax Rate,2019,1.00,1.0,1.0,0,reported
Portage,Tax Rate,2020,1.00,1.0,1.0,0,reported
Portage,Tax Rate,2021,1.00,1.0,1.0,0,reported
Portage,Tax Rate,2022,1.00,1.0,1.0,0,reported
Portage,Tax Rate,2023,1.00,1.0,1.0,0,reported
Portage,Tax Rate,2024,1.00,1.0,1.0,0,reported
Portage,Tax Rate,2025,1.00,1.0,1.0,0,reported
Portage,Credit Factor,2016,-,0.0,0.0,0,dash_zero_inferred
Portage,Credit Factor,2017,-,0.0,0.0,0,dash_zero_inferred
Portage,Credit Factor,2018,-,0.0,0.0,0,dash_zero_inferred
Portage,Credit Factor,2019,-,0.0,0.0,0,dash_zero_inferred
Portage,Credit Factor,2020,-,0.0,0.0,0,dash_zero_inferred
Portage,Credit Factor,2021,-,0.0,0.0,0,dash_zero_inferred
Portage,Credit Factor,2022,-,0.0,0.0,0,dash_zero_inferred
Portage,Credit Factor,2023,-,0.0,0.0,0,dash_zero_inferred
Portage,Credit Factor,2024,-,0.0,0.0,0,dash_zero_inferred
Portage,Credit Factor,2025,-,0.0,0.0,0,dash_zero_inferred
Portage,Credit Rate,2016,-,0.0,0.0,0,dash_zero_inferred
Portage,Credit Rate,2017,-,0.0,0.0,0,dash_zero_inferred
Portage,Credit Rate,2018,-,0.0,0.0,0,dash_zero_inferred
Portage,Credit Rate,2019,-,0.0,0.0,0,dash_zero_inferred
Portage,Credit Rate,2020,-,0.0,0.0,0,dash_zero_inferred
Portage,Credit Rate,2021,-,0.0,0.0,0,dash_zero_inferred
Portage,Credit Rate,2022,-,0.0,0.0,0,dash_zero_inferred
Portage,Credit Rate,2023,-,0.0,0.0,0,dash_zero_inferred
Portage,Credit Rate,2024,-,0.0,0.0,0,dash_zero_inferred
Portage,Credit Rate,2025,-,0.0,0.0,0,dash_zero_inferred
Powell,Tax Rate,2016,0.75,0.75,0.75,0,reported
Powell,Tax Rate,2017,0.75,0.75,0.75,0,reported
Powell,Tax Rate,2018,0.75,0.75,0.75,0,reported
Powell,Tax Rate,2019,0.75,0.75,0.75,0,reported
Powell,Tax Rate,2020,0.75,0.75,0.75,0,reported
Powell,Tax Rate,2021,0.75,0.75,0.75,0,reported
Powell,Tax Rate,2022,2.00,2.0,2.0,0,reported
Powell,Tax Rate,2023,2.00,2.0,2.0,0,reported
Powell,Tax Rate,2024,2.00,2.0,2.0,0,reported
Powell,Tax Rate,2025,2.00,2.0,2.0,0,reported
Powell,Credit Factor,2016,100,100.0,100.0,0,reported
Powell,Credit Factor,2017,100,100.0,100.0,0,reported
Powell,Credit Factor,2018,100,100.0,100.0,0,reported
Powell,Credit Factor,2019,100,100.0,100.0,0,reported
Powell,Credit Factor,2020,100,100.0,100.0,0,reported
Powell,Credit Factor,2021,100,100.0,100.0,0,reported
Powell,Credit Factor,2022,100,100.0,100.0,0,reported
Powell,Credit Factor,2023,100,100.0,100.0,0,reported
Powell,Credit Factor,2024,100,100.0,100.0,0,reported
Powell,Credit Factor,2025,100,100.0,100.0,0,reported
Powell,Credit Rate,2016,0.25,0.25,0.25,0,reported
Powell,Credit Rate,2017,0.25,0.25,0.25,0,reported
Powell,Credit Rate,2018,0.25,0.25,0.25,0,reported
Powell,Credit Rate,2019,0.25,0.25,0.25,0,reported
Powell,Credit Rate,2020,0.25,0.25,0.25,0,reported
Powell,Credit Rate,2021,0.25,0.25,0.25,0,reported
Powell,Credit Rate,2022,2.00,2.0,2.0,0,reported
Powell,Credit Rate,2023,2.00,2.0,2.0,0,reported
Powell,Credit Rate,2024,2.00,2.0,2.0,0,reported
Powell,Credit Rate,2025,2.00,2.0,2.0,0,reported
Powhatan Point,Tax Rate,2016,1.00,1.0,1.0,0,reported
Powhatan Point,Tax Rate,2017,1.00,1.0,1.0,0,reported
Powhatan Point,Tax Rate,2018,1.00,1.0,1.0,0,reported
Powhatan Point,Tax Rate,2019,1.00,1.0,1.0,0,reported
Powhatan Point,Tax Rate,2020,1.00,1.0,1.0,0,reported
Powhatan Point,Tax Rate,2021,1.00,1.0,1.0,0,reported
Powhatan Point,Tax Rate,2022,1.00,1.0,1.0,0,reported
Powhatan Point,Tax Rate,2023,1.00,1.0,1.0,0,reported
Powhatan Point,Tax Rate,2024,1.00,1.0,1.0,0,reported
Powhatan Point,Tax Rate,2025,1.00,1.0,1.0,0,reported
Powhatan Point,Credit Factor,2016,50,50.0,50.0,0,reported
Powhatan Point,Credit Factor,2017,50,50.0,50.0,0,reported
Powhatan Point,Credit Factor,2018,50,50.0,50.0,0,reported
Powhatan Point,Credit Factor,2019,50,50.0,50.0,0,reported
Powhatan Point,Credit Factor,2020,50,50.0,50.0,0,reported
Powhatan Point,Credit Factor,2021,50,50.0,50.0,0,reported
Powhatan Point,Credit Factor,2022,50,50.0,50.0,0,reported
Powhatan Point,Credit Factor,2023,50,50.0,50.0,0,reported
Powhatan Point,Credit Factor,2024,50,50.0,50.0,0,reported
Powhatan Point,Credit Factor,2025,50,50.0,50.0,0,reported
Powhatan Point,Credit Rate,2016,1.00,1.0,1.0,0,reported
Powhatan Point,Credit Rate,2017,1.00,1.0,1.0,0,reported
Powhatan Point,Credit Rate,2018,1.00,1.0,1.0,0,reported
Powhatan Point,Credit Rate,2019,1.00,1.0,1.0,0,reported
Powhatan Point,Credit Rate,2020,1.00,1.0,1.0,0,reported
Powhatan Point,Credit Rate,2021,1.00,1.0,1.0,0,reported
Powhatan Point,Credit Rate,2022,1.00,1.0,1.0,0,reported
Powhatan Point,Credit Rate,2023,1.00,1.0,1.0,0,reported
Powhatan Point,Credit Rate,2024,1.00,1.0,1.0,0,reported
Powhatan Point,Credit Rate,2025,1.00,1.0,1.0,0,reported
Quincy,Tax Rate,2016,1.00,1.0,1.0,0,reported
Quincy,Tax Rate,2017,1.00,1.0,1.0,0,reported
Quincy,Tax Rate,2018,1.00,1.0,1.0,0,reported
Quincy,Tax Rate,2019,1.00,1.0,1.0,0,reported
Quincy,Tax Rate,2020,1.00,1.0,1.0,0,reported
Quincy,Tax Rate,2021,1.00,1.0,1.0,0,reported
Quincy,Tax Rate,2022,1.00,1.0,1.0,0,reported
Quincy,Tax Rate,2023,1.00,1.0,1.0,0,reported
Quincy,Tax Rate,2024,1.00,1.0,1.0,0,reported
Quincy,Tax Rate,2025,1.00,1.0,1.0,0,reported
Quincy,Credit Factor,2016,-,0.0,0.0,0,dash_zero_inferred
Quincy,Credit Factor,2017,-,0.0,0.0,0,dash_zero_inferred
Quincy,Credit Factor,2018,-,0.0,0.0,0,dash_zero_inferred
Quincy,Credit Factor,2019,-,0.0,0.0,0,dash_zero_inferred
Quincy,Credit Factor,2020,-,0.0,0.0,0,dash_zero_inferred
Quincy,Credit Factor,2021,-,0.0,0.0,0,dash_zero_inferred
Quincy,Credit Factor,2022,-,0.0,0.0,0,dash_zero_inferred
Quincy,Credit Factor,2023,-,0.0,0.0,0,dash_zero_inferred
Quincy,Credit Factor,2024,-,0.0,0.0,0,dash_zero_inferred
Quincy,Credit Factor,2025,-,0.0,0.0,0,dash_zero_inferred
Quincy,Credit Rate,2016,-,0.0,0.0,0,dash_zero_inferred
Quincy,Credit Rate,2017,-,0.0,0.0,0,dash_zero_inferred
Quincy,Credit Rate,2018,-,0.0,0.0,0,dash_zero_inferred
Quincy,Credit Rate,2019,-,0.0,0.0,0,dash_zero_inferred
Quincy,Credit Rate,2020,-,0.0,0.0,0,dash_zero_inferred
Quincy,Credit Rate,2021,-,0.0,0.0,0,dash_zero_inferred
Quincy,Credit Rate,2022,-,0.0,0.0,0,dash_zero_inferred
Quincy,Credit Rate,2023,-,0.0,0.0,0,dash_zero_inferred
Quincy,Credit Rate,2024,-,0.0,0.0,0,dash_zero_inferred
Quincy,Credit Rate,2025,-,0.0,0.0,0,dash_zero_inferred
Ravenna,Tax Rate,2016,2.50/2.25,2.5,2.25,1,split_new_first_partial
Ravenna,Tax Rate,2017,2.50,2.5,2.5,0,reported
Ravenna,Tax Rate,2018,2.50,2.5,2.5,0,reported
Ravenna,Tax Rate,2019,2.50,2.5,2.5,0,reported
Ravenna,Tax Rate,2020,2.50,2.5,2.5,0,reported
Ravenna,Tax Rate,2021,2.50,2.5,2.5,0,reported
Ravenna,Tax Rate,2022,2.50,2.5,2.5,0,reported
Ravenna,Tax Rate,2023,2.50,2.5,2.5,0,reported
Ravenna,Tax Rate,2024,2.50,2.5,2.5,0,reported
Ravenna,Tax Rate,2025,2.50,2.5,2.5,0,reported
Ravenna,Credit Factor,2016,100,100.0,100.0,0,reported
Ravenna,Credit Factor,2017,100,100.0,100.0,0,reported
Ravenna,Credit Factor,2018,100,100.0,100.0,0,reported
Ravenna,Credit Factor,2019,100,100.0,100.0,0,reported
Ravenna,Credit Factor,2020,100,100.0,100.0,0,reported
Ravenna,Credit Factor,2021,100,100.0,100.0,0,reported
Ravenna,Credit Factor,2022,100,100.0,100.0,0,reported
Ravenna,Credit Factor,2023,100,100.0,100.0,0,reported
Ravenna,Credit Factor,2024,100,100.0,100.0,0,reported
Ravenna,Credit Factor,2025,100,100.0,100.0,0,reported
Ravenna,Credit Rate,2016,2.50/2.25,2.5,2.25,1,split_new_first_partial
Ravenna,Credit Rate,2017,2.50,2.5,2.5,0,reported
Ravenna,Credit Rate,2018,2.50,2.5,2.5,0,reported
Ravenna,Credit Rate,2019,2.50,2.5,2.5,0,reported
Ravenna,Credit Rate,2020,2.50,2.5,2.5,0,reported
Ravenna,Credit Rate,2021,2.50,2.5,2.5,0,reported
Ravenna,Credit Rate,2022,2.50,2.5,2.5,0,reported
Ravenna,Credit Rate,2023,2.50,2.5,2.5,0,reported
Ravenna,Credit Rate,2024,2.50,2.5,2.5,0,reported
Ravenna,Credit Rate,2025,2.50,2.5,2.5,0,reported
Ravenna-Rootstown Twp JEDD,Tax Rate,2016,-,,,0,not_member_or_no_tax
Ravenna-Rootstown Twp JEDD,Tax Rate,2017,-,,,0,not_member_or_no_tax
Ravenna-Rootstown Twp JEDD,Tax Rate,2018,-,,,0,not_member_or_no_tax
Ravenna-Rootstown Twp JEDD,Tax Rate,2019,-,,,0,not_member_or_no_tax
Ravenna-Rootstown Twp JEDD,Tax Rate,2020,-,,,0,not_member_or_no_tax
Ravenna-Rootstown Twp JEDD,Tax Rate,2021,-,,,0,not_member_or_no_tax
Ravenna-Rootstown Twp JEDD,Tax Rate,2022,-,,,0,not_member_or_no_tax
Ravenna-Rootstown Twp JEDD,Tax Rate,2023,-,,,0,not_member_or_no_tax
Ravenna-Rootstown Twp JEDD,Tax Rate,2024,2.00,2.0,2.0,0,reported
Ravenna-Rootstown Twp JEDD,Tax Rate,2025,2.00,2.0,2.0,0,reported
Ravenna-Rootstown Twp JEDD,Credit Factor,2016,,,,0,absent
Ravenna-Rootstown Twp JEDD,Credit Factor,2017,,,,0,absent
Ravenna-Rootstown Twp JEDD,Credit Factor,2018,,,,0,absent
Ravenna-Rootstown Twp JEDD,Credit Factor,2019,,,,0,absent
Ravenna-Rootstown Twp JEDD,Credit Factor,2020,,,,0,absent
Ravenna-Rootstown Twp JEDD,Credit Factor,2021,,,,0,absent
Ravenna-Rootstown Twp JEDD,Credit Factor,2022,,,,0,absent
Ravenna-Rootstown Twp JEDD,Credit Factor,2023,,,,0,absent
Ravenna-Rootstown Twp JEDD,Credit Factor,2024,,,,0,absent
Ravenna-Rootstown Twp JEDD,Credit Factor,2025,,,,0,absent
Ravenna-Rootstown Twp JEDD,Credit Rate,2016,,,,0,absent
Ravenna-Rootstown Twp JEDD,Credit Rate,2017,,,,0,absent
Ravenna-Rootstown Twp JEDD,Credit Rate,2018,,,,0,absent
Ravenna-Rootstown Twp JEDD,Credit Rate,2019,,,,0,absent
Ravenna-Rootstown Twp JEDD,Credit Rate,2020,,,,0,absent
Ravenna-Rootstown Twp JEDD,Credit Rate,2021,,,,0,absent
Ravenna-Rootstown Twp JEDD,Credit Rate,2022,,,,0,absent
Ravenna-Rootstown Twp JEDD,Credit Rate,2023,,,,0,absent
Ravenna-Rootstown Twp JEDD,Credit Rate,2024,,,,0,absent
Ravenna-Rootstown Twp JEDD,Credit Rate,2025,,,,0,absent
Reminderville,Tax Rate,2016,1.50,1.5,1.5,0,reported
Reminderville,Tax Rate,2017,1.50,1.5,1.5,0,reported
Reminderville,Tax Rate,2018,1.50,1.5,1.5,0,reported
Reminderville,Tax Rate,2019,1.50,1.5,1.5,0,reported
Reminderville,Tax Rate,2020,1.50,1.5,1.5,0,reported
Reminderville,Tax Rate,2021,1.50,1.5,1.5,0,reported
Reminderville,Tax Rate,2022,1.50,1.5,1.5,0,reported
Reminderville,Tax Rate,2023,1.50,1.5,1.5,0,reported
Reminderville,Tax Rate,2024,1.50,1.5,1.5,0,reported
Reminderville,Tax Rate,2025,1.50,1.5,1.5,0,reported
Reminderville,Credit Factor,2016,-,0.0,0.0,0,dash_zero_inferred
Reminderville,Credit Factor,2017,-,0.0,0.0,0,dash_zero_inferred
Reminderville,Credit Factor,2018,-,0.0,0.0,0,dash_zero_inferred
Reminderville,Credit Factor,2019,-,0.0,0.0,0,dash_zero_inferred
Reminderville,Credit Factor,2020,-,0.0,0.0,0,dash_zero_inferred
Reminderville,Credit Factor,2021,-,0.0,0.0,0,dash_zero_inferred
Reminderville,Credit Factor,2022,-,0.0,0.0,0,dash_zero_inferred
Reminderville,Credit Factor,2023,-,0.0,0.0,0,dash_zero_inferred
Reminderville,Credit Factor,2024,-,0.0,0.0,0,dash_zero_inferred
Reminderville,Credit Factor,2025,-,0.0,0.0,0,dash_zero_inferred
Reminderville,Credit Rate,2016,-,0.0,0.0,0,dash_zero_inferred
Reminderville,Credit Rate,2017,-,0.0,0.0,0,dash_zero_inferred
Reminderville,Credit Rate,2018,-,0.0,0.0,0,dash_zero_inferred
Reminderville,Credit Rate,2019,-,0.0,0.0,0,dash_zero_inferred
Reminderville,Credit Rate,2020,-,0.0,0.0,0,dash_zero_inferred
Reminderville,Credit Rate,2021,-,0.0,0.0,0,dash_zero_inferred
Reminderville,Credit Rate,2022,-,0.0,0.0,0,dash_zero_inferred
Reminderville,Credit Rate,2023,-,0.0,0.0,0,dash_zero_inferred
Reminderville,Credit Rate,2024,-,0.0,0.0,0,dash_zero_inferred
Reminderville,Credit Rate,2025,-,0.0,0.0,0,dash_zero_inferred
Reminderville Twinsburg Twp Jedd,Tax Rate,2016,1.50,1.5,1.5,0,reported
Reminderville Twinsburg Twp Jedd,Tax Rate,2017,1.50,1.5,1.5,0,reported
Reminderville Twinsburg Twp Jedd,Tax Rate,2018,1.50,1.5,1.5,0,reported
Reminderville Twinsburg Twp Jedd,Tax Rate,2019,1.50,1.5,1.5,0,reported
Reminderville Twinsburg Twp Jedd,Tax Rate,2020,1.50,1.5,1.5,0,reported
Reminderville Twinsburg Twp Jedd,Tax Rate,2021,1.50,1.5,1.5,0,reported
Reminderville Twinsburg Twp Jedd,Tax Rate,2022,1.50,1.5,1.5,0,reported
Reminderville Twinsburg Twp Jedd,Tax Rate,2023,1.50,1.5,1.5,0,reported
Reminderville Twinsburg Twp Jedd,Tax Rate,2024,1.50,1.5,1.5,0,reported
Reminderville Twinsburg Twp Jedd,Tax Rate,2025,1.50,1.5,1.5,0,reported
Reminderville Twinsburg Twp Jedd,Credit Factor,2016,,,,0,absent
Reminderville Twinsburg Twp Jedd,Credit Factor,2017,,,,0,absent
Reminderville Twinsburg Twp Jedd,Credit Factor,2018,,,,0,absent
Reminderville Twinsburg Twp Jedd,Credit Factor,2019,,,,0,absent
Reminderville Twinsburg Twp Jedd,Credit Factor,2020,,,,0,absent
Reminderville Twinsburg Twp Jedd,Credit Factor,2021,,,,0,absent
Reminderville Twinsburg Twp Jedd,Credit Factor,2022,,,,0,absent
Reminderville Twinsburg Twp Jedd,Credit Factor,2023,,,,0,absent
Reminderville Twinsburg Twp Jedd,Credit Factor,2024,,,,0,absent
Reminderville Twinsburg Twp Jedd,Credit Factor,2025,,,,0,absent
Reminderville Twinsburg Twp Jedd,Credit Rate,2016,,,,0,absent
Reminderville Twinsburg Twp Jedd,Credit Rate,2017,,,,0,absent
Reminderville Twinsburg Twp Jedd,Credit Rate,2018,,,,0,absent
Reminderville Twinsburg Twp Jedd,Credit Rate,2019,,,,0,absent
Reminderville Twinsburg Twp Jedd,Credit Rate,2020,,,,0,absent
Reminderville Twinsburg Twp Jedd,Credit Rate,2021,,,,0,absent
Reminderville Twinsburg Twp Jedd,Credit Rate,2022,,,,0,absent
Reminderville Twinsburg Twp Jedd,Credit Rate,2023,,,,0,absent
Reminderville Twinsburg Twp Jedd,Credit Rate,2024,,,,0,absent
Reminderville Twinsburg Twp Jedd,Credit Rate,2025,,,,0,absent
Reynoldsburg,Tax Rate,2016,1.50,1.5,1.5,0,reported
Reynoldsburg,Tax Rate,2017,1.50/2.50,2.5,1.5,1,split_old_first
Reynoldsburg,Tax Rate,2018,2.50,2.5,2.5,0,reported
Reynoldsburg,Tax Rate,2019,2.50,2.5,2.5,0,reported
Reynoldsburg,Tax Rate,2020,2.50,2.5,2.5,0,reported
Reynoldsburg,Tax Rate,2021,2.50,2.5,2.5,0,reported
Reynoldsburg,Tax Rate,2022,2.50,2.5,2.5,0,reported
Reynoldsburg,Tax Rate,2023,2.50,2.5,2.5,0,reported
Reynoldsburg,Tax Rate,2024,2.50,2.5,2.5,0,reported
Reynoldsburg,Tax Rate,2025,2.50,2.5,2.5,0,reported
Reynoldsburg,Credit Factor,2016,100,100.0,100.0,0,reported
Reynoldsburg,Credit Factor,2017,100,100.0,100.0,0,reported
Reynoldsburg,Credit Factor,2018,100,100.0,100.0,0,reported
Reynoldsburg,Credit Factor,2019,100,100.0,100.0,0,reported
Reynoldsburg,Credit Factor,2020,100,100.0,100.0,0,reported
Reynoldsburg,Credit Factor,2021,100,100.0,100.0,0,reported
Reynoldsburg,Credit Factor,2022,100,100.0,100.0,0,reported
Reynoldsburg,Credit Factor,2023,100,100.0,100.0,0,reported
Reynoldsburg,Credit Factor,2024,100,100.0,100.0,0,reported
Reynoldsburg,Credit Factor,2025,100,100.0,100.0,0,reported
Reynoldsburg,Credit Rate,2016,1.50,1.5,1.5,0,reported
Reynoldsburg,Credit Rate,2017,1.50/2.50,2.5,1.5,1,split_old_first
Reynoldsburg,Credit Rate,2018,2.50,2.5,2.5,0,reported
Reynoldsburg,Credit Rate,2019,2.50,2.5,2.5,0,reported
Reynoldsburg,Credit Rate,2020,2.50,2.5,2.5,0,reported
Reynoldsburg,Credit Rate,2021,2.50,2.5,2.5,0,reported
Reynoldsburg,Credit Rate,2022,2.50,2.5,2.5,0,reported
Reynoldsburg,Credit Rate,2023,2.50,2.5,2.5,0,reported
Reynoldsburg,Credit Rate,2024,2.50,2.5,2.5,0,reported
Reynoldsburg,Credit Rate,2025,2.50,2.5,2.5,0,reported
Reynoldsburg Entp Zone,Tax Rate,2016,1.50,1.5,1.5,0,reported
Reynoldsburg Entp Zone,Tax Rate,2017,1.50/2.50,2.5,1.5,1,split_old_first
Reynoldsburg Entp Zone,Tax Rate,2018,2.50,2.5,2.5,0,reported
Reynoldsburg Entp Zone,Tax Rate,2019,2.50,2.5,2.5,0,reported
Reynoldsburg Entp Zone,Tax Rate,2020,2.50,2.5,2.5,0,reported
Reynoldsburg Entp Zone,Tax Rate,2021,2.50,2.5,2.5,0,reported
Reynoldsburg Entp Zone,Tax Rate,2022,2.50,2.5,2.5,0,reported
Reynoldsburg Entp Zone,Tax Rate,2023,-,,,0,not_member_or_no_tax
Reynoldsburg Entp Zone,Tax Rate,2024,-,,,0,not_member_or_no_tax
Reynoldsburg Entp Zone,Tax Rate,2025,-,,,0,not_member_or_no_tax
Reynoldsburg Entp Zone,Credit Factor,2016,,,,0,absent
Reynoldsburg Entp Zone,Credit Factor,2017,,,,0,absent
Reynoldsburg Entp Zone,Credit Factor,2018,,,,0,absent
Reynoldsburg Entp Zone,Credit Factor,2019,,,,0,absent
Reynoldsburg Entp Zone,Credit Factor,2020,,,,0,absent
Reynoldsburg Entp Zone,Credit Factor,2021,,,,0,absent
Reynoldsburg Entp Zone,Credit Factor,2022,,,,0,absent
Reynoldsburg Entp Zone,Credit Factor,2023,,,,0,absent
Reynoldsburg Entp Zone,Credit Factor,2024,,,,0,absent
Reynoldsburg Entp Zone,Credit Factor,2025,,,,0,absent
Reynoldsburg Entp Zone,Credit Rate,2016,,,,0,absent
Reynoldsburg Entp Zone,Credit Rate,2017,,,,0,absent
Reynoldsburg Entp Zone,Credit Rate,2018,,,,0,absent
Reynoldsburg Entp Zone,Credit Rate,2019,,,,0,absent
Reynoldsburg Entp Zone,Credit Rate,2020,,,,0,absent
Reynoldsburg Entp Zone,Credit Rate,2021,,,,0,absent
Reynoldsburg Entp Zone,Credit Rate,2022,,,,0,absent
Reynoldsburg Entp Zone,Credit Rate,2023,,,,0,absent
Reynoldsburg Entp Zone,Credit Rate,2024,,,,0,absent
Reynoldsburg Entp Zone,Credit Rate,2025,,,,0,absent
Richmond Heights,Tax Rate,2016,2.25,2.25,2.25,0,reported
Richmond Heights,Tax Rate,2017,2.25,2.25,2.25,0,reported
Richmond Heights,Tax Rate,2018,2.25,2.25,2.25,0,reported
Richmond Heights,Tax Rate,2019,2.25,2.25,2.25,0,reported
Richmond Heights,Tax Rate,2020,2.25,2.25,2.25,0,reported
Richmond Heights,Tax Rate,2021,2.25,2.25,2.25,0,reported
Richmond Heights,Tax Rate,2022,2.25,2.25,2.25,0,reported
Richmond Heights,Tax Rate,2023,2.25,2.25,2.25,0,reported
Richmond Heights,Tax Rate,2024,2.25,2.25,2.25,0,reported
Richmond Heights,Tax Rate,2025,2.25,2.25,2.25,0,reported
Richmond Heights,Credit Factor,2016,100,100.0,100.0,0,reported
Richmond Heights,Credit Factor,2017,100,100.0,100.0,0,reported
Richmond Heights,Credit Factor,2018,100,100.0,100.0,0,reported
Richmond Heights,Credit Factor,2019,100,100.0,100.0,0,reported
Richmond Heights,Credit Factor,2020,100,100.0,100.0,0,reported
Richmond Heights,Credit Factor,2021,100,100.0,100.0,0,reported
Richmond Heights,Credit Factor,2022,100,100.0,100.0,0,reported
Richmond Heights,Credit Factor,2023,100,100.0,100.0,0,reported
Richmond Heights,Credit Factor,2024,100,100.0,100.0,0,reported
Richmond Heights,Credit Factor,2025,100,100.0,100.0,0,reported
Richmond Heights,Credit Rate,2016,2.25,2.25,2.25,0,reported
Richmond Heights,Credit Rate,2017,1.25,1.25,1.25,0,reported
Richmond Heights,Credit Rate,2018,1.25,1.25,1.25,0,reported
Richmond Heights,Credit Rate,2019,1.25,1.25,1.25,0,reported
Richmond Heights,Credit Rate,2020,1.25,1.25,1.25,0,reported
Richmond Heights,Credit Rate,2021,1.25,1.25,1.25,0,reported
Richmond Heights,Credit Rate,2022,1.25,1.25,1.25,0,reported
Richmond Heights,Credit Rate,2023,1.25,1.25,1.25,0,reported
Richmond Heights,Credit Rate,2024,1.25,1.25,1.25,0,reported
Richmond Heights,Credit Rate,2025,1.25,1.25,1.25,0,reported
Richwood,Tax Rate,2016,1.00,1.0,1.0,0,reported
Richwood,Tax Rate,2017,1.00,1.0,1.0,0,reported
Richwood,Tax Rate,2018,1.00,1.0,1.0,0,reported
Richwood,Tax Rate,2019,1.00,1.0,1.0,0,reported
Richwood,Tax Rate,2020,1.00,1.0,1.0,0,reported
Richwood,Tax Rate,2021,1.00,1.0,1.0,0,reported
Richwood,Tax Rate,2022,1.00,1.0,1.0,0,reported
Richwood,Tax Rate,2023,1.00,1.0,1.0,0,reported
Richwood,Tax Rate,2024,1.00,1.0,1.0,0,reported
Richwood,Tax Rate,2025,1.00,1.0,1.0,0,reported
Richwood,Credit Factor,2016,-,0.0,0.0,0,dash_zero_inferred
Richwood,Credit Factor,2017,-,0.0,0.0,0,dash_zero_inferred
Richwood,Credit Factor,2018,-,0.0,0.0,0,dash_zero_inferred
Richwood,Credit Factor,2019,-,0.0,0.0,0,dash_zero_inferred
Richwood,Credit Factor,2020,-,0.0,0.0,0,dash_zero_inferred
Richwood,Credit Factor,2021,-,0.0,0.0,0,dash_zero_inferred
Richwood,Credit Factor,2022,-,0.0,0.0,0,dash_zero_inferred
Richwood,Credit Factor,2023,-,0.0,0.0,0,dash_zero_inferred
Richwood,Credit Factor,2024,-,0.0,0.0,0,dash_zero_inferred
Richwood,Credit Factor,2025,-,0.0,0.0,0,dash_zero_inferred
Richwood,Credit Rate,2016,-,0.0,0.0,0,dash_zero_inferred
Richwood,Credit Rate,2017,-,0.0,0.0,0,dash_zero_inferred
Richwood,Credit Rate,2018,-,0.0,0.0,0,dash_zero_inferred
Richwood,Credit Rate,2019,-,0.0,0.0,0,dash_zero_inferred
Richwood,Credit Rate,2020,-,0.0,0.0,0,dash_zero_inferred
Richwood,Credit Rate,2021,-,0.0,0.0,0,dash_zero_inferred
Richwood,Credit Rate,2022,-,0.0,0.0,0,dash_zero_inferred
Richwood,Credit Rate,2023,-,0.0,0.0,0,dash_zero_inferred
Richwood,Credit Rate,2024,-,0.0,0.0,0,dash_zero_inferred
Richwood,Credit Rate,2025,-,0.0,0.0,0,dash_zero_inferred
Ridgeway,Tax Rate,2016,0.50,0.5,0.5,0,reported
Ridgeway,Tax Rate,2017,0.50,0.5,0.5,0,reported
Ridgeway,Tax Rate,2018,0.50,0.5,0.5,0,reported
Ridgeway,Tax Rate,2019,0.50,0.5,0.5,0,reported
Ridgeway,Tax Rate,2020,0.50,0.5,0.5,0,reported
Ridgeway,Tax Rate,2021,0.50,0.5,0.5,0,reported
Ridgeway,Tax Rate,2022,0.50,0.5,0.5,0,reported
Ridgeway,Tax Rate,2023,0.50,0.5,0.5,0,reported
Ridgeway,Tax Rate,2024,1.00/0.50,1.0,0.5,1,split_new_first
Ridgeway,Tax Rate,2025,1.00,1.0,1.0,0,reported
Ridgeway,Credit Factor,2016,-,0.0,0.0,0,dash_zero_inferred
Ridgeway,Credit Factor,2017,-,0.0,0.0,0,dash_zero_inferred
Ridgeway,Credit Factor,2018,-,0.0,0.0,0,dash_zero_inferred
Ridgeway,Credit Factor,2019,-,0.0,0.0,0,dash_zero_inferred
Ridgeway,Credit Factor,2020,-,0.0,0.0,0,dash_zero_inferred
Ridgeway,Credit Factor,2021,-,0.0,0.0,0,dash_zero_inferred
Ridgeway,Credit Factor,2022,-,0.0,0.0,0,dash_zero_inferred
Ridgeway,Credit Factor,2023,-,0.0,0.0,0,dash_zero_inferred
Ridgeway,Credit Factor,2024,-,0.0,0.0,0,dash_zero_inferred
Ridgeway,Credit Factor,2025,-,0.0,0.0,0,dash_zero_inferred
Ridgeway,Credit Rate,2016,-,0.0,0.0,0,dash_zero_inferred
Ridgeway,Credit Rate,2017,-,0.0,0.0,0,dash_zero_inferred
Ridgeway,Credit Rate,2018,-,0.0,0.0,0,dash_zero_inferred
Ridgeway,Credit Rate,2019,-,0.0,0.0,0,dash_zero_inferred
Ridgeway,Credit Rate,2020,-,0.0,0.0,0,dash_zero_inferred
Ridgeway,Credit Rate,2021,-,0.0,0.0,0,dash_zero_inferred
Ridgeway,Credit Rate,2022,-,0.0,0.0,0,dash_zero_inferred
Ridgeway,Credit Rate,2023,-,0.0,0.0,0,dash_zero_inferred
Ridgeway,Credit Rate,2024,-,0.0,0.0,0,dash_zero_inferred
Ridgeway,Credit Rate,2025,-,0.0,0.0,0,dash_zero_inferred
Rio Grande,Tax Rate,2016,1.50,1.5,1.5,0,reported
Rio Grande,Tax Rate,2017,1.50,1.5,1.5,0,reported
Rio Grande,Tax Rate,2018,1.50,1.5,1.5,0,reported
Rio Grande,Tax Rate,2019,1.50,1.5,1.5,0,reported
Rio Grande,Tax Rate,2020,1.50,1.5,1.5,0,reported
Rio Grande,Tax Rate,2021,1.50,1.5,1.5,0,reported
Rio Grande,Tax Rate,2022,1.50,1.5,1.5,0,reported
Rio Grande,Tax Rate,2023,1.50,1.5,1.5,0,reported
Rio Grande,Tax Rate,2024,1.50,1.5,1.5,0,reported
Rio Grande,Tax Rate,2025,1.50,1.5,1.5,0,reported
Rio Grande,Credit Factor,2016,100,100.0,100.0,0,reported
Rio Grande,Credit Factor,2017,100,100.0,100.0,0,reported
Rio Grande,Credit Factor,2018,100,100.0,100.0,0,reported
Rio Grande,Credit Factor,2019,100,100.0,100.0,0,reported
Rio Grande,Credit Factor,2020,100,100.0,100.0,0,reported
Rio Grande,Credit Factor,2021,100,100.0,100.0,0,reported
Rio Grande,Credit Factor,2022,100,100.0,100.0,0,reported
Rio Grande,Credit Factor,2023,100,100.0,100.0,0,reported
Rio Grande,Credit Factor,2024,100,100.0,100.0,0,reported
Rio Grande,Credit Factor,2025,100,100.0,100.0,0,reported
Rio Grande,Credit Rate,2016,1.50,1.5,1.5,0,reported
Rio Grande,Credit Rate,2017,1.50,1.5,1.5,0,reported
Rio Grande,Credit Rate,2018,1.50,1.5,1.5,0,reported
Rio Grande,Credit Rate,2019,1.50,1.5,1.5,0,reported
Rio Grande,Credit Rate,2020,1.50,1.5,1.5,0,reported
Rio Grande,Credit Rate,2021,1.50,1.5,1.5,0,reported
Rio Grande,Credit Rate,2022,1.50,1.5,1.5,0,reported
Rio Grande,Credit Rate,2023,1.50,1.5,1.5,0,reported
Rio Grande,Credit Rate,2024,1.50,1.5,1.5,0,reported
Rio Grande,Credit Rate,2025,1.50,1.5,1.5,0,reported
Ripley,Tax Rate,2016,1.00,1.0,1.0,0,reported
Ripley,Tax Rate,2017,1.00,1.0,1.0,0,reported
Ripley,Tax Rate,2018,1.00,1.0,1.0,0,reported
Ripley,Tax Rate,2019,1.00,1.0,1.0,0,reported
Ripley,Tax Rate,2020,1.00,1.0,1.0,0,reported
Ripley,Tax Rate,2021,1.00,1.0,1.0,0,reported
Ripley,Tax Rate,2022,1.00,1.0,1.0,0,reported
Ripley,Tax Rate,2023,1.00,1.0,1.0,0,reported
Ripley,Tax Rate,2024,1.00,1.0,1.0,0,reported
Ripley,Tax Rate,2025,1.00,1.0,1.0,0,reported
Ripley,Credit Factor,2016,100,100.0,100.0,0,reported
Ripley,Credit Factor,2017,100,100.0,100.0,0,reported
Ripley,Credit Factor,2018,100,100.0,100.0,0,reported
Ripley,Credit Factor,2019,100,100.0,100.0,0,reported
Ripley,Credit Factor,2020,100,100.0,100.0,0,reported
Ripley,Credit Factor,2021,100,100.0,100.0,0,reported
Ripley,Credit Factor,2022,100,100.0,100.0,0,reported
Ripley,Credit Factor,2023,100,100.0,100.0,0,reported
Ripley,Credit Factor,2024,100,100.0,100.0,0,reported
Ripley,Credit Factor,2025,100,100.0,100.0,0,reported
Ripley,Credit Rate,2016,1.00,1.0,1.0,0,reported
Ripley,Credit Rate,2017,1.00,1.0,1.0,0,reported
Ripley,Credit Rate,2018,1.00,1.0,1.0,0,reported
Ripley,Credit Rate,2019,1.00,1.0,1.0,0,reported
Ripley,Credit Rate,2020,1.00,1.0,1.0,0,reported
Ripley,Credit Rate,2021,1.00,1.0,1.0,0,reported
Ripley,Credit Rate,2022,1.00,1.0,1.0,0,reported
Ripley,Credit Rate,2023,1.00,1.0,1.0,0,reported
Ripley,Credit Rate,2024,1.00,1.0,1.0,0,reported
Ripley,Credit Rate,2025,1.00,1.0,1.0,0,reported
Risingsun,Tax Rate,2016,-,,,0,not_member_or_no_tax
Risingsun,Tax Rate,2017,-,,,0,not_member_or_no_tax
Risingsun,Tax Rate,2018,-,,,0,not_member_or_no_tax
Risingsun,Tax Rate,2019,-,,,0,not_member_or_no_tax
Risingsun,Tax Rate,2020,1.00,1.0,1.0,0,reported
Risingsun,Tax Rate,2021,1.00,1.0,1.0,0,reported
Risingsun,Tax Rate,2022,1.00,1.0,1.0,0,reported
Risingsun,Tax Rate,2023,1.00,1.0,1.0,0,reported
Risingsun,Tax Rate,2024,1.00,1.0,1.0,0,reported
Risingsun,Tax Rate,2025,1.00,1.0,1.0,0,reported
Risingsun,Credit Factor,2016,-,,,0,not_member_or_no_tax
Risingsun,Credit Factor,2017,-,,,0,not_member_or_no_tax
Risingsun,Credit Factor,2018,-,,,0,not_member_or_no_tax
Risingsun,Credit Factor,2019,-,,,0,not_member_or_no_tax
Risingsun,Credit Factor,2020,-,0.0,0.0,0,dash_zero_inferred
Risingsun,Credit Factor,2021,-,0.0,0.0,0,dash_zero_inferred
Risingsun,Credit Factor,2022,-,0.0,0.0,0,dash_zero_inferred
Risingsun,Credit Factor,2023,-,0.0,0.0,0,dash_zero_inferred
Risingsun,Credit Factor,2024,-,0.0,0.0,0,dash_zero_inferred
Risingsun,Credit Factor,2025,-,0.0,0.0,0,dash_zero_inferred
Risingsun,Credit Rate,2016,-,,,0,not_member_or_no_tax
Risingsun,Credit Rate,2017,-,,,0,not_member_or_no_tax
Risingsun,Credit Rate,2018,-,,,0,not_member_or_no_tax
Risingsun,Credit Rate,2019,-,,,0,not_member_or_no_tax
Risingsun,Credit Rate,2020,-,0.0,0.0,0,dash_zero_inferred
Risingsun,Credit Rate,2021,-,0.0,0.0,0,dash_zero_inferred
Risingsun,Credit Rate,2022,-,0.0,0.0,0,dash_zero_inferred
Risingsun,Credit Rate,2023,-,0.0,0.0,0,dash_zero_inferred
Risingsun,Credit Rate,2024,-,0.0,0.0,0,dash_zero_inferred
Risingsun,Credit Rate,2025,-,0.0,0.0,0,dash_zero_inferred
Rittman,Tax Rate,2016,-,,,0,not_member_or_no_tax
Rittman,Tax Rate,2017,-,,,0,not_member_or_no_tax
Rittman,Tax Rate,2018,-,,,0,not_member_or_no_tax
Rittman,Tax Rate,2019,-,,,0,not_member_or_no_tax
Rittman,Tax Rate,2020,-,,,0,not_member_or_no_tax
Rittman,Tax Rate,2021,1.50,1.5,1.5,0,reported
Rittman,Tax Rate,2022,1.00,1.0,1.0,0,reported
Rittman,Tax Rate,2023,1.00,1.0,1.0,0,reported
Rittman,Tax Rate,2024,1.00,1.0,1.0,0,reported
Rittman,Tax Rate,2025,1.50,1.5,1.5,0,reported
Rittman,Credit Factor,2016,-,,,0,not_member_or_no_tax
Rittman,Credit Factor,2017,-,,,0,not_member_or_no_tax
Rittman,Credit Factor,2018,-,,,0,not_member_or_no_tax
Rittman,Credit Factor,2019,-,,,0,not_member_or_no_tax
Rittman,Credit Factor,2020,-,,,0,not_member_or_no_tax
Rittman,Credit Factor,2021,100,100.0,100.0,0,reported
Rittman,Credit Factor,2022,100,100.0,100.0,0,reported
Rittman,Credit Factor,2023,-,0.0,0.0,0,dash_zero_inferred
Rittman,Credit Factor,2024,-,0.0,0.0,0,dash_zero_inferred
Rittman,Credit Factor,2025,-,0.0,0.0,0,dash_zero_inferred
Rittman,Credit Rate,2016,-,,,0,not_member_or_no_tax
Rittman,Credit Rate,2017,-,,,0,not_member_or_no_tax
Rittman,Credit Rate,2018,-,,,0,not_member_or_no_tax
Rittman,Credit Rate,2019,-,,,0,not_member_or_no_tax
Rittman,Credit Rate,2020,-,,,0,not_member_or_no_tax
Rittman,Credit Rate,2021,1.00,1.0,1.0,0,reported
Rittman,Credit Rate,2022,1.00,1.0,1.0,0,reported
Rittman,Credit Rate,2023,-,0.0,0.0,0,dash_zero_inferred
Rittman,Credit Rate,2024,-,0.0,0.0,0,dash_zero_inferred
Rittman,Credit Rate,2025,-,0.0,0.0,0,dash_zero_inferred
Riverside,Tax Rate,2016,1.50,1.5,1.5,0,reported
Riverside,Tax Rate,2017,1.50,1.5,1.5,0,reported
Riverside,Tax Rate,2018,1.50,1.5,1.5,0,reported
Riverside,Tax Rate,2019,1.50,1.5,1.5,0,reported
Riverside,Tax Rate,2020,-,,,0,not_member_or_no_tax
Riverside,Tax Rate,2021,-,,,0,not_member_or_no_tax
Riverside,Tax Rate,2022,-,,,0,not_member_or_no_tax
Riverside,Tax Rate,2023,-,,,0,not_member_or_no_tax
Riverside,Tax Rate,2024,-,,,0,not_member_or_no_tax
Riverside,Tax Rate,2025,-,,,0,not_member_or_no_tax
Riverside,Credit Factor,2016,100,100.0,100.0,0,reported
Riverside,Credit Factor,2017,100,100.0,100.0,0,reported
Riverside,Credit Factor,2018,100,100.0,100.0,0,reported
Riverside,Credit Factor,2019,100,100.0,100.0,0,reported
Riverside,Credit Factor,2020,-,,,0,not_member_or_no_tax
Riverside,Credit Factor,2021,-,,,0,not_member_or_no_tax
Riverside,Credit Factor,2022,-,,,0,not_member_or_no_tax
Riverside,Credit Factor,2023,-,,,0,not_member_or_no_tax
Riverside,Credit Factor,2024,-,,,0,not_member_or_no_tax
Riverside,Credit Factor,2025,-,,,0,not_member_or_no_tax
Riverside,Credit Rate,2016,0.75,0.75,0.75,0,reported
Riverside,Credit Rate,2017,0.75,0.75,0.75,0,reported
Riverside,Credit Rate,2018,0.75,0.75,0.75,0,reported
Riverside,Credit Rate,2019,0.75,0.75,0.75,0,reported
Riverside,Credit Rate,2020,-,,,0,not_member_or_no_tax
Riverside,Credit Rate,2021,-,,,0,not_member_or_no_tax
Riverside,Credit Rate,2022,-,,,0,not_member_or_no_tax
Riverside,Credit Rate,2023,-,,,0,not_member_or_no_tax
Riverside,Credit Rate,2024,-,,,0,not_member_or_no_tax
Riverside,Credit Rate,2025,-,,,0,not_member_or_no_tax
Rocky River,Tax Rate,2016,2.00,2.0,2.0,0,reported
Rocky River,Tax Rate,2017,2.00,2.0,2.0,0,reported
Rocky River,Tax Rate,2018,2.00,2.0,2.0,0,reported
Rocky River,Tax Rate,2019,2.00,2.0,2.0,0,reported
Rocky River,Tax Rate,2020,2.00,2.0,2.0,0,reported
Rocky River,Tax Rate,2021,2.00,2.0,2.0,0,reported
Rocky River,Tax Rate,2022,2.00,2.0,2.0,0,reported
Rocky River,Tax Rate,2023,2.00,2.0,2.0,0,reported
Rocky River,Tax Rate,2024,2.00,2.0,2.0,0,reported
Rocky River,Tax Rate,2025,2.00,2.0,2.0,0,reported
Rocky River,Credit Factor,2016,100,100.0,100.0,0,reported
Rocky River,Credit Factor,2017,100,100.0,100.0,0,reported
Rocky River,Credit Factor,2018,100,100.0,100.0,0,reported
Rocky River,Credit Factor,2019,100,100.0,100.0,0,reported
Rocky River,Credit Factor,2020,100,100.0,100.0,0,reported
Rocky River,Credit Factor,2021,100,100.0,100.0,0,reported
Rocky River,Credit Factor,2022,100,100.0,100.0,0,reported
Rocky River,Credit Factor,2023,100,100.0,100.0,0,reported
Rocky River,Credit Factor,2024,100,100.0,100.0,0,reported
Rocky River,Credit Factor,2025,100,100.0,100.0,0,reported
Rocky River,Credit Rate,2016,1.50,1.5,1.5,0,reported
Rocky River,Credit Rate,2017,1.50,1.5,1.5,0,reported
Rocky River,Credit Rate,2018,1.50,1.5,1.5,0,reported
Rocky River,Credit Rate,2019,1.50,1.5,1.5,0,reported
Rocky River,Credit Rate,2020,1.50,1.5,1.5,0,reported
Rocky River,Credit Rate,2021,1.50,1.5,1.5,0,reported
Rocky River,Credit Rate,2022,1.50,1.5,1.5,0,reported
Rocky River,Credit Rate,2023,1.50,1.5,1.5,0,reported
Rocky River,Credit Rate,2024,1.50,1.5,1.5,0,reported
Rocky River,Credit Rate,2025,1.50,1.5,1.5,0,reported
Rossford,Tax Rate,2016,2.25,2.25,2.25,0,reported
Rossford,Tax Rate,2017,2.25,2.25,2.25,0,reported
Rossford,Tax Rate,2018,2.25,2.25,2.25,0,reported
Rossford,Tax Rate,2019,2.25,2.25,2.25,0,reported
Rossford,Tax Rate,2020,2.25,2.25,2.25,0,reported
Rossford,Tax Rate,2021,2.25,2.25,2.25,0,reported
Rossford,Tax Rate,2022,2.25,2.25,2.25,0,reported
Rossford,Tax Rate,2023,2.25,2.25,2.25,0,reported
Rossford,Tax Rate,2024,2.25,2.25,2.25,0,reported
Rossford,Tax Rate,2025,2.25,2.25,2.25,0,reported
Rossford,Credit Factor,2016,100,100.0,100.0,0,reported
Rossford,Credit Factor,2017,100,100.0,100.0,0,reported
Rossford,Credit Factor,2018,100,100.0,100.0,0,reported
Rossford,Credit Factor,2019,100,100.0,100.0,0,reported
Rossford,Credit Factor,2020,100,100.0,100.0,0,reported
Rossford,Credit Factor,2021,100,100.0,100.0,0,reported
Rossford,Credit Factor,2022,100,100.0,100.0,0,reported
Rossford,Credit Factor,2023,100,100.0,100.0,0,reported
Rossford,Credit Factor,2024,100,100.0,100.0,0,reported
Rossford,Credit Factor,2025,100,100.0,100.0,0,reported
Rossford,Credit Rate,2016,2.25,2.25,2.25,0,reported
Rossford,Credit Rate,2017,2.25,2.25,2.25,0,reported
Rossford,Credit Rate,2018,2.25,2.25,2.25,0,reported
Rossford,Credit Rate,2019,2.25,2.25,2.25,0,reported
Rossford,Credit Rate,2020,2.25,2.25,2.25,0,reported
Rossford,Credit Rate,2021,2.25,2.25,2.25,0,reported
Rossford,Credit Rate,2022,2.25,2.25,2.25,0,reported
Rossford,Credit Rate,2023,2.25,2.25,2.25,0,reported
Rossford,Credit Rate,2024,2.25,2.25,2.25,0,reported
Rossford,Credit Rate,2025,2.25,2.25,2.25,0,reported
Rush Twp Uhrichsville Jedd,Tax Rate,2016,1.75,1.75,1.75,0,reported
Rush Twp Uhrichsville Jedd,Tax Rate,2017,2.00/1.75,2.0,1.75,1,split_new_first
Rush Twp Uhrichsville Jedd,Tax Rate,2018,2.00,2.0,2.0,0,reported
Rush Twp Uhrichsville Jedd,Tax Rate,2019,2.00,2.0,2.0,0,reported
Rush Twp Uhrichsville Jedd,Tax Rate,2020,2.00,2.0,2.0,0,reported
Rush Twp Uhrichsville Jedd,Tax Rate,2021,2.00,2.0,2.0,0,reported
Rush Twp Uhrichsville Jedd,Tax Rate,2022,2.00,2.0,2.0,0,reported
Rush Twp Uhrichsville Jedd,Tax Rate,2023,2.00,2.0,2.0,0,reported
Rush Twp Uhrichsville Jedd,Tax Rate,2024,2.00,2.0,2.0,0,reported
Rush Twp Uhrichsville Jedd,Tax Rate,2025,2.00,2.0,2.0,0,reported
Rush Twp Uhrichsville Jedd,Credit Factor,2016,,,,0,absent
Rush Twp Uhrichsville Jedd,Credit Factor,2017,,,,0,absent
Rush Twp Uhrichsville Jedd,Credit Factor,2018,,,,0,absent
Rush Twp Uhrichsville Jedd,Credit Factor,2019,,,,0,absent
Rush Twp Uhrichsville Jedd,Credit Factor,2020,,,,0,absent
Rush Twp Uhrichsville Jedd,Credit Factor,2021,,,,0,absent
Rush Twp Uhrichsville Jedd,Credit Factor,2022,,,,0,absent
Rush Twp Uhrichsville Jedd,Credit Factor,2023,,,,0,absent
Rush Twp Uhrichsville Jedd,Credit Factor,2024,,,,0,absent
Rush Twp Uhrichsville Jedd,Credit Factor,2025,,,,0,absent
Rush Twp Uhrichsville Jedd,Credit Rate,2016,,,,0,absent
Rush Twp Uhrichsville Jedd,Credit Rate,2017,,,,0,absent
Rush Twp Uhrichsville Jedd,Credit Rate,2018,,,,0,absent
Rush Twp Uhrichsville Jedd,Credit Rate,2019,,,,0,absent
Rush Twp Uhrichsville Jedd,Credit Rate,2020,,,,0,absent
Rush Twp Uhrichsville Jedd,Credit Rate,2021,,,,0,absent
Rush Twp Uhrichsville Jedd,Credit Rate,2022,,,,0,absent
Rush Twp Uhrichsville Jedd,Credit Rate,2023,,,,0,absent
Rush Twp Uhrichsville Jedd,Credit Rate,2024,,,,0,absent
Rush Twp Uhrichsville Jedd,Credit Rate,2025,,,,0,absent
Rushville,Tax Rate,2016,-,,,0,not_member_or_no_tax
Rushville,Tax Rate,2017,-,,,0,not_member_or_no_tax
Rushville,Tax Rate,2018,-,,,0,not_member_or_no_tax
Rushville,Tax Rate,2019,-,,,0,not_member_or_no_tax
Rushville,Tax Rate,2020,-,,,0,not_member_or_no_tax
Rushville,Tax Rate,2021,-,,,0,not_member_or_no_tax
Rushville,Tax Rate,2022,-,,,0,not_member_or_no_tax
Rushville,Tax Rate,2023,-,,,0,not_member_or_no_tax
Rushville,Tax Rate,2024,-,,,0,not_member_or_no_tax
Rushville,Tax Rate,2025,1.00,1.0,1.0,0,reported
Rushville,Credit Factor,2016,-,,,0,not_member_or_no_tax
Rushville,Credit Factor,2017,-,,,0,not_member_or_no_tax
Rushville,Credit Factor,2018,-,,,0,not_member_or_no_tax
Rushville,Credit Factor,2019,-,,,0,not_member_or_no_tax
Rushville,Credit Factor,2020,-,,,0,not_member_or_no_tax
Rushville,Credit Factor,2021,-,,,0,not_member_or_no_tax
Rushville,Credit Factor,2022,-,,,0,not_member_or_no_tax
Rushville,Credit Factor,2023,-,,,0,not_member_or_no_tax
Rushville,Credit Factor,2024,-,,,0,not_member_or_no_tax
Rushville,Credit Factor,2025,-,0.0,0.0,0,dash_zero_inferred
Rushville,Credit Rate,2016,-,,,0,not_member_or_no_tax
Rushville,Credit Rate,2017,-,,,0,not_member_or_no_tax
Rushville,Credit Rate,2018,-,,,0,not_member_or_no_tax
Rushville,Credit Rate,2019,-,,,0,not_member_or_no_tax
Rushville,Credit Rate,2020,-,,,0,not_member_or_no_tax
Rushville,Credit Rate,2021,-,,,0,not_member_or_no_tax
Rushville,Credit Rate,2022,-,,,0,not_member_or_no_tax
Rushville,Credit Rate,2023,-,,,0,not_member_or_no_tax
Rushville,Credit Rate,2024,-,,,0,not_member_or_no_tax
Rushville,Credit Rate,2025,-,0.0,0.0,0,dash_zero_inferred
Rutland,Tax Rate,2016,-,,,0,not_member_or_no_tax
Rutland,Tax Rate,2017,-,,,0,not_member_or_no_tax
Rutland,Tax Rate,2018,-,,,0,not_member_or_no_tax
Rutland,Tax Rate,2019,-,,,0,not_member_or_no_tax
Rutland,Tax Rate,2020,-,,,0,not_member_or_no_tax
Rutland,Tax Rate,2021,-,,,0,not_member_or_no_tax
Rutland,Tax Rate,2022,-,,,0,not_member_or_no_tax
Rutland,Tax Rate,2023,1.00,1.0,1.0,0,reported
Rutland,Tax Rate,2024,1.00,1.0,1.0,0,reported
Rutland,Tax Rate,2025,1.00,1.0,1.0,0,reported
Rutland,Credit Factor,2016,-,,,0,not_member_or_no_tax
Rutland,Credit Factor,2017,-,,,0,not_member_or_no_tax
Rutland,Credit Factor,2018,-,,,0,not_member_or_no_tax
Rutland,Credit Factor,2019,-,,,0,not_member_or_no_tax
Rutland,Credit Factor,2020,-,,,0,not_member_or_no_tax
Rutland,Credit Factor,2021,-,,,0,not_member_or_no_tax
Rutland,Credit Factor,2022,-,,,0,not_member_or_no_tax
Rutland,Credit Factor,2023,75,75.0,75.0,0,reported
Rutland,Credit Factor,2024,75,75.0,75.0,0,reported
Rutland,Credit Factor,2025,75,75.0,75.0,0,reported
Rutland,Credit Rate,2016,-,,,0,not_member_or_no_tax
Rutland,Credit Rate,2017,-,,,0,not_member_or_no_tax
Rutland,Credit Rate,2018,-,,,0,not_member_or_no_tax
Rutland,Credit Rate,2019,-,,,0,not_member_or_no_tax
Rutland,Credit Rate,2020,-,,,0,not_member_or_no_tax
Rutland,Credit Rate,2021,-,,,0,not_member_or_no_tax
Rutland,Credit Rate,2022,-,,,0,not_member_or_no_tax
Rutland,Credit Rate,2023,1.00,1.0,1.0,0,reported
Rutland,Credit Rate,2024,1.00,1.0,1.0,0,reported
Rutland,Credit Rate,2025,1.00,1.0,1.0,0,reported
Sabina,Tax Rate,2016,1.00,1.0,1.0,0,reported
Sabina,Tax Rate,2017,1.50/1.00,1.5,1.0,1,split_new_first
Sabina,Tax Rate,2018,1.50,1.5,1.5,0,reported
Sabina,Tax Rate,2019,1.50,1.5,1.5,0,reported
Sabina,Tax Rate,2020,1.50,1.5,1.5,0,reported
Sabina,Tax Rate,2021,1.50,1.5,1.5,0,reported
Sabina,Tax Rate,2022,1.50,1.5,1.5,0,reported
Sabina,Tax Rate,2023,1.50,1.5,1.5,0,reported
Sabina,Tax Rate,2024,1.50,1.5,1.5,0,reported
Sabina,Tax Rate,2025,1.50,1.5,1.5,0,reported
Sabina,Credit Factor,2016,50,50.0,50.0,0,reported
Sabina,Credit Factor,2017,50,50.0,50.0,0,reported
Sabina,Credit Factor,2018,50,50.0,50.0,0,reported
Sabina,Credit Factor,2019,50,50.0,50.0,0,reported
Sabina,Credit Factor,2020,50,50.0,50.0,0,reported
Sabina,Credit Factor,2021,50,50.0,50.0,0,reported
Sabina,Credit Factor,2022,50,50.0,50.0,0,reported
Sabina,Credit Factor,2023,50,50.0,50.0,0,reported
Sabina,Credit Factor,2024,50,50.0,50.0,0,reported
Sabina,Credit Factor,2025,50,50.0,50.0,0,reported
Sabina,Credit Rate,2016,1.00,1.0,1.0,0,reported
Sabina,Credit Rate,2017,1.50/1.00,1.5,1.0,1,split_new_first
Sabina,Credit Rate,2018,1.50,1.5,1.5,0,reported
Sabina,Credit Rate,2019,1.50,1.5,1.5,0,reported
Sabina,Credit Rate,2020,1.50,1.5,1.5,0,reported
Sabina,Credit Rate,2021,1.50,1.5,1.5,0,reported
Sabina,Credit Rate,2022,1.50,1.5,1.5,0,reported
Sabina,Credit Rate,2023,1.50,1.5,1.5,0,reported
Sabina,Credit Rate,2024,1.50,1.5,1.5,0,reported
Sabina,Credit Rate,2025,1.50,1.5,1.5,0,reported
Saint Clairsville,Tax Rate,2016,0.75,0.75,0.75,0,reported
Saint Clairsville,Tax Rate,2017,0.75,0.75,0.75,0,reported
Saint Clairsville,Tax Rate,2018,0.75,0.75,0.75,0,reported
Saint Clairsville,Tax Rate,2019,0.75,0.75,0.75,0,reported
Saint Clairsville,Tax Rate,2020,0.75,0.75,0.75,0,reported
Saint Clairsville,Tax Rate,2021,0.75,0.75,0.75,0,reported
Saint Clairsville,Tax Rate,2022,0.75,0.75,0.75,0,reported
Saint Clairsville,Tax Rate,2023,0.75,0.75,0.75,0,reported
Saint Clairsville,Tax Rate,2024,0.75,0.75,0.75,0,reported
Saint Clairsville,Tax Rate,2025,0.75,0.75,0.75,0,reported
Saint Clairsville,Credit Factor,2016,50,50.0,50.0,0,reported
Saint Clairsville,Credit Factor,2017,50,50.0,50.0,0,reported
Saint Clairsville,Credit Factor,2018,50,50.0,50.0,0,reported
Saint Clairsville,Credit Factor,2019,50,50.0,50.0,0,reported
Saint Clairsville,Credit Factor,2020,50,50.0,50.0,0,reported
Saint Clairsville,Credit Factor,2021,50,50.0,50.0,0,reported
Saint Clairsville,Credit Factor,2022,50,50.0,50.0,0,reported
Saint Clairsville,Credit Factor,2023,50,50.0,50.0,0,reported
Saint Clairsville,Credit Factor,2024,50,50.0,50.0,0,reported
Saint Clairsville,Credit Factor,2025,50,50.0,50.0,0,reported
Saint Clairsville,Credit Rate,2016,0.75,0.75,0.75,0,reported
Saint Clairsville,Credit Rate,2017,0.75,0.75,0.75,0,reported
Saint Clairsville,Credit Rate,2018,0.75,0.75,0.75,0,reported
Saint Clairsville,Credit Rate,2019,0.75,0.75,0.75,0,reported
Saint Clairsville,Credit Rate,2020,0.75,0.75,0.75,0,reported
Saint Clairsville,Credit Rate,2021,0.75,0.75,0.75,0,reported
Saint Clairsville,Credit Rate,2022,0.75,0.75,0.75,0,reported
Saint Clairsville,Credit Rate,2023,0.75,0.75,0.75,0,reported
Saint Clairsville,Credit Rate,2024,0.75,0.75,0.75,0,reported
Saint Clairsville,Credit Rate,2025,0.75,0.75,0.75,0,reported
Saint Paris,Tax Rate,2016,1.00,1.0,1.0,0,reported
Saint Paris,Tax Rate,2017,1.00,1.0,1.0,0,reported
Saint Paris,Tax Rate,2018,1.00,1.0,1.0,0,reported
Saint Paris,Tax Rate,2019,1.00,1.0,1.0,0,reported
Saint Paris,Tax Rate,2020,1.00,1.0,1.0,0,reported
Saint Paris,Tax Rate,2021,1.00,1.0,1.0,0,reported
Saint Paris,Tax Rate,2022,1.00,1.0,1.0,0,reported
Saint Paris,Tax Rate,2023,1.00,1.0,1.0,0,reported
Saint Paris,Tax Rate,2024,1.00,1.0,1.0,0,reported
Saint Paris,Tax Rate,2025,1.00,1.0,1.0,0,reported
Saint Paris,Credit Factor,2016,100,100.0,100.0,0,reported
Saint Paris,Credit Factor,2017,-,0.0,0.0,0,dash_zero_inferred
Saint Paris,Credit Factor,2018,-,0.0,0.0,0,dash_zero_inferred
Saint Paris,Credit Factor,2019,-,0.0,0.0,0,dash_zero_inferred
Saint Paris,Credit Factor,2020,-,0.0,0.0,0,dash_zero_inferred
Saint Paris,Credit Factor,2021,-,0.0,0.0,0,dash_zero_inferred
Saint Paris,Credit Factor,2022,-,0.0,0.0,0,dash_zero_inferred
Saint Paris,Credit Factor,2023,-,0.0,0.0,0,dash_zero_inferred
Saint Paris,Credit Factor,2024,-,0.0,0.0,0,dash_zero_inferred
Saint Paris,Credit Factor,2025,-,0.0,0.0,0,dash_zero_inferred
Saint Paris,Credit Rate,2016,1.00,1.0,1.0,0,reported
Saint Paris,Credit Rate,2017,-,0.0,0.0,0,dash_zero_inferred
Saint Paris,Credit Rate,2018,-,0.0,0.0,0,dash_zero_inferred
Saint Paris,Credit Rate,2019,-,0.0,0.0,0,dash_zero_inferred
Saint Paris,Credit Rate,2020,-,0.0,0.0,0,dash_zero_inferred
Saint Paris,Credit Rate,2021,-,0.0,0.0,0,dash_zero_inferred
Saint Paris,Credit Rate,2022,-,0.0,0.0,0,dash_zero_inferred
Saint Paris,Credit Rate,2023,-,0.0,0.0,0,dash_zero_inferred
Saint Paris,Credit Rate,2024,-,0.0,0.0,0,dash_zero_inferred
Saint Paris,Credit Rate,2025,-,0.0,0.0,0,dash_zero_inferred
Salem,Tax Rate,2016,-,,,0,not_member_or_no_tax
Salem,Tax Rate,2017,-,,,0,not_member_or_no_tax
Salem,Tax Rate,2018,-,,,0,not_member_or_no_tax
Salem,Tax Rate,2019,-,,,0,not_member_or_no_tax
Salem,Tax Rate,2020,-,,,0,not_member_or_no_tax
Salem,Tax Rate,2021,1.25,1.25,1.25,0,reported
Salem,Tax Rate,2022,1.25,1.25,1.25,0,reported
Salem,Tax Rate,2023,1.25,1.25,1.25,0,reported
Salem,Tax Rate,2024,1.25,1.25,1.25,0,reported
Salem,Tax Rate,2025,1.25,1.25,1.25,0,reported
Salem,Credit Factor,2016,-,,,0,not_member_or_no_tax
Salem,Credit Factor,2017,-,,,0,not_member_or_no_tax
Salem,Credit Factor,2018,-,,,0,not_member_or_no_tax
Salem,Credit Factor,2019,-,,,0,not_member_or_no_tax
Salem,Credit Factor,2020,-,,,0,not_member_or_no_tax
Salem,Credit Factor,2021,100,100.0,100.0,0,reported
Salem,Credit Factor,2022,100,100.0,100.0,0,reported
Salem,Credit Factor,2023,100,100.0,100.0,0,reported
Salem,Credit Factor,2024,100,100.0,100.0,0,reported
Salem,Credit Factor,2025,100,100.0,100.0,0,reported
Salem,Credit Rate,2016,-,,,0,not_member_or_no_tax
Salem,Credit Rate,2017,-,,,0,not_member_or_no_tax
Salem,Credit Rate,2018,-,,,0,not_member_or_no_tax
Salem,Credit Rate,2019,-,,,0,not_member_or_no_tax
Salem,Credit Rate,2020,-,,,0,not_member_or_no_tax
Salem,Credit Rate,2021,1.25,1.25,1.25,0,reported
Salem,Credit Rate,2022,1.25,1.25,1.25,0,reported
Salem,Credit Rate,2023,1.25,1.25,1.25,0,reported
Salem,Credit Rate,2024,1.25,1.25,1.25,0,reported
Salem,Credit Rate,2025,1.25,1.25,1.25,0,reported
Salineville,Tax Rate,2016,1.00,1.0,1.0,0,reported
Salineville,Tax Rate,2017,1.00,1.0,1.0,0,reported
Salineville,Tax Rate,2018,1.00,1.0,1.0,0,reported
Salineville,Tax Rate,2019,1.00,1.0,1.0,0,reported
Salineville,Tax Rate,2020,1.00,1.0,1.0,0,reported
Salineville,Tax Rate,2021,1.00,1.0,1.0,0,reported
Salineville,Tax Rate,2022,1.00,1.0,1.0,0,reported
Salineville,Tax Rate,2023,1.00,1.0,1.0,0,reported
Salineville,Tax Rate,2024,1.00,1.0,1.0,0,reported
Salineville,Tax Rate,2025,1.00,1.0,1.0,0,reported
Salineville,Credit Factor,2016,-,0.0,0.0,0,dash_zero_inferred
Salineville,Credit Factor,2017,-,0.0,0.0,0,dash_zero_inferred
Salineville,Credit Factor,2018,-,0.0,0.0,0,dash_zero_inferred
Salineville,Credit Factor,2019,-,0.0,0.0,0,dash_zero_inferred
Salineville,Credit Factor,2020,-,0.0,0.0,0,dash_zero_inferred
Salineville,Credit Factor,2021,-,0.0,0.0,0,dash_zero_inferred
Salineville,Credit Factor,2022,-,0.0,0.0,0,dash_zero_inferred
Salineville,Credit Factor,2023,-,0.0,0.0,0,dash_zero_inferred
Salineville,Credit Factor,2024,-,0.0,0.0,0,dash_zero_inferred
Salineville,Credit Factor,2025,-,0.0,0.0,0,dash_zero_inferred
Salineville,Credit Rate,2016,-,0.0,0.0,0,dash_zero_inferred
Salineville,Credit Rate,2017,-,0.0,0.0,0,dash_zero_inferred
Salineville,Credit Rate,2018,-,0.0,0.0,0,dash_zero_inferred
Salineville,Credit Rate,2019,-,0.0,0.0,0,dash_zero_inferred
Salineville,Credit Rate,2020,-,0.0,0.0,0,dash_zero_inferred
Salineville,Credit Rate,2021,-,0.0,0.0,0,dash_zero_inferred
Salineville,Credit Rate,2022,-,0.0,0.0,0,dash_zero_inferred
Salineville,Credit Rate,2023,-,0.0,0.0,0,dash_zero_inferred
Salineville,Credit Rate,2024,-,0.0,0.0,0,dash_zero_inferred
Salineville,Credit Rate,2025,-,0.0,0.0,0,dash_zero_inferred
Sandusky,Tax Rate,2016,1.25,1.25,1.25,0,reported
Sandusky,Tax Rate,2017,1.25,1.25,1.25,0,reported
Sandusky,Tax Rate,2018,1.25,1.25,1.25,0,reported
Sandusky,Tax Rate,2019,1.25,1.25,1.25,0,reported
Sandusky,Tax Rate,2020,1.25,1.25,1.25,0,reported
Sandusky,Tax Rate,2021,1.25,1.25,1.25,0,reported
Sandusky,Tax Rate,2022,1.25,1.25,1.25,0,reported
Sandusky,Tax Rate,2023,1.25,1.25,1.25,0,reported
Sandusky,Tax Rate,2024,1.25,1.25,1.25,0,reported
Sandusky,Tax Rate,2025,1.25,1.25,1.25,0,reported
Sandusky,Credit Factor,2016,-,0.0,0.0,0,dash_zero_inferred
Sandusky,Credit Factor,2017,-,0.0,0.0,0,dash_zero_inferred
Sandusky,Credit Factor,2018,-,0.0,0.0,0,dash_zero_inferred
Sandusky,Credit Factor,2019,-,0.0,0.0,0,dash_zero_inferred
Sandusky,Credit Factor,2020,-,0.0,0.0,0,dash_zero_inferred
Sandusky,Credit Factor,2021,-,0.0,0.0,0,dash_zero_inferred
Sandusky,Credit Factor,2022,-,0.0,0.0,0,dash_zero_inferred
Sandusky,Credit Factor,2023,-,0.0,0.0,0,dash_zero_inferred
Sandusky,Credit Factor,2024,-,0.0,0.0,0,dash_zero_inferred
Sandusky,Credit Factor,2025,-,0.0,0.0,0,dash_zero_inferred
Sandusky,Credit Rate,2016,-,0.0,0.0,0,dash_zero_inferred
Sandusky,Credit Rate,2017,-,0.0,0.0,0,dash_zero_inferred
Sandusky,Credit Rate,2018,-,0.0,0.0,0,dash_zero_inferred
Sandusky,Credit Rate,2019,-,0.0,0.0,0,dash_zero_inferred
Sandusky,Credit Rate,2020,-,0.0,0.0,0,dash_zero_inferred
Sandusky,Credit Rate,2021,-,0.0,0.0,0,dash_zero_inferred
Sandusky,Credit Rate,2022,-,0.0,0.0,0,dash_zero_inferred
Sandusky,Credit Rate,2023,-,0.0,0.0,0,dash_zero_inferred
Sandusky,Credit Rate,2024,-,0.0,0.0,0,dash_zero_inferred
Sandusky,Credit Rate,2025,-,0.0,0.0,0,dash_zero_inferred
Sardinia,Tax Rate,2016,1.00,1.0,1.0,0,reported
Sardinia,Tax Rate,2017,1.00,1.0,1.0,0,reported
Sardinia,Tax Rate,2018,1.00,1.0,1.0,0,reported
Sardinia,Tax Rate,2019,1.00,1.0,1.0,0,reported
Sardinia,Tax Rate,2020,1.00,1.0,1.0,0,reported
Sardinia,Tax Rate,2021,1.00,1.0,1.0,0,reported
Sardinia,Tax Rate,2022,1.00,1.0,1.0,0,reported
Sardinia,Tax Rate,2023,1.00,1.0,1.0,0,reported
Sardinia,Tax Rate,2024,1.00,1.0,1.0,0,reported
Sardinia,Tax Rate,2025,1.00,1.0,1.0,0,reported
Sardinia,Credit Factor,2016,-,0.0,0.0,0,dash_zero_inferred
Sardinia,Credit Factor,2017,-,0.0,0.0,0,dash_zero_inferred
Sardinia,Credit Factor,2018,-,0.0,0.0,0,dash_zero_inferred
Sardinia,Credit Factor,2019,-,0.0,0.0,0,dash_zero_inferred
Sardinia,Credit Factor,2020,-,0.0,0.0,0,dash_zero_inferred
Sardinia,Credit Factor,2021,-,0.0,0.0,0,dash_zero_inferred
Sardinia,Credit Factor,2022,-,0.0,0.0,0,dash_zero_inferred
Sardinia,Credit Factor,2023,-,0.0,0.0,0,dash_zero_inferred
Sardinia,Credit Factor,2024,-,0.0,0.0,0,dash_zero_inferred
Sardinia,Credit Factor,2025,-,0.0,0.0,0,dash_zero_inferred
Sardinia,Credit Rate,2016,-,0.0,0.0,0,dash_zero_inferred
Sardinia,Credit Rate,2017,-,0.0,0.0,0,dash_zero_inferred
Sardinia,Credit Rate,2018,-,0.0,0.0,0,dash_zero_inferred
Sardinia,Credit Rate,2019,-,0.0,0.0,0,dash_zero_inferred
Sardinia,Credit Rate,2020,-,0.0,0.0,0,dash_zero_inferred
Sardinia,Credit Rate,2021,-,0.0,0.0,0,dash_zero_inferred
Sardinia,Credit Rate,2022,-,0.0,0.0,0,dash_zero_inferred
Sardinia,Credit Rate,2023,-,0.0,0.0,0,dash_zero_inferred
Sardinia,Credit Rate,2024,-,0.0,0.0,0,dash_zero_inferred
Sardinia,Credit Rate,2025,-,0.0,0.0,0,dash_zero_inferred
Scioto Twp Jedd,Tax Rate,2016,2.00,2.0,2.0,0,reported
Scioto Twp Jedd,Tax Rate,2017,2.00,2.0,2.0,0,reported
Scioto Twp Jedd,Tax Rate,2018,2.00,2.0,2.0,0,reported
Scioto Twp Jedd,Tax Rate,2019,2.00,2.0,2.0,0,reported
Scioto Twp Jedd,Tax Rate,2020,2.00,2.0,2.0,0,reported
Scioto Twp Jedd,Tax Rate,2021,2.00,2.0,2.0,0,reported
Scioto Twp Jedd,Tax Rate,2022,2.00,2.0,2.0,0,reported
Scioto Twp Jedd,Tax Rate,2023,2.00,2.0,2.0,0,reported
Scioto Twp Jedd,Tax Rate,2024,2.00,2.0,2.0,0,reported
Scioto Twp Jedd,Tax Rate,2025,2.00,2.0,2.0,0,reported
Scioto Twp Jedd,Credit Factor,2016,,,,0,absent
Scioto Twp Jedd,Credit Factor,2017,,,,0,absent
Scioto Twp Jedd,Credit Factor,2018,,,,0,absent
Scioto Twp Jedd,Credit Factor,2019,,,,0,absent
Scioto Twp Jedd,Credit Factor,2020,,,,0,absent
Scioto Twp Jedd,Credit Factor,2021,,,,0,absent
Scioto Twp Jedd,Credit Factor,2022,,,,0,absent
Scioto Twp Jedd,Credit Factor,2023,,,,0,absent
Scioto Twp Jedd,Credit Factor,2024,,,,0,absent
Scioto Twp Jedd,Credit Factor,2025,,,,0,absent
Scioto Twp Jedd,Credit Rate,2016,,,,0,absent
Scioto Twp Jedd,Credit Rate,2017,,,,0,absent
Scioto Twp Jedd,Credit Rate,2018,,,,0,absent
Scioto Twp Jedd,Credit Rate,2019,,,,0,absent
Scioto Twp Jedd,Credit Rate,2020,,,,0,absent
Scioto Twp Jedd,Credit Rate,2021,,,,0,absent
Scioto Twp Jedd,Credit Rate,2022,,,,0,absent
Scioto Twp Jedd,Credit Rate,2023,,,,0,absent
Scioto Twp Jedd,Credit Rate,2024,,,,0,absent
Scioto Twp Jedd,Credit Rate,2025,,,,0,absent
Sebring,Tax Rate,2016,-,,,0,not_member_or_no_tax
Sebring,Tax Rate,2017,-,,,0,not_member_or_no_tax
Sebring,Tax Rate,2018,2.00,2.0,2.0,0,reported
Sebring,Tax Rate,2019,2.00,2.0,2.0,0,reported
Sebring,Tax Rate,2020,2.00,2.0,2.0,0,reported
Sebring,Tax Rate,2021,2.00,2.0,2.0,0,reported
Sebring,Tax Rate,2022,2.00,2.0,2.0,0,reported
Sebring,Tax Rate,2023,2.00,2.0,2.0,0,reported
Sebring,Tax Rate,2024,2.00,2.0,2.0,0,reported
Sebring,Tax Rate,2025,2.00,2.0,2.0,0,reported
Sebring,Credit Factor,2016,-,,,0,not_member_or_no_tax
Sebring,Credit Factor,2017,-,,,0,not_member_or_no_tax
Sebring,Credit Factor,2018,100,100.0,100.0,0,reported
Sebring,Credit Factor,2019,100,100.0,100.0,0,reported
Sebring,Credit Factor,2020,100,100.0,100.0,0,reported
Sebring,Credit Factor,2021,100,100.0,100.0,0,reported
Sebring,Credit Factor,2022,100,100.0,100.0,0,reported
Sebring,Credit Factor,2023,100,100.0,100.0,0,reported
Sebring,Credit Factor,2024,100,100.0,100.0,0,reported
Sebring,Credit Factor,2025,100,100.0,100.0,0,reported
Sebring,Credit Rate,2016,-,,,0,not_member_or_no_tax
Sebring,Credit Rate,2017,-,,,0,not_member_or_no_tax
Sebring,Credit Rate,2018,2.00,2.0,2.0,0,reported
Sebring,Credit Rate,2019,2.00,2.0,2.0,0,reported
Sebring,Credit Rate,2020,2.00,2.0,2.0,0,reported
Sebring,Credit Rate,2021,2.00,2.0,2.0,0,reported
Sebring,Credit Rate,2022,2.00,2.0,2.0,0,reported
Sebring,Credit Rate,2023,2.00,2.0,2.0,0,reported
Sebring,Credit Rate,2024,2.00,2.0,2.0,0,reported
Sebring,Credit Rate,2025,2.00,2.0,2.0,0,reported
Seven Hills,Tax Rate,2016,2.00,2.0,2.0,0,reported
Seven Hills,Tax Rate,2017,2.50,2.5,2.5,0,reported
Seven Hills,Tax Rate,2018,2.50,2.5,2.5,0,reported
Seven Hills,Tax Rate,2019,2.50,2.5,2.5,0,reported
Seven Hills,Tax Rate,2020,2.50,2.5,2.5,0,reported
Seven Hills,Tax Rate,2021,2.50,2.5,2.5,0,reported
Seven Hills,Tax Rate,2022,2.50,2.5,2.5,0,reported
Seven Hills,Tax Rate,2023,2.50,2.5,2.5,0,reported
Seven Hills,Tax Rate,2024,2.50,2.5,2.5,0,reported
Seven Hills,Tax Rate,2025,2.50,2.5,2.5,0,reported
Seven Hills,Credit Factor,2016,100,100.0,100.0,0,reported
Seven Hills,Credit Factor,2017,100,100.0,100.0,0,reported
Seven Hills,Credit Factor,2018,100,100.0,100.0,0,reported
Seven Hills,Credit Factor,2019,100,100.0,100.0,0,reported
Seven Hills,Credit Factor,2020,100,100.0,100.0,0,reported
Seven Hills,Credit Factor,2021,100,100.0,100.0,0,reported
Seven Hills,Credit Factor,2022,100,100.0,100.0,0,reported
Seven Hills,Credit Factor,2023,100,100.0,100.0,0,reported
Seven Hills,Credit Factor,2024,100,100.0,100.0,0,reported
Seven Hills,Credit Factor,2025,100,100.0,100.0,0,reported
Seven Hills,Credit Rate,2016,1.10,1.1,1.1,0,reported
Seven Hills,Credit Rate,2017,1.65,1.65,1.65,0,reported
Seven Hills,Credit Rate,2018,1.65,1.65,1.65,0,reported
Seven Hills,Credit Rate,2019,1.65,1.65,1.65,0,reported
Seven Hills,Credit Rate,2020,1.65,1.65,1.65,0,reported
Seven Hills,Credit Rate,2021,1.65,1.65,1.65,0,reported
Seven Hills,Credit Rate,2022,1.65,1.65,1.65,0,reported
Seven Hills,Credit Rate,2023,1.65,1.65,1.65,0,reported
Seven Hills,Credit Rate,2024,1.65,1.65,1.65,0,reported
Seven Hills,Credit Rate,2025,1.65,1.65,1.65,0,reported
Shaker Heights,Tax Rate,2016,2.25,2.25,2.25,0,reported
Shaker Heights,Tax Rate,2017,2.25,2.25,2.25,0,reported
Shaker Heights,Tax Rate,2018,2.25,2.25,2.25,0,reported
Shaker Heights,Tax Rate,2019,2.25,2.25,2.25,0,reported
Shaker Heights,Tax Rate,2020,2.25,2.25,2.25,0,reported
Shaker Heights,Tax Rate,2021,2.25,2.25,2.25,0,reported
Shaker Heights,Tax Rate,2022,2.25,2.25,2.25,0,reported
Shaker Heights,Tax Rate,2023,2.25,2.25,2.25,0,reported
Shaker Heights,Tax Rate,2024,2.25,2.25,2.25,0,reported
Shaker Heights,Tax Rate,2025,2.25,2.25,2.25,0,reported
Shaker Heights,Credit Factor,2016,50,50.0,50.0,0,reported
Shaker Heights,Credit Factor,2017,50,50.0,50.0,0,reported
Shaker Heights,Credit Factor,2018,50,50.0,50.0,0,reported
Shaker Heights,Credit Factor,2019,50,50.0,50.0,0,reported
Shaker Heights,Credit Factor,2020,50,50.0,50.0,0,reported
Shaker Heights,Credit Factor,2021,50,50.0,50.0,0,reported
Shaker Heights,Credit Factor,2022,50,50.0,50.0,0,reported
Shaker Heights,Credit Factor,2023,50,50.0,50.0,0,reported
Shaker Heights,Credit Factor,2024,50,50.0,50.0,0,reported
Shaker Heights,Credit Factor,2025,50,50.0,50.0,0,reported
Shaker Heights,Credit Rate,2016,1.00,1.0,1.0,0,reported
Shaker Heights,Credit Rate,2017,1.00,1.0,1.0,0,reported
Shaker Heights,Credit Rate,2018,1.00,1.0,1.0,0,reported
Shaker Heights,Credit Rate,2019,1.00,1.0,1.0,0,reported
Shaker Heights,Credit Rate,2020,1.00,1.0,1.0,0,reported
Shaker Heights,Credit Rate,2021,1.00,1.0,1.0,0,reported
Shaker Heights,Credit Rate,2022,1.00,1.0,1.0,0,reported
Shaker Heights,Credit Rate,2023,1.00,1.0,1.0,0,reported
Shaker Heights,Credit Rate,2024,1.00,1.0,1.0,0,reported
Shaker Heights,Credit Rate,2025,1.00,1.0,1.0,0,reported
Shalersville Twp JEDD,Tax Rate,2016,-,,,0,not_member_or_no_tax
Shalersville Twp JEDD,Tax Rate,2017,-,,,0,not_member_or_no_tax
Shalersville Twp JEDD,Tax Rate,2018,-,,,0,not_member_or_no_tax
Shalersville Twp JEDD,Tax Rate,2019,-,,,0,not_member_or_no_tax
Shalersville Twp JEDD,Tax Rate,2020,-,,,0,not_member_or_no_tax
Shalersville Twp JEDD,Tax Rate,2021,-,,,0,not_member_or_no_tax
Shalersville Twp JEDD,Tax Rate,2022,2.00/-,2.0,0.0,1,split_new_first
Shalersville Twp JEDD,Tax Rate,2023,2.00,2.0,2.0,0,reported
Shalersville Twp JEDD,Tax Rate,2024,2.00,2.0,2.0,0,reported
Shalersville Twp JEDD,Tax Rate,2025,2.00,2.0,2.0,0,reported
Shalersville Twp JEDD,Credit Factor,2016,,,,0,absent
Shalersville Twp JEDD,Credit Factor,2017,,,,0,absent
Shalersville Twp JEDD,Credit Factor,2018,,,,0,absent
Shalersville Twp JEDD,Credit Factor,2019,,,,0,absent
Shalersville Twp JEDD,Credit Factor,2020,,,,0,absent
Shalersville Twp JEDD,Credit Factor,2021,,,,0,absent
Shalersville Twp JEDD,Credit Factor,2022,,,,0,absent
Shalersville Twp JEDD,Credit Factor,2023,,,,0,absent
Shalersville Twp JEDD,Credit Factor,2024,,,,0,absent
Shalersville Twp JEDD,Credit Factor,2025,,,,0,absent
Shalersville Twp JEDD,Credit Rate,2016,,,,0,absent
Shalersville Twp JEDD,Credit Rate,2017,,,,0,absent
Shalersville Twp JEDD,Credit Rate,2018,,,,0,absent
Shalersville Twp JEDD,Credit Rate,2019,,,,0,absent
Shalersville Twp JEDD,Credit Rate,2020,,,,0,absent
Shalersville Twp JEDD,Credit Rate,2021,,,,0,absent
Shalersville Twp JEDD,Credit Rate,2022,,,,0,absent
Shalersville Twp JEDD,Credit Rate,2023,,,,0,absent
Shalersville Twp JEDD,Credit Rate,2024,,,,0,absent
Shalersville Twp JEDD,Credit Rate,2025,,,,0,absent
Sharon TWP Jedd,Tax Rate,2016,-,,,0,not_member_or_no_tax
Sharon TWP Jedd,Tax Rate,2017,-,,,0,not_member_or_no_tax
Sharon TWP Jedd,Tax Rate,2018,-,,,0,not_member_or_no_tax
Sharon TWP Jedd,Tax Rate,2019,-,,,0,not_member_or_no_tax
Sharon TWP Jedd,Tax Rate,2020,-,,,0,not_member_or_no_tax
Sharon TWP Jedd,Tax Rate,2021,2.50,2.5,2.5,0,reported
Sharon TWP Jedd,Tax Rate,2022,2.50,2.5,2.5,0,reported
Sharon TWP Jedd,Tax Rate,2023,2.50,2.5,2.5,0,reported
Sharon TWP Jedd,Tax Rate,2024,2.50,2.5,2.5,0,reported
Sharon TWP Jedd,Tax Rate,2025,2.50,2.5,2.5,0,reported
Sharon TWP Jedd,Credit Factor,2016,,,,0,absent
Sharon TWP Jedd,Credit Factor,2017,,,,0,absent
Sharon TWP Jedd,Credit Factor,2018,,,,0,absent
Sharon TWP Jedd,Credit Factor,2019,,,,0,absent
Sharon TWP Jedd,Credit Factor,2020,,,,0,absent
Sharon TWP Jedd,Credit Factor,2021,,,,0,absent
Sharon TWP Jedd,Credit Factor,2022,,,,0,absent
Sharon TWP Jedd,Credit Factor,2023,,,,0,absent
Sharon TWP Jedd,Credit Factor,2024,,,,0,absent
Sharon TWP Jedd,Credit Factor,2025,,,,0,absent
Sharon TWP Jedd,Credit Rate,2016,,,,0,absent
Sharon TWP Jedd,Credit Rate,2017,,,,0,absent
Sharon TWP Jedd,Credit Rate,2018,,,,0,absent
Sharon TWP Jedd,Credit Rate,2019,,,,0,absent
Sharon TWP Jedd,Credit Rate,2020,,,,0,absent
Sharon TWP Jedd,Credit Rate,2021,,,,0,absent
Sharon TWP Jedd,Credit Rate,2022,,,,0,absent
Sharon TWP Jedd,Credit Rate,2023,,,,0,absent
Sharon TWP Jedd,Credit Rate,2024,,,,0,absent
Sharon TWP Jedd,Credit Rate,2025,,,,0,absent
Shawnee Hills,Tax Rate,2016,2.00,2.0,2.0,0,reported
Shawnee Hills,Tax Rate,2017,2.00,2.0,2.0,0,reported
Shawnee Hills,Tax Rate,2018,2.00,2.0,2.0,0,reported
Shawnee Hills,Tax Rate,2019,2.00,2.0,2.0,0,reported
Shawnee Hills,Tax Rate,2020,2.00,2.0,2.0,0,reported
Shawnee Hills,Tax Rate,2021,2.00,2.0,2.0,0,reported
Shawnee Hills,Tax Rate,2022,2.00,2.0,2.0,0,reported
Shawnee Hills,Tax Rate,2023,2.00,2.0,2.0,0,reported
Shawnee Hills,Tax Rate,2024,2.00,2.0,2.0,0,reported
Shawnee Hills,Tax Rate,2025,2.00,2.0,2.0,0,reported
Shawnee Hills,Credit Factor,2016,100,100.0,100.0,0,reported
Shawnee Hills,Credit Factor,2017,100,100.0,100.0,0,reported
Shawnee Hills,Credit Factor,2018,100,100.0,100.0,0,reported
Shawnee Hills,Credit Factor,2019,100,100.0,100.0,0,reported
Shawnee Hills,Credit Factor,2020,100,100.0,100.0,0,reported
Shawnee Hills,Credit Factor,2021,100,100.0,100.0,0,reported
Shawnee Hills,Credit Factor,2022,100,100.0,100.0,0,reported
Shawnee Hills,Credit Factor,2023,100,100.0,100.0,0,reported
Shawnee Hills,Credit Factor,2024,100,100.0,100.0,0,reported
Shawnee Hills,Credit Factor,2025,100,100.0,100.0,0,reported
Shawnee Hills,Credit Rate,2016,1.75,1.75,1.75,0,reported
Shawnee Hills,Credit Rate,2017,1.75,1.75,1.75,0,reported
Shawnee Hills,Credit Rate,2018,1.75,1.75,1.75,0,reported
Shawnee Hills,Credit Rate,2019,1.75,1.75,1.75,0,reported
Shawnee Hills,Credit Rate,2020,1.75,1.75,1.75,0,reported
Shawnee Hills,Credit Rate,2021,1.75,1.75,1.75,0,reported
Shawnee Hills,Credit Rate,2022,1.75,1.75,1.75,0,reported
Shawnee Hills,Credit Rate,2023,1.75,1.75,1.75,0,reported
Shawnee Hills,Credit Rate,2024,1.75,1.75,1.75,0,reported
Shawnee Hills,Credit Rate,2025,1.75,1.75,1.75,0,reported
Sheffield Lake,Tax Rate,2016,2.00,2.0,2.0,0,reported
Sheffield Lake,Tax Rate,2017,2.00,2.0,2.0,0,reported
Sheffield Lake,Tax Rate,2018,2.00,2.0,2.0,0,reported
Sheffield Lake,Tax Rate,2019,2.00,2.0,2.0,0,reported
Sheffield Lake,Tax Rate,2020,2.00,2.0,2.0,0,reported
Sheffield Lake,Tax Rate,2021,2.00,2.0,2.0,0,reported
Sheffield Lake,Tax Rate,2022,2.00,2.0,2.0,0,reported
Sheffield Lake,Tax Rate,2023,2.00,2.0,2.0,0,reported
Sheffield Lake,Tax Rate,2024,2.00,2.0,2.0,0,reported
Sheffield Lake,Tax Rate,2025,2.00,2.0,2.0,0,reported
Sheffield Lake,Credit Factor,2016,50,50.0,50.0,0,reported
Sheffield Lake,Credit Factor,2017,50,50.0,50.0,0,reported
Sheffield Lake,Credit Factor,2018,50,50.0,50.0,0,reported
Sheffield Lake,Credit Factor,2019,50,50.0,50.0,0,reported
Sheffield Lake,Credit Factor,2020,50,50.0,50.0,0,reported
Sheffield Lake,Credit Factor,2021,50,50.0,50.0,0,reported
Sheffield Lake,Credit Factor,2022,50,50.0,50.0,0,reported
Sheffield Lake,Credit Factor,2023,50,50.0,50.0,0,reported
Sheffield Lake,Credit Factor,2024,50,50.0,50.0,0,reported
Sheffield Lake,Credit Factor,2025,50,50.0,50.0,0,reported
Sheffield Lake,Credit Rate,2016,1.00,1.0,1.0,0,reported
Sheffield Lake,Credit Rate,2017,1.00,1.0,1.0,0,reported
Sheffield Lake,Credit Rate,2018,1.00,1.0,1.0,0,reported
Sheffield Lake,Credit Rate,2019,1.00,1.0,1.0,0,reported
Sheffield Lake,Credit Rate,2020,1.00,1.0,1.0,0,reported
Sheffield Lake,Credit Rate,2021,1.00,1.0,1.0,0,reported
Sheffield Lake,Credit Rate,2022,1.00,1.0,1.0,0,reported
Sheffield Lake,Credit Rate,2023,1.00,1.0,1.0,0,reported
Sheffield Lake,Credit Rate,2024,1.00,1.0,1.0,0,reported
Sheffield Lake,Credit Rate,2025,1.00,1.0,1.0,0,reported
Sheffield Village,Tax Rate,2016,2.00,2.0,2.0,0,reported
Sheffield Village,Tax Rate,2017,2.00,2.0,2.0,0,reported
Sheffield Village,Tax Rate,2018,2.00,2.0,2.0,0,reported
Sheffield Village,Tax Rate,2019,2.00,2.0,2.0,0,reported
Sheffield Village,Tax Rate,2020,2.00,2.0,2.0,0,reported
Sheffield Village,Tax Rate,2021,2.00,2.0,2.0,0,reported
Sheffield Village,Tax Rate,2022,2.00,2.0,2.0,0,reported
Sheffield Village,Tax Rate,2023,2.00,2.0,2.0,0,reported
Sheffield Village,Tax Rate,2024,2.00,2.0,2.0,0,reported
Sheffield Village,Tax Rate,2025,2.00,2.0,2.0,0,reported
Sheffield Village,Credit Factor,2016,100,100.0,100.0,0,reported
Sheffield Village,Credit Factor,2017,100,100.0,100.0,0,reported
Sheffield Village,Credit Factor,2018,100,100.0,100.0,0,reported
Sheffield Village,Credit Factor,2019,100,100.0,100.0,0,reported
Sheffield Village,Credit Factor,2020,100,100.0,100.0,0,reported
Sheffield Village,Credit Factor,2021,100,100.0,100.0,0,reported
Sheffield Village,Credit Factor,2022,100,100.0,100.0,0,reported
Sheffield Village,Credit Factor,2023,100,100.0,100.0,0,reported
Sheffield Village,Credit Factor,2024,100,100.0,100.0,0,reported
Sheffield Village,Credit Factor,2025,100,100.0,100.0,0,reported
Sheffield Village,Credit Rate,2016,2.00,2.0,2.0,0,reported
Sheffield Village,Credit Rate,2017,2.00,2.0,2.0,0,reported
Sheffield Village,Credit Rate,2018,2.00,2.0,2.0,0,reported
Sheffield Village,Credit Rate,2019,2.00,2.0,2.0,0,reported
Sheffield Village,Credit Rate,2020,2.00,2.0,2.0,0,reported
Sheffield Village,Credit Rate,2021,2.00,2.0,2.0,0,reported
Sheffield Village,Credit Rate,2022,2.00,2.0,2.0,0,reported
Sheffield Village,Credit Rate,2023,2.00,2.0,2.0,0,reported
Sheffield Village,Credit Rate,2024,2.00,2.0,2.0,0,reported
Sheffield Village,Credit Rate,2025,2.00,2.0,2.0,0,reported
Sherwood,Tax Rate,2016,1.00,1.0,1.0,0,reported
Sherwood,Tax Rate,2017,1.00,1.0,1.0,0,reported
Sherwood,Tax Rate,2018,1.00,1.0,1.0,0,reported
Sherwood,Tax Rate,2019,-,,,0,not_member_or_no_tax
Sherwood,Tax Rate,2020,-,,,0,not_member_or_no_tax
Sherwood,Tax Rate,2021,-,,,0,not_member_or_no_tax
Sherwood,Tax Rate,2022,-,,,0,not_member_or_no_tax
Sherwood,Tax Rate,2023,-,,,0,not_member_or_no_tax
Sherwood,Tax Rate,2024,-,,,0,not_member_or_no_tax
Sherwood,Tax Rate,2025,-,,,0,not_member_or_no_tax
Sherwood,Credit Factor,2016,100,100.0,100.0,0,reported
Sherwood,Credit Factor,2017,100,100.0,100.0,0,reported
Sherwood,Credit Factor,2018,100,100.0,100.0,0,reported
Sherwood,Credit Factor,2019,-,,,0,not_member_or_no_tax
Sherwood,Credit Factor,2020,-,,,0,not_member_or_no_tax
Sherwood,Credit Factor,2021,-,,,0,not_member_or_no_tax
Sherwood,Credit Factor,2022,-,,,0,not_member_or_no_tax
Sherwood,Credit Factor,2023,-,,,0,not_member_or_no_tax
Sherwood,Credit Factor,2024,-,,,0,not_member_or_no_tax
Sherwood,Credit Factor,2025,-,,,0,not_member_or_no_tax
Sherwood,Credit Rate,2016,1.00,1.0,1.0,0,reported
Sherwood,Credit Rate,2017,1.00,1.0,1.0,0,reported
Sherwood,Credit Rate,2018,1.00,1.0,1.0,0,reported
Sherwood,Credit Rate,2019,-,,,0,not_member_or_no_tax
Sherwood,Credit Rate,2020,-,,,0,not_member_or_no_tax
Sherwood,Credit Rate,2021,-,,,0,not_member_or_no_tax
Sherwood,Credit Rate,2022,-,,,0,not_member_or_no_tax
Sherwood,Credit Rate,2023,-,,,0,not_member_or_no_tax
Sherwood,Credit Rate,2024,-,,,0,not_member_or_no_tax
Sherwood,Credit Rate,2025,-,,,0,not_member_or_no_tax
Silver Lake,Tax Rate,2016,2.00,2.0,2.0,0,reported
Silver Lake,Tax Rate,2017,2.00,2.0,2.0,0,reported
Silver Lake,Tax Rate,2018,2.00,2.0,2.0,0,reported
Silver Lake,Tax Rate,2019,2.00,2.0,2.0,0,reported
Silver Lake,Tax Rate,2020,2.00,2.0,2.0,0,reported
Silver Lake,Tax Rate,2021,2.00,2.0,2.0,0,reported
Silver Lake,Tax Rate,2022,2.00,2.0,2.0,0,reported
Silver Lake,Tax Rate,2023,2.00,2.0,2.0,0,reported
Silver Lake,Tax Rate,2024,2.00,2.0,2.0,0,reported
Silver Lake,Tax Rate,2025,2.00,2.0,2.0,0,reported
Silver Lake,Credit Factor,2016,100,100.0,100.0,0,reported
Silver Lake,Credit Factor,2017,100,100.0,100.0,0,reported
Silver Lake,Credit Factor,2018,100,100.0,100.0,0,reported
Silver Lake,Credit Factor,2019,100,100.0,100.0,0,reported
Silver Lake,Credit Factor,2020,100,100.0,100.0,0,reported
Silver Lake,Credit Factor,2021,100,100.0,100.0,0,reported
Silver Lake,Credit Factor,2022,100,100.0,100.0,0,reported
Silver Lake,Credit Factor,2023,100,100.0,100.0,0,reported
Silver Lake,Credit Factor,2024,100,100.0,100.0,0,reported
Silver Lake,Credit Factor,2025,100,100.0,100.0,0,reported
Silver Lake,Credit Rate,2016,2.00,2.0,2.0,0,reported
Silver Lake,Credit Rate,2017,2.00,2.0,2.0,0,reported
Silver Lake,Credit Rate,2018,2.00,2.0,2.0,0,reported
Silver Lake,Credit Rate,2019,2.00,2.0,2.0,0,reported
Silver Lake,Credit Rate,2020,2.00,2.0,2.0,0,reported
Silver Lake,Credit Rate,2021,2.00,2.0,2.0,0,reported
Silver Lake,Credit Rate,2022,2.00,2.0,2.0,0,reported
Silver Lake,Credit Rate,2023,2.00,2.0,2.0,0,reported
Silver Lake,Credit Rate,2024,2.00,2.0,2.0,0,reported
Silver Lake,Credit Rate,2025,2.00,2.0,2.0,0,reported
Silverton,Tax Rate,2016,1.25,1.25,1.25,0,reported
Silverton,Tax Rate,2017,1.25,1.25,1.25,0,reported
Silverton,Tax Rate,2018,1.25,1.25,1.25,0,reported
Silverton,Tax Rate,2019,1.25,1.25,1.25,0,reported
Silverton,Tax Rate,2020,1.25,1.25,1.25,0,reported
Silverton,Tax Rate,2021,1.25,1.25,1.25,0,reported
Silverton,Tax Rate,2022,1.25,1.25,1.25,0,reported
Silverton,Tax Rate,2023,1.25,1.25,1.25,0,reported
Silverton,Tax Rate,2024,1.25,1.25,1.25,0,reported
Silverton,Tax Rate,2025,1.25,1.25,1.25,0,reported
Silverton,Credit Factor,2016,-,0.0,0.0,0,dash_zero_inferred
Silverton,Credit Factor,2017,-,0.0,0.0,0,dash_zero_inferred
Silverton,Credit Factor,2018,-,0.0,0.0,0,dash_zero_inferred
Silverton,Credit Factor,2019,-,0.0,0.0,0,dash_zero_inferred
Silverton,Credit Factor,2020,-,0.0,0.0,0,dash_zero_inferred
Silverton,Credit Factor,2021,-,0.0,0.0,0,dash_zero_inferred
Silverton,Credit Factor,2022,-,0.0,0.0,0,dash_zero_inferred
Silverton,Credit Factor,2023,-,0.0,0.0,0,dash_zero_inferred
Silverton,Credit Factor,2024,-,0.0,0.0,0,dash_zero_inferred
Silverton,Credit Factor,2025,-,0.0,0.0,0,dash_zero_inferred
Silverton,Credit Rate,2016,-,0.0,0.0,0,dash_zero_inferred
Silverton,Credit Rate,2017,-,0.0,0.0,0,dash_zero_inferred
Silverton,Credit Rate,2018,-,0.0,0.0,0,dash_zero_inferred
Silverton,Credit Rate,2019,-,0.0,0.0,0,dash_zero_inferred
Silverton,Credit Rate,2020,-,0.0,0.0,0,dash_zero_inferred
Silverton,Credit Rate,2021,-,0.0,0.0,0,dash_zero_inferred
Silverton,Credit Rate,2022,-,0.0,0.0,0,dash_zero_inferred
Silverton,Credit Rate,2023,-,0.0,0.0,0,dash_zero_inferred
Silverton,Credit Rate,2024,-,0.0,0.0,0,dash_zero_inferred
Silverton,Credit Rate,2025,-,0.0,0.0,0,dash_zero_inferred
Smithfield,Tax Rate,2016,-,,,0,not_member_or_no_tax
Smithfield,Tax Rate,2017,1.00,1.0,1.0,0,reported
Smithfield,Tax Rate,2018,1.00,1.0,1.0,0,reported
Smithfield,Tax Rate,2019,1.00,1.0,1.0,0,reported
Smithfield,Tax Rate,2020,-/1.00,0.0,1.0,1,split_new_first
Smithfield,Tax Rate,2021,-,,,0,not_member_or_no_tax
Smithfield,Tax Rate,2022,-,,,0,not_member_or_no_tax
Smithfield,Tax Rate,2023,-,,,0,not_member_or_no_tax
Smithfield,Tax Rate,2024,-,,,0,not_member_or_no_tax
Smithfield,Tax Rate,2025,-,,,0,not_member_or_no_tax
Smithfield,Credit Factor,2016,-,,,0,not_member_or_no_tax
Smithfield,Credit Factor,2017,-,0.0,0.0,0,dash_zero_inferred
Smithfield,Credit Factor,2018,-,0.0,0.0,0,dash_zero_inferred
Smithfield,Credit Factor,2019,-,0.0,0.0,0,dash_zero_inferred
Smithfield,Credit Factor,2020,-,0.0,0.0,0,dash_zero_inferred
Smithfield,Credit Factor,2021,-,,,0,not_member_or_no_tax
Smithfield,Credit Factor,2022,-,,,0,not_member_or_no_tax
Smithfield,Credit Factor,2023,-,,,0,not_member_or_no_tax
Smithfield,Credit Factor,2024,-,,,0,not_member_or_no_tax
Smithfield,Credit Factor,2025,-,,,0,not_member_or_no_tax
Smithfield,Credit Rate,2016,-,,,0,not_member_or_no_tax
Smithfield,Credit Rate,2017,-,0.0,0.0,0,dash_zero_inferred
Smithfield,Credit Rate,2018,-,0.0,0.0,0,dash_zero_inferred
Smithfield,Credit Rate,2019,-,0.0,0.0,0,dash_zero_inferred
Smithfield,Credit Rate,2020,-,0.0,0.0,0,dash_zero_inferred
Smithfield,Credit Rate,2021,-,,,0,not_member_or_no_tax
Smithfield,Credit Rate,2022,-,,,0,not_member_or_no_tax
Smithfield,Credit Rate,2023,-,,,0,not_member_or_no_tax
Smithfield,Credit Rate,2024,-,,,0,not_member_or_no_tax
Smithfield,Credit Rate,2025,-,,,0,not_member_or_no_tax
Smithville,Tax Rate,2016,-,,,0,not_member_or_no_tax
Smithville,Tax Rate,2017,-,,,0,not_member_or_no_tax
Smithville,Tax Rate,2018,-,,,0,not_member_or_no_tax
Smithville,Tax Rate,2019,-,,,0,not_member_or_no_tax
Smithville,Tax Rate,2020,-,,,0,not_member_or_no_tax
Smithville,Tax Rate,2021,-,,,0,not_member_or_no_tax
Smithville,Tax Rate,2022,-,,,0,not_member_or_no_tax
Smithville,Tax Rate,2023,1.50,1.5,1.5,0,reported
Smithville,Tax Rate,2024,1.50,1.5,1.5,0,reported
Smithville,Tax Rate,2025,1.50,1.5,1.5,0,reported
Smithville,Credit Factor,2016,-,,,0,not_member_or_no_tax
Smithville,Credit Factor,2017,-,,,0,not_member_or_no_tax
Smithville,Credit Factor,2018,-,,,0,not_member_or_no_tax
Smithville,Credit Factor,2019,-,,,0,not_member_or_no_tax
Smithville,Credit Factor,2020,-,,,0,not_member_or_no_tax
Smithville,Credit Factor,2021,-,,,0,not_member_or_no_tax
Smithville,Credit Factor,2022,-,,,0,not_member_or_no_tax
Smithville,Credit Factor,2023,100,100.0,100.0,0,reported
Smithville,Credit Factor,2024,100,100.0,100.0,0,reported
Smithville,Credit Factor,2025,100,100.0,100.0,0,reported
Smithville,Credit Rate,2016,-,,,0,not_member_or_no_tax
Smithville,Credit Rate,2017,-,,,0,not_member_or_no_tax
Smithville,Credit Rate,2018,-,,,0,not_member_or_no_tax
Smithville,Credit Rate,2019,-,,,0,not_member_or_no_tax
Smithville,Credit Rate,2020,-,,,0,not_member_or_no_tax
Smithville,Credit Rate,2021,-,,,0,not_member_or_no_tax
Smithville,Credit Rate,2022,-,,,0,not_member_or_no_tax
Smithville,Credit Rate,2023,1.00,1.0,1.0,0,reported
Smithville,Credit Rate,2024,1.00,1.0,1.0,0,reported
Smithville,Credit Rate,2025,0.50,0.5,0.5,0,reported
Solon,Tax Rate,2016,2.00,2.0,2.0,0,reported
Solon,Tax Rate,2017,2.00,2.0,2.0,0,reported
Solon,Tax Rate,2018,2.00,2.0,2.0,0,reported
Solon,Tax Rate,2019,2.00,2.0,2.0,0,reported
Solon,Tax Rate,2020,2.00,2.0,2.0,0,reported
Solon,Tax Rate,2021,2.00,2.0,2.0,0,reported
Solon,Tax Rate,2022,2.00,2.0,2.0,0,reported
Solon,Tax Rate,2023,2.00,2.0,2.0,0,reported
Solon,Tax Rate,2024,2.00,2.0,2.0,0,reported
Solon,Tax Rate,2025,2.00,2.0,2.0,0,reported
Solon,Credit Factor,2016,100,100.0,100.0,0,reported
Solon,Credit Factor,2017,100,100.0,100.0,0,reported
Solon,Credit Factor,2018,100,100.0,100.0,0,reported
Solon,Credit Factor,2019,100,100.0,100.0,0,reported
Solon,Credit Factor,2020,100,100.0,100.0,0,reported
Solon,Credit Factor,2021,100,100.0,100.0,0,reported
Solon,Credit Factor,2022,100,100.0,100.0,0,reported
Solon,Credit Factor,2023,100,100.0,100.0,0,reported
Solon,Credit Factor,2024,100,100.0,100.0,0,reported
Solon,Credit Factor,2025,100,100.0,100.0,0,reported
Solon,Credit Rate,2016,2.00,2.0,2.0,0,reported
Solon,Credit Rate,2017,2.00,2.0,2.0,0,reported
Solon,Credit Rate,2018,2.00,2.0,2.0,0,reported
Solon,Credit Rate,2019,2.00,2.0,2.0,0,reported
Solon,Credit Rate,2020,2.00,2.0,2.0,0,reported
Solon,Credit Rate,2021,2.00,2.0,2.0,0,reported
Solon,Credit Rate,2022,2.00,2.0,2.0,0,reported
Solon,Credit Rate,2023,2.00,2.0,2.0,0,reported
Solon,Credit Rate,2024,2.00,2.0,2.0,0,reported
Solon,Credit Rate,2025,2.00,2.0,2.0,0,reported
South Amherst,Tax Rate,2016,-,,,0,not_member_or_no_tax
South Amherst,Tax Rate,2017,-,,,0,not_member_or_no_tax
South Amherst,Tax Rate,2018,-,,,0,not_member_or_no_tax
South Amherst,Tax Rate,2019,-,,,0,not_member_or_no_tax
South Amherst,Tax Rate,2020,-,,,0,not_member_or_no_tax
South Amherst,Tax Rate,2021,-,,,0,not_member_or_no_tax
South Amherst,Tax Rate,2022,1.00,1.0,1.0,0,reported
South Amherst,Tax Rate,2023,1.00,1.0,1.0,0,reported
South Amherst,Tax Rate,2024,1.00,1.0,1.0,0,reported
South Amherst,Tax Rate,2025,1.00,1.0,1.0,0,reported
South Amherst,Credit Factor,2016,-,,,0,not_member_or_no_tax
South Amherst,Credit Factor,2017,-,,,0,not_member_or_no_tax
South Amherst,Credit Factor,2018,-,,,0,not_member_or_no_tax
South Amherst,Credit Factor,2019,-,,,0,not_member_or_no_tax
South Amherst,Credit Factor,2020,-,,,0,not_member_or_no_tax
South Amherst,Credit Factor,2021,-,,,0,not_member_or_no_tax
South Amherst,Credit Factor,2022,100,100.0,100.0,0,reported
South Amherst,Credit Factor,2023,100,100.0,100.0,0,reported
South Amherst,Credit Factor,2024,100,100.0,100.0,0,reported
South Amherst,Credit Factor,2025,100,100.0,100.0,0,reported
South Amherst,Credit Rate,2016,-,,,0,not_member_or_no_tax
South Amherst,Credit Rate,2017,-,,,0,not_member_or_no_tax
South Amherst,Credit Rate,2018,-,,,0,not_member_or_no_tax
South Amherst,Credit Rate,2019,-,,,0,not_member_or_no_tax
South Amherst,Credit Rate,2020,-,,,0,not_member_or_no_tax
South Amherst,Credit Rate,2021,-,,,0,not_member_or_no_tax
South Amherst,Credit Rate,2022,0.25,0.25,0.25,0,reported
South Amherst,Credit Rate,2023,0.10,0.1,0.1,0,reported
South Amherst,Credit Rate,2024,0.10,0.1,0.1,0,reported
South Amherst,Credit Rate,2025,0.10,0.1,0.1,0,reported
South Bloomfield,Tax Rate,2016,-,,,0,not_member_or_no_tax
South Bloomfield,Tax Rate,2017,-,,,0,not_member_or_no_tax
South Bloomfield,Tax Rate,2018,-,,,0,not_member_or_no_tax
South Bloomfield,Tax Rate,2019,-,,,0,not_member_or_no_tax
South Bloomfield,Tax Rate,2020,-,,,0,not_member_or_no_tax
South Bloomfield,Tax Rate,2021,-,,,0,not_member_or_no_tax
South Bloomfield,Tax Rate,2022,-,,,0,not_member_or_no_tax
South Bloomfield,Tax Rate,2023,-,,,0,not_member_or_no_tax
South Bloomfield,Tax Rate,2024,1.00,1.0,1.0,0,reported
South Bloomfield,Tax Rate,2025,1.00,1.0,1.0,0,reported
South Bloomfield,Credit Factor,2016,-,,,0,not_member_or_no_tax
South Bloomfield,Credit Factor,2017,-,,,0,not_member_or_no_tax
South Bloomfield,Credit Factor,2018,-,,,0,not_member_or_no_tax
South Bloomfield,Credit Factor,2019,-,,,0,not_member_or_no_tax
South Bloomfield,Credit Factor,2020,-,,,0,not_member_or_no_tax
South Bloomfield,Credit Factor,2021,-,,,0,not_member_or_no_tax
South Bloomfield,Credit Factor,2022,-,,,0,not_member_or_no_tax
South Bloomfield,Credit Factor,2023,-,,,0,not_member_or_no_tax
South Bloomfield,Credit Factor,2024,-,0.0,0.0,0,dash_zero_inferred
South Bloomfield,Credit Factor,2025,-,0.0,0.0,0,dash_zero_inferred
South Bloomfield,Credit Rate,2016,-,,,0,not_member_or_no_tax
South Bloomfield,Credit Rate,2017,-,,,0,not_member_or_no_tax
South Bloomfield,Credit Rate,2018,-,,,0,not_member_or_no_tax
South Bloomfield,Credit Rate,2019,-,,,0,not_member_or_no_tax
South Bloomfield,Credit Rate,2020,-,,,0,not_member_or_no_tax
South Bloomfield,Credit Rate,2021,-,,,0,not_member_or_no_tax
South Bloomfield,Credit Rate,2022,-,,,0,not_member_or_no_tax
South Bloomfield,Credit Rate,2023,-,,,0,not_member_or_no_tax
South Bloomfield,Credit Rate,2024,-,0.0,0.0,0,dash_zero_inferred
South Bloomfield,Credit Rate,2025,-,0.0,0.0,0,dash_zero_inferred
South Charleston,Tax Rate,2016,1.00,1.0,1.0,0,reported
South Charleston,Tax Rate,2017,1.00,1.0,1.0,0,reported
South Charleston,Tax Rate,2018,1.25,1.25,1.25,0,reported
South Charleston,Tax Rate,2019,1.25,1.25,1.25,0,reported
South Charleston,Tax Rate,2020,1.25,1.25,1.25,0,reported
South Charleston,Tax Rate,2021,1.25,1.25,1.25,0,reported
South Charleston,Tax Rate,2022,1.25,1.25,1.25,0,reported
South Charleston,Tax Rate,2023,1.25,1.25,1.25,0,reported
South Charleston,Tax Rate,2024,1.25,1.25,1.25,0,reported
South Charleston,Tax Rate,2025,1.25,1.25,1.25,0,reported
South Charleston,Credit Factor,2016,100,100.0,100.0,0,reported
South Charleston,Credit Factor,2017,100,100.0,100.0,0,reported
South Charleston,Credit Factor,2018,100,100.0,100.0,0,reported
South Charleston,Credit Factor,2019,100,100.0,100.0,0,reported
South Charleston,Credit Factor,2020,100,100.0,100.0,0,reported
South Charleston,Credit Factor,2021,100,100.0,100.0,0,reported
South Charleston,Credit Factor,2022,100,100.0,100.0,0,reported
South Charleston,Credit Factor,2023,100,100.0,100.0,0,reported
South Charleston,Credit Factor,2024,100,100.0,100.0,0,reported
South Charleston,Credit Factor,2025,100,100.0,100.0,0,reported
South Charleston,Credit Rate,2016,1.00,1.0,1.0,0,reported
South Charleston,Credit Rate,2017,1.00,1.0,1.0,0,reported
South Charleston,Credit Rate,2018,1.25,1.25,1.25,0,reported
South Charleston,Credit Rate,2019,1.25,1.25,1.25,0,reported
South Charleston,Credit Rate,2020,1.25,1.25,1.25,0,reported
South Charleston,Credit Rate,2021,1.25,1.25,1.25,0,reported
South Charleston,Credit Rate,2022,1.25,1.25,1.25,0,reported
South Charleston,Credit Rate,2023,1.25,1.25,1.25,0,reported
South Charleston,Credit Rate,2024,1.25,1.25,1.25,0,reported
South Charleston,Credit Rate,2025,1.25,1.25,1.25,0,reported
South Euclid,Tax Rate,2016,2.00,2.0,2.0,0,reported
South Euclid,Tax Rate,2017,2.00,2.0,2.0,0,reported
South Euclid,Tax Rate,2018,2.00,2.0,2.0,0,reported
South Euclid,Tax Rate,2019,2.00,2.0,2.0,0,reported
South Euclid,Tax Rate,2020,2.00,2.0,2.0,0,reported
South Euclid,Tax Rate,2021,2.00,2.0,2.0,0,reported
South Euclid,Tax Rate,2022,2.00,2.0,2.0,0,reported
South Euclid,Tax Rate,2023,2.00,2.0,2.0,0,reported
South Euclid,Tax Rate,2024,2.00,2.0,2.0,0,reported
South Euclid,Tax Rate,2025,2.00,2.0,2.0,0,reported
South Euclid,Credit Factor,2016,75,75.0,75.0,0,reported
South Euclid,Credit Factor,2017,75,75.0,75.0,0,reported
South Euclid,Credit Factor,2018,75,75.0,75.0,0,reported
South Euclid,Credit Factor,2019,-/75,0.0,75.0,1,split_new_first
South Euclid,Credit Factor,2020,-,0.0,0.0,0,dash_zero_inferred
South Euclid,Credit Factor,2021,-,0.0,0.0,0,dash_zero_inferred
South Euclid,Credit Factor,2022,-,0.0,0.0,0,dash_zero_inferred
South Euclid,Credit Factor,2023,-,0.0,0.0,0,dash_zero_inferred
South Euclid,Credit Factor,2024,-,0.0,0.0,0,dash_zero_inferred
South Euclid,Credit Factor,2025,-,0.0,0.0,0,dash_zero_inferred
South Euclid,Credit Rate,2016,1.00,1.0,1.0,0,reported
South Euclid,Credit Rate,2017,1.00,1.0,1.0,0,reported
South Euclid,Credit Rate,2018,1.00,1.0,1.0,0,reported
South Euclid,Credit Rate,2019,-/1.00,0.0,1.0,1,split_new_first
South Euclid,Credit Rate,2020,-,0.0,0.0,0,dash_zero_inferred
South Euclid,Credit Rate,2021,-,0.0,0.0,0,dash_zero_inferred
South Euclid,Credit Rate,2022,-,0.0,0.0,0,dash_zero_inferred
South Euclid,Credit Rate,2023,-,0.0,0.0,0,dash_zero_inferred
South Euclid,Credit Rate,2024,-,0.0,0.0,0,dash_zero_inferred
South Euclid,Credit Rate,2025,-,0.0,0.0,0,dash_zero_inferred
South Solon,Tax Rate,2016,1.00,1.0,1.0,0,reported
South Solon,Tax Rate,2017,1.00,1.0,1.0,0,reported
South Solon,Tax Rate,2018,1.00,1.0,1.0,0,reported
South Solon,Tax Rate,2019,1.00,1.0,1.0,0,reported
South Solon,Tax Rate,2020,1.00,1.0,1.0,0,reported
South Solon,Tax Rate,2021,1.00,1.0,1.0,0,reported
South Solon,Tax Rate,2022,1.00,1.0,1.0,0,reported
South Solon,Tax Rate,2023,1.00,1.0,1.0,0,reported
South Solon,Tax Rate,2024,1.00,1.0,1.0,0,reported
South Solon,Tax Rate,2025,1.00,1.0,1.0,0,reported
South Solon,Credit Factor,2016,100,100.0,100.0,0,reported
South Solon,Credit Factor,2017,100,100.0,100.0,0,reported
South Solon,Credit Factor,2018,100,100.0,100.0,0,reported
South Solon,Credit Factor,2019,100,100.0,100.0,0,reported
South Solon,Credit Factor,2020,100,100.0,100.0,0,reported
South Solon,Credit Factor,2021,100,100.0,100.0,0,reported
South Solon,Credit Factor,2022,100,100.0,100.0,0,reported
South Solon,Credit Factor,2023,100,100.0,100.0,0,reported
South Solon,Credit Factor,2024,100,100.0,100.0,0,reported
South Solon,Credit Factor,2025,100,100.0,100.0,0,reported
South Solon,Credit Rate,2016,0.50,0.5,0.5,0,reported
South Solon,Credit Rate,2017,0.50,0.5,0.5,0,reported
South Solon,Credit Rate,2018,0.50,0.5,0.5,0,reported
South Solon,Credit Rate,2019,0.50,0.5,0.5,0,reported
South Solon,Credit Rate,2020,0.50,0.5,0.5,0,reported
South Solon,Credit Rate,2021,0.50,0.5,0.5,0,reported
South Solon,Credit Rate,2022,0.50,0.5,0.5,0,reported
South Solon,Credit Rate,2023,0.50,0.5,0.5,0,reported
South Solon,Credit Rate,2024,0.50,0.5,0.5,0,reported
South Solon,Credit Rate,2025,0.50,0.5,0.5,0,reported
South Vienna,Tax Rate,2016,-,,,0,not_member_or_no_tax
South Vienna,Tax Rate,2017,1.00,1.0,1.0,0,reported
South Vienna,Tax Rate,2018,1.00,1.0,1.0,0,reported
South Vienna,Tax Rate,2019,1.00,1.0,1.0,0,reported
South Vienna,Tax Rate,2020,1.00,1.0,1.0,0,reported
South Vienna,Tax Rate,2021,1.00,1.0,1.0,0,reported
South Vienna,Tax Rate,2022,1.00,1.0,1.0,0,reported
South Vienna,Tax Rate,2023,1.00,1.0,1.0,0,reported
South Vienna,Tax Rate,2024,1.00,1.0,1.0,0,reported
South Vienna,Tax Rate,2025,1.00,1.0,1.0,0,reported
South Vienna,Credit Factor,2016,-,,,0,not_member_or_no_tax
South Vienna,Credit Factor,2017,-,0.0,0.0,0,dash_zero_inferred
South Vienna,Credit Factor,2018,-,0.0,0.0,0,dash_zero_inferred
South Vienna,Credit Factor,2019,-,0.0,0.0,0,dash_zero_inferred
South Vienna,Credit Factor,2020,-,0.0,0.0,0,dash_zero_inferred
South Vienna,Credit Factor,2021,-,0.0,0.0,0,dash_zero_inferred
South Vienna,Credit Factor,2022,-,0.0,0.0,0,dash_zero_inferred
South Vienna,Credit Factor,2023,-,0.0,0.0,0,dash_zero_inferred
South Vienna,Credit Factor,2024,-,0.0,0.0,0,dash_zero_inferred
South Vienna,Credit Factor,2025,-,0.0,0.0,0,dash_zero_inferred
South Vienna,Credit Rate,2016,-,,,0,not_member_or_no_tax
South Vienna,Credit Rate,2017,-,0.0,0.0,0,dash_zero_inferred
South Vienna,Credit Rate,2018,-,0.0,0.0,0,dash_zero_inferred
South Vienna,Credit Rate,2019,-,0.0,0.0,0,dash_zero_inferred
South Vienna,Credit Rate,2020,-,0.0,0.0,0,dash_zero_inferred
South Vienna,Credit Rate,2021,-,0.0,0.0,0,dash_zero_inferred
South Vienna,Credit Rate,2022,-,0.0,0.0,0,dash_zero_inferred
South Vienna,Credit Rate,2023,-,0.0,0.0,0,dash_zero_inferred
South Vienna,Credit Rate,2024,-,0.0,0.0,0,dash_zero_inferred
South Vienna,Credit Rate,2025,-,0.0,0.0,0,dash_zero_inferred
Spencerville,Tax Rate,2016,-,,,0,not_member_or_no_tax
Spencerville,Tax Rate,2017,-,,,0,not_member_or_no_tax
Spencerville,Tax Rate,2018,-,,,0,not_member_or_no_tax
Spencerville,Tax Rate,2019,-,,,0,not_member_or_no_tax
Spencerville,Tax Rate,2020,-,,,0,not_member_or_no_tax
Spencerville,Tax Rate,2021,-,,,0,not_member_or_no_tax
Spencerville,Tax Rate,2022,-,,,0,not_member_or_no_tax
Spencerville,Tax Rate,2023,1.50,1.5,1.5,0,reported
Spencerville,Tax Rate,2024,1.50,1.5,1.5,0,reported
Spencerville,Tax Rate,2025,1.50,1.5,1.5,0,reported
Spencerville,Credit Factor,2016,-,,,0,not_member_or_no_tax
Spencerville,Credit Factor,2017,-,,,0,not_member_or_no_tax
Spencerville,Credit Factor,2018,-,,,0,not_member_or_no_tax
Spencerville,Credit Factor,2019,-,,,0,not_member_or_no_tax
Spencerville,Credit Factor,2020,-,,,0,not_member_or_no_tax
Spencerville,Credit Factor,2021,-,,,0,not_member_or_no_tax
Spencerville,Credit Factor,2022,-,,,0,not_member_or_no_tax
Spencerville,Credit Factor,2023,100,100.0,100.0,0,reported
Spencerville,Credit Factor,2024,100,100.0,100.0,0,reported
Spencerville,Credit Factor,2025,100,100.0,100.0,0,reported
Spencerville,Credit Rate,2016,-,,,0,not_member_or_no_tax
Spencerville,Credit Rate,2017,-,,,0,not_member_or_no_tax
Spencerville,Credit Rate,2018,-,,,0,not_member_or_no_tax
Spencerville,Credit Rate,2019,-,,,0,not_member_or_no_tax
Spencerville,Credit Rate,2020,-,,,0,not_member_or_no_tax
Spencerville,Credit Rate,2021,-,,,0,not_member_or_no_tax
Spencerville,Credit Rate,2022,-,,,0,not_member_or_no_tax
Spencerville,Credit Rate,2023,1.50,1.5,1.5,0,reported
Spencerville,Credit Rate,2024,1.50,1.5,1.5,0,reported
Spencerville,Credit Rate,2025,1.50,1.5,1.5,0,reported
Springfield,Tax Rate,2016,-,,,0,not_member_or_no_tax
Springfield,Tax Rate,2017,-,,,0,not_member_or_no_tax
Springfield,Tax Rate,2018,-,,,0,not_member_or_no_tax
Springfield,Tax Rate,2019,-,,,0,not_member_or_no_tax
Springfield,Tax Rate,2020,-,,,0,not_member_or_no_tax
Springfield,Tax Rate,2021,-,,,0,not_member_or_no_tax
Springfield,Tax Rate,2022,-,,,0,not_member_or_no_tax
Springfield,Tax Rate,2023,-,,,0,not_member_or_no_tax
Springfield,Tax Rate,2024,-,,,0,not_member_or_no_tax
Springfield,Tax Rate,2025,2.40,2.4,2.4,0,reported
Springfield,Credit Factor,2016,-,,,0,not_member_or_no_tax
Springfield,Credit Factor,2017,-,,,0,not_member_or_no_tax
Springfield,Credit Factor,2018,-,,,0,not_member_or_no_tax
Springfield,Credit Factor,2019,-,,,0,not_member_or_no_tax
Springfield,Credit Factor,2020,-,,,0,not_member_or_no_tax
Springfield,Credit Factor,2021,-,,,0,not_member_or_no_tax
Springfield,Credit Factor,2022,-,,,0,not_member_or_no_tax
Springfield,Credit Factor,2023,-,,,0,not_member_or_no_tax
Springfield,Credit Factor,2024,-,,,0,not_member_or_no_tax
Springfield,Credit Factor,2025,50,50.0,50.0,0,reported
Springfield,Credit Rate,2016,-,,,0,not_member_or_no_tax
Springfield,Credit Rate,2017,-,,,0,not_member_or_no_tax
Springfield,Credit Rate,2018,-,,,0,not_member_or_no_tax
Springfield,Credit Rate,2019,-,,,0,not_member_or_no_tax
Springfield,Credit Rate,2020,-,,,0,not_member_or_no_tax
Springfield,Credit Rate,2021,-,,,0,not_member_or_no_tax
Springfield,Credit Rate,2022,-,,,0,not_member_or_no_tax
Springfield,Credit Rate,2023,-,,,0,not_member_or_no_tax
Springfield,Credit Rate,2024,-,,,0,not_member_or_no_tax
Springfield,Credit Rate,2025,2.40,2.4,2.4,0,reported
Springfield Beckley Airport Jedd,Tax Rate,2016,-,,,0,not_member_or_no_tax
Springfield Beckley Airport Jedd,Tax Rate,2017,-,,,0,not_member_or_no_tax
Springfield Beckley Airport Jedd,Tax Rate,2018,-,,,0,not_member_or_no_tax
Springfield Beckley Airport Jedd,Tax Rate,2019,-,,,0,not_member_or_no_tax
Springfield Beckley Airport Jedd,Tax Rate,2020,-,,,0,not_member_or_no_tax
Springfield Beckley Airport Jedd,Tax Rate,2021,-,,,0,not_member_or_no_tax
Springfield Beckley Airport Jedd,Tax Rate,2022,-,,,0,not_member_or_no_tax
Springfield Beckley Airport Jedd,Tax Rate,2023,-,,,0,not_member_or_no_tax
Springfield Beckley Airport Jedd,Tax Rate,2024,-,,,0,not_member_or_no_tax
Springfield Beckley Airport Jedd,Tax Rate,2025,1.00,1.0,1.0,0,reported
Springfield Beckley Airport Jedd,Credit Factor,2016,,,,0,absent
Springfield Beckley Airport Jedd,Credit Factor,2017,,,,0,absent
Springfield Beckley Airport Jedd,Credit Factor,2018,,,,0,absent
Springfield Beckley Airport Jedd,Credit Factor,2019,,,,0,absent
Springfield Beckley Airport Jedd,Credit Factor,2020,,,,0,absent
Springfield Beckley Airport Jedd,Credit Factor,2021,,,,0,absent
Springfield Beckley Airport Jedd,Credit Factor,2022,,,,0,absent
Springfield Beckley Airport Jedd,Credit Factor,2023,,,,0,absent
Springfield Beckley Airport Jedd,Credit Factor,2024,,,,0,absent
Springfield Beckley Airport Jedd,Credit Factor,2025,,,,0,absent
Springfield Beckley Airport Jedd,Credit Rate,2016,,,,0,absent
Springfield Beckley Airport Jedd,Credit Rate,2017,,,,0,absent
Springfield Beckley Airport Jedd,Credit Rate,2018,,,,0,absent
Springfield Beckley Airport Jedd,Credit Rate,2019,,,,0,absent
Springfield Beckley Airport Jedd,Credit Rate,2020,,,,0,absent
Springfield Beckley Airport Jedd,Credit Rate,2021,,,,0,absent
Springfield Beckley Airport Jedd,Credit Rate,2022,,,,0,absent
Springfield Beckley Airport Jedd,Credit Rate,2023,,,,0,absent
Springfield Beckley Airport Jedd,Credit Rate,2024,,,,0,absent
Springfield Beckley Airport Jedd,Credit Rate,2025,,,,0,absent
Springfield Twp Jedz 1,Tax Rate,2016,1.50,1.5,1.5,0,reported
Springfield Twp Jedz 1,Tax Rate,2017,1.50,1.5,1.5,0,reported
Springfield Twp Jedz 1,Tax Rate,2018,1.50,1.5,1.5,0,reported
Springfield Twp Jedz 1,Tax Rate,2019,1.50,1.5,1.5,0,reported
Springfield Twp Jedz 1,Tax Rate,2020,1.50,1.5,1.5,0,reported
Springfield Twp Jedz 1,Tax Rate,2021,1.50,1.5,1.5,0,reported
Springfield Twp Jedz 1,Tax Rate,2022,1.50,1.5,1.5,0,reported
Springfield Twp Jedz 1,Tax Rate,2023,1.50,1.5,1.5,0,reported
Springfield Twp Jedz 1,Tax Rate,2024,1.50,1.5,1.5,0,reported
Springfield Twp Jedz 1,Tax Rate,2025,1.50,1.5,1.5,0,reported
Springfield Twp Jedz 1,Credit Factor,2016,,,,0,absent
Springfield Twp Jedz 1,Credit Factor,2017,,,,0,absent
Springfield Twp Jedz 1,Credit Factor,2018,,,,0,absent
Springfield Twp Jedz 1,Credit Factor,2019,,,,0,absent
Springfield Twp Jedz 1,Credit Factor,2020,,,,0,absent
Springfield Twp Jedz 1,Credit Factor,2021,,,,0,absent
Springfield Twp Jedz 1,Credit Factor,2022,,,,0,absent
Springfield Twp Jedz 1,Credit Factor,2023,,,,0,absent
Springfield Twp Jedz 1,Credit Factor,2024,,,,0,absent
Springfield Twp Jedz 1,Credit Factor,2025,,,,0,absent
Springfield Twp Jedz 1,Credit Rate,2016,,,,0,absent
Springfield Twp Jedz 1,Credit Rate,2017,,,,0,absent
Springfield Twp Jedz 1,Credit Rate,2018,,,,0,absent
Springfield Twp Jedz 1,Credit Rate,2019,,,,0,absent
Springfield Twp Jedz 1,Credit Rate,2020,,,,0,absent
Springfield Twp Jedz 1,Credit Rate,2021,,,,0,absent
Springfield Twp Jedz 1,Credit Rate,2022,,,,0,absent
Springfield Twp Jedz 1,Credit Rate,2023,,,,0,absent
Springfield Twp Jedz 1,Credit Rate,2024,,,,0,absent
Springfield Twp Jedz 1,Credit Rate,2025,,,,0,absent
St. Louisville,Tax Rate,2016,-,,,0,not_member_or_no_tax
St. Louisville,Tax Rate,2017,1.00,1.0,1.0,0,reported
St. Louisville,Tax Rate,2018,1.00,1.0,1.0,0,reported
St. Louisville,Tax Rate,2019,1.00,1.0,1.0,0,reported
St. Louisville,Tax Rate,2020,1.00,1.0,1.0,0,reported
St. Louisville,Tax Rate,2021,1.00,1.0,1.0,0,reported
St. Louisville,Tax Rate,2022,1.00,1.0,1.0,0,reported
St. Louisville,Tax Rate,2023,1.00,1.0,1.0,0,reported
St. Louisville,Tax Rate,2024,1.00,1.0,1.0,0,reported
St. Louisville,Tax Rate,2025,1.00,1.0,1.0,0,reported
St. Louisville,Credit Factor,2016,-,,,0,not_member_or_no_tax
St. Louisville,Credit Factor,2017,-,0.0,0.0,0,dash_zero_inferred
St. Louisville,Credit Factor,2018,-,0.0,0.0,0,dash_zero_inferred
St. Louisville,Credit Factor,2019,-,0.0,0.0,0,dash_zero_inferred
St. Louisville,Credit Factor,2020,-,0.0,0.0,0,dash_zero_inferred
St. Louisville,Credit Factor,2021,-,0.0,0.0,0,dash_zero_inferred
St. Louisville,Credit Factor,2022,-,0.0,0.0,0,dash_zero_inferred
St. Louisville,Credit Factor,2023,-,0.0,0.0,0,dash_zero_inferred
St. Louisville,Credit Factor,2024,-,0.0,0.0,0,dash_zero_inferred
St. Louisville,Credit Factor,2025,-,0.0,0.0,0,dash_zero_inferred
St. Louisville,Credit Rate,2016,-,,,0,not_member_or_no_tax
St. Louisville,Credit Rate,2017,-,0.0,0.0,0,dash_zero_inferred
St. Louisville,Credit Rate,2018,-,0.0,0.0,0,dash_zero_inferred
St. Louisville,Credit Rate,2019,-,0.0,0.0,0,dash_zero_inferred
St. Louisville,Credit Rate,2020,-,0.0,0.0,0,dash_zero_inferred
St. Louisville,Credit Rate,2021,-,0.0,0.0,0,dash_zero_inferred
St. Louisville,Credit Rate,2022,-,0.0,0.0,0,dash_zero_inferred
St. Louisville,Credit Rate,2023,-,0.0,0.0,0,dash_zero_inferred
St. Louisville,Credit Rate,2024,-,0.0,0.0,0,dash_zero_inferred
St. Louisville,Credit Rate,2025,-,0.0,0.0,0,dash_zero_inferred
Steubenville,Tax Rate,2016,2.00,2.0,2.0,0,reported
Steubenville,Tax Rate,2017,2.00,2.0,2.0,0,reported
Steubenville,Tax Rate,2018,2.00,2.0,2.0,0,reported
Steubenville,Tax Rate,2019,2.00,2.0,2.0,0,reported
Steubenville,Tax Rate,2020,2.00,2.0,2.0,0,reported
Steubenville,Tax Rate,2021,2.00,2.0,2.0,0,reported
Steubenville,Tax Rate,2022,2.00,2.0,2.0,0,reported
Steubenville,Tax Rate,2023,2.00,2.0,2.0,0,reported
Steubenville,Tax Rate,2024,2.00,2.0,2.0,0,reported
Steubenville,Tax Rate,2025,2.00,2.0,2.0,0,reported
Steubenville,Credit Factor,2016,100,100.0,100.0,0,reported
Steubenville,Credit Factor,2017,100,100.0,100.0,0,reported
Steubenville,Credit Factor,2018,100,100.0,100.0,0,reported
Steubenville,Credit Factor,2019,100,100.0,100.0,0,reported
Steubenville,Credit Factor,2020,100,100.0,100.0,0,reported
Steubenville,Credit Factor,2021,100,100.0,100.0,0,reported
Steubenville,Credit Factor,2022,100,100.0,100.0,0,reported
Steubenville,Credit Factor,2023,100,100.0,100.0,0,reported
Steubenville,Credit Factor,2024,100,100.0,100.0,0,reported
Steubenville,Credit Factor,2025,100,100.0,100.0,0,reported
Steubenville,Credit Rate,2016,2.00,2.0,2.0,0,reported
Steubenville,Credit Rate,2017,2.00,2.0,2.0,0,reported
Steubenville,Credit Rate,2018,2.00,2.0,2.0,0,reported
Steubenville,Credit Rate,2019,2.00,2.0,2.0,0,reported
Steubenville,Credit Rate,2020,2.00,2.0,2.0,0,reported
Steubenville,Credit Rate,2021,2.00,2.0,2.0,0,reported
Steubenville,Credit Rate,2022,2.00,2.0,2.0,0,reported
Steubenville,Credit Rate,2023,2.00,2.0,2.0,0,reported
Steubenville,Credit Rate,2024,2.00,2.0,2.0,0,reported
Steubenville,Credit Rate,2025,2.00,2.0,2.0,0,reported
Stockport,Tax Rate,2016,-,,,0,not_member_or_no_tax
Stockport,Tax Rate,2017,-,,,0,not_member_or_no_tax
Stockport,Tax Rate,2018,-,,,0,not_member_or_no_tax
Stockport,Tax Rate,2019,-,,,0,not_member_or_no_tax
Stockport,Tax Rate,2020,-,,,0,not_member_or_no_tax
Stockport,Tax Rate,2021,-,,,0,not_member_or_no_tax
Stockport,Tax Rate,2022,-,,,0,not_member_or_no_tax
Stockport,Tax Rate,2023,1.00/-,1.0,0.0,1,split_new_first
Stockport,Tax Rate,2024,1.00,1.0,1.0,0,reported
Stockport,Tax Rate,2025,1.00,1.0,1.0,0,reported
Stockport,Credit Factor,2016,-,,,0,not_member_or_no_tax
Stockport,Credit Factor,2017,-,,,0,not_member_or_no_tax
Stockport,Credit Factor,2018,-,,,0,not_member_or_no_tax
Stockport,Credit Factor,2019,-,,,0,not_member_or_no_tax
Stockport,Credit Factor,2020,-,,,0,not_member_or_no_tax
Stockport,Credit Factor,2021,-,,,0,not_member_or_no_tax
Stockport,Credit Factor,2022,-,,,0,not_member_or_no_tax
Stockport,Credit Factor,2023,-,0.0,0.0,0,dash_zero_inferred
Stockport,Credit Factor,2024,-,0.0,0.0,0,dash_zero_inferred
Stockport,Credit Factor,2025,-,0.0,0.0,0,dash_zero_inferred
Stockport,Credit Rate,2016,-,,,0,not_member_or_no_tax
Stockport,Credit Rate,2017,-,,,0,not_member_or_no_tax
Stockport,Credit Rate,2018,-,,,0,not_member_or_no_tax
Stockport,Credit Rate,2019,-,,,0,not_member_or_no_tax
Stockport,Credit Rate,2020,-,,,0,not_member_or_no_tax
Stockport,Credit Rate,2021,-,,,0,not_member_or_no_tax
Stockport,Credit Rate,2022,-,,,0,not_member_or_no_tax
Stockport,Credit Rate,2023,-,0.0,0.0,0,dash_zero_inferred
Stockport,Credit Rate,2024,-,0.0,0.0,0,dash_zero_inferred
Stockport,Credit Rate,2025,-,0.0,0.0,0,dash_zero_inferred
Stone Creek,Tax Rate,2016,-,,,0,not_member_or_no_tax
Stone Creek,Tax Rate,2017,-,,,0,not_member_or_no_tax
Stone Creek,Tax Rate,2018,-,,,0,not_member_or_no_tax
Stone Creek,Tax Rate,2019,-,,,0,not_member_or_no_tax
Stone Creek,Tax Rate,2020,-,,,0,not_member_or_no_tax
Stone Creek,Tax Rate,2021,-,,,0,not_member_or_no_tax
Stone Creek,Tax Rate,2022,1.00,1.0,1.0,0,reported
Stone Creek,Tax Rate,2023,1.00,1.0,1.0,0,reported
Stone Creek,Tax Rate,2024,1.00,1.0,1.0,0,reported
Stone Creek,Tax Rate,2025,1.00,1.0,1.0,0,reported
Stone Creek,Credit Factor,2016,-,,,0,not_member_or_no_tax
Stone Creek,Credit Factor,2017,-,,,0,not_member_or_no_tax
Stone Creek,Credit Factor,2018,-,,,0,not_member_or_no_tax
Stone Creek,Credit Factor,2019,-,,,0,not_member_or_no_tax
Stone Creek,Credit Factor,2020,-,,,0,not_member_or_no_tax
Stone Creek,Credit Factor,2021,-,,,0,not_member_or_no_tax
Stone Creek,Credit Factor,2022,100,100.0,100.0,0,reported
Stone Creek,Credit Factor,2023,100,100.0,100.0,0,reported
Stone Creek,Credit Factor,2024,100,100.0,100.0,0,reported
Stone Creek,Credit Factor,2025,100,100.0,100.0,0,reported
Stone Creek,Credit Rate,2016,-,,,0,not_member_or_no_tax
Stone Creek,Credit Rate,2017,-,,,0,not_member_or_no_tax
Stone Creek,Credit Rate,2018,-,,,0,not_member_or_no_tax
Stone Creek,Credit Rate,2019,-,,,0,not_member_or_no_tax
Stone Creek,Credit Rate,2020,-,,,0,not_member_or_no_tax
Stone Creek,Credit Rate,2021,-,,,0,not_member_or_no_tax
Stone Creek,Credit Rate,2022,1.00,1.0,1.0,0,reported
Stone Creek,Credit Rate,2023,0.75,0.75,0.75,0,reported
Stone Creek,Credit Rate,2024,0.75,0.75,0.75,0,reported
Stone Creek,Credit Rate,2025,0.75,0.75,0.75,0,reported
Stoutsville,Tax Rate,2016,-,,,0,not_member_or_no_tax
Stoutsville,Tax Rate,2017,-,,,0,not_member_or_no_tax
Stoutsville,Tax Rate,2018,1.00,1.0,1.0,0,reported
Stoutsville,Tax Rate,2019,1.00,1.0,1.0,0,reported
Stoutsville,Tax Rate,2020,1.00,1.0,1.0,0,reported
Stoutsville,Tax Rate,2021,1.00,1.0,1.0,0,reported
Stoutsville,Tax Rate,2022,1.00,1.0,1.0,0,reported
Stoutsville,Tax Rate,2023,1.00,1.0,1.0,0,reported
Stoutsville,Tax Rate,2024,1.00,1.0,1.0,0,reported
Stoutsville,Tax Rate,2025,1.00,1.0,1.0,0,reported
Stoutsville,Credit Factor,2016,-,,,0,not_member_or_no_tax
Stoutsville,Credit Factor,2017,-,,,0,not_member_or_no_tax
Stoutsville,Credit Factor,2018,-,0.0,0.0,0,dash_zero_inferred
Stoutsville,Credit Factor,2019,-,0.0,0.0,0,dash_zero_inferred
Stoutsville,Credit Factor,2020,-,0.0,0.0,0,dash_zero_inferred
Stoutsville,Credit Factor,2021,-,0.0,0.0,0,dash_zero_inferred
Stoutsville,Credit Factor,2022,-,0.0,0.0,0,dash_zero_inferred
Stoutsville,Credit Factor,2023,-,0.0,0.0,0,dash_zero_inferred
Stoutsville,Credit Factor,2024,-,0.0,0.0,0,dash_zero_inferred
Stoutsville,Credit Factor,2025,-,0.0,0.0,0,dash_zero_inferred
Stoutsville,Credit Rate,2016,-,,,0,not_member_or_no_tax
Stoutsville,Credit Rate,2017,-,,,0,not_member_or_no_tax
Stoutsville,Credit Rate,2018,-,0.0,0.0,0,dash_zero_inferred
Stoutsville,Credit Rate,2019,-,0.0,0.0,0,dash_zero_inferred
Stoutsville,Credit Rate,2020,-,0.0,0.0,0,dash_zero_inferred
Stoutsville,Credit Rate,2021,-,0.0,0.0,0,dash_zero_inferred
Stoutsville,Credit Rate,2022,-,0.0,0.0,0,dash_zero_inferred
Stoutsville,Credit Rate,2023,-,0.0,0.0,0,dash_zero_inferred
Stoutsville,Credit Rate,2024,-,0.0,0.0,0,dash_zero_inferred
Stoutsville,Credit Rate,2025,-,0.0,0.0,0,dash_zero_inferred
Stratton,Tax Rate,2016,1.00,1.0,1.0,0,reported
Stratton,Tax Rate,2017,1.00,1.0,1.0,0,reported
Stratton,Tax Rate,2018,1.00,1.0,1.0,0,reported
Stratton,Tax Rate,2019,1.00,1.0,1.0,0,reported
Stratton,Tax Rate,2020,1.00,1.0,1.0,0,reported
Stratton,Tax Rate,2021,1.00,1.0,1.0,0,reported
Stratton,Tax Rate,2022,1.00,1.0,1.0,0,reported
Stratton,Tax Rate,2023,1.00,1.0,1.0,0,reported
Stratton,Tax Rate,2024,1.00,1.0,1.0,0,reported
Stratton,Tax Rate,2025,1.00,1.0,1.0,0,reported
Stratton,Credit Factor,2016,100,100.0,100.0,0,reported
Stratton,Credit Factor,2017,100,100.0,100.0,0,reported
Stratton,Credit Factor,2018,100,100.0,100.0,0,reported
Stratton,Credit Factor,2019,100,100.0,100.0,0,reported
Stratton,Credit Factor,2020,100,100.0,100.0,0,reported
Stratton,Credit Factor,2021,100,100.0,100.0,0,reported
Stratton,Credit Factor,2022,100,100.0,100.0,0,reported
Stratton,Credit Factor,2023,100,100.0,100.0,0,reported
Stratton,Credit Factor,2024,100,100.0,100.0,0,reported
Stratton,Credit Factor,2025,100,100.0,100.0,0,reported
Stratton,Credit Rate,2016,1.00,1.0,1.0,0,reported
Stratton,Credit Rate,2017,1.00,1.0,1.0,0,reported
Stratton,Credit Rate,2018,1.00,1.0,1.0,0,reported
Stratton,Credit Rate,2019,1.00,1.0,1.0,0,reported
Stratton,Credit Rate,2020,1.00,1.0,1.0,0,reported
Stratton,Credit Rate,2021,1.00,1.0,1.0,0,reported
Stratton,Credit Rate,2022,1.00,1.0,1.0,0,reported
Stratton,Credit Rate,2023,1.00,1.0,1.0,0,reported
Stratton,Credit Rate,2024,1.00,1.0,1.0,0,reported
Stratton,Credit Rate,2025,1.00,1.0,1.0,0,reported
Streetsboro,Tax Rate,2016,2.00,2.0,2.0,0,reported
Streetsboro,Tax Rate,2017,2.00,2.0,2.0,0,reported
Streetsboro,Tax Rate,2018,2.00,2.0,2.0,0,reported
Streetsboro,Tax Rate,2019,2.00,2.0,2.0,0,reported
Streetsboro,Tax Rate,2020,2.00,2.0,2.0,0,reported
Streetsboro,Tax Rate,2021,2.00,2.0,2.0,0,reported
Streetsboro,Tax Rate,2022,2.00,2.0,2.0,0,reported
Streetsboro,Tax Rate,2023,2.00,2.0,2.0,0,reported
Streetsboro,Tax Rate,2024,2.00,2.0,2.0,0,reported
Streetsboro,Tax Rate,2025,2.00,2.0,2.0,0,reported
Streetsboro,Credit Factor,2016,100,100.0,100.0,0,reported
Streetsboro,Credit Factor,2017,100,100.0,100.0,0,reported
Streetsboro,Credit Factor,2018,100,100.0,100.0,0,reported
Streetsboro,Credit Factor,2019,100,100.0,100.0,0,reported
Streetsboro,Credit Factor,2020,100,100.0,100.0,0,reported
Streetsboro,Credit Factor,2021,100,100.0,100.0,0,reported
Streetsboro,Credit Factor,2022,100,100.0,100.0,0,reported
Streetsboro,Credit Factor,2023,100,100.0,100.0,0,reported
Streetsboro,Credit Factor,2024,100,100.0,100.0,0,reported
Streetsboro,Credit Factor,2025,100,100.0,100.0,0,reported
Streetsboro,Credit Rate,2016,2.00,2.0,2.0,0,reported
Streetsboro,Credit Rate,2017,2.00,2.0,2.0,0,reported
Streetsboro,Credit Rate,2018,2.00,2.0,2.0,0,reported
Streetsboro,Credit Rate,2019,2.00,2.0,2.0,0,reported
Streetsboro,Credit Rate,2020,2.00,2.0,2.0,0,reported
Streetsboro,Credit Rate,2021,2.00,2.0,2.0,0,reported
Streetsboro,Credit Rate,2022,2.00,2.0,2.0,0,reported
Streetsboro,Credit Rate,2023,2.00,2.0,2.0,0,reported
Streetsboro,Credit Rate,2024,2.00,2.0,2.0,0,reported
Streetsboro,Credit Rate,2025,2.00,2.0,2.0,0,reported
Strongsville,Tax Rate,2016,2.00,2.0,2.0,0,reported
Strongsville,Tax Rate,2017,2.00,2.0,2.0,0,reported
Strongsville,Tax Rate,2018,2.00,2.0,2.0,0,reported
Strongsville,Tax Rate,2019,2.00,2.0,2.0,0,reported
Strongsville,Tax Rate,2020,2.00,2.0,2.0,0,reported
Strongsville,Tax Rate,2021,2.00,2.0,2.0,0,reported
Strongsville,Tax Rate,2022,2.00,2.0,2.0,0,reported
Strongsville,Tax Rate,2023,2.00,2.0,2.0,0,reported
Strongsville,Tax Rate,2024,2.00,2.0,2.0,0,reported
Strongsville,Tax Rate,2025,2.00,2.0,2.0,0,reported
Strongsville,Credit Factor,2016,75,75.0,75.0,0,reported
Strongsville,Credit Factor,2017,75,75.0,75.0,0,reported
Strongsville,Credit Factor,2018,75,75.0,75.0,0,reported
Strongsville,Credit Factor,2019,75,75.0,75.0,0,reported
Strongsville,Credit Factor,2020,75,75.0,75.0,0,reported
Strongsville,Credit Factor,2021,75,75.0,75.0,0,reported
Strongsville,Credit Factor,2022,75,75.0,75.0,0,reported
Strongsville,Credit Factor,2023,75,75.0,75.0,0,reported
Strongsville,Credit Factor,2024,75,75.0,75.0,0,reported
Strongsville,Credit Factor,2025,75,75.0,75.0,0,reported
Strongsville,Credit Rate,2016,2.00,2.0,2.0,0,reported
Strongsville,Credit Rate,2017,2.00,2.0,2.0,0,reported
Strongsville,Credit Rate,2018,2.00,2.0,2.0,0,reported
Strongsville,Credit Rate,2019,2.00,2.0,2.0,0,reported
Strongsville,Credit Rate,2020,2.00,2.0,2.0,0,reported
Strongsville,Credit Rate,2021,2.00,2.0,2.0,0,reported
Strongsville,Credit Rate,2022,2.00,2.0,2.0,0,reported
Strongsville,Credit Rate,2023,2.00,2.0,2.0,0,reported
Strongsville,Credit Rate,2024,2.00,2.0,2.0,0,reported
Strongsville,Credit Rate,2025,2.00,2.0,2.0,0,reported
Sugar Grove,Tax Rate,2016,0.75,0.75,0.75,0,reported
Sugar Grove,Tax Rate,2017,0.75,0.75,0.75,0,reported
Sugar Grove,Tax Rate,2018,0.75,0.75,0.75,0,reported
Sugar Grove,Tax Rate,2019,0.75,0.75,0.75,0,reported
Sugar Grove,Tax Rate,2020,0.75,0.75,0.75,0,reported
Sugar Grove,Tax Rate,2021,0.75,0.75,0.75,0,reported
Sugar Grove,Tax Rate,2022,0.75,0.75,0.75,0,reported
Sugar Grove,Tax Rate,2023,0.75,0.75,0.75,0,reported
Sugar Grove,Tax Rate,2024,0.75,0.75,0.75,0,reported
Sugar Grove,Tax Rate,2025,0.75,0.75,0.75,0,reported
Sugar Grove,Credit Factor,2016,50,50.0,50.0,0,reported
Sugar Grove,Credit Factor,2017,50,50.0,50.0,0,reported
Sugar Grove,Credit Factor,2018,50,50.0,50.0,0,reported
Sugar Grove,Credit Factor,2019,50,50.0,50.0,0,reported
Sugar Grove,Credit Factor,2020,50,50.0,50.0,0,reported
Sugar Grove,Credit Factor,2021,50,50.0,50.0,0,reported
Sugar Grove,Credit Factor,2022,50,50.0,50.0,0,reported
Sugar Grove,Credit Factor,2023,50,50.0,50.0,0,reported
Sugar Grove,Credit Factor,2024,50,50.0,50.0,0,reported
Sugar Grove,Credit Factor,2025,50,50.0,50.0,0,reported
Sugar Grove,Credit Rate,2016,0.75,0.75,0.75,0,reported
Sugar Grove,Credit Rate,2017,0.75,0.75,0.75,0,reported
Sugar Grove,Credit Rate,2018,0.75,0.75,0.75,0,reported
Sugar Grove,Credit Rate,2019,0.75,0.75,0.75,0,reported
Sugar Grove,Credit Rate,2020,0.75,0.75,0.75,0,reported
Sugar Grove,Credit Rate,2021,0.75,0.75,0.75,0,reported
Sugar Grove,Credit Rate,2022,0.75,0.75,0.75,0,reported
Sugar Grove,Credit Rate,2023,0.75,0.75,0.75,0,reported
Sugar Grove,Credit Rate,2024,0.75,0.75,0.75,0,reported
Sugar Grove,Credit Rate,2025,0.75,0.75,0.75,0,reported
Sugarcreek,Tax Rate,2016,1.50,1.5,1.5,0,reported
Sugarcreek,Tax Rate,2017,1.50,1.5,1.5,0,reported
Sugarcreek,Tax Rate,2018,1.50,1.5,1.5,0,reported
Sugarcreek,Tax Rate,2019,1.50,1.5,1.5,0,reported
Sugarcreek,Tax Rate,2020,1.50,1.5,1.5,0,reported
Sugarcreek,Tax Rate,2021,1.50,1.5,1.5,0,reported
Sugarcreek,Tax Rate,2022,1.50,1.5,1.5,0,reported
Sugarcreek,Tax Rate,2023,1.50,1.5,1.5,0,reported
Sugarcreek,Tax Rate,2024,1.50,1.5,1.5,0,reported
Sugarcreek,Tax Rate,2025,1.50,1.5,1.5,0,reported
Sugarcreek,Credit Factor,2016,100,100.0,100.0,0,reported
Sugarcreek,Credit Factor,2017,100,100.0,100.0,0,reported
Sugarcreek,Credit Factor,2018,100,100.0,100.0,0,reported
Sugarcreek,Credit Factor,2019,100,100.0,100.0,0,reported
Sugarcreek,Credit Factor,2020,100,100.0,100.0,0,reported
Sugarcreek,Credit Factor,2021,100,100.0,100.0,0,reported
Sugarcreek,Credit Factor,2022,100,100.0,100.0,0,reported
Sugarcreek,Credit Factor,2023,100,100.0,100.0,0,reported
Sugarcreek,Credit Factor,2024,100,100.0,100.0,0,reported
Sugarcreek,Credit Factor,2025,100,100.0,100.0,0,reported
Sugarcreek,Credit Rate,2016,1.50,1.5,1.5,0,reported
Sugarcreek,Credit Rate,2017,1.50,1.5,1.5,0,reported
Sugarcreek,Credit Rate,2018,1.50,1.5,1.5,0,reported
Sugarcreek,Credit Rate,2019,1.50,1.5,1.5,0,reported
Sugarcreek,Credit Rate,2020,1.50,1.5,1.5,0,reported
Sugarcreek,Credit Rate,2021,1.50,1.5,1.5,0,reported
Sugarcreek,Credit Rate,2022,1.50,1.5,1.5,0,reported
Sugarcreek,Credit Rate,2023,1.50,1.5,1.5,0,reported
Sugarcreek,Credit Rate,2024,1.50,1.5,1.5,0,reported
Sugarcreek,Credit Rate,2025,1.50,1.5,1.5,0,reported
Sunbury,Tax Rate,2016,1.00,1.0,1.0,0,reported
Sunbury,Tax Rate,2017,1.00,1.0,1.0,0,reported
Sunbury,Tax Rate,2018,1.00,1.0,1.0,0,reported
Sunbury,Tax Rate,2019,1.00,1.0,1.0,0,reported
Sunbury,Tax Rate,2020,1.00,1.0,1.0,0,reported
Sunbury,Tax Rate,2021,1.00,1.0,1.0,0,reported
Sunbury,Tax Rate,2022,1.00,1.0,1.0,0,reported
Sunbury,Tax Rate,2023,1.00,1.0,1.0,0,reported
Sunbury,Tax Rate,2024,1.00,1.0,1.0,0,reported
Sunbury,Tax Rate,2025,1.00,1.0,1.0,0,reported
Sunbury,Credit Factor,2016,-,0.0,0.0,0,dash_zero_inferred
Sunbury,Credit Factor,2017,-,0.0,0.0,0,dash_zero_inferred
Sunbury,Credit Factor,2018,-,0.0,0.0,0,dash_zero_inferred
Sunbury,Credit Factor,2019,-,0.0,0.0,0,dash_zero_inferred
Sunbury,Credit Factor,2020,-,0.0,0.0,0,dash_zero_inferred
Sunbury,Credit Factor,2021,-,0.0,0.0,0,dash_zero_inferred
Sunbury,Credit Factor,2022,-,0.0,0.0,0,dash_zero_inferred
Sunbury,Credit Factor,2023,-,0.0,0.0,0,dash_zero_inferred
Sunbury,Credit Factor,2024,-,0.0,0.0,0,dash_zero_inferred
Sunbury,Credit Factor,2025,-,0.0,0.0,0,dash_zero_inferred
Sunbury,Credit Rate,2016,-,0.0,0.0,0,dash_zero_inferred
Sunbury,Credit Rate,2017,-,0.0,0.0,0,dash_zero_inferred
Sunbury,Credit Rate,2018,-,0.0,0.0,0,dash_zero_inferred
Sunbury,Credit Rate,2019,-,0.0,0.0,0,dash_zero_inferred
Sunbury,Credit Rate,2020,-,0.0,0.0,0,dash_zero_inferred
Sunbury,Credit Rate,2021,-,0.0,0.0,0,dash_zero_inferred
Sunbury,Credit Rate,2022,-,0.0,0.0,0,dash_zero_inferred
Sunbury,Credit Rate,2023,-,0.0,0.0,0,dash_zero_inferred
Sunbury,Credit Rate,2024,-,0.0,0.0,0,dash_zero_inferred
Sunbury,Credit Rate,2025,-,0.0,0.0,0,dash_zero_inferred
Swanton,Tax Rate,2016,1.25,1.25,1.25,0,reported
Swanton,Tax Rate,2017,1.25,1.25,1.25,0,reported
Swanton,Tax Rate,2018,1.50,1.5,1.5,0,reported
Swanton,Tax Rate,2019,1.50,1.5,1.5,0,reported
Swanton,Tax Rate,2020,1.50,1.5,1.5,0,reported
Swanton,Tax Rate,2021,1.50,1.5,1.5,0,reported
Swanton,Tax Rate,2022,1.50,1.5,1.5,0,reported
Swanton,Tax Rate,2023,1.50,1.5,1.5,0,reported
Swanton,Tax Rate,2024,1.50,1.5,1.5,0,reported
Swanton,Tax Rate,2025,1.50,1.5,1.5,0,reported
Swanton,Credit Factor,2016,50,50.0,50.0,0,reported
Swanton,Credit Factor,2017,50,50.0,50.0,0,reported
Swanton,Credit Factor,2018,50,50.0,50.0,0,reported
Swanton,Credit Factor,2019,50,50.0,50.0,0,reported
Swanton,Credit Factor,2020,50,50.0,50.0,0,reported
Swanton,Credit Factor,2021,50,50.0,50.0,0,reported
Swanton,Credit Factor,2022,50,50.0,50.0,0,reported
Swanton,Credit Factor,2023,50,50.0,50.0,0,reported
Swanton,Credit Factor,2024,50,50.0,50.0,0,reported
Swanton,Credit Factor,2025,50,50.0,50.0,0,reported
Swanton,Credit Rate,2016,1.00,1.0,1.0,0,reported
Swanton,Credit Rate,2017,1.00,1.0,1.0,0,reported
Swanton,Credit Rate,2018,1.00,1.0,1.0,0,reported
Swanton,Credit Rate,2019,1.00,1.0,1.0,0,reported
Swanton,Credit Rate,2020,1.00,1.0,1.0,0,reported
Swanton,Credit Rate,2021,1.00,1.0,1.0,0,reported
Swanton,Credit Rate,2022,1.00,1.0,1.0,0,reported
Swanton,Credit Rate,2023,1.00,1.0,1.0,0,reported
Swanton,Credit Rate,2024,1.00,1.0,1.0,0,reported
Swanton,Credit Rate,2025,1.00,1.0,1.0,0,reported
Sycamore,Tax Rate,2016,1.00,1.0,1.0,0,reported
Sycamore,Tax Rate,2017,1.00,1.0,1.0,0,reported
Sycamore,Tax Rate,2018,1.00,1.0,1.0,0,reported
Sycamore,Tax Rate,2019,1.00,1.0,1.0,0,reported
Sycamore,Tax Rate,2020,1.00,1.0,1.0,0,reported
Sycamore,Tax Rate,2021,1.00,1.0,1.0,0,reported
Sycamore,Tax Rate,2022,1.00,1.0,1.0,0,reported
Sycamore,Tax Rate,2023,1.00,1.0,1.0,0,reported
Sycamore,Tax Rate,2024,1.00,1.0,1.0,0,reported
Sycamore,Tax Rate,2025,1.00,1.0,1.0,0,reported
Sycamore,Credit Factor,2016,50,50.0,50.0,0,reported
Sycamore,Credit Factor,2017,50,50.0,50.0,0,reported
Sycamore,Credit Factor,2018,50,50.0,50.0,0,reported
Sycamore,Credit Factor,2019,50,50.0,50.0,0,reported
Sycamore,Credit Factor,2020,50,50.0,50.0,0,reported
Sycamore,Credit Factor,2021,50,50.0,50.0,0,reported
Sycamore,Credit Factor,2022,50,50.0,50.0,0,reported
Sycamore,Credit Factor,2023,50,50.0,50.0,0,reported
Sycamore,Credit Factor,2024,50,50.0,50.0,0,reported
Sycamore,Credit Factor,2025,50,50.0,50.0,0,reported
Sycamore,Credit Rate,2016,1.00,1.0,1.0,0,reported
Sycamore,Credit Rate,2017,1.00,1.0,1.0,0,reported
Sycamore,Credit Rate,2018,1.00,1.0,1.0,0,reported
Sycamore,Credit Rate,2019,1.00,1.0,1.0,0,reported
Sycamore,Credit Rate,2020,1.00,1.0,1.0,0,reported
Sycamore,Credit Rate,2021,1.00,1.0,1.0,0,reported
Sycamore,Credit Rate,2022,1.00,1.0,1.0,0,reported
Sycamore,Credit Rate,2023,1.00,1.0,1.0,0,reported
Sycamore,Credit Rate,2024,1.00,1.0,1.0,0,reported
Sycamore,Credit Rate,2025,1.00,1.0,1.0,0,reported
Sycamore Township-City of Montgomery Jedd,Tax Rate,2016,-,,,0,not_member_or_no_tax
Sycamore Township-City of Montgomery Jedd,Tax Rate,2017,-,,,0,not_member_or_no_tax
Sycamore Township-City of Montgomery Jedd,Tax Rate,2018,-,,,0,not_member_or_no_tax
Sycamore Township-City of Montgomery Jedd,Tax Rate,2019,-,,,0,not_member_or_no_tax
Sycamore Township-City of Montgomery Jedd,Tax Rate,2020,-,,,0,not_member_or_no_tax
Sycamore Township-City of Montgomery Jedd,Tax Rate,2021,-,,,0,not_member_or_no_tax
Sycamore Township-City of Montgomery Jedd,Tax Rate,2022,-,,,0,not_member_or_no_tax
Sycamore Township-City of Montgomery Jedd,Tax Rate,2023,-,,,0,not_member_or_no_tax
Sycamore Township-City of Montgomery Jedd,Tax Rate,2024,-,,,0,not_member_or_no_tax
Sycamore Township-City of Montgomery Jedd,Tax Rate,2025,0.75/-,0.75,0.0,1,split_new_first_partial
Sycamore Township-City of Montgomery Jedd,Credit Factor,2016,,,,0,absent
Sycamore Township-City of Montgomery Jedd,Credit Factor,2017,,,,0,absent
Sycamore Township-City of Montgomery Jedd,Credit Factor,2018,,,,0,absent
Sycamore Township-City of Montgomery Jedd,Credit Factor,2019,,,,0,absent
Sycamore Township-City of Montgomery Jedd,Credit Factor,2020,,,,0,absent
Sycamore Township-City of Montgomery Jedd,Credit Factor,2021,,,,0,absent
Sycamore Township-City of Montgomery Jedd,Credit Factor,2022,,,,0,absent
Sycamore Township-City of Montgomery Jedd,Credit Factor,2023,,,,0,absent
Sycamore Township-City of Montgomery Jedd,Credit Factor,2024,,,,0,absent
Sycamore Township-City of Montgomery Jedd,Credit Factor,2025,,,,0,absent
Sycamore Township-City of Montgomery Jedd,Credit Rate,2016,,,,0,absent
Sycamore Township-City of Montgomery Jedd,Credit Rate,2017,,,,0,absent
Sycamore Township-City of Montgomery Jedd,Credit Rate,2018,,,,0,absent
Sycamore Township-City of Montgomery Jedd,Credit Rate,2019,,,,0,absent
Sycamore Township-City of Montgomery Jedd,Credit Rate,2020,,,,0,absent
Sycamore Township-City of Montgomery Jedd,Credit Rate,2021,,,,0,absent
Sycamore Township-City of Montgomery Jedd,Credit Rate,2022,,,,0,absent
Sycamore Township-City of Montgomery Jedd,Credit Rate,2023,,,,0,absent
Sycamore Township-City of Montgomery Jedd,Credit Rate,2024,,,,0,absent
Sycamore Township-City of Montgomery Jedd,Credit Rate,2025,,,,0,absent
Tallmadge,Tax Rate,2016,2.00,2.0,2.0,0,reported
Tallmadge,Tax Rate,2017,2.00,2.0,2.0,0,reported
Tallmadge,Tax Rate,2018,2.00,2.0,2.0,0,reported
Tallmadge,Tax Rate,2019,2.00,2.0,2.0,0,reported
Tallmadge,Tax Rate,2020,2.25,2.25,2.25,0,reported
Tallmadge,Tax Rate,2021,2.25,2.25,2.25,0,reported
Tallmadge,Tax Rate,2022,2.25,2.25,2.25,0,reported
Tallmadge,Tax Rate,2023,2.25,2.25,2.25,0,reported
Tallmadge,Tax Rate,2024,2.25,2.25,2.25,0,reported
Tallmadge,Tax Rate,2025,2.25,2.25,2.25,0,reported
Tallmadge,Credit Factor,2016,100,100.0,100.0,0,reported
Tallmadge,Credit Factor,2017,100,100.0,100.0,0,reported
Tallmadge,Credit Factor,2018,100,100.0,100.0,0,reported
Tallmadge,Credit Factor,2019,100,100.0,100.0,0,reported
Tallmadge,Credit Factor,2020,100,100.0,100.0,0,reported
Tallmadge,Credit Factor,2021,100,100.0,100.0,0,reported
Tallmadge,Credit Factor,2022,100,100.0,100.0,0,reported
Tallmadge,Credit Factor,2023,100,100.0,100.0,0,reported
Tallmadge,Credit Factor,2024,100,100.0,100.0,0,reported
Tallmadge,Credit Factor,2025,100,100.0,100.0,0,reported
Tallmadge,Credit Rate,2016,2.00,2.0,2.0,0,reported
Tallmadge,Credit Rate,2017,2.00,2.0,2.0,0,reported
Tallmadge,Credit Rate,2018,2.00,2.0,2.0,0,reported
Tallmadge,Credit Rate,2019,2.00,2.0,2.0,0,reported
Tallmadge,Credit Rate,2020,2.25,2.25,2.25,0,reported
Tallmadge,Credit Rate,2021,2.25,2.25,2.25,0,reported
Tallmadge,Credit Rate,2022,2.25,2.25,2.25,0,reported
Tallmadge,Credit Rate,2023,2.25,2.25,2.25,0,reported
Tallmadge,Credit Rate,2024,2.25,2.25,2.25,0,reported
Tallmadge,Credit Rate,2025,2.25,2.25,2.25,0,reported
Thurston,Tax Rate,2016,1.00,1.0,1.0,0,reported
Thurston,Tax Rate,2017,1.00,1.0,1.0,0,reported
Thurston,Tax Rate,2018,1.00,1.0,1.0,0,reported
Thurston,Tax Rate,2019,1.00,1.0,1.0,0,reported
Thurston,Tax Rate,2020,1.00,1.0,1.0,0,reported
Thurston,Tax Rate,2021,1.00,1.0,1.0,0,reported
Thurston,Tax Rate,2022,1.00,1.0,1.0,0,reported
Thurston,Tax Rate,2023,1.00,1.0,1.0,0,reported
Thurston,Tax Rate,2024,1.00,1.0,1.0,0,reported
Thurston,Tax Rate,2025,1.00,1.0,1.0,0,reported
Thurston,Credit Factor,2016,-,0.0,0.0,0,dash_zero_inferred
Thurston,Credit Factor,2017,-,0.0,0.0,0,dash_zero_inferred
Thurston,Credit Factor,2018,-,0.0,0.0,0,dash_zero_inferred
Thurston,Credit Factor,2019,-,0.0,0.0,0,dash_zero_inferred
Thurston,Credit Factor,2020,-,0.0,0.0,0,dash_zero_inferred
Thurston,Credit Factor,2021,-,0.0,0.0,0,dash_zero_inferred
Thurston,Credit Factor,2022,-,0.0,0.0,0,dash_zero_inferred
Thurston,Credit Factor,2023,-,0.0,0.0,0,dash_zero_inferred
Thurston,Credit Factor,2024,-,0.0,0.0,0,dash_zero_inferred
Thurston,Credit Factor,2025,-,0.0,0.0,0,dash_zero_inferred
Thurston,Credit Rate,2016,-,0.0,0.0,0,dash_zero_inferred
Thurston,Credit Rate,2017,-,0.0,0.0,0,dash_zero_inferred
Thurston,Credit Rate,2018,-,0.0,0.0,0,dash_zero_inferred
Thurston,Credit Rate,2019,-,0.0,0.0,0,dash_zero_inferred
Thurston,Credit Rate,2020,-,0.0,0.0,0,dash_zero_inferred
Thurston,Credit Rate,2021,-,0.0,0.0,0,dash_zero_inferred
Thurston,Credit Rate,2022,-,0.0,0.0,0,dash_zero_inferred
Thurston,Credit Rate,2023,-,0.0,0.0,0,dash_zero_inferred
Thurston,Credit Rate,2024,-,0.0,0.0,0,dash_zero_inferred
Thurston,Credit Rate,2025,-,0.0,0.0,0,dash_zero_inferred
Timberlake,Tax Rate,2016,-,,,0,not_member_or_no_tax
Timberlake,Tax Rate,2017,-,,,0,not_member_or_no_tax
Timberlake,Tax Rate,2018,-,,,0,not_member_or_no_tax
Timberlake,Tax Rate,2019,-,,,0,not_member_or_no_tax
Timberlake,Tax Rate,2020,1.00,1.0,1.0,0,reported
Timberlake,Tax Rate,2021,2.00,2.0,2.0,0,reported
Timberlake,Tax Rate,2022,2.00,2.0,2.0,0,reported
Timberlake,Tax Rate,2023,2.00,2.0,2.0,0,reported
Timberlake,Tax Rate,2024,2.00,2.0,2.0,0,reported
Timberlake,Tax Rate,2025,2.00,2.0,2.0,0,reported
Timberlake,Credit Factor,2016,-,,,0,not_member_or_no_tax
Timberlake,Credit Factor,2017,-,,,0,not_member_or_no_tax
Timberlake,Credit Factor,2018,-,,,0,not_member_or_no_tax
Timberlake,Credit Factor,2019,-,,,0,not_member_or_no_tax
Timberlake,Credit Factor,2020,100,100.0,100.0,0,reported
Timberlake,Credit Factor,2021,100,100.0,100.0,0,reported
Timberlake,Credit Factor,2022,100,100.0,100.0,0,reported
Timberlake,Credit Factor,2023,-,0.0,0.0,0,dash_zero_inferred
Timberlake,Credit Factor,2024,-,0.0,0.0,0,dash_zero_inferred
Timberlake,Credit Factor,2025,-,0.0,0.0,0,dash_zero_inferred
Timberlake,Credit Rate,2016,-,,,0,not_member_or_no_tax
Timberlake,Credit Rate,2017,-,,,0,not_member_or_no_tax
Timberlake,Credit Rate,2018,-,,,0,not_member_or_no_tax
Timberlake,Credit Rate,2019,-,,,0,not_member_or_no_tax
Timberlake,Credit Rate,2020,0.50,0.5,0.5,0,reported
Timberlake,Credit Rate,2021,0.50,0.5,0.5,0,reported
Timberlake,Credit Rate,2022,0.50,0.5,0.5,0,reported
Timberlake,Credit Rate,2023,-,0.0,0.0,0,dash_zero_inferred
Timberlake,Credit Rate,2024,-,0.0,0.0,0,dash_zero_inferred
Timberlake,Credit Rate,2025,-,0.0,0.0,0,dash_zero_inferred
Tiro,Tax Rate,2016,1.00,1.0,1.0,0,reported
Tiro,Tax Rate,2017,1.00,1.0,1.0,0,reported
Tiro,Tax Rate,2018,1.00,1.0,1.0,0,reported
Tiro,Tax Rate,2019,1.00,1.0,1.0,0,reported
Tiro,Tax Rate,2020,1.00,1.0,1.0,0,reported
Tiro,Tax Rate,2021,1.00,1.0,1.0,0,reported
Tiro,Tax Rate,2022,1.00,1.0,1.0,0,reported
Tiro,Tax Rate,2023,1.00,1.0,1.0,0,reported
Tiro,Tax Rate,2024,1.00,1.0,1.0,0,reported
Tiro,Tax Rate,2025,1.00,1.0,1.0,0,reported
Tiro,Credit Factor,2016,-,0.0,0.0,0,dash_zero_inferred
Tiro,Credit Factor,2017,-,0.0,0.0,0,dash_zero_inferred
Tiro,Credit Factor,2018,-,0.0,0.0,0,dash_zero_inferred
Tiro,Credit Factor,2019,-,0.0,0.0,0,dash_zero_inferred
Tiro,Credit Factor,2020,-,0.0,0.0,0,dash_zero_inferred
Tiro,Credit Factor,2021,-,0.0,0.0,0,dash_zero_inferred
Tiro,Credit Factor,2022,-,0.0,0.0,0,dash_zero_inferred
Tiro,Credit Factor,2023,-,0.0,0.0,0,dash_zero_inferred
Tiro,Credit Factor,2024,-,0.0,0.0,0,dash_zero_inferred
Tiro,Credit Factor,2025,-,0.0,0.0,0,dash_zero_inferred
Tiro,Credit Rate,2016,-,0.0,0.0,0,dash_zero_inferred
Tiro,Credit Rate,2017,-,0.0,0.0,0,dash_zero_inferred
Tiro,Credit Rate,2018,-,0.0,0.0,0,dash_zero_inferred
Tiro,Credit Rate,2019,-,0.0,0.0,0,dash_zero_inferred
Tiro,Credit Rate,2020,-,0.0,0.0,0,dash_zero_inferred
Tiro,Credit Rate,2021,-,0.0,0.0,0,dash_zero_inferred
Tiro,Credit Rate,2022,-,0.0,0.0,0,dash_zero_inferred
Tiro,Credit Rate,2023,-,0.0,0.0,0,dash_zero_inferred
Tiro,Credit Rate,2024,-,0.0,0.0,0,dash_zero_inferred
Tiro,Credit Rate,2025,-,0.0,0.0,0,dash_zero_inferred
Tontogany,Tax Rate,2016,1.00,1.0,1.0,0,reported
Tontogany,Tax Rate,2017,1.00,1.0,1.0,0,reported
Tontogany,Tax Rate,2018,1.00,1.0,1.0,0,reported
Tontogany,Tax Rate,2019,1.00,1.0,1.0,0,reported
Tontogany,Tax Rate,2020,1.00,1.0,1.0,0,reported
Tontogany,Tax Rate,2021,1.00,1.0,1.0,0,reported
Tontogany,Tax Rate,2022,1.00,1.0,1.0,0,reported
Tontogany,Tax Rate,2023,1.00,1.0,1.0,0,reported
Tontogany,Tax Rate,2024,1.00,1.0,1.0,0,reported
Tontogany,Tax Rate,2025,1.00,1.0,1.0,0,reported
Tontogany,Credit Factor,2016,100,100.0,100.0,0,reported
Tontogany,Credit Factor,2017,100,100.0,100.0,0,reported
Tontogany,Credit Factor,2018,100,100.0,100.0,0,reported
Tontogany,Credit Factor,2019,100,100.0,100.0,0,reported
Tontogany,Credit Factor,2020,100,100.0,100.0,0,reported
Tontogany,Credit Factor,2021,100,100.0,100.0,0,reported
Tontogany,Credit Factor,2022,100,100.0,100.0,0,reported
Tontogany,Credit Factor,2023,100,100.0,100.0,0,reported
Tontogany,Credit Factor,2024,100,100.0,100.0,0,reported
Tontogany,Credit Factor,2025,100,100.0,100.0,0,reported
Tontogany,Credit Rate,2016,1.00,1.0,1.0,0,reported
Tontogany,Credit Rate,2017,1.00,1.0,1.0,0,reported
Tontogany,Credit Rate,2018,1.00,1.0,1.0,0,reported
Tontogany,Credit Rate,2019,1.00,1.0,1.0,0,reported
Tontogany,Credit Rate,2020,1.00,1.0,1.0,0,reported
Tontogany,Credit Rate,2021,1.00,1.0,1.0,0,reported
Tontogany,Credit Rate,2022,1.00,1.0,1.0,0,reported
Tontogany,Credit Rate,2023,1.00,1.0,1.0,0,reported
Tontogany,Credit Rate,2024,1.00,1.0,1.0,0,reported
Tontogany,Credit Rate,2025,1.00,1.0,1.0,0,reported
Toronto,Tax Rate,2016,2.00,2.0,2.0,0,reported
Toronto,Tax Rate,2017,2.00,2.0,2.0,0,reported
Toronto,Tax Rate,2018,2.00,2.0,2.0,0,reported
Toronto,Tax Rate,2019,2.00,2.0,2.0,0,reported
Toronto,Tax Rate,2020,2.00,2.0,2.0,0,reported
Toronto,Tax Rate,2021,2.00,2.0,2.0,0,reported
Toronto,Tax Rate,2022,2.00,2.0,2.0,0,reported
Toronto,Tax Rate,2023,2.00,2.0,2.0,0,reported
Toronto,Tax Rate,2024,2.00,2.0,2.0,0,reported
Toronto,Tax Rate,2025,2.00,2.0,2.0,0,reported
Toronto,Credit Factor,2016,100,100.0,100.0,0,reported
Toronto,Credit Factor,2017,100,100.0,100.0,0,reported
Toronto,Credit Factor,2018,100,100.0,100.0,0,reported
Toronto,Credit Factor,2019,100,100.0,100.0,0,reported
Toronto,Credit Factor,2020,100,100.0,100.0,0,reported
Toronto,Credit Factor,2021,100,100.0,100.0,0,reported
Toronto,Credit Factor,2022,100,100.0,100.0,0,reported
Toronto,Credit Factor,2023,100,100.0,100.0,0,reported
Toronto,Credit Factor,2024,100,100.0,100.0,0,reported
Toronto,Credit Factor,2025,100,100.0,100.0,0,reported
Toronto,Credit Rate,2016,2.00,2.0,2.0,0,reported
Toronto,Credit Rate,2017,2.00,2.0,2.0,0,reported
Toronto,Credit Rate,2018,2.00,2.0,2.0,0,reported
Toronto,Credit Rate,2019,2.00,2.0,2.0,0,reported
Toronto,Credit Rate,2020,2.00,2.0,2.0,0,reported
Toronto,Credit Rate,2021,2.00,2.0,2.0,0,reported
Toronto,Credit Rate,2022,2.00,2.0,2.0,0,reported
Toronto,Credit Rate,2023,2.00,2.0,2.0,0,reported
Toronto,Credit Rate,2024,2.00,2.0,2.0,0,reported
Toronto,Credit Rate,2025,2.00,2.0,2.0,0,reported
Tremont City,Tax Rate,2016,1.00,1.0,1.0,0,reported
Tremont City,Tax Rate,2017,1.00,1.0,1.0,0,reported
Tremont City,Tax Rate,2018,1.00,1.0,1.0,0,reported
Tremont City,Tax Rate,2019,1.00,1.0,1.0,0,reported
Tremont City,Tax Rate,2020,1.00,1.0,1.0,0,reported
Tremont City,Tax Rate,2021,1.00,1.0,1.0,0,reported
Tremont City,Tax Rate,2022,1.00,1.0,1.0,0,reported
Tremont City,Tax Rate,2023,1.00,1.0,1.0,0,reported
Tremont City,Tax Rate,2024,1.00,1.0,1.0,0,reported
Tremont City,Tax Rate,2025,1.00,1.0,1.0,0,reported
Tremont City,Credit Factor,2016,-,0.0,0.0,0,dash_zero_inferred
Tremont City,Credit Factor,2017,-,0.0,0.0,0,dash_zero_inferred
Tremont City,Credit Factor,2018,-,0.0,0.0,0,dash_zero_inferred
Tremont City,Credit Factor,2019,-,0.0,0.0,0,dash_zero_inferred
Tremont City,Credit Factor,2020,-,0.0,0.0,0,dash_zero_inferred
Tremont City,Credit Factor,2021,-,0.0,0.0,0,dash_zero_inferred
Tremont City,Credit Factor,2022,-,0.0,0.0,0,dash_zero_inferred
Tremont City,Credit Factor,2023,-,0.0,0.0,0,dash_zero_inferred
Tremont City,Credit Factor,2024,-,0.0,0.0,0,dash_zero_inferred
Tremont City,Credit Factor,2025,-,0.0,0.0,0,dash_zero_inferred
Tremont City,Credit Rate,2016,-,0.0,0.0,0,dash_zero_inferred
Tremont City,Credit Rate,2017,-,0.0,0.0,0,dash_zero_inferred
Tremont City,Credit Rate,2018,-,0.0,0.0,0,dash_zero_inferred
Tremont City,Credit Rate,2019,-,0.0,0.0,0,dash_zero_inferred
Tremont City,Credit Rate,2020,-,0.0,0.0,0,dash_zero_inferred
Tremont City,Credit Rate,2021,-,0.0,0.0,0,dash_zero_inferred
Tremont City,Credit Rate,2022,-,0.0,0.0,0,dash_zero_inferred
Tremont City,Credit Rate,2023,-,0.0,0.0,0,dash_zero_inferred
Tremont City,Credit Rate,2024,-,0.0,0.0,0,dash_zero_inferred
Tremont City,Credit Rate,2025,-,0.0,0.0,0,dash_zero_inferred
Trimble,Tax Rate,2016,1.00,1.0,1.0,0,reported
Trimble,Tax Rate,2017,1.00,1.0,1.0,0,reported
Trimble,Tax Rate,2018,1.00,1.0,1.0,0,reported
Trimble,Tax Rate,2019,1.00,1.0,1.0,0,reported
Trimble,Tax Rate,2020,1.00,1.0,1.0,0,reported
Trimble,Tax Rate,2021,1.00,1.0,1.0,0,reported
Trimble,Tax Rate,2022,1.00,1.0,1.0,0,reported
Trimble,Tax Rate,2023,1.00,1.0,1.0,0,reported
Trimble,Tax Rate,2024,1.00,1.0,1.0,0,reported
Trimble,Tax Rate,2025,1.00,1.0,1.0,0,reported
Trimble,Credit Factor,2016,-,0.0,0.0,0,dash_zero_inferred
Trimble,Credit Factor,2017,-,0.0,0.0,0,dash_zero_inferred
Trimble,Credit Factor,2018,-,0.0,0.0,0,dash_zero_inferred
Trimble,Credit Factor,2019,-,0.0,0.0,0,dash_zero_inferred
Trimble,Credit Factor,2020,-,0.0,0.0,0,dash_zero_inferred
Trimble,Credit Factor,2021,-,0.0,0.0,0,dash_zero_inferred
Trimble,Credit Factor,2022,-,0.0,0.0,0,dash_zero_inferred
Trimble,Credit Factor,2023,-,0.0,0.0,0,dash_zero_inferred
Trimble,Credit Factor,2024,-,0.0,0.0,0,dash_zero_inferred
Trimble,Credit Factor,2025,-,0.0,0.0,0,dash_zero_inferred
Trimble,Credit Rate,2016,-,0.0,0.0,0,dash_zero_inferred
Trimble,Credit Rate,2017,-,0.0,0.0,0,dash_zero_inferred
Trimble,Credit Rate,2018,-,0.0,0.0,0,dash_zero_inferred
Trimble,Credit Rate,2019,-,0.0,0.0,0,dash_zero_inferred
Trimble,Credit Rate,2020,-,0.0,0.0,0,dash_zero_inferred
Trimble,Credit Rate,2021,-,0.0,0.0,0,dash_zero_inferred
Trimble,Credit Rate,2022,-,0.0,0.0,0,dash_zero_inferred
Trimble,Credit Rate,2023,-,0.0,0.0,0,dash_zero_inferred
Trimble,Credit Rate,2024,-,0.0,0.0,0,dash_zero_inferred
Trimble,Credit Rate,2025,-,0.0,0.0,0,dash_zero_inferred
Tuscarawas,Tax Rate,2016,-,,,0,not_member_or_no_tax
Tuscarawas,Tax Rate,2017,-,,,0,not_member_or_no_tax
Tuscarawas,Tax Rate,2018,-,,,0,not_member_or_no_tax
Tuscarawas,Tax Rate,2019,-,,,0,not_member_or_no_tax
Tuscarawas,Tax Rate,2020,-,,,0,not_member_or_no_tax
Tuscarawas,Tax Rate,2021,-,,,0,not_member_or_no_tax
Tuscarawas,Tax Rate,2022,1.00,1.0,1.0,0,reported
Tuscarawas,Tax Rate,2023,1.50,1.5,1.5,0,reported
Tuscarawas,Tax Rate,2024,1.50,1.5,1.5,0,reported
Tuscarawas,Tax Rate,2025,1.50,1.5,1.5,0,reported
Tuscarawas,Credit Factor,2016,-,,,0,not_member_or_no_tax
Tuscarawas,Credit Factor,2017,-,,,0,not_member_or_no_tax
Tuscarawas,Credit Factor,2018,-,,,0,not_member_or_no_tax
Tuscarawas,Credit Factor,2019,-,,,0,not_member_or_no_tax
Tuscarawas,Credit Factor,2020,-,,,0,not_member_or_no_tax
Tuscarawas,Credit Factor,2021,-,,,0,not_member_or_no_tax
Tuscarawas,Credit Factor,2022,100,100.0,100.0,0,reported
Tuscarawas,Credit Factor,2023,100,100.0,100.0,0,reported
Tuscarawas,Credit Factor,2024,100,100.0,100.0,0,reported
Tuscarawas,Credit Factor,2025,100,100.0,100.0,0,reported
Tuscarawas,Credit Rate,2016,-,,,0,not_member_or_no_tax
Tuscarawas,Credit Rate,2017,-,,,0,not_member_or_no_tax
Tuscarawas,Credit Rate,2018,-,,,0,not_member_or_no_tax
Tuscarawas,Credit Rate,2019,-,,,0,not_member_or_no_tax
Tuscarawas,Credit Rate,2020,-,,,0,not_member_or_no_tax
Tuscarawas,Credit Rate,2021,-,,,0,not_member_or_no_tax
Tuscarawas,Credit Rate,2022,1.00,1.0,1.0,0,reported
Tuscarawas,Credit Rate,2023,1.50,1.5,1.5,0,reported
Tuscarawas,Credit Rate,2024,1.50,1.5,1.5,0,reported
Tuscarawas,Credit Rate,2025,1.50,1.5,1.5,0,reported
Twinsburg,Tax Rate,2016,2.00,2.0,2.0,0,reported
Twinsburg,Tax Rate,2017,2.00,2.0,2.0,0,reported
Twinsburg,Tax Rate,2018,2.00,2.0,2.0,0,reported
Twinsburg,Tax Rate,2019,2.00,2.0,2.0,0,reported
Twinsburg,Tax Rate,2020,2.00,2.0,2.0,0,reported
Twinsburg,Tax Rate,2021,2.00,2.0,2.0,0,reported
Twinsburg,Tax Rate,2022,2.00,2.0,2.0,0,reported
Twinsburg,Tax Rate,2023,2.00,2.0,2.0,0,reported
Twinsburg,Tax Rate,2024,2.00,2.0,2.0,0,reported
Twinsburg,Tax Rate,2025,2.00,2.0,2.0,0,reported
Twinsburg,Credit Factor,2016,100,100.0,100.0,0,reported
Twinsburg,Credit Factor,2017,100,100.0,100.0,0,reported
Twinsburg,Credit Factor,2018,100,100.0,100.0,0,reported
Twinsburg,Credit Factor,2019,100,100.0,100.0,0,reported
Twinsburg,Credit Factor,2020,100,100.0,100.0,0,reported
Twinsburg,Credit Factor,2021,100,100.0,100.0,0,reported
Twinsburg,Credit Factor,2022,100,100.0,100.0,0,reported
Twinsburg,Credit Factor,2023,100,100.0,100.0,0,reported
Twinsburg,Credit Factor,2024,100,100.0,100.0,0,reported
Twinsburg,Credit Factor,2025,100,100.0,100.0,0,reported
Twinsburg,Credit Rate,2016,2.00,2.0,2.0,0,reported
Twinsburg,Credit Rate,2017,2.00,2.0,2.0,0,reported
Twinsburg,Credit Rate,2018,2.00,2.0,2.0,0,reported
Twinsburg,Credit Rate,2019,2.00,2.0,2.0,0,reported
Twinsburg,Credit Rate,2020,2.00,2.0,2.0,0,reported
Twinsburg,Credit Rate,2021,2.00,2.0,2.0,0,reported
Twinsburg,Credit Rate,2022,2.00,2.0,2.0,0,reported
Twinsburg,Credit Rate,2023,2.00,2.0,2.0,0,reported
Twinsburg,Credit Rate,2024,2.00,2.0,2.0,0,reported
Twinsburg,Credit Rate,2025,2.00,2.0,2.0,0,reported
Uhrichsville,Tax Rate,2016,1.75,1.75,1.75,0,reported
Uhrichsville,Tax Rate,2017,1.75/2.00,2.0,1.75,1,split_old_first
Uhrichsville,Tax Rate,2018,2.00,2.0,2.0,0,reported
Uhrichsville,Tax Rate,2019,2.00,2.0,2.0,0,reported
Uhrichsville,Tax Rate,2020,2.00,2.0,2.0,0,reported
Uhrichsville,Tax Rate,2021,2.00,2.0,2.0,0,reported
Uhrichsville,Tax Rate,2022,2.00,2.0,2.0,0,reported
Uhrichsville,Tax Rate,2023,2.00,2.0,2.0,0,reported
Uhrichsville,Tax Rate,2024,2.00,2.0,2.0,0,reported
Uhrichsville,Tax Rate,2025,2.00,2.0,2.0,0,reported
Uhrichsville,Credit Factor,2016,100,100.0,100.0,0,reported
Uhrichsville,Credit Factor,2017,100,100.0,100.0,0,reported
Uhrichsville,Credit Factor,2018,100,100.0,100.0,0,reported
Uhrichsville,Credit Factor,2019,100,100.0,100.0,0,reported
Uhrichsville,Credit Factor,2020,100,100.0,100.0,0,reported
Uhrichsville,Credit Factor,2021,100,100.0,100.0,0,reported
Uhrichsville,Credit Factor,2022,100,100.0,100.0,0,reported
Uhrichsville,Credit Factor,2023,100,100.0,100.0,0,reported
Uhrichsville,Credit Factor,2024,100,100.0,100.0,0,reported
Uhrichsville,Credit Factor,2025,100,100.0,100.0,0,reported
Uhrichsville,Credit Rate,2016,1.75,1.75,1.75,0,reported
Uhrichsville,Credit Rate,2017,1.75/2.00,2.0,1.75,1,split_old_first
Uhrichsville,Credit Rate,2018,2.00,2.0,2.0,0,reported
Uhrichsville,Credit Rate,2019,2.00,2.0,2.0,0,reported
Uhrichsville,Credit Rate,2020,2.00,2.0,2.0,0,reported
Uhrichsville,Credit Rate,2021,2.00,2.0,2.0,0,reported
Uhrichsville,Credit Rate,2022,2.00,2.0,2.0,0,reported
Uhrichsville,Credit Rate,2023,2.00,2.0,2.0,0,reported
Uhrichsville,Credit Rate,2024,2.00,2.0,2.0,0,reported
Uhrichsville,Credit Rate,2025,2.00,2.0,2.0,0,reported
Union City,Tax Rate,2016,-,,,0,not_member_or_no_tax
Union City,Tax Rate,2017,-,,,0,not_member_or_no_tax
Union City,Tax Rate,2018,-,,,0,not_member_or_no_tax
Union City,Tax Rate,2019,-,,,0,not_member_or_no_tax
Union City,Tax Rate,2020,-,,,0,not_member_or_no_tax
Union City,Tax Rate,2021,-,,,0,not_member_or_no_tax
Union City,Tax Rate,2022,-,,,0,not_member_or_no_tax
Union City,Tax Rate,2023,-,,,0,not_member_or_no_tax
Union City,Tax Rate,2024,-,,,0,not_member_or_no_tax
Union City,Tax Rate,2025,1.00,1.0,1.0,0,reported
Union City,Credit Factor,2016,-,,,0,not_member_or_no_tax
Union City,Credit Factor,2017,-,,,0,not_member_or_no_tax
Union City,Credit Factor,2018,-,,,0,not_member_or_no_tax
Union City,Credit Factor,2019,-,,,0,not_member_or_no_tax
Union City,Credit Factor,2020,-,,,0,not_member_or_no_tax
Union City,Credit Factor,2021,-,,,0,not_member_or_no_tax
Union City,Credit Factor,2022,-,,,0,not_member_or_no_tax
Union City,Credit Factor,2023,-,,,0,not_member_or_no_tax
Union City,Credit Factor,2024,-,,,0,not_member_or_no_tax
Union City,Credit Factor,2025,-,0.0,0.0,0,dash_zero_inferred
Union City,Credit Rate,2016,-,,,0,not_member_or_no_tax
Union City,Credit Rate,2017,-,,,0,not_member_or_no_tax
Union City,Credit Rate,2018,-,,,0,not_member_or_no_tax
Union City,Credit Rate,2019,-,,,0,not_member_or_no_tax
Union City,Credit Rate,2020,-,,,0,not_member_or_no_tax
Union City,Credit Rate,2021,-,,,0,not_member_or_no_tax
Union City,Credit Rate,2022,-,,,0,not_member_or_no_tax
Union City,Credit Rate,2023,-,,,0,not_member_or_no_tax
Union City,Credit Rate,2024,-,,,0,not_member_or_no_tax
Union City,Credit Rate,2025,-,0.0,0.0,0,dash_zero_inferred
Union Twp Village of Batavia Jedd 9,Tax Rate,2016,-,,,0,not_member_or_no_tax
Union Twp Village of Batavia Jedd 9,Tax Rate,2017,-,,,0,not_member_or_no_tax
Union Twp Village of Batavia Jedd 9,Tax Rate,2018,-,,,0,not_member_or_no_tax
Union Twp Village of Batavia Jedd 9,Tax Rate,2019,-,,,0,not_member_or_no_tax
Union Twp Village of Batavia Jedd 9,Tax Rate,2020,-,,,0,not_member_or_no_tax
Union Twp Village of Batavia Jedd 9,Tax Rate,2021,-,,,0,not_member_or_no_tax
Union Twp Village of Batavia Jedd 9,Tax Rate,2022,-,,,0,not_member_or_no_tax
Union Twp Village of Batavia Jedd 9,Tax Rate,2023,-,,,0,not_member_or_no_tax
Union Twp Village of Batavia Jedd 9,Tax Rate,2024,-,,,0,not_member_or_no_tax
Union Twp Village of Batavia Jedd 9,Tax Rate,2025,1.00/-,1.0,0.0,1,split_new_first_partial
Union Twp Village of Batavia Jedd 9,Credit Factor,2016,,,,0,absent
Union Twp Village of Batavia Jedd 9,Credit Factor,2017,,,,0,absent
Union Twp Village of Batavia Jedd 9,Credit Factor,2018,,,,0,absent
Union Twp Village of Batavia Jedd 9,Credit Factor,2019,,,,0,absent
Union Twp Village of Batavia Jedd 9,Credit Factor,2020,,,,0,absent
Union Twp Village of Batavia Jedd 9,Credit Factor,2021,,,,0,absent
Union Twp Village of Batavia Jedd 9,Credit Factor,2022,,,,0,absent
Union Twp Village of Batavia Jedd 9,Credit Factor,2023,,,,0,absent
Union Twp Village of Batavia Jedd 9,Credit Factor,2024,,,,0,absent
Union Twp Village of Batavia Jedd 9,Credit Factor,2025,,,,0,absent
Union Twp Village of Batavia Jedd 9,Credit Rate,2016,,,,0,absent
Union Twp Village of Batavia Jedd 9,Credit Rate,2017,,,,0,absent
Union Twp Village of Batavia Jedd 9,Credit Rate,2018,,,,0,absent
Union Twp Village of Batavia Jedd 9,Credit Rate,2019,,,,0,absent
Union Twp Village of Batavia Jedd 9,Credit Rate,2020,,,,0,absent
Union Twp Village of Batavia Jedd 9,Credit Rate,2021,,,,0,absent
Union Twp Village of Batavia Jedd 9,Credit Rate,2022,,,,0,absent
Union Twp Village of Batavia Jedd 9,Credit Rate,2023,,,,0,absent
Union Twp Village of Batavia Jedd 9,Credit Rate,2024,,,,0,absent
Union Twp Village of Batavia Jedd 9,Credit Rate,2025,,,,0,absent
University Heights,Tax Rate,2016,2.50,2.5,2.5,0,reported
University Heights,Tax Rate,2017,2.50,2.5,2.5,0,reported
University Heights,Tax Rate,2018,2.50,2.5,2.5,0,reported
University Heights,Tax Rate,2019,2.50,2.5,2.5,0,reported
University Heights,Tax Rate,2020,2.50,2.5,2.5,0,reported
University Heights,Tax Rate,2021,2.50,2.5,2.5,0,reported
University Heights,Tax Rate,2022,2.50,2.5,2.5,0,reported
University Heights,Tax Rate,2023,2.50,2.5,2.5,0,reported
University Heights,Tax Rate,2024,2.50,2.5,2.5,0,reported
University Heights,Tax Rate,2025,2.50,2.5,2.5,0,reported
University Heights,Credit Factor,2016,100,100.0,100.0,0,reported
University Heights,Credit Factor,2017,100,100.0,100.0,0,reported
University Heights,Credit Factor,2018,100,100.0,100.0,0,reported
University Heights,Credit Factor,2019,100,100.0,100.0,0,reported
University Heights,Credit Factor,2020,100,100.0,100.0,0,reported
University Heights,Credit Factor,2021,100,100.0,100.0,0,reported
University Heights,Credit Factor,2022,100,100.0,100.0,0,reported
University Heights,Credit Factor,2023,100,100.0,100.0,0,reported
University Heights,Credit Factor,2024,100,100.0,100.0,0,reported
University Heights,Credit Factor,2025,100,100.0,100.0,0,reported
University Heights,Credit Rate,2016,1.00,1.0,1.0,0,reported
University Heights,Credit Rate,2017,1.00,1.0,1.0,0,reported
University Heights,Credit Rate,2018,1.00,1.0,1.0,0,reported
University Heights,Credit Rate,2019,1.00,1.0,1.0,0,reported
University Heights,Credit Rate,2020,1.00,1.0,1.0,0,reported
University Heights,Credit Rate,2021,1.00,1.0,1.0,0,reported
University Heights,Credit Rate,2022,1.00,1.0,1.0,0,reported
University Heights,Credit Rate,2023,1.00,1.0,1.0,0,reported
University Heights,Credit Rate,2024,1.00,1.0,1.0,0,reported
University Heights,Credit Rate,2025,1.00,1.0,1.0,0,reported
Upper Arlington,Tax Rate,2016,2.50,2.5,2.5,0,reported
Upper Arlington,Tax Rate,2017,2.50,2.5,2.5,0,reported
Upper Arlington,Tax Rate,2018,2.50,2.5,2.5,0,reported
Upper Arlington,Tax Rate,2019,2.50,2.5,2.5,0,reported
Upper Arlington,Tax Rate,2020,2.50,2.5,2.5,0,reported
Upper Arlington,Tax Rate,2021,2.50,2.5,2.5,0,reported
Upper Arlington,Tax Rate,2022,2.50,2.5,2.5,0,reported
Upper Arlington,Tax Rate,2023,2.50,2.5,2.5,0,reported
Upper Arlington,Tax Rate,2024,2.50,2.5,2.5,0,reported
Upper Arlington,Tax Rate,2025,2.50,2.5,2.5,0,reported
Upper Arlington,Credit Factor,2016,100,100.0,100.0,0,reported
Upper Arlington,Credit Factor,2017,100,100.0,100.0,0,reported
Upper Arlington,Credit Factor,2018,100,100.0,100.0,0,reported
Upper Arlington,Credit Factor,2019,100,100.0,100.0,0,reported
Upper Arlington,Credit Factor,2020,100,100.0,100.0,0,reported
Upper Arlington,Credit Factor,2021,100,100.0,100.0,0,reported
Upper Arlington,Credit Factor,2022,100,100.0,100.0,0,reported
Upper Arlington,Credit Factor,2023,100,100.0,100.0,0,reported
Upper Arlington,Credit Factor,2024,100,100.0,100.0,0,reported
Upper Arlington,Credit Factor,2025,100,100.0,100.0,0,reported
Upper Arlington,Credit Rate,2016,2.50,2.5,2.5,0,reported
Upper Arlington,Credit Rate,2017,2.50,2.5,2.5,0,reported
Upper Arlington,Credit Rate,2018,2.50,2.5,2.5,0,reported
Upper Arlington,Credit Rate,2019,2.50,2.5,2.5,0,reported
Upper Arlington,Credit Rate,2020,2.50,2.5,2.5,0,reported
Upper Arlington,Credit Rate,2021,2.50,2.5,2.5,0,reported
Upper Arlington,Credit Rate,2022,2.50,2.5,2.5,0,reported
Upper Arlington,Credit Rate,2023,2.50,2.5,2.5,0,reported
Upper Arlington,Credit Rate,2024,2.50,2.5,2.5,0,reported
Upper Arlington,Credit Rate,2025,2.50,2.5,2.5,0,reported
Urbana,Tax Rate,2016,-,,,0,not_member_or_no_tax
Urbana,Tax Rate,2017,-,,,0,not_member_or_no_tax
Urbana,Tax Rate,2018,-,,,0,not_member_or_no_tax
Urbana,Tax Rate,2019,-,,,0,not_member_or_no_tax
Urbana,Tax Rate,2020,-,,,0,not_member_or_no_tax
Urbana,Tax Rate,2021,-,,,0,not_member_or_no_tax
Urbana,Tax Rate,2022,-,,,0,not_member_or_no_tax
Urbana,Tax Rate,2023,-,,,0,not_member_or_no_tax
Urbana,Tax Rate,2024,1.40,1.4,1.4,0,reported
Urbana,Tax Rate,2025,1.40,1.4,1.4,0,reported
Urbana,Credit Factor,2016,-,,,0,not_member_or_no_tax
Urbana,Credit Factor,2017,-,,,0,not_member_or_no_tax
Urbana,Credit Factor,2018,-,,,0,not_member_or_no_tax
Urbana,Credit Factor,2019,-,,,0,not_member_or_no_tax
Urbana,Credit Factor,2020,-,,,0,not_member_or_no_tax
Urbana,Credit Factor,2021,-,,,0,not_member_or_no_tax
Urbana,Credit Factor,2022,-,,,0,not_member_or_no_tax
Urbana,Credit Factor,2023,-,,,0,not_member_or_no_tax
Urbana,Credit Factor,2024,100,100.0,100.0,0,reported
Urbana,Credit Factor,2025,100,100.0,100.0,0,reported
Urbana,Credit Rate,2016,-,,,0,not_member_or_no_tax
Urbana,Credit Rate,2017,-,,,0,not_member_or_no_tax
Urbana,Credit Rate,2018,-,,,0,not_member_or_no_tax
Urbana,Credit Rate,2019,-,,,0,not_member_or_no_tax
Urbana,Credit Rate,2020,-,,,0,not_member_or_no_tax
Urbana,Credit Rate,2021,-,,,0,not_member_or_no_tax
Urbana,Credit Rate,2022,-,,,0,not_member_or_no_tax
Urbana,Credit Rate,2023,-,,,0,not_member_or_no_tax
Urbana,Credit Rate,2024,1.00,1.0,1.0,0,reported
Urbana,Credit Rate,2025,1.00,1.0,1.0,0,reported
Urbancrest,Tax Rate,2016,2.00,2.0,2.0,0,reported
Urbancrest,Tax Rate,2017,2.00,2.0,2.0,0,reported
Urbancrest,Tax Rate,2018,2.00,2.0,2.0,0,reported
Urbancrest,Tax Rate,2019,2.00,2.0,2.0,0,reported
Urbancrest,Tax Rate,2020,2.00,2.0,2.0,0,reported
Urbancrest,Tax Rate,2021,2.00,2.0,2.0,0,reported
Urbancrest,Tax Rate,2022,2.00,2.0,2.0,0,reported
Urbancrest,Tax Rate,2023,2.00,2.0,2.0,0,reported
Urbancrest,Tax Rate,2024,2.00,2.0,2.0,0,reported
Urbancrest,Tax Rate,2025,2.00,2.0,2.0,0,reported
Urbancrest,Credit Factor,2016,100,100.0,100.0,0,reported
Urbancrest,Credit Factor,2017,100,100.0,100.0,0,reported
Urbancrest,Credit Factor,2018,100,100.0,100.0,0,reported
Urbancrest,Credit Factor,2019,100,100.0,100.0,0,reported
Urbancrest,Credit Factor,2020,100,100.0,100.0,0,reported
Urbancrest,Credit Factor,2021,100,100.0,100.0,0,reported
Urbancrest,Credit Factor,2022,100,100.0,100.0,0,reported
Urbancrest,Credit Factor,2023,100,100.0,100.0,0,reported
Urbancrest,Credit Factor,2024,100,100.0,100.0,0,reported
Urbancrest,Credit Factor,2025,100,100.0,100.0,0,reported
Urbancrest,Credit Rate,2016,2.00,2.0,2.0,0,reported
Urbancrest,Credit Rate,2017,2.00,2.0,2.0,0,reported
Urbancrest,Credit Rate,2018,2.00,2.0,2.0,0,reported
Urbancrest,Credit Rate,2019,2.00,2.0,2.0,0,reported
Urbancrest,Credit Rate,2020,2.00,2.0,2.0,0,reported
Urbancrest,Credit Rate,2021,2.00,2.0,2.0,0,reported
Urbancrest,Credit Rate,2022,2.00,2.0,2.0,0,reported
Urbancrest,Credit Rate,2023,2.00,2.0,2.0,0,reported
Urbancrest,Credit Rate,2024,2.00,2.0,2.0,0,reported
Urbancrest,Credit Rate,2025,2.00,2.0,2.0,0,reported
Utica,Tax Rate,2016,-,,,0,not_member_or_no_tax
Utica,Tax Rate,2017,-,,,0,not_member_or_no_tax
Utica,Tax Rate,2018,-,,,0,not_member_or_no_tax
Utica,Tax Rate,2019,-,,,0,not_member_or_no_tax
Utica,Tax Rate,2020,-,,,0,not_member_or_no_tax
Utica,Tax Rate,2021,-,,,0,not_member_or_no_tax
Utica,Tax Rate,2022,1.75,1.75,1.75,0,reported
Utica,Tax Rate,2023,1.75,1.75,1.75,0,reported
Utica,Tax Rate,2024,1.75,1.75,1.75,0,reported
Utica,Tax Rate,2025,1.75,1.75,1.75,0,reported
Utica,Credit Factor,2016,-,,,0,not_member_or_no_tax
Utica,Credit Factor,2017,-,,,0,not_member_or_no_tax
Utica,Credit Factor,2018,-,,,0,not_member_or_no_tax
Utica,Credit Factor,2019,-,,,0,not_member_or_no_tax
Utica,Credit Factor,2020,-,,,0,not_member_or_no_tax
Utica,Credit Factor,2021,-,,,0,not_member_or_no_tax
Utica,Credit Factor,2022,100,100.0,100.0,0,reported
Utica,Credit Factor,2023,100,100.0,100.0,0,reported
Utica,Credit Factor,2024,100,100.0,100.0,0,reported
Utica,Credit Factor,2025,100,100.0,100.0,0,reported
Utica,Credit Rate,2016,-,,,0,not_member_or_no_tax
Utica,Credit Rate,2017,-,,,0,not_member_or_no_tax
Utica,Credit Rate,2018,-,,,0,not_member_or_no_tax
Utica,Credit Rate,2019,-,,,0,not_member_or_no_tax
Utica,Credit Rate,2020,-,,,0,not_member_or_no_tax
Utica,Credit Rate,2021,-,,,0,not_member_or_no_tax
Utica,Credit Rate,2022,0.50,0.5,0.5,0,reported
Utica,Credit Rate,2023,0.50,0.5,0.5,0,reported
Utica,Credit Rate,2024,0.50,0.5,0.5,0,reported
Utica,Credit Rate,2025,0.50,0.5,0.5,0,reported
Valley View,Tax Rate,2016,2.00,2.0,2.0,0,reported
Valley View,Tax Rate,2017,2.00,2.0,2.0,0,reported
Valley View,Tax Rate,2018,2.00,2.0,2.0,0,reported
Valley View,Tax Rate,2019,2.00,2.0,2.0,0,reported
Valley View,Tax Rate,2020,2.00,2.0,2.0,0,reported
Valley View,Tax Rate,2021,2.00,2.0,2.0,0,reported
Valley View,Tax Rate,2022,2.00,2.0,2.0,0,reported
Valley View,Tax Rate,2023,2.00,2.0,2.0,0,reported
Valley View,Tax Rate,2024,2.00,2.0,2.0,0,reported
Valley View,Tax Rate,2025,2.00,2.0,2.0,0,reported
Valley View,Credit Factor,2016,100,100.0,100.0,0,reported
Valley View,Credit Factor,2017,100,100.0,100.0,0,reported
Valley View,Credit Factor,2018,100,100.0,100.0,0,reported
Valley View,Credit Factor,2019,100,100.0,100.0,0,reported
Valley View,Credit Factor,2020,100,100.0,100.0,0,reported
Valley View,Credit Factor,2021,100,100.0,100.0,0,reported
Valley View,Credit Factor,2022,100,100.0,100.0,0,reported
Valley View,Credit Factor,2023,100,100.0,100.0,0,reported
Valley View,Credit Factor,2024,100,100.0,100.0,0,reported
Valley View,Credit Factor,2025,100,100.0,100.0,0,reported
Valley View,Credit Rate,2016,2.00,2.0,2.0,0,reported
Valley View,Credit Rate,2017,2.00,2.0,2.0,0,reported
Valley View,Credit Rate,2018,2.00,2.0,2.0,0,reported
Valley View,Credit Rate,2019,2.00,2.0,2.0,0,reported
Valley View,Credit Rate,2020,2.00,2.0,2.0,0,reported
Valley View,Credit Rate,2021,2.00,2.0,2.0,0,reported
Valley View,Credit Rate,2022,2.00,2.0,2.0,0,reported
Valley View,Credit Rate,2023,2.00,2.0,2.0,0,reported
Valley View,Credit Rate,2024,2.00,2.0,2.0,0,reported
Valley View,Credit Rate,2025,2.00,2.0,2.0,0,reported
Valleyview,Tax Rate,2016,1.00,1.0,1.0,0,reported
Valleyview,Tax Rate,2017,1.00,1.0,1.0,0,reported
Valleyview,Tax Rate,2018,-,,,0,not_member_or_no_tax
Valleyview,Tax Rate,2019,-,,,0,not_member_or_no_tax
Valleyview,Tax Rate,2020,-,,,0,not_member_or_no_tax
Valleyview,Tax Rate,2021,-,,,0,not_member_or_no_tax
Valleyview,Tax Rate,2022,-,,,0,not_member_or_no_tax
Valleyview,Tax Rate,2023,-,,,0,not_member_or_no_tax
Valleyview,Tax Rate,2024,-,,,0,not_member_or_no_tax
Valleyview,Tax Rate,2025,-,,,0,not_member_or_no_tax
Valleyview,Credit Factor,2016,-,0.0,0.0,0,dash_zero_inferred
Valleyview,Credit Factor,2017,-,0.0,0.0,0,dash_zero_inferred
Valleyview,Credit Factor,2018,-,,,0,not_member_or_no_tax
Valleyview,Credit Factor,2019,-,,,0,not_member_or_no_tax
Valleyview,Credit Factor,2020,-,,,0,not_member_or_no_tax
Valleyview,Credit Factor,2021,-,,,0,not_member_or_no_tax
Valleyview,Credit Factor,2022,-,,,0,not_member_or_no_tax
Valleyview,Credit Factor,2023,-,,,0,not_member_or_no_tax
Valleyview,Credit Factor,2024,-,,,0,not_member_or_no_tax
Valleyview,Credit Factor,2025,-,,,0,not_member_or_no_tax
Valleyview,Credit Rate,2016,-,0.0,0.0,0,dash_zero_inferred
Valleyview,Credit Rate,2017,-,0.0,0.0,0,dash_zero_inferred
Valleyview,Credit Rate,2018,-,,,0,not_member_or_no_tax
Valleyview,Credit Rate,2019,-,,,0,not_member_or_no_tax
Valleyview,Credit Rate,2020,-,,,0,not_member_or_no_tax
Valleyview,Credit Rate,2021,-,,,0,not_member_or_no_tax
Valleyview,Credit Rate,2022,-,,,0,not_member_or_no_tax
Valleyview,Credit Rate,2023,-,,,0,not_member_or_no_tax
Valleyview,Credit Rate,2024,-,,,0,not_member_or_no_tax
Valleyview,Credit Rate,2025,-,,,0,not_member_or_no_tax
Vermilion,Tax Rate,2016,1.50,1.5,1.5,0,reported
Vermilion,Tax Rate,2017,1.50,1.5,1.5,0,reported
Vermilion,Tax Rate,2018,1.50,1.5,1.5,0,reported
Vermilion,Tax Rate,2019,1.50,1.5,1.5,0,reported
Vermilion,Tax Rate,2020,1.50,1.5,1.5,0,reported
Vermilion,Tax Rate,2021,1.50,1.5,1.5,0,reported
Vermilion,Tax Rate,2022,1.50,1.5,1.5,0,reported
Vermilion,Tax Rate,2023,1.50,1.5,1.5,0,reported
Vermilion,Tax Rate,2024,1.50,1.5,1.5,0,reported
Vermilion,Tax Rate,2025,1.50,1.5,1.5,0,reported
Vermilion,Credit Factor,2016,100,100.0,100.0,0,reported
Vermilion,Credit Factor,2017,100,100.0,100.0,0,reported
Vermilion,Credit Factor,2018,100,100.0,100.0,0,reported
Vermilion,Credit Factor,2019,100,100.0,100.0,0,reported
Vermilion,Credit Factor,2020,100,100.0,100.0,0,reported
Vermilion,Credit Factor,2021,100,100.0,100.0,0,reported
Vermilion,Credit Factor,2022,100,100.0,100.0,0,reported
Vermilion,Credit Factor,2023,100,100.0,100.0,0,reported
Vermilion,Credit Factor,2024,100,100.0,100.0,0,reported
Vermilion,Credit Factor,2025,100,100.0,100.0,0,reported
Vermilion,Credit Rate,2016,1.00,1.0,1.0,0,reported
Vermilion,Credit Rate,2017,0.50,0.5,0.5,0,reported
Vermilion,Credit Rate,2018,0.50,0.5,0.5,0,reported
Vermilion,Credit Rate,2019,0.50,0.5,0.5,0,reported
Vermilion,Credit Rate,2020,0.50,0.5,0.5,0,reported
Vermilion,Credit Rate,2021,0.50,0.5,0.5,0,reported
Vermilion,Credit Rate,2022,0.50,0.5,0.5,0,reported
Vermilion,Credit Rate,2023,0.50,0.5,0.5,0,reported
Vermilion,Credit Rate,2024,0.50,0.5,0.5,0,reported
Vermilion,Credit Rate,2025,1.00,1.0,1.0,0,reported
Violet Township-Canal Winchester JEDD,Tax Rate,2016,-,,,0,not_member_or_no_tax
Violet Township-Canal Winchester JEDD,Tax Rate,2017,-,,,0,not_member_or_no_tax
Violet Township-Canal Winchester JEDD,Tax Rate,2018,-,,,0,not_member_or_no_tax
Violet Township-Canal Winchester JEDD,Tax Rate,2019,-,,,0,not_member_or_no_tax
Violet Township-Canal Winchester JEDD,Tax Rate,2020,-,,,0,not_member_or_no_tax
Violet Township-Canal Winchester JEDD,Tax Rate,2021,-,,,0,not_member_or_no_tax
Violet Township-Canal Winchester JEDD,Tax Rate,2022,-,,,0,not_member_or_no_tax
Violet Township-Canal Winchester JEDD,Tax Rate,2023,-,,,0,not_member_or_no_tax
Violet Township-Canal Winchester JEDD,Tax Rate,2024,2.00,2.0,2.0,0,reported
Violet Township-Canal Winchester JEDD,Tax Rate,2025,2.00,2.0,2.0,0,reported
Violet Township-Canal Winchester JEDD,Credit Factor,2016,,,,0,absent
Violet Township-Canal Winchester JEDD,Credit Factor,2017,,,,0,absent
Violet Township-Canal Winchester JEDD,Credit Factor,2018,,,,0,absent
Violet Township-Canal Winchester JEDD,Credit Factor,2019,,,,0,absent
Violet Township-Canal Winchester JEDD,Credit Factor,2020,,,,0,absent
Violet Township-Canal Winchester JEDD,Credit Factor,2021,,,,0,absent
Violet Township-Canal Winchester JEDD,Credit Factor,2022,,,,0,absent
Violet Township-Canal Winchester JEDD,Credit Factor,2023,,,,0,absent
Violet Township-Canal Winchester JEDD,Credit Factor,2024,,,,0,absent
Violet Township-Canal Winchester JEDD,Credit Factor,2025,,,,0,absent
Violet Township-Canal Winchester JEDD,Credit Rate,2016,,,,0,absent
Violet Township-Canal Winchester JEDD,Credit Rate,2017,,,,0,absent
Violet Township-Canal Winchester JEDD,Credit Rate,2018,,,,0,absent
Violet Township-Canal Winchester JEDD,Credit Rate,2019,,,,0,absent
Violet Township-Canal Winchester JEDD,Credit Rate,2020,,,,0,absent
Violet Township-Canal Winchester JEDD,Credit Rate,2021,,,,0,absent
Violet Township-Canal Winchester JEDD,Credit Rate,2022,,,,0,absent
Violet Township-Canal Winchester JEDD,Credit Rate,2023,,,,0,absent
Violet Township-Canal Winchester JEDD,Credit Rate,2024,,,,0,absent
Violet Township-Canal Winchester JEDD,Credit Rate,2025,,,,0,absent
Wadsworth,Tax Rate,2016,1.40,1.4,1.4,0,reported
Wadsworth,Tax Rate,2017,1.40,1.4,1.4,0,reported
Wadsworth,Tax Rate,2018,1.40,1.4,1.4,0,reported
Wadsworth,Tax Rate,2019,1.40,1.4,1.4,0,reported
Wadsworth,Tax Rate,2020,1.40,1.4,1.4,0,reported
Wadsworth,Tax Rate,2021,1.40,1.4,1.4,0,reported
Wadsworth,Tax Rate,2022,1.40,1.4,1.4,0,reported
Wadsworth,Tax Rate,2023,1.40,1.4,1.4,0,reported
Wadsworth,Tax Rate,2024,1.40,1.4,1.4,0,reported
Wadsworth,Tax Rate,2025,1.40,1.4,1.4,0,reported
Wadsworth,Credit Factor,2016,100,100.0,100.0,0,reported
Wadsworth,Credit Factor,2017,100,100.0,100.0,0,reported
Wadsworth,Credit Factor,2018,100,100.0,100.0,0,reported
Wadsworth,Credit Factor,2019,100,100.0,100.0,0,reported
Wadsworth,Credit Factor,2020,100,100.0,100.0,0,reported
Wadsworth,Credit Factor,2021,100,100.0,100.0,0,reported
Wadsworth,Credit Factor,2022,100,100.0,100.0,0,reported
Wadsworth,Credit Factor,2023,100,100.0,100.0,0,reported
Wadsworth,Credit Factor,2024,100,100.0,100.0,0,reported
Wadsworth,Credit Factor,2025,100,100.0,100.0,0,reported
Wadsworth,Credit Rate,2016,1.00,1.0,1.0,0,reported
Wadsworth,Credit Rate,2017,1.00,1.0,1.0,0,reported
Wadsworth,Credit Rate,2018,1.00,1.0,1.0,0,reported
Wadsworth,Credit Rate,2019,1.00,1.0,1.0,0,reported
Wadsworth,Credit Rate,2020,1.00,1.0,1.0,0,reported
Wadsworth,Credit Rate,2021,1.00,1.0,1.0,0,reported
Wadsworth,Credit Rate,2022,1.00,1.0,1.0,0,reported
Wadsworth,Credit Rate,2023,1.00,1.0,1.0,0,reported
Wadsworth,Credit Rate,2024,1.00,1.0,1.0,0,reported
Wadsworth,Credit Rate,2025,1.00,1.0,1.0,0,reported
Wakeman,Tax Rate,2016,1.00,1.0,1.0,0,reported
Wakeman,Tax Rate,2017,1.00,1.0,1.0,0,reported
Wakeman,Tax Rate,2018,1.00,1.0,1.0,0,reported
Wakeman,Tax Rate,2019,1.00,1.0,1.0,0,reported
Wakeman,Tax Rate,2020,1.00,1.0,1.0,0,reported
Wakeman,Tax Rate,2021,1.00,1.0,1.0,0,reported
Wakeman,Tax Rate,2022,1.00,1.0,1.0,0,reported
Wakeman,Tax Rate,2023,1.00,1.0,1.0,0,reported
Wakeman,Tax Rate,2024,1.00,1.0,1.0,0,reported
Wakeman,Tax Rate,2025,1.00,1.0,1.0,0,reported
Wakeman,Credit Factor,2016,-,0.0,0.0,0,dash_zero_inferred
Wakeman,Credit Factor,2017,-,0.0,0.0,0,dash_zero_inferred
Wakeman,Credit Factor,2018,-,0.0,0.0,0,dash_zero_inferred
Wakeman,Credit Factor,2019,-,0.0,0.0,0,dash_zero_inferred
Wakeman,Credit Factor,2020,-,0.0,0.0,0,dash_zero_inferred
Wakeman,Credit Factor,2021,-,0.0,0.0,0,dash_zero_inferred
Wakeman,Credit Factor,2022,-,0.0,0.0,0,dash_zero_inferred
Wakeman,Credit Factor,2023,-,0.0,0.0,0,dash_zero_inferred
Wakeman,Credit Factor,2024,-,0.0,0.0,0,dash_zero_inferred
Wakeman,Credit Factor,2025,-,0.0,0.0,0,dash_zero_inferred
Wakeman,Credit Rate,2016,-,0.0,0.0,0,dash_zero_inferred
Wakeman,Credit Rate,2017,-,0.0,0.0,0,dash_zero_inferred
Wakeman,Credit Rate,2018,-,0.0,0.0,0,dash_zero_inferred
Wakeman,Credit Rate,2019,-,0.0,0.0,0,dash_zero_inferred
Wakeman,Credit Rate,2020,-,0.0,0.0,0,dash_zero_inferred
Wakeman,Credit Rate,2021,-,0.0,0.0,0,dash_zero_inferred
Wakeman,Credit Rate,2022,-,0.0,0.0,0,dash_zero_inferred
Wakeman,Credit Rate,2023,-,0.0,0.0,0,dash_zero_inferred
Wakeman,Credit Rate,2024,-,0.0,0.0,0,dash_zero_inferred
Wakeman,Credit Rate,2025,-,0.0,0.0,0,dash_zero_inferred
Walton Hills,Tax Rate,2016,-,,,0,not_member_or_no_tax
Walton Hills,Tax Rate,2017,-,,,0,not_member_or_no_tax
Walton Hills,Tax Rate,2018,-,,,0,not_member_or_no_tax
Walton Hills,Tax Rate,2019,-,,,0,not_member_or_no_tax
Walton Hills,Tax Rate,2020,-,,,0,not_member_or_no_tax
Walton Hills,Tax Rate,2021,-,,,0,not_member_or_no_tax
Walton Hills,Tax Rate,2022,-,,,0,not_member_or_no_tax
Walton Hills,Tax Rate,2023,2.50,2.5,2.5,0,reported
Walton Hills,Tax Rate,2024,2.50,2.5,2.5,0,reported
Walton Hills,Tax Rate,2025,2.50,2.5,2.5,0,reported
Walton Hills,Credit Factor,2016,-,,,0,not_member_or_no_tax
Walton Hills,Credit Factor,2017,-,,,0,not_member_or_no_tax
Walton Hills,Credit Factor,2018,-,,,0,not_member_or_no_tax
Walton Hills,Credit Factor,2019,-,,,0,not_member_or_no_tax
Walton Hills,Credit Factor,2020,-,,,0,not_member_or_no_tax
Walton Hills,Credit Factor,2021,-,,,0,not_member_or_no_tax
Walton Hills,Credit Factor,2022,-,,,0,not_member_or_no_tax
Walton Hills,Credit Factor,2023,100,100.0,100.0,0,reported
Walton Hills,Credit Factor,2024,100,100.0,100.0,0,reported
Walton Hills,Credit Factor,2025,100,100.0,100.0,0,reported
Walton Hills,Credit Rate,2016,-,,,0,not_member_or_no_tax
Walton Hills,Credit Rate,2017,-,,,0,not_member_or_no_tax
Walton Hills,Credit Rate,2018,-,,,0,not_member_or_no_tax
Walton Hills,Credit Rate,2019,-,,,0,not_member_or_no_tax
Walton Hills,Credit Rate,2020,-,,,0,not_member_or_no_tax
Walton Hills,Credit Rate,2021,-,,,0,not_member_or_no_tax
Walton Hills,Credit Rate,2022,-,,,0,not_member_or_no_tax
Walton Hills,Credit Rate,2023,2.50,2.5,2.5,0,reported
Walton Hills,Credit Rate,2024,2.50,2.5,2.5,0,reported
Walton Hills,Credit Rate,2025,2.50,2.5,2.5,0,reported
Warrensville Heights,Tax Rate,2016,-,,,0,not_member_or_no_tax
Warrensville Heights,Tax Rate,2017,-,,,0,not_member_or_no_tax
Warrensville Heights,Tax Rate,2018,-,,,0,not_member_or_no_tax
Warrensville Heights,Tax Rate,2019,-,,,0,not_member_or_no_tax
Warrensville Heights,Tax Rate,2020,-,,,0,not_member_or_no_tax
Warrensville Heights,Tax Rate,2021,2.60,2.6,2.6,0,reported
Warrensville Heights,Tax Rate,2022,2.60,2.6,2.6,0,reported
Warrensville Heights,Tax Rate,2023,2.60,2.6,2.6,0,reported
Warrensville Heights,Tax Rate,2024,2.60,2.6,2.6,0,reported
Warrensville Heights,Tax Rate,2025,2.60,2.6,2.6,0,reported
Warrensville Heights,Credit Factor,2016,-,,,0,not_member_or_no_tax
Warrensville Heights,Credit Factor,2017,-,,,0,not_member_or_no_tax
Warrensville Heights,Credit Factor,2018,-,,,0,not_member_or_no_tax
Warrensville Heights,Credit Factor,2019,-,,,0,not_member_or_no_tax
Warrensville Heights,Credit Factor,2020,-,,,0,not_member_or_no_tax
Warrensville Heights,Credit Factor,2021,50,50.0,50.0,0,reported
Warrensville Heights,Credit Factor,2022,50,50.0,50.0,0,reported
Warrensville Heights,Credit Factor,2023,50,50.0,50.0,0,reported
Warrensville Heights,Credit Factor,2024,50,50.0,50.0,0,reported
Warrensville Heights,Credit Factor,2025,50,50.0,50.0,0,reported
Warrensville Heights,Credit Rate,2016,-,,,0,not_member_or_no_tax
Warrensville Heights,Credit Rate,2017,-,,,0,not_member_or_no_tax
Warrensville Heights,Credit Rate,2018,-,,,0,not_member_or_no_tax
Warrensville Heights,Credit Rate,2019,-,,,0,not_member_or_no_tax
Warrensville Heights,Credit Rate,2020,-,,,0,not_member_or_no_tax
Warrensville Heights,Credit Rate,2021,2.60,2.6,2.6,0,reported
Warrensville Heights,Credit Rate,2022,2.60,2.6,2.6,0,reported
Warrensville Heights,Credit Rate,2023,2.60,2.6,2.6,0,reported
Warrensville Heights,Credit Rate,2024,2.60,2.6,2.6,0,reported
Warrensville Heights,Credit Rate,2025,2.60,2.6,2.6,0,reported
Warrensville Heights JEDZ,Tax Rate,2016,-,,,0,not_member_or_no_tax
Warrensville Heights JEDZ,Tax Rate,2017,-,,,0,not_member_or_no_tax
Warrensville Heights JEDZ,Tax Rate,2018,-,,,0,not_member_or_no_tax
Warrensville Heights JEDZ,Tax Rate,2019,-,,,0,not_member_or_no_tax
Warrensville Heights JEDZ,Tax Rate,2020,-,,,0,not_member_or_no_tax
Warrensville Heights JEDZ,Tax Rate,2021,2.60,2.6,2.6,0,reported
Warrensville Heights JEDZ,Tax Rate,2022,2.60,2.6,2.6,0,reported
Warrensville Heights JEDZ,Tax Rate,2023,2.60,2.6,2.6,0,reported
Warrensville Heights JEDZ,Tax Rate,2024,2.60,2.6,2.6,0,reported
Warrensville Heights JEDZ,Tax Rate,2025,2.60,2.6,2.6,0,reported
Warrensville Heights JEDZ,Credit Factor,2016,,,,0,absent
Warrensville Heights JEDZ,Credit Factor,2017,,,,0,absent
Warrensville Heights JEDZ,Credit Factor,2018,,,,0,absent
Warrensville Heights JEDZ,Credit Factor,2019,,,,0,absent
Warrensville Heights JEDZ,Credit Factor,2020,,,,0,absent
Warrensville Heights JEDZ,Credit Factor,2021,,,,0,absent
Warrensville Heights JEDZ,Credit Factor,2022,,,,0,absent
Warrensville Heights JEDZ,Credit Factor,2023,,,,0,absent
Warrensville Heights JEDZ,Credit Factor,2024,,,,0,absent
Warrensville Heights JEDZ,Credit Factor,2025,,,,0,absent
Warrensville Heights JEDZ,Credit Rate,2016,,,,0,absent
Warrensville Heights JEDZ,Credit Rate,2017,,,,0,absent
Warrensville Heights JEDZ,Credit Rate,2018,,,,0,absent
Warrensville Heights JEDZ,Credit Rate,2019,,,,0,absent
Warrensville Heights JEDZ,Credit Rate,2020,,,,0,absent
Warrensville Heights JEDZ,Credit Rate,2021,,,,0,absent
Warrensville Heights JEDZ,Credit Rate,2022,,,,0,absent
Warrensville Heights JEDZ,Credit Rate,2023,,,,0,absent
Warrensville Heights JEDZ,Credit Rate,2024,,,,0,absent
Warrensville Heights JEDZ,Credit Rate,2025,,,,0,absent
Warsaw,Tax Rate,2016,-,,,0,not_member_or_no_tax
Warsaw,Tax Rate,2017,-,,,0,not_member_or_no_tax
Warsaw,Tax Rate,2018,-,,,0,not_member_or_no_tax
Warsaw,Tax Rate,2019,-,,,0,not_member_or_no_tax
Warsaw,Tax Rate,2020,-,,,0,not_member_or_no_tax
Warsaw,Tax Rate,2021,-,,,0,not_member_or_no_tax
Warsaw,Tax Rate,2022,-,,,0,not_member_or_no_tax
Warsaw,Tax Rate,2023,1.00/-,1.0,0.0,1,split_new_first
Warsaw,Tax Rate,2024,1.00,1.0,1.0,0,reported
Warsaw,Tax Rate,2025,1.00,1.0,1.0,0,reported
Warsaw,Credit Factor,2016,-,,,0,not_member_or_no_tax
Warsaw,Credit Factor,2017,-,,,0,not_member_or_no_tax
Warsaw,Credit Factor,2018,-,,,0,not_member_or_no_tax
Warsaw,Credit Factor,2019,-,,,0,not_member_or_no_tax
Warsaw,Credit Factor,2020,-,,,0,not_member_or_no_tax
Warsaw,Credit Factor,2021,-,,,0,not_member_or_no_tax
Warsaw,Credit Factor,2022,-,,,0,not_member_or_no_tax
Warsaw,Credit Factor,2023,-,0.0,0.0,0,dash_zero_inferred
Warsaw,Credit Factor,2024,-,0.0,0.0,0,dash_zero_inferred
Warsaw,Credit Factor,2025,-,0.0,0.0,0,dash_zero_inferred
Warsaw,Credit Rate,2016,-,,,0,not_member_or_no_tax
Warsaw,Credit Rate,2017,-,,,0,not_member_or_no_tax
Warsaw,Credit Rate,2018,-,,,0,not_member_or_no_tax
Warsaw,Credit Rate,2019,-,,,0,not_member_or_no_tax
Warsaw,Credit Rate,2020,-,,,0,not_member_or_no_tax
Warsaw,Credit Rate,2021,-,,,0,not_member_or_no_tax
Warsaw,Credit Rate,2022,-,,,0,not_member_or_no_tax
Warsaw,Credit Rate,2023,-,0.0,0.0,0,dash_zero_inferred
Warsaw,Credit Rate,2024,-,0.0,0.0,0,dash_zero_inferred
Warsaw,Credit Rate,2025,-,0.0,0.0,0,dash_zero_inferred
Washingtonville,Tax Rate,2016,-,,,0,not_member_or_no_tax
Washingtonville,Tax Rate,2017,-,,,0,not_member_or_no_tax
Washingtonville,Tax Rate,2018,0.50/-,0.5,0.0,1,split_new_first_partial
Washingtonville,Tax Rate,2019,-/0.50,0.5,0.0,1,split_old_first_partial
Washingtonville,Tax Rate,2020,0.50,0.5,0.5,0,reported
Washingtonville,Tax Rate,2021,0.50,0.5,0.5,0,reported
Washingtonville,Tax Rate,2022,0.50,0.5,0.5,0,reported
Washingtonville,Tax Rate,2023,0.50,0.5,0.5,0,reported
Washingtonville,Tax Rate,2024,1.00/0.50,1.0,0.5,1,split_new_first
Washingtonville,Tax Rate,2025,1.00,1.0,1.0,0,reported
Washingtonville,Credit Factor,2016,-,,,0,not_member_or_no_tax
Washingtonville,Credit Factor,2017,-,,,0,not_member_or_no_tax
Washingtonville,Credit Factor,2018,-,0.0,0.0,0,dash_zero_inferred
Washingtonville,Credit Factor,2019,-,0.0,0.0,0,dash_zero_inferred
Washingtonville,Credit Factor,2020,-,0.0,0.0,0,dash_zero_inferred
Washingtonville,Credit Factor,2021,-,0.0,0.0,0,dash_zero_inferred
Washingtonville,Credit Factor,2022,-,0.0,0.0,0,dash_zero_inferred
Washingtonville,Credit Factor,2023,-,0.0,0.0,0,dash_zero_inferred
Washingtonville,Credit Factor,2024,-,0.0,0.0,0,dash_zero_inferred
Washingtonville,Credit Factor,2025,-,0.0,0.0,0,dash_zero_inferred
Washingtonville,Credit Rate,2016,-,,,0,not_member_or_no_tax
Washingtonville,Credit Rate,2017,-,,,0,not_member_or_no_tax
Washingtonville,Credit Rate,2018,-,0.0,0.0,0,dash_zero_inferred
Washingtonville,Credit Rate,2019,-,0.0,0.0,0,dash_zero_inferred
Washingtonville,Credit Rate,2020,-,0.0,0.0,0,dash_zero_inferred
Washingtonville,Credit Rate,2021,-,0.0,0.0,0,dash_zero_inferred
Washingtonville,Credit Rate,2022,-,0.0,0.0,0,dash_zero_inferred
Washingtonville,Credit Rate,2023,-,0.0,0.0,0,dash_zero_inferred
Washingtonville,Credit Rate,2024,-,0.0,0.0,0,dash_zero_inferred
Washingtonville,Credit Rate,2025,-,0.0,0.0,0,dash_zero_inferred
Waterville,Tax Rate,2016,2.00,2.0,2.0,0,reported
Waterville,Tax Rate,2017,2.00,2.0,2.0,0,reported
Waterville,Tax Rate,2018,2.00,2.0,2.0,0,reported
Waterville,Tax Rate,2019,2.00,2.0,2.0,0,reported
Waterville,Tax Rate,2020,2.00,2.0,2.0,0,reported
Waterville,Tax Rate,2021,2.00,2.0,2.0,0,reported
Waterville,Tax Rate,2022,2.00,2.0,2.0,0,reported
Waterville,Tax Rate,2023,2.00,2.0,2.0,0,reported
Waterville,Tax Rate,2024,2.00,2.0,2.0,0,reported
Waterville,Tax Rate,2025,2.00,2.0,2.0,0,reported
Waterville,Credit Factor,2016,100,100.0,100.0,0,reported
Waterville,Credit Factor,2017,100,100.0,100.0,0,reported
Waterville,Credit Factor,2018,100,100.0,100.0,0,reported
Waterville,Credit Factor,2019,100,100.0,100.0,0,reported
Waterville,Credit Factor,2020,100,100.0,100.0,0,reported
Waterville,Credit Factor,2021,100,100.0,100.0,0,reported
Waterville,Credit Factor,2022,100,100.0,100.0,0,reported
Waterville,Credit Factor,2023,100,100.0,100.0,0,reported
Waterville,Credit Factor,2024,100,100.0,100.0,0,reported
Waterville,Credit Factor,2025,100,100.0,100.0,0,reported
Waterville,Credit Rate,2016,1.50,1.5,1.5,0,reported
Waterville,Credit Rate,2017,1.50,1.5,1.5,0,reported
Waterville,Credit Rate,2018,1.50,1.5,1.5,0,reported
Waterville,Credit Rate,2019,1.50,1.5,1.5,0,reported
Waterville,Credit Rate,2020,1.50,1.5,1.5,0,reported
Waterville,Credit Rate,2021,1.50,1.5,1.5,0,reported
Waterville,Credit Rate,2022,1.50,1.5,1.5,0,reported
Waterville,Credit Rate,2023,1.50,1.5,1.5,0,reported
Waterville,Credit Rate,2024,1.50,1.5,1.5,0,reported
Waterville,Credit Rate,2025,1.50,1.5,1.5,0,reported
Wayne Lakes,Tax Rate,2016,-,,,0,not_member_or_no_tax
Wayne Lakes,Tax Rate,2017,-,,,0,not_member_or_no_tax
Wayne Lakes,Tax Rate,2018,-,,,0,not_member_or_no_tax
Wayne Lakes,Tax Rate,2019,1.00,1.0,1.0,0,reported
Wayne Lakes,Tax Rate,2020,1.00,1.0,1.0,0,reported
Wayne Lakes,Tax Rate,2021,1.00,1.0,1.0,0,reported
Wayne Lakes,Tax Rate,2022,1.00,1.0,1.0,0,reported
Wayne Lakes,Tax Rate,2023,1.00,1.0,1.0,0,reported
Wayne Lakes,Tax Rate,2024,1.00,1.0,1.0,0,reported
Wayne Lakes,Tax Rate,2025,1.00,1.0,1.0,0,reported
Wayne Lakes,Credit Factor,2016,-,,,0,not_member_or_no_tax
Wayne Lakes,Credit Factor,2017,-,,,0,not_member_or_no_tax
Wayne Lakes,Credit Factor,2018,-,,,0,not_member_or_no_tax
Wayne Lakes,Credit Factor,2019,-,0.0,0.0,0,dash_zero_inferred
Wayne Lakes,Credit Factor,2020,-,0.0,0.0,0,dash_zero_inferred
Wayne Lakes,Credit Factor,2021,-,0.0,0.0,0,dash_zero_inferred
Wayne Lakes,Credit Factor,2022,-,0.0,0.0,0,dash_zero_inferred
Wayne Lakes,Credit Factor,2023,-,0.0,0.0,0,dash_zero_inferred
Wayne Lakes,Credit Factor,2024,-,0.0,0.0,0,dash_zero_inferred
Wayne Lakes,Credit Factor,2025,-,0.0,0.0,0,dash_zero_inferred
Wayne Lakes,Credit Rate,2016,-,,,0,not_member_or_no_tax
Wayne Lakes,Credit Rate,2017,-,,,0,not_member_or_no_tax
Wayne Lakes,Credit Rate,2018,-,,,0,not_member_or_no_tax
Wayne Lakes,Credit Rate,2019,-,0.0,0.0,0,dash_zero_inferred
Wayne Lakes,Credit Rate,2020,-,0.0,0.0,0,dash_zero_inferred
Wayne Lakes,Credit Rate,2021,-,0.0,0.0,0,dash_zero_inferred
Wayne Lakes,Credit Rate,2022,-,0.0,0.0,0,dash_zero_inferred
Wayne Lakes,Credit Rate,2023,-,0.0,0.0,0,dash_zero_inferred
Wayne Lakes,Credit Rate,2024,-,0.0,0.0,0,dash_zero_inferred
Wayne Lakes,Credit Rate,2025,-,0.0,0.0,0,dash_zero_inferred
Waynesfield,Tax Rate,2016,-,,,0,not_member_or_no_tax
Waynesfield,Tax Rate,2017,-,,,0,not_member_or_no_tax
Waynesfield,Tax Rate,2018,-,,,0,not_member_or_no_tax
Waynesfield,Tax Rate,2019,-,,,0,not_member_or_no_tax
Waynesfield,Tax Rate,2020,-,,,0,not_member_or_no_tax
Waynesfield,Tax Rate,2021,-,,,0,not_member_or_no_tax
Waynesfield,Tax Rate,2022,-,,,0,not_member_or_no_tax
Waynesfield,Tax Rate,2023,-,,,0,not_member_or_no_tax
Waynesfield,Tax Rate,2024,-,,,0,not_member_or_no_tax
Waynesfield,Tax Rate,2025,1.00,1.0,1.0,0,reported
Waynesfield,Credit Factor,2016,-,,,0,not_member_or_no_tax
Waynesfield,Credit Factor,2017,-,,,0,not_member_or_no_tax
Waynesfield,Credit Factor,2018,-,,,0,not_member_or_no_tax
Waynesfield,Credit Factor,2019,-,,,0,not_member_or_no_tax
Waynesfield,Credit Factor,2020,-,,,0,not_member_or_no_tax
Waynesfield,Credit Factor,2021,-,,,0,not_member_or_no_tax
Waynesfield,Credit Factor,2022,-,,,0,not_member_or_no_tax
Waynesfield,Credit Factor,2023,-,,,0,not_member_or_no_tax
Waynesfield,Credit Factor,2024,-,,,0,not_member_or_no_tax
Waynesfield,Credit Factor,2025,100,100.0,100.0,0,reported
Waynesfield,Credit Rate,2016,-,,,0,not_member_or_no_tax
Waynesfield,Credit Rate,2017,-,,,0,not_member_or_no_tax
Waynesfield,Credit Rate,2018,-,,,0,not_member_or_no_tax
Waynesfield,Credit Rate,2019,-,,,0,not_member_or_no_tax
Waynesfield,Credit Rate,2020,-,,,0,not_member_or_no_tax
Waynesfield,Credit Rate,2021,-,,,0,not_member_or_no_tax
Waynesfield,Credit Rate,2022,-,,,0,not_member_or_no_tax
Waynesfield,Credit Rate,2023,-,,,0,not_member_or_no_tax
Waynesfield,Credit Rate,2024,-,,,0,not_member_or_no_tax
Waynesfield,Credit Rate,2025,1.00,1.0,1.0,0,reported
Waynesville,Tax Rate,2016,0.50,0.5,0.5,0,reported
Waynesville,Tax Rate,2017,0.50,0.5,0.5,0,reported
Waynesville,Tax Rate,2018,0.50,0.5,0.5,0,reported
Waynesville,Tax Rate,2019,0.50,0.5,0.5,0,reported
Waynesville,Tax Rate,2020,0.50,0.5,0.5,0,reported
Waynesville,Tax Rate,2021,0.75,0.75,0.75,0,reported
Waynesville,Tax Rate,2022,0.75,0.75,0.75,0,reported
Waynesville,Tax Rate,2023,0.75,0.75,0.75,0,reported
Waynesville,Tax Rate,2024,0.75,0.75,0.75,0,reported
Waynesville,Tax Rate,2025,0.75,0.75,0.75,0,reported
Waynesville,Credit Factor,2016,-,0.0,0.0,0,dash_zero_inferred
Waynesville,Credit Factor,2017,-,0.0,0.0,0,dash_zero_inferred
Waynesville,Credit Factor,2018,-,0.0,0.0,0,dash_zero_inferred
Waynesville,Credit Factor,2019,-,0.0,0.0,0,dash_zero_inferred
Waynesville,Credit Factor,2020,-,0.0,0.0,0,dash_zero_inferred
Waynesville,Credit Factor,2021,-,0.0,0.0,0,dash_zero_inferred
Waynesville,Credit Factor,2022,-,0.0,0.0,0,dash_zero_inferred
Waynesville,Credit Factor,2023,-,0.0,0.0,0,dash_zero_inferred
Waynesville,Credit Factor,2024,-,0.0,0.0,0,dash_zero_inferred
Waynesville,Credit Factor,2025,-,0.0,0.0,0,dash_zero_inferred
Waynesville,Credit Rate,2016,-,0.0,0.0,0,dash_zero_inferred
Waynesville,Credit Rate,2017,-,0.0,0.0,0,dash_zero_inferred
Waynesville,Credit Rate,2018,-,0.0,0.0,0,dash_zero_inferred
Waynesville,Credit Rate,2019,-,0.0,0.0,0,dash_zero_inferred
Waynesville,Credit Rate,2020,-,0.0,0.0,0,dash_zero_inferred
Waynesville,Credit Rate,2021,-,0.0,0.0,0,dash_zero_inferred
Waynesville,Credit Rate,2022,-,0.0,0.0,0,dash_zero_inferred
Waynesville,Credit Rate,2023,-,0.0,0.0,0,dash_zero_inferred
Waynesville,Credit Rate,2024,-,0.0,0.0,0,dash_zero_inferred
Waynesville,Credit Rate,2025,-,0.0,0.0,0,dash_zero_inferred
Wellington,Tax Rate,2016,1.00,1.0,1.0,0,reported
Wellington,Tax Rate,2017,1.00,1.0,1.0,0,reported
Wellington,Tax Rate,2018,1.00,1.0,1.0,0,reported
Wellington,Tax Rate,2019,1.75,1.75,1.75,0,reported
Wellington,Tax Rate,2020,1.75,1.75,1.75,0,reported
Wellington,Tax Rate,2021,1.75,1.75,1.75,0,reported
Wellington,Tax Rate,2022,1.75,1.75,1.75,0,reported
Wellington,Tax Rate,2023,1.75,1.75,1.75,0,reported
Wellington,Tax Rate,2024,1.75,1.75,1.75,0,reported
Wellington,Tax Rate,2025,1.75,1.75,1.75,0,reported
Wellington,Credit Factor,2016,-,0.0,0.0,0,dash_zero_inferred
Wellington,Credit Factor,2017,-,0.0,0.0,0,dash_zero_inferred
Wellington,Credit Factor,2018,-,0.0,0.0,0,dash_zero_inferred
Wellington,Credit Factor,2019,100,100.0,100.0,0,reported
Wellington,Credit Factor,2020,100,100.0,100.0,0,reported
Wellington,Credit Factor,2021,100,100.0,100.0,0,reported
Wellington,Credit Factor,2022,100,100.0,100.0,0,reported
Wellington,Credit Factor,2023,100,100.0,100.0,0,reported
Wellington,Credit Factor,2024,100,100.0,100.0,0,reported
Wellington,Credit Factor,2025,100,100.0,100.0,0,reported
Wellington,Credit Rate,2016,-,0.0,0.0,0,dash_zero_inferred
Wellington,Credit Rate,2017,-,0.0,0.0,0,dash_zero_inferred
Wellington,Credit Rate,2018,-,0.0,0.0,0,dash_zero_inferred
Wellington,Credit Rate,2019,1.75,1.75,1.75,0,reported
Wellington,Credit Rate,2020,1.75,1.75,1.75,0,reported
Wellington,Credit Rate,2021,1.75,1.75,1.75,0,reported
Wellington,Credit Rate,2022,1.75,1.75,1.75,0,reported
Wellington,Credit Rate,2023,1.75,1.75,1.75,0,reported
Wellington,Credit Rate,2024,1.75,1.75,1.75,0,reported
Wellington,Credit Rate,2025,1.75,1.75,1.75,0,reported
Wellston,Tax Rate,2016,1.00,1.0,1.0,0,reported
Wellston,Tax Rate,2017,1.00,1.0,1.0,0,reported
Wellston,Tax Rate,2018,1.00,1.0,1.0,0,reported
Wellston,Tax Rate,2019,1.00,1.0,1.0,0,reported
Wellston,Tax Rate,2020,1.00,1.0,1.0,0,reported
Wellston,Tax Rate,2021,1.00,1.0,1.0,0,reported
Wellston,Tax Rate,2022,1.00,1.0,1.0,0,reported
Wellston,Tax Rate,2023,1.00,1.0,1.0,0,reported
Wellston,Tax Rate,2024,1.00,1.0,1.0,0,reported
Wellston,Tax Rate,2025,1.00,1.0,1.0,0,reported
Wellston,Credit Factor,2016,100,100.0,100.0,0,reported
Wellston,Credit Factor,2017,100,100.0,100.0,0,reported
Wellston,Credit Factor,2018,100,100.0,100.0,0,reported
Wellston,Credit Factor,2019,100,100.0,100.0,0,reported
Wellston,Credit Factor,2020,100,100.0,100.0,0,reported
Wellston,Credit Factor,2021,100,100.0,100.0,0,reported
Wellston,Credit Factor,2022,100,100.0,100.0,0,reported
Wellston,Credit Factor,2023,100,100.0,100.0,0,reported
Wellston,Credit Factor,2024,100,100.0,100.0,0,reported
Wellston,Credit Factor,2025,100,100.0,100.0,0,reported
Wellston,Credit Rate,2016,1.00,1.0,1.0,0,reported
Wellston,Credit Rate,2017,1.00,1.0,1.0,0,reported
Wellston,Credit Rate,2018,1.00,1.0,1.0,0,reported
Wellston,Credit Rate,2019,1.00,1.0,1.0,0,reported
Wellston,Credit Rate,2020,1.00,1.0,1.0,0,reported
Wellston,Credit Rate,2021,1.00,1.0,1.0,0,reported
Wellston,Credit Rate,2022,1.00,1.0,1.0,0,reported
Wellston,Credit Rate,2023,1.00,1.0,1.0,0,reported
Wellston,Credit Rate,2024,1.00,1.0,1.0,0,reported
Wellston,Credit Rate,2025,1.00,1.0,1.0,0,reported
Wellsville,Tax Rate,2016,1.00,1.0,1.0,0,reported
Wellsville,Tax Rate,2017,1.00,1.0,1.0,0,reported
Wellsville,Tax Rate,2018,1.50,1.5,1.5,0,reported
Wellsville,Tax Rate,2019,1.50,1.5,1.5,0,reported
Wellsville,Tax Rate,2020,1.50,1.5,1.5,0,reported
Wellsville,Tax Rate,2021,1.50,1.5,1.5,0,reported
Wellsville,Tax Rate,2022,1.50,1.5,1.5,0,reported
Wellsville,Tax Rate,2023,1.50,1.5,1.5,0,reported
Wellsville,Tax Rate,2024,1.50,1.5,1.5,0,reported
Wellsville,Tax Rate,2025,1.50,1.5,1.5,0,reported
Wellsville,Credit Factor,2016,-,0.0,0.0,0,dash_zero_inferred
Wellsville,Credit Factor,2017,-,0.0,0.0,0,dash_zero_inferred
Wellsville,Credit Factor,2018,50,50.0,50.0,0,reported
Wellsville,Credit Factor,2019,50,50.0,50.0,0,reported
Wellsville,Credit Factor,2020,50,50.0,50.0,0,reported
Wellsville,Credit Factor,2021,50,50.0,50.0,0,reported
Wellsville,Credit Factor,2022,50,50.0,50.0,0,reported
Wellsville,Credit Factor,2023,50,50.0,50.0,0,reported
Wellsville,Credit Factor,2024,50,50.0,50.0,0,reported
Wellsville,Credit Factor,2025,50,50.0,50.0,0,reported
Wellsville,Credit Rate,2016,-,0.0,0.0,0,dash_zero_inferred
Wellsville,Credit Rate,2017,-,0.0,0.0,0,dash_zero_inferred
Wellsville,Credit Rate,2018,1.50,1.5,1.5,0,reported
Wellsville,Credit Rate,2019,1.50,1.5,1.5,0,reported
Wellsville,Credit Rate,2020,1.50,1.5,1.5,0,reported
Wellsville,Credit Rate,2021,1.50,1.5,1.5,0,reported
Wellsville,Credit Rate,2022,1.50,1.5,1.5,0,reported
Wellsville,Credit Rate,2023,1.50,1.5,1.5,0,reported
Wellsville,Credit Rate,2024,1.50,1.5,1.5,0,reported
Wellsville,Credit Rate,2025,1.50,1.5,1.5,0,reported
West Alexandria,Tax Rate,2016,-,,,0,not_member_or_no_tax
West Alexandria,Tax Rate,2017,-,,,0,not_member_or_no_tax
West Alexandria,Tax Rate,2018,-,,,0,not_member_or_no_tax
West Alexandria,Tax Rate,2019,-,,,0,not_member_or_no_tax
West Alexandria,Tax Rate,2020,-,,,0,not_member_or_no_tax
West Alexandria,Tax Rate,2021,1.00,1.0,1.0,0,reported
West Alexandria,Tax Rate,2022,1.00,1.0,1.0,0,reported
West Alexandria,Tax Rate,2023,1.00,1.0,1.0,0,reported
West Alexandria,Tax Rate,2024,1.00,1.0,1.0,0,reported
West Alexandria,Tax Rate,2025,1.00,1.0,1.0,0,reported
West Alexandria,Credit Factor,2016,-,,,0,not_member_or_no_tax
West Alexandria,Credit Factor,2017,-,,,0,not_member_or_no_tax
West Alexandria,Credit Factor,2018,-,,,0,not_member_or_no_tax
West Alexandria,Credit Factor,2019,-,,,0,not_member_or_no_tax
West Alexandria,Credit Factor,2020,-,,,0,not_member_or_no_tax
West Alexandria,Credit Factor,2021,100,100.0,100.0,0,reported
West Alexandria,Credit Factor,2022,100,100.0,100.0,0,reported
West Alexandria,Credit Factor,2023,100,100.0,100.0,0,reported
West Alexandria,Credit Factor,2024,100,100.0,100.0,0,reported
West Alexandria,Credit Factor,2025,100,100.0,100.0,0,reported
West Alexandria,Credit Rate,2016,-,,,0,not_member_or_no_tax
West Alexandria,Credit Rate,2017,-,,,0,not_member_or_no_tax
West Alexandria,Credit Rate,2018,-,,,0,not_member_or_no_tax
West Alexandria,Credit Rate,2019,-,,,0,not_member_or_no_tax
West Alexandria,Credit Rate,2020,-,,,0,not_member_or_no_tax
West Alexandria,Credit Rate,2021,0.50,0.5,0.5,0,reported
West Alexandria,Credit Rate,2022,0.50,0.5,0.5,0,reported
West Alexandria,Credit Rate,2023,0.50,0.5,0.5,0,reported
West Alexandria,Credit Rate,2024,0.50,0.5,0.5,0,reported
West Alexandria,Credit Rate,2025,0.50,0.5,0.5,0,reported
West Elkton,Tax Rate,2016,1.00,1.0,1.0,0,reported
West Elkton,Tax Rate,2017,1.00,1.0,1.0,0,reported
West Elkton,Tax Rate,2018,1.00,1.0,1.0,0,reported
West Elkton,Tax Rate,2019,1.00,1.0,1.0,0,reported
West Elkton,Tax Rate,2020,1.00,1.0,1.0,0,reported
West Elkton,Tax Rate,2021,1.00,1.0,1.0,0,reported
West Elkton,Tax Rate,2022,1.00,1.0,1.0,0,reported
West Elkton,Tax Rate,2023,1.00,1.0,1.0,0,reported
West Elkton,Tax Rate,2024,1.00,1.0,1.0,0,reported
West Elkton,Tax Rate,2025,1.00,1.0,1.0,0,reported
West Elkton,Credit Factor,2016,100,100.0,100.0,0,reported
West Elkton,Credit Factor,2017,100,100.0,100.0,0,reported
West Elkton,Credit Factor,2018,100,100.0,100.0,0,reported
West Elkton,Credit Factor,2019,100,100.0,100.0,0,reported
West Elkton,Credit Factor,2020,100,100.0,100.0,0,reported
West Elkton,Credit Factor,2021,100,100.0,100.0,0,reported
West Elkton,Credit Factor,2022,100,100.0,100.0,0,reported
West Elkton,Credit Factor,2023,100,100.0,100.0,0,reported
West Elkton,Credit Factor,2024,100,100.0,100.0,0,reported
West Elkton,Credit Factor,2025,100,100.0,100.0,0,reported
West Elkton,Credit Rate,2016,1.00,1.0,1.0,0,reported
West Elkton,Credit Rate,2017,1.00,1.0,1.0,0,reported
West Elkton,Credit Rate,2018,1.00,1.0,1.0,0,reported
West Elkton,Credit Rate,2019,1.00,1.0,1.0,0,reported
West Elkton,Credit Rate,2020,1.00,1.0,1.0,0,reported
West Elkton,Credit Rate,2021,1.00,1.0,1.0,0,reported
West Elkton,Credit Rate,2022,1.00,1.0,1.0,0,reported
West Elkton,Credit Rate,2023,1.00,1.0,1.0,0,reported
West Elkton,Credit Rate,2024,1.00,1.0,1.0,0,reported
West Elkton,Credit Rate,2025,1.00,1.0,1.0,0,reported
West Lafayette,Tax Rate,2016,1.00,1.0,1.0,0,reported
West Lafayette,Tax Rate,2017,1.50,1.5,1.5,0,reported
West Lafayette,Tax Rate,2018,1.50,1.5,1.5,0,reported
West Lafayette,Tax Rate,2019,1.50,1.5,1.5,0,reported
West Lafayette,Tax Rate,2020,1.50,1.5,1.5,0,reported
West Lafayette,Tax Rate,2021,1.50,1.5,1.5,0,reported
West Lafayette,Tax Rate,2022,1.50,1.5,1.5,0,reported
West Lafayette,Tax Rate,2023,1.50,1.5,1.5,0,reported
West Lafayette,Tax Rate,2024,1.50,1.5,1.5,0,reported
West Lafayette,Tax Rate,2025,1.50,1.5,1.5,0,reported
West Lafayette,Credit Factor,2016,-,0.0,0.0,0,dash_zero_inferred
West Lafayette,Credit Factor,2017,100,100.0,100.0,0,reported
West Lafayette,Credit Factor,2018,100,100.0,100.0,0,reported
West Lafayette,Credit Factor,2019,100,100.0,100.0,0,reported
West Lafayette,Credit Factor,2020,100,100.0,100.0,0,reported
West Lafayette,Credit Factor,2021,100,100.0,100.0,0,reported
West Lafayette,Credit Factor,2022,100,100.0,100.0,0,reported
West Lafayette,Credit Factor,2023,100,100.0,100.0,0,reported
West Lafayette,Credit Factor,2024,100,100.0,100.0,0,reported
West Lafayette,Credit Factor,2025,100,100.0,100.0,0,reported
West Lafayette,Credit Rate,2016,-,0.0,0.0,0,dash_zero_inferred
West Lafayette,Credit Rate,2017,1.50,1.5,1.5,0,reported
West Lafayette,Credit Rate,2018,1.50,1.5,1.5,0,reported
West Lafayette,Credit Rate,2019,1.50,1.5,1.5,0,reported
West Lafayette,Credit Rate,2020,1.50,1.5,1.5,0,reported
West Lafayette,Credit Rate,2021,1.50,1.5,1.5,0,reported
West Lafayette,Credit Rate,2022,0.75,0.75,0.75,0,reported
West Lafayette,Credit Rate,2023,0.75,0.75,0.75,0,reported
West Lafayette,Credit Rate,2024,0.75,0.75,0.75,0,reported
West Lafayette,Credit Rate,2025,0.75,0.75,0.75,0,reported
West Liberty,Tax Rate,2016,-,,,0,not_member_or_no_tax
West Liberty,Tax Rate,2017,-,,,0,not_member_or_no_tax
West Liberty,Tax Rate,2018,-,,,0,not_member_or_no_tax
West Liberty,Tax Rate,2019,-,,,0,not_member_or_no_tax
West Liberty,Tax Rate,2020,1.00,1.0,1.0,0,reported
West Liberty,Tax Rate,2021,1.00,1.0,1.0,0,reported
West Liberty,Tax Rate,2022,1.00,1.0,1.0,0,reported
West Liberty,Tax Rate,2023,1.00,1.0,1.0,0,reported
West Liberty,Tax Rate,2024,1.00,1.0,1.0,0,reported
West Liberty,Tax Rate,2025,1.00,1.0,1.0,0,reported
West Liberty,Credit Factor,2016,-,,,0,not_member_or_no_tax
West Liberty,Credit Factor,2017,-,,,0,not_member_or_no_tax
West Liberty,Credit Factor,2018,-,,,0,not_member_or_no_tax
West Liberty,Credit Factor,2019,-,,,0,not_member_or_no_tax
West Liberty,Credit Factor,2020,100,100.0,100.0,0,reported
West Liberty,Credit Factor,2021,100,100.0,100.0,0,reported
West Liberty,Credit Factor,2022,100,100.0,100.0,0,reported
West Liberty,Credit Factor,2023,100,100.0,100.0,0,reported
West Liberty,Credit Factor,2024,100,100.0,100.0,0,reported
West Liberty,Credit Factor,2025,100,100.0,100.0,0,reported
West Liberty,Credit Rate,2016,-,,,0,not_member_or_no_tax
West Liberty,Credit Rate,2017,-,,,0,not_member_or_no_tax
West Liberty,Credit Rate,2018,-,,,0,not_member_or_no_tax
West Liberty,Credit Rate,2019,-,,,0,not_member_or_no_tax
West Liberty,Credit Rate,2020,0.50,0.5,0.5,0,reported
West Liberty,Credit Rate,2021,0.50,0.5,0.5,0,reported
West Liberty,Credit Rate,2022,0.50,0.5,0.5,0,reported
West Liberty,Credit Rate,2023,0.50,0.5,0.5,0,reported
West Liberty,Credit Rate,2024,0.50,0.5,0.5,0,reported
West Liberty,Credit Rate,2025,0.50,0.5,0.5,0,reported
West Mansfield,Tax Rate,2016,1.00,1.0,1.0,0,reported
West Mansfield,Tax Rate,2017,1.00,1.0,1.0,0,reported
West Mansfield,Tax Rate,2018,1.00,1.0,1.0,0,reported
West Mansfield,Tax Rate,2019,1.00,1.0,1.0,0,reported
West Mansfield,Tax Rate,2020,1.00,1.0,1.0,0,reported
West Mansfield,Tax Rate,2021,1.00,1.0,1.0,0,reported
West Mansfield,Tax Rate,2022,1.00,1.0,1.0,0,reported
West Mansfield,Tax Rate,2023,1.00,1.0,1.0,0,reported
West Mansfield,Tax Rate,2024,1.00,1.0,1.0,0,reported
West Mansfield,Tax Rate,2025,1.00,1.0,1.0,0,reported
West Mansfield,Credit Factor,2016,-,0.0,0.0,0,dash_zero_inferred
West Mansfield,Credit Factor,2017,-,0.0,0.0,0,dash_zero_inferred
West Mansfield,Credit Factor,2018,-,0.0,0.0,0,dash_zero_inferred
West Mansfield,Credit Factor,2019,-,0.0,0.0,0,dash_zero_inferred
West Mansfield,Credit Factor,2020,-,0.0,0.0,0,dash_zero_inferred
West Mansfield,Credit Factor,2021,-,0.0,0.0,0,dash_zero_inferred
West Mansfield,Credit Factor,2022,-,0.0,0.0,0,dash_zero_inferred
West Mansfield,Credit Factor,2023,-,0.0,0.0,0,dash_zero_inferred
West Mansfield,Credit Factor,2024,-,0.0,0.0,0,dash_zero_inferred
West Mansfield,Credit Factor,2025,-,0.0,0.0,0,dash_zero_inferred
West Mansfield,Credit Rate,2016,-,0.0,0.0,0,dash_zero_inferred
West Mansfield,Credit Rate,2017,-,0.0,0.0,0,dash_zero_inferred
West Mansfield,Credit Rate,2018,-,0.0,0.0,0,dash_zero_inferred
West Mansfield,Credit Rate,2019,-,0.0,0.0,0,dash_zero_inferred
West Mansfield,Credit Rate,2020,-,0.0,0.0,0,dash_zero_inferred
West Mansfield,Credit Rate,2021,-,0.0,0.0,0,dash_zero_inferred
West Mansfield,Credit Rate,2022,-,0.0,0.0,0,dash_zero_inferred
West Mansfield,Credit Rate,2023,-,0.0,0.0,0,dash_zero_inferred
West Mansfield,Credit Rate,2024,-,0.0,0.0,0,dash_zero_inferred
West Mansfield,Credit Rate,2025,-,0.0,0.0,0,dash_zero_inferred
West Salem,Tax Rate,2016,-,,,0,not_member_or_no_tax
West Salem,Tax Rate,2017,-,,,0,not_member_or_no_tax
West Salem,Tax Rate,2018,-,,,0,not_member_or_no_tax
West Salem,Tax Rate,2019,-,,,0,not_member_or_no_tax
West Salem,Tax Rate,2020,1.00,1.0,1.0,0,reported
West Salem,Tax Rate,2021,1.00,1.0,1.0,0,reported
West Salem,Tax Rate,2022,1.00,1.0,1.0,0,reported
West Salem,Tax Rate,2023,1.00,1.0,1.0,0,reported
West Salem,Tax Rate,2024,1.00,1.0,1.0,0,reported
West Salem,Tax Rate,2025,1.00,1.0,1.0,0,reported
West Salem,Credit Factor,2016,-,,,0,not_member_or_no_tax
West Salem,Credit Factor,2017,-,,,0,not_member_or_no_tax
West Salem,Credit Factor,2018,-,,,0,not_member_or_no_tax
West Salem,Credit Factor,2019,-,,,0,not_member_or_no_tax
West Salem,Credit Factor,2020,-,0.0,0.0,0,dash_zero_inferred
West Salem,Credit Factor,2021,-,0.0,0.0,0,dash_zero_inferred
West Salem,Credit Factor,2022,-,0.0,0.0,0,dash_zero_inferred
West Salem,Credit Factor,2023,-,0.0,0.0,0,dash_zero_inferred
West Salem,Credit Factor,2024,-,0.0,0.0,0,dash_zero_inferred
West Salem,Credit Factor,2025,-,0.0,0.0,0,dash_zero_inferred
West Salem,Credit Rate,2016,-,,,0,not_member_or_no_tax
West Salem,Credit Rate,2017,-,,,0,not_member_or_no_tax
West Salem,Credit Rate,2018,-,,,0,not_member_or_no_tax
West Salem,Credit Rate,2019,-,,,0,not_member_or_no_tax
West Salem,Credit Rate,2020,-,0.0,0.0,0,dash_zero_inferred
West Salem,Credit Rate,2021,-,0.0,0.0,0,dash_zero_inferred
West Salem,Credit Rate,2022,-,0.0,0.0,0,dash_zero_inferred
West Salem,Credit Rate,2023,-,0.0,0.0,0,dash_zero_inferred
West Salem,Credit Rate,2024,-,0.0,0.0,0,dash_zero_inferred
West Salem,Credit Rate,2025,-,0.0,0.0,0,dash_zero_inferred
West Unity,Tax Rate,2016,-,,,0,not_member_or_no_tax
West Unity,Tax Rate,2017,-,,,0,not_member_or_no_tax
West Unity,Tax Rate,2018,-,,,0,not_member_or_no_tax
West Unity,Tax Rate,2019,-,,,0,not_member_or_no_tax
West Unity,Tax Rate,2020,1.50,1.5,1.5,0,reported
West Unity,Tax Rate,2021,1.50,1.5,1.5,0,reported
West Unity,Tax Rate,2022,1.50,1.5,1.5,0,reported
West Unity,Tax Rate,2023,1.50,1.5,1.5,0,reported
West Unity,Tax Rate,2024,1.50,1.5,1.5,0,reported
West Unity,Tax Rate,2025,1.50,1.5,1.5,0,reported
West Unity,Credit Factor,2016,-,,,0,not_member_or_no_tax
West Unity,Credit Factor,2017,-,,,0,not_member_or_no_tax
West Unity,Credit Factor,2018,-,,,0,not_member_or_no_tax
West Unity,Credit Factor,2019,-,,,0,not_member_or_no_tax
West Unity,Credit Factor,2020,100,100.0,100.0,0,reported
West Unity,Credit Factor,2021,100,100.0,100.0,0,reported
West Unity,Credit Factor,2022,100,100.0,100.0,0,reported
West Unity,Credit Factor,2023,100,100.0,100.0,0,reported
West Unity,Credit Factor,2024,100,100.0,100.0,0,reported
West Unity,Credit Factor,2025,100,100.0,100.0,0,reported
West Unity,Credit Rate,2016,-,,,0,not_member_or_no_tax
West Unity,Credit Rate,2017,-,,,0,not_member_or_no_tax
West Unity,Credit Rate,2018,-,,,0,not_member_or_no_tax
West Unity,Credit Rate,2019,-,,,0,not_member_or_no_tax
West Unity,Credit Rate,2020,1.50,1.5,1.5,0,reported
West Unity,Credit Rate,2021,1.50,1.5,1.5,0,reported
West Unity,Credit Rate,2022,1.50,1.5,1.5,0,reported
West Unity,Credit Rate,2023,1.50,1.5,1.5,0,reported
West Unity,Credit Rate,2024,1.50,1.5,1.5,0,reported
West Unity,Credit Rate,2025,1.50,1.5,1.5,0,reported
Westlake,Tax Rate,2016,1.50,1.5,1.5,0,reported
Westlake,Tax Rate,2017,1.50,1.5,1.5,0,reported
Westlake,Tax Rate,2018,1.50,1.5,1.5,0,reported
Westlake,Tax Rate,2019,1.50,1.5,1.5,0,reported
Westlake,Tax Rate,2020,1.50,1.5,1.5,0,reported
Westlake,Tax Rate,2021,1.50,1.5,1.5,0,reported
Westlake,Tax Rate,2022,1.50,1.5,1.5,0,reported
Westlake,Tax Rate,2023,1.50,1.5,1.5,0,reported
Westlake,Tax Rate,2024,1.50,1.5,1.5,0,reported
Westlake,Tax Rate,2025,1.50,1.5,1.5,0,reported
Westlake,Credit Factor,2016,100,100.0,100.0,0,reported
Westlake,Credit Factor,2017,100,100.0,100.0,0,reported
Westlake,Credit Factor,2018,100,100.0,100.0,0,reported
Westlake,Credit Factor,2019,100,100.0,100.0,0,reported
Westlake,Credit Factor,2020,100,100.0,100.0,0,reported
Westlake,Credit Factor,2021,100,100.0,100.0,0,reported
Westlake,Credit Factor,2022,100,100.0,100.0,0,reported
Westlake,Credit Factor,2023,100,100.0,100.0,0,reported
Westlake,Credit Factor,2024,100,100.0,100.0,0,reported
Westlake,Credit Factor,2025,100,100.0,100.0,0,reported
Westlake,Credit Rate,2016,1.50,1.5,1.5,0,reported
Westlake,Credit Rate,2017,1.50,1.5,1.5,0,reported
Westlake,Credit Rate,2018,1.50,1.5,1.5,0,reported
Westlake,Credit Rate,2019,1.50,1.5,1.5,0,reported
Westlake,Credit Rate,2020,1.50,1.5,1.5,0,reported
Westlake,Credit Rate,2021,1.50,1.5,1.5,0,reported
Westlake,Credit Rate,2022,1.50,1.5,1.5,0,reported
Westlake,Credit Rate,2023,1.50,1.5,1.5,0,reported
Westlake,Credit Rate,2024,1.50,1.5,1.5,0,reported
Westlake,Credit Rate,2025,1.50,1.5,1.5,0,reported
Weston,Tax Rate,2016,1.00,1.0,1.0,0,reported
Weston,Tax Rate,2017,1.00,1.0,1.0,0,reported
Weston,Tax Rate,2018,1.00,1.0,1.0,0,reported
Weston,Tax Rate,2019,1.00,1.0,1.0,0,reported
Weston,Tax Rate,2020,1.00,1.0,1.0,0,reported
Weston,Tax Rate,2021,1.00,1.0,1.0,0,reported
Weston,Tax Rate,2022,1.00,1.0,1.0,0,reported
Weston,Tax Rate,2023,1.00,1.0,1.0,0,reported
Weston,Tax Rate,2024,1.00,1.0,1.0,0,reported
Weston,Tax Rate,2025,1.00,1.0,1.0,0,reported
Weston,Credit Factor,2016,-,0.0,0.0,0,dash_zero_inferred
Weston,Credit Factor,2017,-,0.0,0.0,0,dash_zero_inferred
Weston,Credit Factor,2018,-,0.0,0.0,0,dash_zero_inferred
Weston,Credit Factor,2019,-,0.0,0.0,0,dash_zero_inferred
Weston,Credit Factor,2020,-,0.0,0.0,0,dash_zero_inferred
Weston,Credit Factor,2021,-,0.0,0.0,0,dash_zero_inferred
Weston,Credit Factor,2022,-,0.0,0.0,0,dash_zero_inferred
Weston,Credit Factor,2023,-,0.0,0.0,0,dash_zero_inferred
Weston,Credit Factor,2024,-,0.0,0.0,0,dash_zero_inferred
Weston,Credit Factor,2025,-,0.0,0.0,0,dash_zero_inferred
Weston,Credit Rate,2016,-,0.0,0.0,0,dash_zero_inferred
Weston,Credit Rate,2017,-,0.0,0.0,0,dash_zero_inferred
Weston,Credit Rate,2018,-,0.0,0.0,0,dash_zero_inferred
Weston,Credit Rate,2019,-,0.0,0.0,0,dash_zero_inferred
Weston,Credit Rate,2020,-,0.0,0.0,0,dash_zero_inferred
Weston,Credit Rate,2021,-,0.0,0.0,0,dash_zero_inferred
Weston,Credit Rate,2022,-,0.0,0.0,0,dash_zero_inferred
Weston,Credit Rate,2023,-,0.0,0.0,0,dash_zero_inferred
Weston,Credit Rate,2024,-,0.0,0.0,0,dash_zero_inferred
Weston,Credit Rate,2025,-,0.0,0.0,0,dash_zero_inferred
Whitehouse,Tax Rate,2016,-,,,0,not_member_or_no_tax
Whitehouse,Tax Rate,2017,-,,,0,not_member_or_no_tax
Whitehouse,Tax Rate,2018,-,,,0,not_member_or_no_tax
Whitehouse,Tax Rate,2019,1.50,1.5,1.5,0,reported
Whitehouse,Tax Rate,2020,1.50,1.5,1.5,0,reported
Whitehouse,Tax Rate,2021,1.50,1.5,1.5,0,reported
Whitehouse,Tax Rate,2022,1.50,1.5,1.5,0,reported
Whitehouse,Tax Rate,2023,1.50,1.5,1.5,0,reported
Whitehouse,Tax Rate,2024,1.50,1.5,1.5,0,reported
Whitehouse,Tax Rate,2025,1.50,1.5,1.5,0,reported
Whitehouse,Credit Factor,2016,-,,,0,not_member_or_no_tax
Whitehouse,Credit Factor,2017,-,,,0,not_member_or_no_tax
Whitehouse,Credit Factor,2018,-,,,0,not_member_or_no_tax
Whitehouse,Credit Factor,2019,100,100.0,100.0,0,reported
Whitehouse,Credit Factor,2020,100,100.0,100.0,0,reported
Whitehouse,Credit Factor,2021,100,100.0,100.0,0,reported
Whitehouse,Credit Factor,2022,100,100.0,100.0,0,reported
Whitehouse,Credit Factor,2023,100,100.0,100.0,0,reported
Whitehouse,Credit Factor,2024,100,100.0,100.0,0,reported
Whitehouse,Credit Factor,2025,100,100.0,100.0,0,reported
Whitehouse,Credit Rate,2016,-,,,0,not_member_or_no_tax
Whitehouse,Credit Rate,2017,-,,,0,not_member_or_no_tax
Whitehouse,Credit Rate,2018,-,,,0,not_member_or_no_tax
Whitehouse,Credit Rate,2019,0.75,0.75,0.75,0,reported
Whitehouse,Credit Rate,2020,0.75,0.75,0.75,0,reported
Whitehouse,Credit Rate,2021,0.75,0.75,0.75,0,reported
Whitehouse,Credit Rate,2022,0.75,0.75,0.75,0,reported
Whitehouse,Credit Rate,2023,0.75,0.75,0.75,0,reported
Whitehouse,Credit Rate,2024,0.75,0.75,0.75,0,reported
Whitehouse,Credit Rate,2025,0.75,0.75,0.75,0,reported
Wickliffe,Tax Rate,2016,-,,,0,not_member_or_no_tax
Wickliffe,Tax Rate,2017,2.00,2.0,2.0,0,reported
Wickliffe,Tax Rate,2018,2.00,2.0,2.0,0,reported
Wickliffe,Tax Rate,2019,2.00,2.0,2.0,0,reported
Wickliffe,Tax Rate,2020,2.00,2.0,2.0,0,reported
Wickliffe,Tax Rate,2021,2.00,2.0,2.0,0,reported
Wickliffe,Tax Rate,2022,2.00,2.0,2.0,0,reported
Wickliffe,Tax Rate,2023,2.00,2.0,2.0,0,reported
Wickliffe,Tax Rate,2024,2.00,2.0,2.0,0,reported
Wickliffe,Tax Rate,2025,2.00,2.0,2.0,0,reported
Wickliffe,Credit Factor,2016,-,,,0,not_member_or_no_tax
Wickliffe,Credit Factor,2017,100,100.0,100.0,0,reported
Wickliffe,Credit Factor,2018,100,100.0,100.0,0,reported
Wickliffe,Credit Factor,2019,100,100.0,100.0,0,reported
Wickliffe,Credit Factor,2020,100,100.0,100.0,0,reported
Wickliffe,Credit Factor,2021,100,100.0,100.0,0,reported
Wickliffe,Credit Factor,2022,100,100.0,100.0,0,reported
Wickliffe,Credit Factor,2023,100,100.0,100.0,0,reported
Wickliffe,Credit Factor,2024,100,100.0,100.0,0,reported
Wickliffe,Credit Factor,2025,100,100.0,100.0,0,reported
Wickliffe,Credit Rate,2016,-,,,0,not_member_or_no_tax
Wickliffe,Credit Rate,2017,2.00,2.0,2.0,0,reported
Wickliffe,Credit Rate,2018,2.00,2.0,2.0,0,reported
Wickliffe,Credit Rate,2019,2.00,2.0,2.0,0,reported
Wickliffe,Credit Rate,2020,2.00,2.0,2.0,0,reported
Wickliffe,Credit Rate,2021,2.00,2.0,2.0,0,reported
Wickliffe,Credit Rate,2022,2.00,2.0,2.0,0,reported
Wickliffe,Credit Rate,2023,2.00,2.0,2.0,0,reported
Wickliffe,Credit Rate,2024,2.00,2.0,2.0,0,reported
Wickliffe,Credit Rate,2025,2.00,2.0,2.0,0,reported
Williamsburg,Tax Rate,2016,1.00,1.0,1.0,0,reported
Williamsburg,Tax Rate,2017,1.00,1.0,1.0,0,reported
Williamsburg,Tax Rate,2018,1.00,1.0,1.0,0,reported
Williamsburg,Tax Rate,2019,1.00,1.0,1.0,0,reported
Williamsburg,Tax Rate,2020,1.00,1.0,1.0,0,reported
Williamsburg,Tax Rate,2021,1.00,1.0,1.0,0,reported
Williamsburg,Tax Rate,2022,1.00,1.0,1.0,0,reported
Williamsburg,Tax Rate,2023,1.00,1.0,1.0,0,reported
Williamsburg,Tax Rate,2024,1.00,1.0,1.0,0,reported
Williamsburg,Tax Rate,2025,1.00,1.0,1.0,0,reported
Williamsburg,Credit Factor,2016,100,100.0,100.0,0,reported
Williamsburg,Credit Factor,2017,100,100.0,100.0,0,reported
Williamsburg,Credit Factor,2018,100,100.0,100.0,0,reported
Williamsburg,Credit Factor,2019,100,100.0,100.0,0,reported
Williamsburg,Credit Factor,2020,100,100.0,100.0,0,reported
Williamsburg,Credit Factor,2021,100,100.0,100.0,0,reported
Williamsburg,Credit Factor,2022,100,100.0,100.0,0,reported
Williamsburg,Credit Factor,2023,100,100.0,100.0,0,reported
Williamsburg,Credit Factor,2024,100,100.0,100.0,0,reported
Williamsburg,Credit Factor,2025,100,100.0,100.0,0,reported
Williamsburg,Credit Rate,2016,1.00,1.0,1.0,0,reported
Williamsburg,Credit Rate,2017,1.00,1.0,1.0,0,reported
Williamsburg,Credit Rate,2018,1.00,1.0,1.0,0,reported
Williamsburg,Credit Rate,2019,1.00,1.0,1.0,0,reported
Williamsburg,Credit Rate,2020,1.00,1.0,1.0,0,reported
Williamsburg,Credit Rate,2021,1.00,1.0,1.0,0,reported
Williamsburg,Credit Rate,2022,1.00,1.0,1.0,0,reported
Williamsburg,Credit Rate,2023,1.00,1.0,1.0,0,reported
Williamsburg,Credit Rate,2024,1.00,1.0,1.0,0,reported
Williamsburg,Credit Rate,2025,1.00,1.0,1.0,0,reported
Williamsburg Jedd,Tax Rate,2016,-,,,0,not_member_or_no_tax
Williamsburg Jedd,Tax Rate,2017,-,,,0,not_member_or_no_tax
Williamsburg Jedd,Tax Rate,2018,1.00,1.0,1.0,0,reported
Williamsburg Jedd,Tax Rate,2019,1.00,1.0,1.0,0,reported
Williamsburg Jedd,Tax Rate,2020,1.00,1.0,1.0,0,reported
Williamsburg Jedd,Tax Rate,2021,1.00,1.0,1.0,0,reported
Williamsburg Jedd,Tax Rate,2022,1.00,1.0,1.0,0,reported
Williamsburg Jedd,Tax Rate,2023,1.00,1.0,1.0,0,reported
Williamsburg Jedd,Tax Rate,2024,1.00,1.0,1.0,0,reported
Williamsburg Jedd,Tax Rate,2025,1.00,1.0,1.0,0,reported
Williamsburg Jedd,Credit Factor,2016,,,,0,absent
Williamsburg Jedd,Credit Factor,2017,,,,0,absent
Williamsburg Jedd,Credit Factor,2018,,,,0,absent
Williamsburg Jedd,Credit Factor,2019,,,,0,absent
Williamsburg Jedd,Credit Factor,2020,,,,0,absent
Williamsburg Jedd,Credit Factor,2021,,,,0,absent
Williamsburg Jedd,Credit Factor,2022,,,,0,absent
Williamsburg Jedd,Credit Factor,2023,,,,0,absent
Williamsburg Jedd,Credit Factor,2024,,,,0,absent
Williamsburg Jedd,Credit Factor,2025,,,,0,absent
Williamsburg Jedd,Credit Rate,2016,,,,0,absent
Williamsburg Jedd,Credit Rate,2017,,,,0,absent
Williamsburg Jedd,Credit Rate,2018,,,,0,absent
Williamsburg Jedd,Credit Rate,2019,,,,0,absent
Williamsburg Jedd,Credit Rate,2020,,,,0,absent
Williamsburg Jedd,Credit Rate,2021,,,,0,absent
Williamsburg Jedd,Credit Rate,2022,,,,0,absent
Williamsburg Jedd,Credit Rate,2023,,,,0,absent
Williamsburg Jedd,Credit Rate,2024,,,,0,absent
Williamsburg Jedd,Credit Rate,2025,,,,0,absent
Williamsport,Tax Rate,2016,-,,,0,not_member_or_no_tax
Williamsport,Tax Rate,2017,-,,,0,not_member_or_no_tax
Williamsport,Tax Rate,2018,0.50,0.5,0.5,0,reported
Williamsport,Tax Rate,2019,0.50,0.5,0.5,0,reported
Williamsport,Tax Rate,2020,0.50,0.5,0.5,0,reported
Williamsport,Tax Rate,2021,0.50,0.5,0.5,0,reported
Williamsport,Tax Rate,2022,0.50,0.5,0.5,0,reported
Williamsport,Tax Rate,2023,0.50,0.5,0.5,0,reported
Williamsport,Tax Rate,2024,0.50,0.5,0.5,0,reported
Williamsport,Tax Rate,2025,0.50,0.5,0.5,0,reported
Williamsport,Credit Factor,2016,-,,,0,not_member_or_no_tax
Williamsport,Credit Factor,2017,-,,,0,not_member_or_no_tax
Williamsport,Credit Factor,2018,-,0.0,0.0,0,dash_zero_inferred
Williamsport,Credit Factor,2019,-,0.0,0.0,0,dash_zero_inferred
Williamsport,Credit Factor,2020,-,0.0,0.0,0,dash_zero_inferred
Williamsport,Credit Factor,2021,-,0.0,0.0,0,dash_zero_inferred
Williamsport,Credit Factor,2022,-,0.0,0.0,0,dash_zero_inferred
Williamsport,Credit Factor,2023,-,0.0,0.0,0,dash_zero_inferred
Williamsport,Credit Factor,2024,-,0.0,0.0,0,dash_zero_inferred
Williamsport,Credit Factor,2025,-,0.0,0.0,0,dash_zero_inferred
Williamsport,Credit Rate,2016,-,,,0,not_member_or_no_tax
Williamsport,Credit Rate,2017,-,,,0,not_member_or_no_tax
Williamsport,Credit Rate,2018,-,0.0,0.0,0,dash_zero_inferred
Williamsport,Credit Rate,2019,-,0.0,0.0,0,dash_zero_inferred
Williamsport,Credit Rate,2020,-,0.0,0.0,0,dash_zero_inferred
Williamsport,Credit Rate,2021,-,0.0,0.0,0,dash_zero_inferred
Williamsport,Credit Rate,2022,-,0.0,0.0,0,dash_zero_inferred
Williamsport,Credit Rate,2023,-,0.0,0.0,0,dash_zero_inferred
Williamsport,Credit Rate,2024,-,0.0,0.0,0,dash_zero_inferred
Williamsport,Credit Rate,2025,-,0.0,0.0,0,dash_zero_inferred
Willoughby,Tax Rate,2016,2.00,2.0,2.0,0,reported
Willoughby,Tax Rate,2017,2.00,2.0,2.0,0,reported
Willoughby,Tax Rate,2018,2.00,2.0,2.0,0,reported
Willoughby,Tax Rate,2019,2.00,2.0,2.0,0,reported
Willoughby,Tax Rate,2020,2.00,2.0,2.0,0,reported
Willoughby,Tax Rate,2021,2.00,2.0,2.0,0,reported
Willoughby,Tax Rate,2022,2.00,2.0,2.0,0,reported
Willoughby,Tax Rate,2023,2.00,2.0,2.0,0,reported
Willoughby,Tax Rate,2024,2.00,2.0,2.0,0,reported
Willoughby,Tax Rate,2025,2.00,2.0,2.0,0,reported
Willoughby,Credit Factor,2016,100,100.0,100.0,0,reported
Willoughby,Credit Factor,2017,100,100.0,100.0,0,reported
Willoughby,Credit Factor,2018,100,100.0,100.0,0,reported
Willoughby,Credit Factor,2019,100,100.0,100.0,0,reported
Willoughby,Credit Factor,2020,100,100.0,100.0,0,reported
Willoughby,Credit Factor,2021,100,100.0,100.0,0,reported
Willoughby,Credit Factor,2022,100,100.0,100.0,0,reported
Willoughby,Credit Factor,2023,100,100.0,100.0,0,reported
Willoughby,Credit Factor,2024,100,100.0,100.0,0,reported
Willoughby,Credit Factor,2025,100,100.0,100.0,0,reported
Willoughby,Credit Rate,2016,2.00,2.0,2.0,0,reported
Willoughby,Credit Rate,2017,2.00,2.0,2.0,0,reported
Willoughby,Credit Rate,2018,2.00,2.0,2.0,0,reported
Willoughby,Credit Rate,2019,2.00,2.0,2.0,0,reported
Willoughby,Credit Rate,2020,2.00,2.0,2.0,0,reported
Willoughby,Credit Rate,2021,2.00,2.0,2.0,0,reported
Willoughby,Credit Rate,2022,2.00,2.0,2.0,0,reported
Willoughby,Credit Rate,2023,2.00,2.0,2.0,0,reported
Willoughby,Credit Rate,2024,2.00,2.0,2.0,0,reported
Willoughby,Credit Rate,2025,2.00,2.0,2.0,0,reported
Willoughby Hills,Tax Rate,2016,2.00,2.0,2.0,0,reported
Willoughby Hills,Tax Rate,2017,2.00,2.0,2.0,0,reported
Willoughby Hills,Tax Rate,2018,2.00,2.0,2.0,0,reported
Willoughby Hills,Tax Rate,2019,2.00,2.0,2.0,0,reported
Willoughby Hills,Tax Rate,2020,2.00,2.0,2.0,0,reported
Willoughby Hills,Tax Rate,2021,2.00,2.0,2.0,0,reported
Willoughby Hills,Tax Rate,2022,2.00,2.0,2.0,0,reported
Willoughby Hills,Tax Rate,2023,2.00,2.0,2.0,0,reported
Willoughby Hills,Tax Rate,2024,2.00,2.0,2.0,0,reported
Willoughby Hills,Tax Rate,2025,2.00,2.0,2.0,0,reported
Willoughby Hills,Credit Factor,2016,100,100.0,100.0,0,reported
Willoughby Hills,Credit Factor,2017,100,100.0,100.0,0,reported
Willoughby Hills,Credit Factor,2018,100,100.0,100.0,0,reported
Willoughby Hills,Credit Factor,2019,100,100.0,100.0,0,reported
Willoughby Hills,Credit Factor,2020,100,100.0,100.0,0,reported
Willoughby Hills,Credit Factor,2021,100,100.0,100.0,0,reported
Willoughby Hills,Credit Factor,2022,100,100.0,100.0,0,reported
Willoughby Hills,Credit Factor,2023,100,100.0,100.0,0,reported
Willoughby Hills,Credit Factor,2024,100,100.0,100.0,0,reported
Willoughby Hills,Credit Factor,2025,100,100.0,100.0,0,reported
Willoughby Hills,Credit Rate,2016,1.50,1.5,1.5,0,reported
Willoughby Hills,Credit Rate,2017,1.50,1.5,1.5,0,reported
Willoughby Hills,Credit Rate,2018,1.50,1.5,1.5,0,reported
Willoughby Hills,Credit Rate,2019,1.50,1.5,1.5,0,reported
Willoughby Hills,Credit Rate,2020,1.50,1.5,1.5,0,reported
Willoughby Hills,Credit Rate,2021,1.50,1.5,1.5,0,reported
Willoughby Hills,Credit Rate,2022,1.50,1.5,1.5,0,reported
Willoughby Hills,Credit Rate,2023,1.50,1.5,1.5,0,reported
Willoughby Hills,Credit Rate,2024,1.50,1.5,1.5,0,reported
Willoughby Hills,Credit Rate,2025,1.50,1.5,1.5,0,reported
Willowick,Tax Rate,2016,2.00,2.0,2.0,0,reported
Willowick,Tax Rate,2017,2.00,2.0,2.0,0,reported
Willowick,Tax Rate,2018,2.00,2.0,2.0,0,reported
Willowick,Tax Rate,2019,2.00,2.0,2.0,0,reported
Willowick,Tax Rate,2020,2.00,2.0,2.0,0,reported
Willowick,Tax Rate,2021,2.00,2.0,2.0,0,reported
Willowick,Tax Rate,2022,2.00,2.0,2.0,0,reported
Willowick,Tax Rate,2023,2.00,2.0,2.0,0,reported
Willowick,Tax Rate,2024,2.00,2.0,2.0,0,reported
Willowick,Tax Rate,2025,2.00,2.0,2.0,0,reported
Willowick,Credit Factor,2016,87.50,87.5,87.5,0,reported
Willowick,Credit Factor,2017,87.50,87.5,87.5,0,reported
Willowick,Credit Factor,2018,87.50,87.5,87.5,0,reported
Willowick,Credit Factor,2019,87.50,87.5,87.5,0,reported
Willowick,Credit Factor,2020,87.50,87.5,87.5,0,reported
Willowick,Credit Factor,2021,87.50,87.5,87.5,0,reported
Willowick,Credit Factor,2022,87.50,87.5,87.5,0,reported
Willowick,Credit Factor,2023,87.50,87.5,87.5,0,reported
Willowick,Credit Factor,2024,87.50,87.5,87.5,0,reported
Willowick,Credit Factor,2025,87.50,87.5,87.5,0,reported
Willowick,Credit Rate,2016,2.00,2.0,2.0,0,reported
Willowick,Credit Rate,2017,2.00,2.0,2.0,0,reported
Willowick,Credit Rate,2018,2.00,2.0,2.0,0,reported
Willowick,Credit Rate,2019,2.00,2.0,2.0,0,reported
Willowick,Credit Rate,2020,2.00,2.0,2.0,0,reported
Willowick,Credit Rate,2021,2.00,2.0,2.0,0,reported
Willowick,Credit Rate,2022,2.00,2.0,2.0,0,reported
Willowick,Credit Rate,2023,2.00,2.0,2.0,0,reported
Willowick,Credit Rate,2024,2.00,2.0,2.0,0,reported
Willowick,Credit Rate,2025,2.00,2.0,2.0,0,reported
Willshire,Tax Rate,2016,1.00,1.0,1.0,0,reported
Willshire,Tax Rate,2017,1.00,1.0,1.0,0,reported
Willshire,Tax Rate,2018,1.00,1.0,1.0,0,reported
Willshire,Tax Rate,2019,1.00,1.0,1.0,0,reported
Willshire,Tax Rate,2020,1.00,1.0,1.0,0,reported
Willshire,Tax Rate,2021,1.00,1.0,1.0,0,reported
Willshire,Tax Rate,2022,1.00,1.0,1.0,0,reported
Willshire,Tax Rate,2023,1.00,1.0,1.0,0,reported
Willshire,Tax Rate,2024,1.00,1.0,1.0,0,reported
Willshire,Tax Rate,2025,1.00,1.0,1.0,0,reported
Willshire,Credit Factor,2016,-,0.0,0.0,0,dash_zero_inferred
Willshire,Credit Factor,2017,-,0.0,0.0,0,dash_zero_inferred
Willshire,Credit Factor,2018,-,0.0,0.0,0,dash_zero_inferred
Willshire,Credit Factor,2019,-,0.0,0.0,0,dash_zero_inferred
Willshire,Credit Factor,2020,-,0.0,0.0,0,dash_zero_inferred
Willshire,Credit Factor,2021,-,0.0,0.0,0,dash_zero_inferred
Willshire,Credit Factor,2022,-,0.0,0.0,0,dash_zero_inferred
Willshire,Credit Factor,2023,-,0.0,0.0,0,dash_zero_inferred
Willshire,Credit Factor,2024,-,0.0,0.0,0,dash_zero_inferred
Willshire,Credit Factor,2025,-,0.0,0.0,0,dash_zero_inferred
Willshire,Credit Rate,2016,-,0.0,0.0,0,dash_zero_inferred
Willshire,Credit Rate,2017,-,0.0,0.0,0,dash_zero_inferred
Willshire,Credit Rate,2018,-,0.0,0.0,0,dash_zero_inferred
Willshire,Credit Rate,2019,-,0.0,0.0,0,dash_zero_inferred
Willshire,Credit Rate,2020,-,0.0,0.0,0,dash_zero_inferred
Willshire,Credit Rate,2021,-,0.0,0.0,0,dash_zero_inferred
Willshire,Credit Rate,2022,-,0.0,0.0,0,dash_zero_inferred
Willshire,Credit Rate,2023,-,0.0,0.0,0,dash_zero_inferred
Willshire,Credit Rate,2024,-,0.0,0.0,0,dash_zero_inferred
Willshire,Credit Rate,2025,-,0.0,0.0,0,dash_zero_inferred
Windham,Tax Rate,2016,-,,,0,not_member_or_no_tax
Windham,Tax Rate,2017,-,,,0,not_member_or_no_tax
Windham,Tax Rate,2018,1.50,1.5,1.5,0,reported
Windham,Tax Rate,2019,1.50,1.5,1.5,0,reported
Windham,Tax Rate,2020,1.50,1.5,1.5,0,reported
Windham,Tax Rate,2021,1.50,1.5,1.5,0,reported
Windham,Tax Rate,2022,1.50,1.5,1.5,0,reported
Windham,Tax Rate,2023,1.50,1.5,1.5,0,reported
Windham,Tax Rate,2024,1.50,1.5,1.5,0,reported
Windham,Tax Rate,2025,1.50,1.5,1.5,0,reported
Windham,Credit Factor,2016,-,,,0,not_member_or_no_tax
Windham,Credit Factor,2017,-,,,0,not_member_or_no_tax
Windham,Credit Factor,2018,100,100.0,100.0,0,reported
Windham,Credit Factor,2019,100,100.0,100.0,0,reported
Windham,Credit Factor,2020,100,100.0,100.0,0,reported
Windham,Credit Factor,2021,100,100.0,100.0,0,reported
Windham,Credit Factor,2022,100,100.0,100.0,0,reported
Windham,Credit Factor,2023,100,100.0,100.0,0,reported
Windham,Credit Factor,2024,100,100.0,100.0,0,reported
Windham,Credit Factor,2025,100,100.0,100.0,0,reported
Windham,Credit Rate,2016,-,,,0,not_member_or_no_tax
Windham,Credit Rate,2017,-,,,0,not_member_or_no_tax
Windham,Credit Rate,2018,0.50,0.5,0.5,0,reported
Windham,Credit Rate,2019,0.50,0.5,0.5,0,reported
Windham,Credit Rate,2020,0.50,0.5,0.5,0,reported
Windham,Credit Rate,2021,0.50,0.5,0.5,0,reported
Windham,Credit Rate,2022,0.50,0.5,0.5,0,reported
Windham,Credit Rate,2023,0.50,0.5,0.5,0,reported
Windham,Credit Rate,2024,0.50,0.5,0.5,0,reported
Windham,Credit Rate,2025,0.50,0.5,0.5,0,reported
Wintersville,Tax Rate,2016,1.00,1.0,1.0,0,reported
Wintersville,Tax Rate,2017,1.00,1.0,1.0,0,reported
Wintersville,Tax Rate,2018,1.00,1.0,1.0,0,reported
Wintersville,Tax Rate,2019,1.00,1.0,1.0,0,reported
Wintersville,Tax Rate,2020,1.00,1.0,1.0,0,reported
Wintersville,Tax Rate,2021,1.00,1.0,1.0,0,reported
Wintersville,Tax Rate,2022,1.00,1.0,1.0,0,reported
Wintersville,Tax Rate,2023,1.00,1.0,1.0,0,reported
Wintersville,Tax Rate,2024,1.00,1.0,1.0,0,reported
Wintersville,Tax Rate,2025,1.00,1.0,1.0,0,reported
Wintersville,Credit Factor,2016,100,100.0,100.0,0,reported
Wintersville,Credit Factor,2017,100,100.0,100.0,0,reported
Wintersville,Credit Factor,2018,100,100.0,100.0,0,reported
Wintersville,Credit Factor,2019,100,100.0,100.0,0,reported
Wintersville,Credit Factor,2020,100,100.0,100.0,0,reported
Wintersville,Credit Factor,2021,100,100.0,100.0,0,reported
Wintersville,Credit Factor,2022,100,100.0,100.0,0,reported
Wintersville,Credit Factor,2023,100,100.0,100.0,0,reported
Wintersville,Credit Factor,2024,100,100.0,100.0,0,reported
Wintersville,Credit Factor,2025,100,100.0,100.0,0,reported
Wintersville,Credit Rate,2016,1.00,1.0,1.0,0,reported
Wintersville,Credit Rate,2017,1.00,1.0,1.0,0,reported
Wintersville,Credit Rate,2018,1.00,1.0,1.0,0,reported
Wintersville,Credit Rate,2019,1.00,1.0,1.0,0,reported
Wintersville,Credit Rate,2020,1.00,1.0,1.0,0,reported
Wintersville,Credit Rate,2021,1.00,1.0,1.0,0,reported
Wintersville,Credit Rate,2022,1.00,1.0,1.0,0,reported
Wintersville,Credit Rate,2023,1.00,1.0,1.0,0,reported
Wintersville,Credit Rate,2024,1.00,1.0,1.0,0,reported
Wintersville,Credit Rate,2025,1.00,1.0,1.0,0,reported
Woodlawn,Tax Rate,2016,-,,,0,not_member_or_no_tax
Woodlawn,Tax Rate,2017,-,,,0,not_member_or_no_tax
Woodlawn,Tax Rate,2018,-,,,0,not_member_or_no_tax
Woodlawn,Tax Rate,2019,-,,,0,not_member_or_no_tax
Woodlawn,Tax Rate,2020,-,,,0,not_member_or_no_tax
Woodlawn,Tax Rate,2021,2.30,2.3,2.3,0,reported
Woodlawn,Tax Rate,2022,2.30,2.3,2.3,0,reported
Woodlawn,Tax Rate,2023,2.30,2.3,2.3,0,reported
Woodlawn,Tax Rate,2024,2.30,2.3,2.3,0,reported
Woodlawn,Tax Rate,2025,2.30,2.3,2.3,0,reported
Woodlawn,Credit Factor,2016,-,,,0,not_member_or_no_tax
Woodlawn,Credit Factor,2017,-,,,0,not_member_or_no_tax
Woodlawn,Credit Factor,2018,-,,,0,not_member_or_no_tax
Woodlawn,Credit Factor,2019,-,,,0,not_member_or_no_tax
Woodlawn,Credit Factor,2020,-,,,0,not_member_or_no_tax
Woodlawn,Credit Factor,2021,100,100.0,100.0,0,reported
Woodlawn,Credit Factor,2022,100,100.0,100.0,0,reported
Woodlawn,Credit Factor,2023,100,100.0,100.0,0,reported
Woodlawn,Credit Factor,2024,100,100.0,100.0,0,reported
Woodlawn,Credit Factor,2025,100,100.0,100.0,0,reported
Woodlawn,Credit Rate,2016,-,,,0,not_member_or_no_tax
Woodlawn,Credit Rate,2017,-,,,0,not_member_or_no_tax
Woodlawn,Credit Rate,2018,-,,,0,not_member_or_no_tax
Woodlawn,Credit Rate,2019,-,,,0,not_member_or_no_tax
Woodlawn,Credit Rate,2020,-,,,0,not_member_or_no_tax
Woodlawn,Credit Rate,2021,2.30,2.3,2.3,0,reported
Woodlawn,Credit Rate,2022,2.30,2.3,2.3,0,reported
Woodlawn,Credit Rate,2023,2.30,2.3,2.3,0,reported
Woodlawn,Credit Rate,2024,2.30,2.3,2.3,0,reported
Woodlawn,Credit Rate,2025,2.30,2.3,2.3,0,reported
Woodmere,Tax Rate,2016,2.50,2.5,2.5,0,reported
Woodmere,Tax Rate,2017,2.50,2.5,2.5,0,reported
Woodmere,Tax Rate,2018,2.50,2.5,2.5,0,reported
Woodmere,Tax Rate,2019,2.50,2.5,2.5,0,reported
Woodmere,Tax Rate,2020,2.50,2.5,2.5,0,reported
Woodmere,Tax Rate,2021,2.50,2.5,2.5,0,reported
Woodmere,Tax Rate,2022,2.50,2.5,2.5,0,reported
Woodmere,Tax Rate,2023,2.50,2.5,2.5,0,reported
Woodmere,Tax Rate,2024,2.50,2.5,2.5,0,reported
Woodmere,Tax Rate,2025,2.50,2.5,2.5,0,reported
Woodmere,Credit Factor,2016,100,100.0,100.0,0,reported
Woodmere,Credit Factor,2017,100,100.0,100.0,0,reported
Woodmere,Credit Factor,2018,100,100.0,100.0,0,reported
Woodmere,Credit Factor,2019,100,100.0,100.0,0,reported
Woodmere,Credit Factor,2020,100,100.0,100.0,0,reported
Woodmere,Credit Factor,2021,100,100.0,100.0,0,reported
Woodmere,Credit Factor,2022,100,100.0,100.0,0,reported
Woodmere,Credit Factor,2023,100,100.0,100.0,0,reported
Woodmere,Credit Factor,2024,100,100.0,100.0,0,reported
Woodmere,Credit Factor,2025,100,100.0,100.0,0,reported
Woodmere,Credit Rate,2016,2.50,2.5,2.5,0,reported
Woodmere,Credit Rate,2017,2.50,2.5,2.5,0,reported
Woodmere,Credit Rate,2018,2.50,2.5,2.5,0,reported
Woodmere,Credit Rate,2019,2.50,2.5,2.5,0,reported
Woodmere,Credit Rate,2020,2.50,2.5,2.5,0,reported
Woodmere,Credit Rate,2021,2.50,2.5,2.5,0,reported
Woodmere,Credit Rate,2022,2.50,2.5,2.5,0,reported
Woodmere,Credit Rate,2023,2.50,2.5,2.5,0,reported
Woodmere,Credit Rate,2024,2.50,2.5,2.5,0,reported
Woodmere,Credit Rate,2025,2.50,2.5,2.5,0,reported
Woodsfield,Tax Rate,2016,-,,,0,not_member_or_no_tax
Woodsfield,Tax Rate,2017,-,,,0,not_member_or_no_tax
Woodsfield,Tax Rate,2018,-,,,0,not_member_or_no_tax
Woodsfield,Tax Rate,2019,-,,,0,not_member_or_no_tax
Woodsfield,Tax Rate,2020,1.00,1.0,1.0,0,reported
Woodsfield,Tax Rate,2021,1.00,1.0,1.0,0,reported
Woodsfield,Tax Rate,2022,1.00,1.0,1.0,0,reported
Woodsfield,Tax Rate,2023,1.00,1.0,1.0,0,reported
Woodsfield,Tax Rate,2024,1.00,1.0,1.0,0,reported
Woodsfield,Tax Rate,2025,1.00,1.0,1.0,0,reported
Woodsfield,Credit Factor,2016,-,,,0,not_member_or_no_tax
Woodsfield,Credit Factor,2017,-,,,0,not_member_or_no_tax
Woodsfield,Credit Factor,2018,-,,,0,not_member_or_no_tax
Woodsfield,Credit Factor,2019,-,,,0,not_member_or_no_tax
Woodsfield,Credit Factor,2020,100,100.0,100.0,0,reported
Woodsfield,Credit Factor,2021,100,100.0,100.0,0,reported
Woodsfield,Credit Factor,2022,100,100.0,100.0,0,reported
Woodsfield,Credit Factor,2023,100,100.0,100.0,0,reported
Woodsfield,Credit Factor,2024,100,100.0,100.0,0,reported
Woodsfield,Credit Factor,2025,100,100.0,100.0,0,reported
Woodsfield,Credit Rate,2016,-,,,0,not_member_or_no_tax
Woodsfield,Credit Rate,2017,-,,,0,not_member_or_no_tax
Woodsfield,Credit Rate,2018,-,,,0,not_member_or_no_tax
Woodsfield,Credit Rate,2019,-,,,0,not_member_or_no_tax
Woodsfield,Credit Rate,2020,1.00,1.0,1.0,0,reported
Woodsfield,Credit Rate,2021,1.00,1.0,1.0,0,reported
Woodsfield,Credit Rate,2022,1.00,1.0,1.0,0,reported
Woodsfield,Credit Rate,2023,1.00,1.0,1.0,0,reported
Woodsfield,Credit Rate,2024,1.00,1.0,1.0,0,reported
Woodsfield,Credit Rate,2025,1.00,1.0,1.0,0,reported
Woodstock,Tax Rate,2016,1.00,1.0,1.0,0,reported
Woodstock,Tax Rate,2017,1.00,1.0,1.0,0,reported
Woodstock,Tax Rate,2018,1.00,1.0,1.0,0,reported
Woodstock,Tax Rate,2019,1.00,1.0,1.0,0,reported
Woodstock,Tax Rate,2020,1.00,1.0,1.0,0,reported
Woodstock,Tax Rate,2021,1.00,1.0,1.0,0,reported
Woodstock,Tax Rate,2022,1.00,1.0,1.0,0,reported
Woodstock,Tax Rate,2023,1.00,1.0,1.0,0,reported
Woodstock,Tax Rate,2024,1.00,1.0,1.0,0,reported
Woodstock,Tax Rate,2025,1.00,1.0,1.0,0,reported
Woodstock,Credit Factor,2016,-,0.0,0.0,0,dash_zero_inferred
Woodstock,Credit Factor,2017,-,0.0,0.0,0,dash_zero_inferred
Woodstock,Credit Factor,2018,-,0.0,0.0,0,dash_zero_inferred
Woodstock,Credit Factor,2019,-,0.0,0.0,0,dash_zero_inferred
Woodstock,Credit Factor,2020,-,0.0,0.0,0,dash_zero_inferred
Woodstock,Credit Factor,2021,-,0.0,0.0,0,dash_zero_inferred
Woodstock,Credit Factor,2022,-,0.0,0.0,0,dash_zero_inferred
Woodstock,Credit Factor,2023,-,0.0,0.0,0,dash_zero_inferred
Woodstock,Credit Factor,2024,-,0.0,0.0,0,dash_zero_inferred
Woodstock,Credit Factor,2025,-,0.0,0.0,0,dash_zero_inferred
Woodstock,Credit Rate,2016,-,0.0,0.0,0,dash_zero_inferred
Woodstock,Credit Rate,2017,-,0.0,0.0,0,dash_zero_inferred
Woodstock,Credit Rate,2018,-,0.0,0.0,0,dash_zero_inferred
Woodstock,Credit Rate,2019,-,0.0,0.0,0,dash_zero_inferred
Woodstock,Credit Rate,2020,-,0.0,0.0,0,dash_zero_inferred
Woodstock,Credit Rate,2021,-,0.0,0.0,0,dash_zero_inferred
Woodstock,Credit Rate,2022,-,0.0,0.0,0,dash_zero_inferred
Woodstock,Credit Rate,2023,-,0.0,0.0,0,dash_zero_inferred
Woodstock,Credit Rate,2024,-,0.0,0.0,0,dash_zero_inferred
Woodstock,Credit Rate,2025,-,0.0,0.0,0,dash_zero_inferred
Worthington,Tax Rate,2016,2.50,2.5,2.5,0,reported
Worthington,Tax Rate,2017,2.50,2.5,2.5,0,reported
Worthington,Tax Rate,2018,2.50,2.5,2.5,0,reported
Worthington,Tax Rate,2019,2.50,2.5,2.5,0,reported
Worthington,Tax Rate,2020,2.50,2.5,2.5,0,reported
Worthington,Tax Rate,2021,2.50,2.5,2.5,0,reported
Worthington,Tax Rate,2022,2.50,2.5,2.5,0,reported
Worthington,Tax Rate,2023,2.50,2.5,2.5,0,reported
Worthington,Tax Rate,2024,2.50,2.5,2.5,0,reported
Worthington,Tax Rate,2025,2.50,2.5,2.5,0,reported
Worthington,Credit Factor,2016,100,100.0,100.0,0,reported
Worthington,Credit Factor,2017,100,100.0,100.0,0,reported
Worthington,Credit Factor,2018,100,100.0,100.0,0,reported
Worthington,Credit Factor,2019,100,100.0,100.0,0,reported
Worthington,Credit Factor,2020,100,100.0,100.0,0,reported
Worthington,Credit Factor,2021,100,100.0,100.0,0,reported
Worthington,Credit Factor,2022,100,100.0,100.0,0,reported
Worthington,Credit Factor,2023,100,100.0,100.0,0,reported
Worthington,Credit Factor,2024,100,100.0,100.0,0,reported
Worthington,Credit Factor,2025,100,100.0,100.0,0,reported
Worthington,Credit Rate,2016,2.50,2.5,2.5,0,reported
Worthington,Credit Rate,2017,2.50,2.5,2.5,0,reported
Worthington,Credit Rate,2018,2.50,2.5,2.5,0,reported
Worthington,Credit Rate,2019,2.50,2.5,2.5,0,reported
Worthington,Credit Rate,2020,2.50,2.5,2.5,0,reported
Worthington,Credit Rate,2021,2.50,2.5,2.5,0,reported
Worthington,Credit Rate,2022,2.50,2.5,2.5,0,reported
Worthington,Credit Rate,2023,2.50,2.5,2.5,0,reported
Worthington,Credit Rate,2024,2.50,2.5,2.5,0,reported
Worthington,Credit Rate,2025,2.50,2.5,2.5,0,reported
Xenia,Tax Rate,2016,-,,,0,not_member_or_no_tax
Xenia,Tax Rate,2017,-,,,0,not_member_or_no_tax
Xenia,Tax Rate,2018,-,,,0,not_member_or_no_tax
Xenia,Tax Rate,2019,-,,,0,not_member_or_no_tax
Xenia,Tax Rate,2020,2.25,2.25,2.25,0,reported
Xenia,Tax Rate,2021,2.25,2.25,2.25,0,reported
Xenia,Tax Rate,2022,2.25,2.25,2.25,0,reported
Xenia,Tax Rate,2023,2.25,2.25,2.25,0,reported
Xenia,Tax Rate,2024,2.25,2.25,2.25,0,reported
Xenia,Tax Rate,2025,2.25,2.25,2.25,0,reported
Xenia,Credit Factor,2016,-,,,0,not_member_or_no_tax
Xenia,Credit Factor,2017,-,,,0,not_member_or_no_tax
Xenia,Credit Factor,2018,-,,,0,not_member_or_no_tax
Xenia,Credit Factor,2019,-,,,0,not_member_or_no_tax
Xenia,Credit Factor,2020,100,100.0,100.0,0,reported
Xenia,Credit Factor,2021,100,100.0,100.0,0,reported
Xenia,Credit Factor,2022,100,100.0,100.0,0,reported
Xenia,Credit Factor,2023,100,100.0,100.0,0,reported
Xenia,Credit Factor,2024,100,100.0,100.0,0,reported
Xenia,Credit Factor,2025,100,100.0,100.0,0,reported
Xenia,Credit Rate,2016,-,,,0,not_member_or_no_tax
Xenia,Credit Rate,2017,-,,,0,not_member_or_no_tax
Xenia,Credit Rate,2018,-,,,0,not_member_or_no_tax
Xenia,Credit Rate,2019,-,,,0,not_member_or_no_tax
Xenia,Credit Rate,2020,1.50,1.5,1.5,0,reported
Xenia,Credit Rate,2021,1.50,1.5,1.5,0,reported
Xenia,Credit Rate,2022,1.50,1.5,1.5,0,reported
Xenia,Credit Rate,2023,1.50,1.5,1.5,0,reported
Xenia,Credit Rate,2024,1.50,1.5,1.5,0,reported
Xenia,Credit Rate,2025,1.50,1.5,1.5,0,reported
Xenia Jedd 1,Tax Rate,2016,-,,,0,not_member_or_no_tax
Xenia Jedd 1,Tax Rate,2017,-,,,0,not_member_or_no_tax
Xenia Jedd 1,Tax Rate,2018,-,,,0,not_member_or_no_tax
Xenia Jedd 1,Tax Rate,2019,-,,,0,not_member_or_no_tax
Xenia Jedd 1,Tax Rate,2020,2.25,2.25,2.25,0,reported
Xenia Jedd 1,Tax Rate,2021,2.25,2.25,2.25,0,reported
Xenia Jedd 1,Tax Rate,2022,2.25,2.25,2.25,0,reported
Xenia Jedd 1,Tax Rate,2023,2.25,2.25,2.25,0,reported
Xenia Jedd 1,Tax Rate,2024,2.25,2.25,2.25,0,reported
Xenia Jedd 1,Tax Rate,2025,2.25,2.25,2.25,0,reported
Xenia Jedd 1,Credit Factor,2016,,,,0,absent
Xenia Jedd 1,Credit Factor,2017,,,,0,absent
Xenia Jedd 1,Credit Factor,2018,,,,0,absent
Xenia Jedd 1,Credit Factor,2019,,,,0,absent
Xenia Jedd 1,Credit Factor,2020,,,,0,absent
Xenia Jedd 1,Credit Factor,2021,,,,0,absent
Xenia Jedd 1,Credit Factor,2022,,,,0,absent
Xenia Jedd 1,Credit Factor,2023,,,,0,absent
Xenia Jedd 1,Credit Factor,2024,,,,0,absent
Xenia Jedd 1,Credit Factor,2025,,,,0,absent
Xenia Jedd 1,Credit Rate,2016,,,,0,absent
Xenia Jedd 1,Credit Rate,2017,,,,0,absent
Xenia Jedd 1,Credit Rate,2018,,,,0,absent
Xenia Jedd 1,Credit Rate,2019,,,,0,absent
Xenia Jedd 1,Credit Rate,2020,,,,0,absent
Xenia Jedd 1,Credit Rate,2021,,,,0,absent
Xenia Jedd 1,Credit Rate,2022,,,,0,absent
Xenia Jedd 1,Credit Rate,2023,,,,0,absent
Xenia Jedd 1,Credit Rate,2024,,,,0,absent
Xenia Jedd 1,Credit Rate,2025,,,,0,absent
Yellow Springs,Tax Rate,2016,1.50,1.5,1.5,0,reported
Yellow Springs,Tax Rate,2017,1.50,1.5,1.5,0,reported
Yellow Springs,Tax Rate,2018,1.50,1.5,1.5,0,reported
Yellow Springs,Tax Rate,2019,1.50,1.5,1.5,0,reported
Yellow Springs,Tax Rate,2020,1.50,1.5,1.5,0,reported
Yellow Springs,Tax Rate,2021,1.50,1.5,1.5,0,reported
Yellow Springs,Tax Rate,2022,1.50,1.5,1.5,0,reported
Yellow Springs,Tax Rate,2023,1.50,1.5,1.5,0,reported
Yellow Springs,Tax Rate,2024,1.50,1.5,1.5,0,reported
Yellow Springs,Tax Rate,2025,1.50,1.5,1.5,0,reported
Yellow Springs,Credit Factor,2016,100,100.0,100.0,0,reported
Yellow Springs,Credit Factor,2017,100,100.0,100.0,0,reported
Yellow Springs,Credit Factor,2018,100,100.0,100.0,0,reported
Yellow Springs,Credit Factor,2019,100,100.0,100.0,0,reported
Yellow Springs,Credit Factor,2020,100,100.0,100.0,0,reported
Yellow Springs,Credit Factor,2021,100,100.0,100.0,0,reported
Yellow Springs,Credit Factor,2022,100,100.0,100.0,0,reported
Yellow Springs,Credit Factor,2023,50,50.0,50.0,0,reported
Yellow Springs,Credit Factor,2024,50,50.0,50.0,0,reported
Yellow Springs,Credit Factor,2025,50,50.0,50.0,0,reported
Yellow Springs,Credit Rate,2016,1.50,1.5,1.5,0,reported
Yellow Springs,Credit Rate,2017,1.50,1.5,1.5,0,reported
Yellow Springs,Credit Rate,2018,1.50,1.5,1.5,0,reported
Yellow Springs,Credit Rate,2019,1.50,1.5,1.5,0,reported
Yellow Springs,Credit Rate,2020,1.50,1.5,1.5,0,reported
Yellow Springs,Credit Rate,2021,1.50,1.5,1.5,0,reported
Yellow Springs,Credit Rate,2022,1.50,1.5,1.5,0,reported
Yellow Springs,Credit Rate,2023,1.50,1.5,1.5,0,reported
Yellow Springs,Credit Rate,2024,1.50,1.5,1.5,0,reported
Yellow Springs,Credit Rate,2025,1.50,1.5,1.5,0,reported
Youngstown,Tax Rate,2016,2.75,2.75,2.75,0,reported
Youngstown,Tax Rate,2017,2.75,2.75,2.75,0,reported
Youngstown,Tax Rate,2018,2.75,2.75,2.75,0,reported
Youngstown,Tax Rate,2019,2.75,2.75,2.75,0,reported
Youngstown,Tax Rate,2020,2.75,2.75,2.75,0,reported
Youngstown,Tax Rate,2021,2.75,2.75,2.75,0,reported
Youngstown,Tax Rate,2022,2.75,2.75,2.75,0,reported
Youngstown,Tax Rate,2023,2.75,2.75,2.75,0,reported
Youngstown,Tax Rate,2024,2.75,2.75,2.75,0,reported
Youngstown,Tax Rate,2025,2.75,2.75,2.75,0,reported
Youngstown,Credit Factor,2016,100,100.0,100.0,0,reported
Youngstown,Credit Factor,2017,100,100.0,100.0,0,reported
Youngstown,Credit Factor,2018,100,100.0,100.0,0,reported
Youngstown,Credit Factor,2019,100,100.0,100.0,0,reported
Youngstown,Credit Factor,2020,100,100.0,100.0,0,reported
Youngstown,Credit Factor,2021,100,100.0,100.0,0,reported
Youngstown,Credit Factor,2022,100,100.0,100.0,0,reported
Youngstown,Credit Factor,2023,100,100.0,100.0,0,reported
Youngstown,Credit Factor,2024,100,100.0,100.0,0,reported
Youngstown,Credit Factor,2025,100,100.0,100.0,0,reported
Youngstown,Credit Rate,2016,2.75,2.75,2.75,0,reported
Youngstown,Credit Rate,2017,2.75,2.75,2.75,0,reported
Youngstown,Credit Rate,2018,2.75,2.75,2.75,0,reported
Youngstown,Credit Rate,2019,2.75,2.75,2.75,0,reported
Youngstown,Credit Rate,2020,2.75,2.75,2.75,0,reported
Youngstown,Credit Rate,2021,2.75,2.75,2.75,0,reported
Youngstown,Credit Rate,2022,2.75,2.75,2.75,0,reported
Youngstown,Credit Rate,2023,2.75,2.75,2.75,0,reported
Youngstown,Credit Rate,2024,2.75,2.75,2.75,0,reported
Youngstown,Credit Rate,2025,2.75,2.75,2.75,0,reported
Youngstown Girard Jedd,Tax Rate,2016,2.75,2.75,2.75,0,reported
Youngstown Girard Jedd,Tax Rate,2017,2.75,2.75,2.75,0,reported
Youngstown Girard Jedd,Tax Rate,2018,2.75,2.75,2.75,0,reported
Youngstown Girard Jedd,Tax Rate,2019,2.75,2.75,2.75,0,reported
Youngstown Girard Jedd,Tax Rate,2020,2.75,2.75,2.75,0,reported
Youngstown Girard Jedd,Tax Rate,2021,2.75,2.75,2.75,0,reported
Youngstown Girard Jedd,Tax Rate,2022,2.75,2.75,2.75,0,reported
Youngstown Girard Jedd,Tax Rate,2023,2.75,2.75,2.75,0,reported
Youngstown Girard Jedd,Tax Rate,2024,2.75,2.75,2.75,0,reported
Youngstown Girard Jedd,Tax Rate,2025,2.75,2.75,2.75,0,reported
Youngstown Girard Jedd,Credit Factor,2016,,,,0,absent
Youngstown Girard Jedd,Credit Factor,2017,,,,0,absent
Youngstown Girard Jedd,Credit Factor,2018,,,,0,absent
Youngstown Girard Jedd,Credit Factor,2019,,,,0,absent
Youngstown Girard Jedd,Credit Factor,2020,,,,0,absent
Youngstown Girard Jedd,Credit Factor,2021,,,,0,absent
Youngstown Girard Jedd,Credit Factor,2022,,,,0,absent
Youngstown Girard Jedd,Credit Factor,2023,,,,0,absent
Youngstown Girard Jedd,Credit Factor,2024,,,,0,absent
Youngstown Girard Jedd,Credit Factor,2025,,,,0,absent
Youngstown Girard Jedd,Credit Rate,2016,,,,0,absent
Youngstown Girard Jedd,Credit Rate,2017,,,,0,absent
Youngstown Girard Jedd,Credit Rate,2018,,,,0,absent
Youngstown Girard Jedd,Credit Rate,2019,,,,0,absent
Youngstown Girard Jedd,Credit Rate,2020,,,,0,absent
Youngstown Girard Jedd,Credit Rate,2021,,,,0,absent
Youngstown Girard Jedd,Credit Rate,2022,,,,0,absent
Youngstown Girard Jedd,Credit Rate,2023,,,,0,absent
Youngstown Girard Jedd,Credit Rate,2024,,,,0,absent
Youngstown Girard Jedd,Credit Rate,2025,,,,0,absent
