member,flag,year,net_collections
Aberdeen,A,2025,130200.0
Aberdeen,A,2024,182137.0
Aberdeen,A,2023,109158.0
Aberdeen,A,2022,137143.0
Aberdeen,A,2021,124908.0
Aberdeen,A,2020,129612.0
Aberdeen,A,2019,164747.0
Aberdeen,A,2018,130126.0
Aberdeen,A,2017,56694.0
Aberdeen,A,2016,0.0
Ada,A,2025,2176794.0
Ada,A,2024,2269360.0
Ada,A,2023,2109041.0
Ada,A,2022,2141735.0
Ada,A,2021,1802334.0
Ada,A,2020,0.0
Ada,A,2019,0.0
Ada,A,2018,0.0
Ada,A,2017,0.0
Ada,A,2016,0.0
Addyston,,2025,486846.0
Addyston,,2024,494718.0
Addyston,,2023,522550.0
Addyston,,2022,725751.0
Addyston,,2021,503936.0
Addyston,,2020,477215.0
Addyston,,2019,455906.0
Addyston,,2018,463080.0
Addyston,,2017,458121.0
Addyston,,2016,451504.0
Adelphi,,2025,54879.0
Adelphi,,2024,43853.0
Adelphi,,2023,48090.0
Adelphi,,2022,42888.0
Adelphi,,2021,46150.0
Adelphi,,2020,40634.0
Adelphi,,2019,38976.0
Adelphi,,2018,44184.0
Adelphi,,2017,44318.0
Adelphi,,2016,41451.0
Alexandria,A,2025,166159.0
Alexandria,A,2024,168808.0
Alexandria,A,2023,185952.0
Alexandria,A,2022,154152.0
Alexandria,A,2021,156172.0
Alexandria,A,2020,71095.0
Alexandria,A,2019,0.0
Alexandria,A,2018,0.0
Alexandria,A,2017,0.0
Alexandria,A,2016,0.0
Alger,A,2025,106411.0
Alger,A,2024,136842.0
Alger,A,2023,125025.0
Alger,A,2022,79828.0
Alger,A,2021,77971.0
Alger,A,2020,0.0
Alger,A,2019,0.0
Alger,A,2018,0.0
Alger,A,2017,0.0
Alger,A,2016,0.0
Amanda,,2025,454272.0
Amanda,,2024,450424.0
Amanda,,2023,399954.0
Amanda,,2022,356352.0
Amanda,,2021,360700.0
Amanda,,2020,327211.0
Amanda,,2019,311981.0
Amanda,,2018,273438.0
Amanda,,2017,296174.0
Amanda,,2016,279122.0
Amelia,D,2025,0.0
Amelia,D,2024,-72.0
Amelia,D,2023,-4389.0
Amelia,D,2022,836.0
Amelia,D,2021,255002.0
Amelia,D,2020,870471.0
Amelia,D,2019,952992.0
Amelia,D,2018,224763.0
Amelia,D,2017,0.0
Amelia,D,2016,0.0
Amsterdam,,2025,41963.0
Amsterdam,,2024,35136.0
Amsterdam,,2023,49518.0
Amsterdam,,2022,47705.0
Amsterdam,,2021,62456.0
Amsterdam,,2020,30104.0
Amsterdam,,2019,31779.0
Amsterdam,,2018,21149.0
Amsterdam,,2017,26530.0
Amsterdam,,2016,24751.0
Andover,,2025,567251.0
Andover,,2024,501624.0
Andover,,2023,614111.0
Andover,,2022,577572.0
Andover,,2021,632752.0
Andover,,2020,622991.0
Andover,,2019,592353.0
Andover,,2018,488348.0
Andover,,2017,462148.0
Andover,,2016,478431.0
Antwerp,,2025,402005.0
Antwerp,,2024,375253.0
Antwerp,,2023,391983.0
Antwerp,,2022,400385.0
Antwerp,,2021,379001.0
Antwerp,,2020,327898.0
Antwerp,,2019,357932.0
Antwerp,,2018,310593.0
Antwerp,,2017,323575.0
Antwerp,,2016,304359.0
Apple Creek,A,2025,500336.0
Apple Creek,A,2024,503180.0
Apple Creek,A,2023,0.0
Apple Creek,A,2022,0.0
Apple Creek,A,2021,0.0
Apple Creek,A,2020,0.0
Apple Creek,A,2019,0.0
Apple Creek,A,2018,0.0
Apple Creek,A,2017,0.0
Apple Creek,A,2016,0.0
Apple Creek-East Union Twp Jedd II,A,2025,106107.0
Apple Creek-East Union Twp Jedd II,A,2024,86778.0
Apple Creek-East Union Twp Jedd II,A,2023,0.0
Apple Creek-East Union Twp Jedd II,A,2022,0.0
Apple Creek-East Union Twp Jedd II,A,2021,0.0
Apple Creek-East Union Twp Jedd II,A,2020,0.0
Apple Creek-East Union Twp Jedd II,A,2019,0.0
Apple Creek-East Union Twp Jedd II,A,2018,0.0
Apple Creek-East Union Twp Jedd II,A,2017,0.0
Apple Creek-East Union Twp Jedd II,A,2016,0.0
Arcanum,A,2025,285851.0
Arcanum,A,2024,0.0
Arcanum,A,2023,0.0
Arcanum,A,2022,0.0
Arcanum,A,2021,0.0
Arcanum,A,2020,0.0
Arcanum,A,2019,0.0
Arcanum,A,2018,0.0
Arcanum,A,2017,0.0
Arcanum,A,2016,0.0
Arlington Heights,,2025,573287.0
Arlington Heights,,2024,540646.0
Arlington Heights,,2023,491304.0
Arlington Heights,,2022,587945.0
Arlington Heights,,2021,505499.0
Arlington Heights,,2020,468736.0
Arlington Heights,,2019,537714.0
Arlington Heights,,2018,546902.0
Arlington Heights,,2017,578885.0
Arlington Heights,,2016,520263.0
Ashley,,2025,269254.0
Ashley,,2024,242838.0
Ashley,,2023,252293.0
Ashley,,2022,226666.0
Ashley,,2021,229792.0
Ashley,,2020,208590.0
Ashley,,2019,205745.0
Ashley,,2018,210600.0
Ashley,,2017,206528.0
Ashley,,2016,92990.0
Ashville,,2025,2019660.0
Ashville,,2024,1766339.0
Ashville,,2023,1663356.0
Ashville,,2022,1592183.0
Ashville,,2021,1558488.0
Ashville,,2020,1263134.0
Ashville,,2019,1284441.0
Ashville,,2018,1238586.0
Ashville,,2017,1220927.0
Ashville,,2016,1102597.0
Aurora,,2025,24352891.0
Aurora,,2024,23064473.0
Aurora,,2023,23001256.0
Aurora,,2022,20962223.0
Aurora,,2021,18723356.0
Aurora,,2020,14989969.0
Aurora,,2019,15565702.0
Aurora,,2018,14427376.0
Aurora,,2017,14543536.0
Aurora,,2016,13879492.0
Avon,,2025,32025203.0
Avon,,2024,30427596.0
Avon,,2023,28837824.0
Avon,,2022,26857790.0
Avon,,2021,23464552.0
Avon,,2020,19810519.0
Avon,,2019,19712542.0
Avon,,2018,18702918.0
Avon,,2017,17897476.0
Avon,,2016,17242521.0
Avon Lake,,2025,18158155.0
Avon Lake,,2024,17780225.0
Avon Lake,,2023,16380159.0
Avon Lake,,2022,15822988.0
Avon Lake,,2021,13127337.0
Avon Lake,,2020,11385983.0
Avon Lake,,2019,11948608.0
Avon Lake,,2018,11347926.0
Avon Lake,,2017,11247156.0
Avon Lake,,2016,12117160.0
Bainbridge Twp. - Aurora Jedd,A,2025,58139.0
Bainbridge Twp. - Aurora Jedd,A,2024,0.0
Bainbridge Twp. - Aurora Jedd,A,2023,0.0
Bainbridge Twp. - Aurora Jedd,A,2022,0.0
Bainbridge Twp. - Aurora Jedd,A,2021,0.0
Bainbridge Twp. - Aurora Jedd,A,2020,0.0
Bainbridge Twp. - Aurora Jedd,A,2019,0.0
Bainbridge Twp. - Aurora Jedd,A,2018,0.0
Bainbridge Twp. - Aurora Jedd,A,2017,0.0
Bainbridge Twp. - Aurora Jedd,A,2016,0.0
Bainbridge-Solon Jedd,,2025,287442.0
Bainbridge-Solon Jedd,,2024,254217.0
Bainbridge-Solon Jedd,,2023,257529.0
Bainbridge-Solon Jedd,,2022,290363.0
Bainbridge-Solon Jedd,,2021,292666.0
Bainbridge-Solon Jedd,,2020,214440.0
Bainbridge-Solon Jedd,,2019,261357.0
Bainbridge-Solon Jedd,,2018,151434.0
Bainbridge-Solon Jedd,,2017,219670.0
Bainbridge-Solon Jedd,,2016,204789.0
Baltic,,2025,817675.0
Baltic,,2024,566062.0
Baltic,,2023,501936.0
Baltic,,2022,448813.0
Baltic,,2021,415520.0
Baltic,,2020,419961.0
Baltic,,2019,387566.0
Baltic,,2018,354383.0
Baltic,,2017,342747.0
Baltic,,2016,353607.0
Baltimore,,2025,1211768.0
Baltimore,,2024,1178640.0
Baltimore,,2023,1161551.0
Baltimore,,2022,1007417.0
Baltimore,,2021,920288.0
Baltimore,,2020,939717.0
Baltimore,,2019,903318.0
Baltimore,,2018,818374.0
Baltimore,,2017,760823.0
Baltimore,,2016,752343.0
Barberton,A,2025,17106568.0
Barberton,A,2024,16746413.0
Barberton,A,2023,16168020.0
Barberton,A,2022,14597071.0
Barberton,A,2021,12880596.0
Barberton,A,2020,0.0
Barberton,A,2019,0.0
Barberton,A,2018,0.0
Barberton,A,2017,0.0
Barberton,A,2016,0.0
Barnesville,A,2025,1189799.0
Barnesville,A,2024,1145372.0
Barnesville,A,2023,1116038.0
Barnesville,A,2022,926292.0
Barnesville,A,2021,942448.0
Barnesville,A,2020,844923.0
Barnesville,A,2019,907052.0
Barnesville,A,2018,944653.0
Barnesville,A,2017,0.0
Barnesville,A,2016,0.0
Barnesville JEDD I,A,2025,64895.0
Barnesville JEDD I,A,2024,31910.0
Barnesville JEDD I,A,2023,29929.0
Barnesville JEDD I,A,2022,27083.0
Barnesville JEDD I,A,2021,29529.0
Barnesville JEDD I,A,2020,31816.0
Barnesville JEDD I,A,2019,31866.0
Barnesville JEDD I,A,2018,23855.0
Barnesville JEDD I,A,2017,0.0
Barnesville JEDD I,A,2016,0.0
Barnesville JEDD II,A,2025,19673.0
Barnesville JEDD II,A,2024,57440.0
Barnesville JEDD II,A,2023,53128.0
Barnesville JEDD II,A,2022,37698.0
Barnesville JEDD II,A,2021,31063.0
Barnesville JEDD II,A,2020,46200.0
Barnesville JEDD II,A,2019,93240.0
Barnesville JEDD II,A,2018,56786.0
Barnesville JEDD II,A,2017,0.0
Barnesville JEDD II,A,2016,0.0
Batavia,A,2025,2900111.0
Batavia,A,2024,2750633.0
Batavia,A,2023,2315401.0
Batavia,A,2022,2116236.0
Batavia,A,2021,1911355.0
Batavia,A,2020,1687159.0
Batavia,A,2019,761223.0
Batavia,A,2018,0.0
Batavia,A,2017,0.0
Batavia,A,2016,0.0
Bay Village,,2025,10900899.0
Bay Village,,2024,10439168.0
Bay Village,,2023,10354098.0
Bay Village,,2022,10070973.0
Bay Village,,2021,8508486.0
Bay Village,,2020,7832226.0
Bay Village,,2019,7317218.0
Bay Village,,2018,7052806.0
Bay Village,,2017,6628179.0
Bay Village,,2016,6902535.0
Beachwood,,2025,32601721.0
Beachwood,,2024,30765064.0
Beachwood,,2023,32486410.0
Beachwood,,2022,31160439.0
Beachwood,,2021,29054399.0
Beachwood,,2020,29263832.0
Beachwood,,2019,30212987.0
Beachwood,,2018,29196518.0
Beachwood,,2017,29061403.0
Beachwood,,2016,29025087.0
Beachwood East Jedd,,2025,4771573.0
Beachwood East Jedd,,2024,4457265.0
Beachwood East Jedd,,2023,4050600.0
Beachwood East Jedd,,2022,3703331.0
Beachwood East Jedd,,2021,3178392.0
Beachwood East Jedd,,2020,3073819.0
Beachwood East Jedd,,2019,3002123.0
Beachwood East Jedd,,2018,2856097.0
Beachwood East Jedd,,2017,2807548.0
Beachwood East Jedd,,2016,2665242.0
Beachwood West Jedd,,2025,5995181.0
Beachwood West Jedd,,2024,7070853.0
Beachwood West Jedd,,2023,4995140.0
Beachwood West Jedd,,2022,4459591.0
Beachwood West Jedd,,2021,5384506.0
Beachwood West Jedd,,2020,4896662.0
Beachwood West Jedd,,2019,4661490.0
Beachwood West Jedd,,2018,3793488.0
Beachwood West Jedd,,2017,3921558.0
Beachwood West Jedd,,2016,3700384.0
Beaverdam,,2025,163928.0
Beaverdam,,2024,259119.0
Beaverdam,,2023,318224.0
Beaverdam,,2022,187929.0
Beaverdam,,2021,171632.0
Beaverdam,,2020,114739.0
Beaverdam,,2019,155481.0
Beaverdam,,2018,124813.0
Beaverdam,,2017,150417.0
Beaverdam,,2016,135296.0
Bedford,A,2025,12560876.0
Bedford,A,2024,13441858.0
Bedford,A,2023,10508782.0
Bedford,A,2022,0.0
Bedford,A,2021,0.0
Bedford,A,2020,0.0
Bedford,A,2019,0.0
Bedford,A,2018,0.0
Bedford,A,2017,0.0
Bedford,A,2016,0.0
Bedford Heights,,2025,11916430.0
Bedford Heights,,2024,11825557.0
Bedford Heights,,2023,12395095.0
Bedford Heights,,2022,12607487.0
Bedford Heights,,2021,11846174.0
Bedford Heights,,2020,9487384.0
Bedford Heights,,2019,9848557.0
Bedford Heights,,2018,9542327.0
Bedford Heights,,2017,9605592.0
Bedford Heights,,2016,9230020.0
Bellaire,A,2025,361483.0
Bellaire,A,2024,0.0
Bellaire,A,2023,0.0
Bellaire,A,2022,0.0
Bellaire,A,2021,0.0
Bellaire,A,2020,0.0
Bellaire,A,2019,0.0
Bellaire,A,2018,0.0
Bellaire,A,2017,0.0
Bellaire,A,2016,0.0
Belle Center,,2025,183401.0
Belle Center,,2024,176961.0
Belle Center,,2023,172306.0
Belle Center,,2022,164195.0
Belle Center,,2021,146920.0
Belle Center,,2020,133378.0
Belle Center,,2019,138441.0
Belle Center,,2018,129783.0
Belle Center,,2017,125077.0
Belle Center,,2016,131987.0
Bellefontaine,J,2025,8452213.0
Bellefontaine,J,2024,8643531.0
Bellefontaine,J,2023,7754947.0
Bellefontaine,J,2022,7407702.0
Bellefontaine,J,2021,6886724.0
Bellefontaine,J,2020,6023987.0
Bellefontaine,J,2019,6710881.0
Bellefontaine,J,2018,6415700.0
Bellefontaine,J,2017,6441441.0
Bellefontaine,J,2016,6231133.0
Bellevue,,2025,7293987.0
Bellevue,,2024,8198825.0
Bellevue,,2023,8549818.0
Bellevue,,2022,7698341.0
Bellevue,,2021,6508576.0
Bellevue,,2020,5489578.0
Bellevue,,2019,5898041.0
Bellevue,,2018,4778716.0
Bellevue,,2017,4176489.0
Bellevue,,2016,4064747.0
Bellville,A,2025,774087.0
Bellville,A,2024,681882.0
Bellville,A,2023,776518.0
Bellville,A,2022,674518.0
Bellville,A,2021,626851.0
Bellville,A,2020,609929.0
Bellville,A,2019,204326.0
Bellville,A,2018,0.0
Bellville,A,2017,0.0
Bellville,A,2016,0.0
Belpre,,2025,2411438.0
Belpre,,2024,2259174.0
Belpre,,2023,2129477.0
Belpre,,2022,1944662.0
Belpre,,2021,1877554.0
Belpre,,2020,1548431.0
Belpre,,2019,1699044.0
Belpre,,2018,1624385.0
Belpre,,2017,1644042.0
Belpre,,2016,1556879.0
Bentleyville,,2025,1339957.0
Bentleyville,,2024,1393500.0
Bentleyville,,2023,1254762.0
Bentleyville,,2022,1287237.0
Bentleyville,,2021,1254131.0
Bentleyville,,2020,952986.0
Bentleyville,,2019,970856.0
Bentleyville,,2018,919811.0
Bentleyville,,2017,899604.0
Bentleyville,,2016,935864.0
Berea,,2025,20624772.0
Berea,,2024,19981184.0
Berea,,2023,19440150.0
Berea,,2022,17527677.0
Berea,,2021,16342075.0
Berea,,2020,14811774.0
Berea,,2019,13820186.0
Berea,,2018,13985355.0
Berea,,2017,13179411.0
Berea,,2016,12538853.0
Bethel,,2025,635033.0
Bethel,,2024,555946.0
Bethel,,2023,350542.0
Bethel,,2022,304778.0
Bethel,,2021,281921.0
Bethel,,2020,223862.0
Bethel,,2019,146134.0
Bethel,,2018,282852.0
Bethel,,2017,268644.0
Bethel,,2016,153369.0
Bettsville,,2025,194095.0
Bettsville,,2024,177634.0
Bettsville,,2023,172876.0
Bettsville,,2022,159772.0
Bettsville,,2021,161151.0
Bettsville,,2020,142103.0
Bettsville,,2019,176280.0
Bettsville,,2018,172572.0
Bettsville,,2017,178317.0
Bettsville,,2016,175759.0
Beverly,A,2025,561345.0
Beverly,A,2024,517012.0
Beverly,A,2023,0.0
Beverly,A,2022,0.0
Beverly,A,2021,0.0
Beverly,A,2020,0.0
Beverly,A,2019,0.0
Beverly,A,2018,0.0
Beverly,A,2017,0.0
Beverly,A,2016,0.0
Bexley,,2025,18564031.0
Bexley,,2024,17298517.0
Bexley,,2023,17584891.0
Bexley,,2022,17374585.0
Bexley,,2021,14972243.0
Bexley,,2020,12623694.0
Bexley,,2019,12545280.0
Bexley,,2018,11607884.0
Bexley,,2017,11742527.0
Bexley,,2016,11733395.0
Blanchester,A,2025,851923.0
Blanchester,A,2024,218979.0
Blanchester,A,2023,0.0
Blanchester,A,2022,0.0
Blanchester,A,2021,0.0
Blanchester,A,2020,0.0
Blanchester,A,2019,0.0
Blanchester,A,2018,0.0
Blanchester,A,2017,0.0
Blanchester,A,2016,0.0
Bloomdale,,2025,180240.0
Bloomdale,,2024,152453.0
Bloomdale,,2023,143979.0
Bloomdale,,2022,131758.0
Bloomdale,,2021,128908.0
Bloomdale,,2020,118544.0
Bloomdale,,2019,108253.0
Bloomdale,,2018,111767.0
Bloomdale,,2017,109182.0
Bloomdale,,2016,107614.0
Bloomingdale,,2025,32005.0
Bloomingdale,,2024,32442.0
Bloomingdale,,2023,27590.0
Bloomingdale,,2022,16269.0
Bloomingdale,,2021,31720.0
Bloomingdale,,2020,20370.0
Bloomingdale,,2019,34832.0
Bloomingdale,,2018,17328.0
Bloomingdale,,2017,19343.0
Bloomingdale,,2016,19644.0
Bloomville,A,2025,157249.0
Bloomville,A,2024,139602.0
Bloomville,A,2023,139198.0
Bloomville,A,2022,112603.0
Bloomville,A,2021,113309.0
Bloomville,A,2020,110336.0
Bloomville,A,2019,43494.0
Bloomville,A,2018,0.0
Bloomville,A,2017,0.0
Bloomville,A,2016,0.0
Boston Heights,,2025,4083826.0
Boston Heights,,2024,3959177.0
Boston Heights,,2023,3961332.0
Boston Heights,,2022,4342682.0
Boston Heights,,2021,2950203.0
Boston Heights,,2020,2653923.0
Boston Heights,,2019,2661111.0
Boston Heights,,2018,2271575.0
Boston Heights,,2017,2498640.0
Boston Heights,,2016,1788857.0
Boston Twp Peninsula Jedd,,2025,276103.0
Boston Twp Peninsula Jedd,,2024,225846.0
Boston Twp Peninsula Jedd,,2023,129259.0
Boston Twp Peninsula Jedd,,2022,161754.0
Boston Twp Peninsula Jedd,,2021,167770.0
Boston Twp Peninsula Jedd,,2020,150930.0
Boston Twp Peninsula Jedd,,2019,169552.0
Boston Twp Peninsula Jedd,,2018,154658.0
Boston Twp Peninsula Jedd,,2017,144926.0
Boston Twp Peninsula Jedd,,2016,138612.0
Bradford,A,2025,251305.0
Bradford,A,2024,50204.0
Bradford,A,2023,0.0
Bradford,A,2022,0.0
Bradford,A,2021,0.0
Bradford,A,2020,0.0
Bradford,A,2019,0.0
Bradford,A,2018,0.0
Bradford,A,2017,0.0
Bradford,A,2016,0.0
Bratenahl,A,2025,2822754.0
Bratenahl,A,2024,3513862.0
Bratenahl,A,2023,2656533.0
Bratenahl,A,2022,2660985.0
Bratenahl,A,2021,3114154.0
Bratenahl,A,2020,0.0
Bratenahl,A,2019,0.0
Bratenahl,A,2018,0.0
Bratenahl,A,2017,0.0
Bratenahl,A,2016,0.0
Brecksville,,2025,21719291.0
Brecksville,,2024,17890463.0
Brecksville,,2023,21445328.0
Brecksville,,2022,19665820.0
Brecksville,,2021,20811837.0
Brecksville,,2020,19593858.0
Brecksville,,2019,19213967.0
Brecksville,,2018,17971672.0
Brecksville,,2017,18099567.0
Brecksville,,2016,17927601.0
Bremen,,2025,434048.0
Bremen,,2024,396276.0
Bremen,,2023,390828.0
Bremen,,2022,384719.0
Bremen,,2021,243149.0
Bremen,,2020,180291.0
Bremen,,2019,207253.0
Bremen,,2018,186906.0
Bremen,,2017,195243.0
Bremen,,2016,205510.0
Brice,A,2025,98190.0
Brice,A,2024,77870.0
Brice,A,2023,102206.0
Brice,A,2022,72116.0
Brice,A,2021,48963.0
Brice,A,2020,44155.0
Brice,A,2019,52100.0
Brice,A,2018,0.0
Brice,A,2017,0.0
Brice,A,2016,0.0
Bridgeport,A,2025,401402.0
Bridgeport,A,2024,345458.0
Bridgeport,A,2023,390947.0
Bridgeport,A,2022,322700.0
Bridgeport,A,2021,299298.0
Bridgeport,A,2020,237020.0
Bridgeport,A,2019,30664.0
Bridgeport,A,2018,0.0
Bridgeport,A,2017,0.0
Bridgeport,A,2016,0.0
Brimfield Tallmadge Jedd,,2025,3402116.0
Brimfield Tallmadge Jedd,,2024,2867976.0
Brimfield Tallmadge Jedd,,2023,2918754.0
Brimfield Tallmadge Jedd,,2022,2951024.0
Brimfield Tallmadge Jedd,,2021,2484166.0
Brimfield Tallmadge Jedd,,2020,1704464.0
Brimfield Tallmadge Jedd,,2019,1743837.0
Brimfield Tallmadge Jedd,,2018,1457271.0
Brimfield Tallmadge Jedd,,2017,1374942.0
Brimfield Tallmadge Jedd,,2016,1283894.0
Broadview Heights,,2025,19695184.0
Broadview Heights,,2024,18976774.0
Broadview Heights,,2023,18124203.0
Broadview Heights,,2022,16312914.0
Broadview Heights,,2021,14980990.0
Broadview Heights,,2020,13201548.0
Broadview Heights,,2019,13345329.0
Broadview Heights,,2018,12614785.0
Broadview Heights,,2017,12217556.0
Broadview Heights,,2016,11859722.0
Brooklyn,,2025,19752289.0
Brooklyn,,2024,20003952.0
Brooklyn,,2023,18728939.0
Brooklyn,,2022,17320065.0
Brooklyn,,2021,18544895.0
Brooklyn,,2020,16200153.0
Brooklyn,,2019,16321418.0
Brooklyn,,2018,14260399.0
Brooklyn,,2017,15172095.0
Brooklyn,,2016,18838299.0
Brooklyn Heights,,2025,6634972.0
Brooklyn Heights,,2024,8155998.0
Brooklyn Heights,,2023,8025376.0
Brooklyn Heights,,2022,7595109.0
Brooklyn Heights,,2021,7442949.0
Brooklyn Heights,,2020,6277830.0
Brooklyn Heights,,2019,5977932.0
Brooklyn Heights,,2018,4897279.0
Brooklyn Heights,,2017,4617199.0
Brooklyn Heights,,2016,4932560.0
Bryan,A,2025,9456093.0
Bryan,A,2024,9961668.0
Bryan,A,2023,9200143.0
Bryan,A,2022,8131418.0
Bryan,A,2021,2941647.0
Bryan,A,2020,0.0
Bryan,A,2019,0.0
Bryan,A,2018,0.0
Bryan,A,2017,0.0
Bryan,A,2016,0.0
Buckland,,2025,45980.0
Buckland,,2024,46989.0
Buckland,,2023,39183.0
Buckland,,2022,35160.0
Buckland,,2021,37866.0
Buckland,,2020,27056.0
Buckland,,2019,34776.0
Buckland,,2018,29294.0
Buckland,,2017,19805.0
Buckland,,2016,24112.0
Burbank,A,2025,76023.0
Burbank,A,2024,83521.0
Burbank,A,2023,68559.0
Burbank,A,2022,21494.0
Burbank,A,2021,0.0
Burbank,A,2020,0.0
Burbank,A,2019,0.0
Burbank,A,2018,0.0
Burbank,A,2017,0.0
Burbank,A,2016,0.0
Butler,A,2025,257564.0
Butler,A,2024,225283.0
Butler,A,2023,242520.0
Butler,A,2022,294902.0
Butler,A,2021,59227.0
Butler,A,2020,0.0
Butler,A,2019,0.0
Butler,A,2018,0.0
Butler,A,2017,0.0
Butler,A,2016,0.0
Butler County Annexation,A,2025,184617.0
Butler County Annexation,A,2024,156735.0
Butler County Annexation,A,2023,216782.0
Butler County Annexation,A,2022,219559.0
Butler County Annexation,A,2021,0.0
Butler County Annexation,A,2020,0.0
Butler County Annexation,A,2019,0.0
Butler County Annexation,A,2018,0.0
Butler County Annexation,A,2017,0.0
Butler County Annexation,A,2016,0.0
Cairo,,2025,64203.0
Cairo,,2024,73598.0
Cairo,,2023,63466.0
Cairo,,2022,46215.0
Cairo,,2021,48347.0
Cairo,,2020,39303.0
Cairo,,2019,54599.0
Cairo,,2018,53906.0
Cairo,,2017,55645.0
Cairo,,2016,55228.0
Caldwell,,2025,595145.0
Caldwell,,2024,576880.0
Caldwell,,2023,515962.0
Caldwell,,2022,491838.0
Caldwell,,2021,0.0
Caldwell,,2020,0.0
Caldwell,,2019,0.0
Caldwell,,2018,0.0
Caldwell,,2017,0.0
Caldwell,,2016,0.0
Camden,,2025,597663.0
Camden,,2024,485518.0
Camden,,2023,450662.0
Camden,,2022,408923.0
Camden,,2021,369008.0
Camden,,2020,330125.0
Camden,,2019,409739.0
Camden,,2018,354473.0
Camden,,2017,310030.0
Camden,,2016,284776.0
Campbell,,2025,2611716.0
Campbell,,2024,2436159.0
Campbell,,2023,2366311.0
Campbell,,2022,2144584.0
Campbell,,2021,1993042.0
Campbell,,2020,1981209.0
Campbell,,2019,1967095.0
Campbell,,2018,2027735.0
Campbell,,2017,1865129.0
Campbell,,2016,1785435.0
Canal Fulton,A,2025,774984.0
Canal Fulton,A,2024,0.0
Canal Fulton,A,2023,0.0
Canal Fulton,A,2022,0.0
Canal Fulton,A,2021,0.0
Canal Fulton,A,2020,0.0
Canal Fulton,A,2019,0.0
Canal Fulton,A,2018,0.0
Canal Fulton,A,2017,0.0
Canal Fulton,A,2016,0.0
Canal Winchester,A,2025,12503953.0
Canal Winchester,A,2024,12265448.0
Canal Winchester,A,2023,12065984.0
Canal Winchester,A,2022,10922231.0
Canal Winchester,A,2021,9150162.0
Canal Winchester,A,2020,7602128.0
Canal Winchester,A,2019,7408426.0
Canal Winchester,A,2018,0.0
Canal Winchester,A,2017,0.0
Canal Winchester,A,2016,0.0
Cardington,,2025,775661.0
Cardington,,2024,777970.0
Cardington,,2023,794776.0
Cardington,,2022,784268.0
Cardington,,2021,825868.0
Cardington,,2020,652721.0
Cardington,,2019,636256.0
Cardington,,2018,729749.0
Cardington,,2017,748990.0
Cardington,,2016,731885.0
Carroll,,2025,374806.0
Carroll,,2024,330737.0
Carroll,,2023,306485.0
Carroll,,2022,278720.0
Carroll,,2021,292125.0
Carroll,,2020,244110.0
Carroll,,2019,245884.0
Carroll,,2018,233912.0
Carroll,,2017,261644.0
Carroll,,2016,282500.0
Carrollton,A,2025,1475739.0
Carrollton,A,2024,1525072.0
Carrollton,A,2023,1403801.0
Carrollton,A,2022,1469744.0
Carrollton,A,2021,1196780.0
Carrollton,A,2020,1113213.0
Carrollton,A,2019,1224164.0
Carrollton,A,2018,0.0
Carrollton,A,2017,0.0
Carrollton,A,2016,0.0
Catawba,,2025,77306.0
Catawba,,2024,70676.0
Catawba,,2023,59804.0
Catawba,,2022,72743.0
Catawba,,2021,53530.0
Catawba,,2020,52290.0
Catawba,,2019,52529.0
Catawba,,2018,45561.0
Catawba,,2017,48110.0
Catawba,,2016,47480.0
Cecil,,2025,25787.0
Cecil,,2024,22898.0
Cecil,,2023,18280.0
Cecil,,2022,16730.0
Cecil,,2021,17568.0
Cecil,,2020,15794.0
Cecil,,2019,22429.0
Cecil,,2018,18129.0
Cecil,,2017,11081.0
Cecil,,2016,14714.0
Cedarville,,2025,1094463.0
Cedarville,,2024,1066248.0
Cedarville,,2023,1027745.0
Cedarville,,2022,951184.0
Cedarville,,2021,873477.0
Cedarville,,2020,806249.0
Cedarville,,2019,748838.0
Cedarville,,2018,700602.0
Cedarville,,2017,701053.0
Cedarville,,2016,703681.0
Centerburg,,2025,679358.0
Centerburg,,2024,670202.0
Centerburg,,2023,642068.0
Centerburg,,2022,610201.0
Centerburg,,2021,611223.0
Centerburg,,2020,524604.0
Centerburg,,2019,517397.0
Centerburg,,2018,514969.0
Centerburg,,2017,518182.0
Centerburg,,2016,468922.0
Chagrin Falls,,2025,8149403.0
Chagrin Falls,,2024,7479181.0
Chagrin Falls,,2023,7839280.0
Chagrin Falls,,2022,7888524.0
Chagrin Falls,,2021,6890844.0
Chagrin Falls,,2020,5049723.0
Chagrin Falls,,2019,5106471.0
Chagrin Falls,,2018,5075085.0
Chagrin Falls,,2017,4646894.0
Chagrin Falls,,2016,3764153.0
Chardon,,2025,8093269.0
Chardon,,2024,9698598.0
Chardon,,2023,7814442.0
Chardon,,2022,7484988.0
Chardon,,2021,7032845.0
Chardon,,2020,6355365.0
Chardon,,2019,6608593.0
Chardon,,2018,6439869.0
Chardon,,2017,6443920.0
Chardon,,2016,5836539.0
Chesterville,A,2025,45686.0
Chesterville,A,2024,45834.0
Chesterville,A,2023,44272.0
Chesterville,A,2022,29839.0
Chesterville,A,2021,30842.0
Chesterville,A,2020,28316.0
Chesterville,A,2019,20791.0
Chesterville,A,2018,2685.0
Chesterville,A,2017,0.0
Chesterville,A,2016,0.0
Circleville,,2025,10060407.0
Circleville,,2024,11285854.0
Circleville,,2023,10771678.0
Circleville,,2022,10330190.0
Circleville,,2021,9713102.0
Circleville,,2020,7773018.0
Circleville,,2019,6611739.0
Circleville,,2018,6619447.0
Circleville,,2017,6803630.0
Circleville,,2016,6775701.0
Circleville-Pickaway Twp JEDD,A,2025,829322.0
Circleville-Pickaway Twp JEDD,A,2024,873981.0
Circleville-Pickaway Twp JEDD,A,2023,823669.0
Circleville-Pickaway Twp JEDD,A,2022,735177.0
Circleville-Pickaway Twp JEDD,A,2021,620020.0
Circleville-Pickaway Twp JEDD,A,2020,548288.0
Circleville-Pickaway Twp JEDD,A,2019,563195.0
Circleville-Pickaway Twp JEDD,A,2018,594898.0
Circleville-Pickaway Twp JEDD,A,2017,328877.0
Circleville-Pickaway Twp JEDD,A,2016,0.0
Clarksville,,2025,108348.0
Clarksville,,2024,114803.0
Clarksville,,2023,96120.0
Clarksville,,2022,67589.0
Clarksville,,2021,84512.0
Clarksville,,2020,72196.0
Clarksville,,2019,85500.0
Clarksville,,2018,55697.0
Clarksville,,2017,50994.0
Clarksville,,2016,7281.0
Cleveland Heights,,2025,36857995.0
Cleveland Heights,,2024,35632942.0
Cleveland Heights,,2023,34041196.0
Cleveland Heights,,2022,33914060.0
Cleveland Heights,,2021,32301828.0
Cleveland Heights,,2020,27417988.0
Cleveland Heights,,2019,28458497.0
Cleveland Heights,,2018,26600174.0
Cleveland Heights,,2017,27832037.0
Cleveland Heights,,2016,26561939.0
Clinton,,2025,444605.0
Clinton,,2024,419784.0
Clinton,,2023,419712.0
Clinton,,2022,382560.0
Clinton,,2021,360495.0
Clinton,,2020,315502.0
Clinton,,2019,363485.0
Clinton,,2018,317819.0
Clinton,,2017,302288.0
Clinton,,2016,345348.0
Clinton Grandview Heights Jedd,,2025,3894259.0
Clinton Grandview Heights Jedd,,2024,3766236.0
Clinton Grandview Heights Jedd,,2023,3614875.0
Clinton Grandview Heights Jedd,,2022,3701051.0
Clinton Grandview Heights Jedd,,2021,3481412.0
Clinton Grandview Heights Jedd,,2020,3168459.0
Clinton Grandview Heights Jedd,,2019,3513633.0
Clinton Grandview Heights Jedd,,2018,3311634.0
Clinton Grandview Heights Jedd,,2017,3573486.0
Clinton Grandview Heights Jedd,,2016,3708308.0
Coal Grove,A,2025,438753.0
Coal Grove,A,2024,43880.0
Coal Grove,A,2023,0.0
Coal Grove,A,2022,0.0
Coal Grove,A,2021,0.0
Coal Grove,A,2020,0.0
Coal Grove,A,2019,0.0
Coal Grove,A,2018,0.0
Coal Grove,A,2017,0.0
Coal Grove,A,2016,0.0
Columbiana,A,2025,3591423.0
Columbiana,A,2024,3741448.0
Columbiana,A,2023,3541487.0
Columbiana,A,2022,3356432.0
Columbiana,A,2021,2809671.0
Columbiana,A,2020,2490959.0
Columbiana,A,2019,921581.0
Columbiana,A,2018,0.0
Columbiana,A,2017,0.0
Columbiana,A,2016,0.0
Commercial Point,,2025,2014098.0
Commercial Point,,2024,1588401.0
Commercial Point,,2023,1454287.0
Commercial Point,,2022,1129818.0
Commercial Point,,2021,847185.0
Commercial Point,,2020,690210.0
Commercial Point,,2019,679687.0
Commercial Point,,2018,596138.0
Commercial Point,,2017,554315.0
Commercial Point,,2016,562094.0
Conesville,,2025,24751.0
Conesville,,2024,8203.0
Conesville,,2023,23526.0
Conesville,,2022,56807.0
Conesville,,2021,29687.0
Conesville,,2020,32197.0
Conesville,,2019,34117.0
Conesville,,2018,51941.0
Conesville,,2017,57810.0
Conesville,,2016,51034.0
Continental,,2025,234177.0
Continental,,2024,222536.0
Continental,,2023,232483.0
Continental,,2022,218293.0
Continental,,2021,195420.0
Continental,,2020,176037.0
Continental,,2019,185881.0
Continental,,2018,193763.0
Continental,,2017,168410.0
Continental,,2016,169955.0
Corwin,,2025,48180.0
Corwin,,2024,47743.0
Corwin,,2023,61391.0
Corwin,,2022,42929.0
Corwin,,2021,39575.0
Corwin,,2020,30038.0
Corwin,,2019,27940.0
Corwin,,2018,25677.0
Corwin,,2017,24773.0
Corwin,,2016,25503.0
Crestline,A,2025,2107411.0
Crestline,A,2024,1807483.0
Crestline,A,2023,1660811.0
Crestline,A,2022,1434746.0
Crestline,A,2021,1314760.0
Crestline,A,2020,1247698.0
Crestline,A,2019,460085.0
Crestline,A,2018,0.0
Crestline,A,2017,0.0
Crestline,A,2016,0.0
Creston,A,2025,629159.0
Creston,A,2024,545369.0
Creston,A,2023,0.0
Creston,A,2022,0.0
Creston,A,2021,0.0
Creston,A,2020,0.0
Creston,A,2019,0.0
Creston,A,2018,0.0
Creston,A,2017,0.0
Creston,A,2016,0.0
Crooksville,A,2025,735916.0
Crooksville,A,2024,711403.0
Crooksville,A,2023,663801.0
Crooksville,A,2022,0.0
Crooksville,A,2021,0.0
Crooksville,A,2020,0.0
Crooksville,A,2019,0.0
Crooksville,A,2018,0.0
Crooksville,A,2017,0.0
Crooksville,A,2016,0.0
Cuyahoga Falls,A,2025,32988986.0
Cuyahoga Falls,A,2024,33186410.0
Cuyahoga Falls,A,2023,31844962.0
Cuyahoga Falls,A,2022,30223473.0
Cuyahoga Falls,A,2021,26999358.0
Cuyahoga Falls,A,2020,22691653.0
Cuyahoga Falls,A,2019,23608357.0
Cuyahoga Falls,A,2018,0.0
Cuyahoga Falls,A,2017,0.0
Cuyahoga Falls,A,2016,0.0
Cuyahoga Falls Boston Twp JEDD,A,2025,272617.0
Cuyahoga Falls Boston Twp JEDD,A,2024,309985.0
Cuyahoga Falls Boston Twp JEDD,A,2023,276976.0
Cuyahoga Falls Boston Twp JEDD,A,2022,249446.0
Cuyahoga Falls Boston Twp JEDD,A,2021,243428.0
Cuyahoga Falls Boston Twp JEDD,A,2020,204029.0
Cuyahoga Falls Boston Twp JEDD,A,2019,227740.0
Cuyahoga Falls Boston Twp JEDD,A,2018,0.0
Cuyahoga Falls Boston Twp JEDD,A,2017,0.0
Cuyahoga Falls Boston Twp JEDD,A,2016,0.0
Cuyahoga Heights,,2025,15624259.0
Cuyahoga Heights,,2024,16707427.0
Cuyahoga Heights,,2023,14671529.0
Cuyahoga Heights,,2022,14901633.0
Cuyahoga Heights,,2021,14083129.0
Cuyahoga Heights,,2020,10295885.0
Cuyahoga Heights,,2019,12256907.0
Cuyahoga Heights,,2018,11458696.0
Cuyahoga Heights,,2017,10956697.0
Cuyahoga Heights,,2016,8728928.0
Danville,,2025,489440.0
Danville,,2024,472724.0
Danville,,2023,464021.0
Danville,,2022,432540.0
Danville,,2021,382927.0
Danville,,2020,361162.0
Danville,,2019,347675.0
Danville,,2018,329630.0
Danville,,2017,362241.0
Danville,,2016,297254.0
Darbyville,,2025,27693.0
Darbyville,,2024,23447.0
Darbyville,,2023,24605.0
Darbyville,,2022,19608.0
Darbyville,,2021,18989.0
Darbyville,,2020,22586.0
Darbyville,,2019,16911.0
Darbyville,,2018,12303.0
Darbyville,,2017,7450.0
Darbyville,,2016,754.0
DeGraff,,2025,395267.0
DeGraff,,2024,375270.0
DeGraff,,2023,351187.0
DeGraff,,2022,309519.0
DeGraff,,2021,293037.0
DeGraff,,2020,249189.0
DeGraff,,2019,244836.0
DeGraff,,2018,238040.0
DeGraff,,2017,223520.0
DeGraff,,2016,68465.0
Dennison,,2025,1014811.0
Dennison,,2024,974673.0
Dennison,,2023,872515.0
Dennison,,2022,851008.0
Dennison,,2021,787384.0
Dennison,,2020,745196.0
Dennison,,2019,800222.0
Dennison,,2018,777180.0
Dennison,,2017,759248.0
Dennison,,2016,843379.0
Dorr Street JEDD,A,2025,46821.0
Dorr Street JEDD,A,2024,44935.0
Dorr Street JEDD,A,2023,30180.0
Dorr Street JEDD,A,2022,17785.0
Dorr Street JEDD,A,2021,27381.0
Dorr Street JEDD,A,2020,9960.0
Dorr Street JEDD,A,2019,0.0
Dorr Street JEDD,A,2018,0.0
Dorr Street JEDD,A,2017,0.0
Dorr Street JEDD,A,2016,0.0
Doylestown,A,2025,1979512.0
Doylestown,A,2024,1535564.0
Doylestown,A,2023,1292657.0
Doylestown,A,2022,1197616.0
Doylestown,A,2021,0.0
Doylestown,A,2020,0.0
Doylestown,A,2019,0.0
Doylestown,A,2018,0.0
Doylestown,A,2017,0.0
Doylestown,A,2016,0.0
Dresden,A,2025,369445.0
Dresden,A,2024,0.0
Dresden,A,2023,0.0
Dresden,A,2022,0.0
Dresden,A,2021,0.0
Dresden,A,2020,0.0
Dresden,A,2019,0.0
Dresden,A,2018,0.0
Dresden,A,2017,0.0
Dresden,A,2016,0.0
Dunkirk,A,2025,123349.0
Dunkirk,A,2024,98791.0
Dunkirk,A,2023,124008.0
Dunkirk,A,2022,112746.0
Dunkirk,A,2021,95729.0
Dunkirk,A,2020,102053.0
Dunkirk,A,2019,0.0
Dunkirk,A,2018,0.0
Dunkirk,A,2017,0.0
Dunkirk,A,2016,0.0
East Cleveland,,2025,3883334.0
East Cleveland,,2024,3681196.0
East Cleveland,,2023,4248662.0
East Cleveland,,2022,4363224.0
East Cleveland,,2021,5208266.0
East Cleveland,,2020,5235166.0
East Cleveland,,2019,4914334.0
East Cleveland,,2018,5066647.0
East Cleveland,,2017,5189849.0
East Cleveland,,2016,5747868.0
East Palestine,,2025,2120520.0
East Palestine,,2024,2181561.0
East Palestine,,2023,1910613.0
East Palestine,,2022,1713204.0
East Palestine,,2021,1688095.0
East Palestine,,2020,1345188.0
East Palestine,,2019,1133255.0
East Palestine,,2018,995643.0
East Palestine,,2017,995507.0
East Palestine,,2016,1030843.0
East Union Twp - Apple Creek Jedd,A,2025,48000.0
East Union Twp - Apple Creek Jedd,A,2024,21971.0
East Union Twp - Apple Creek Jedd,A,2023,0.0
East Union Twp - Apple Creek Jedd,A,2022,0.0
East Union Twp - Apple Creek Jedd,A,2021,0.0
East Union Twp - Apple Creek Jedd,A,2020,0.0
East Union Twp - Apple Creek Jedd,A,2019,0.0
East Union Twp - Apple Creek Jedd,A,2018,0.0
East Union Twp - Apple Creek Jedd,A,2017,0.0
East Union Twp - Apple Creek Jedd,A,2016,0.0
Eastlake,,2025,10222981.0
Eastlake,,2024,10332231.0
Eastlake,,2023,10594398.0
Eastlake,,2022,10963098.0
Eastlake,,2021,8008190.0
Eastlake,,2020,7185085.0
Eastlake,,2019,8042511.0
Eastlake,,2018,6694606.0
Eastlake,,2017,6356269.0
Eastlake,,2016,6205864.0
Eaton,,2025,6181264.0
Eaton,,2024,6880273.0
Eaton,,2023,6688544.0
Eaton,,2022,6664275.0
Eaton,,2021,5415790.0
Eaton,,2020,4913788.0
Eaton,,2019,5432828.0
Eaton,,2018,4844080.0
Eaton,,2017,4937157.0
Eaton,,2016,5141811.0
Eaton Jedd,,2025,97924.0
Eaton Jedd,,2024,83458.0
Eaton Jedd,,2023,82289.0
Eaton Jedd,,2022,95313.0
Eaton Jedd,,2021,80184.0
Eaton Jedd,,2020,80069.0
Eaton Jedd,,2019,88558.0
Eaton Jedd,,2018,63108.0
Eaton Jedd,,2017,75437.0
Eaton Jedd,,2016,77232.0
Edgerton,,2025,1185918.0
Edgerton,,2024,1415330.0
Edgerton,,2023,1359724.0
Edgerton,,2022,1397659.0
Edgerton,,2021,1226742.0
Edgerton,,2020,1086362.0
Edgerton,,2019,1156397.0
Edgerton,,2018,1179340.0
Edgerton,,2017,1113916.0
Edgerton,,2016,337999.0
Edison,,2025,47951.0
Edison,,2024,47087.0
Edison,,2023,48923.0
Edison,,2022,58064.0
Edison,,2021,49570.0
Edison,,2020,40447.0
Edison,,2019,38775.0
Edison,,2018,34328.0
Edison,,2017,36971.0
Edison,,2016,29397.0
Elmore,A,2025,1114873.0
Elmore,A,2024,1021458.0
Elmore,A,2023,987449.0
Elmore,A,2022,893428.0
Elmore,A,2021,815329.0
Elmore,A,2020,718501.0
Elmore,A,2019,740474.0
Elmore,A,2018,796364.0
Elmore,A,2017,115146.0
Elmore,A,2016,0.0
Elmwood Place,,2025,399485.0
Elmwood Place,,2024,377111.0
Elmwood Place,,2023,350123.0
Elmwood Place,,2022,351421.0
Elmwood Place,,2021,327748.0
Elmwood Place,,2020,364205.0
Elmwood Place,,2019,374857.0
Elmwood Place,,2018,327577.0
Elmwood Place,,2017,419792.0
Elmwood Place,,2016,100713.0
Elyria,,2025,37866232.0
Elyria,,2024,35825012.0
Elyria,,2023,36153625.0
Elyria,,2022,34064881.0
Elyria,,2021,32555577.0
Elyria,,2020,29808778.0
Elyria,,2019,32791348.0
Elyria,,2018,31508151.0
Elyria,,2017,30132417.0
Elyria,,2016,26229318.0
Elyria Jedd,,2025,835509.0
Elyria Jedd,,2024,716399.0
Elyria Jedd,,2023,710752.0
Elyria Jedd,,2022,656032.0
Elyria Jedd,,2021,694292.0
Elyria Jedd,,2020,585725.0
Elyria Jedd,,2019,752776.0
Elyria Jedd,,2018,646136.0
Elyria Jedd,,2017,587398.0
Elyria Jedd,,2016,450384.0
Empire,,2025,24844.0
Empire,,2024,19757.0
Empire,,2023,29366.0
Empire,,2022,18221.0
Empire,,2021,15000.0
Empire,,2020,12420.0
Empire,,2019,16122.0
Empire,,2018,16121.0
Empire,,2017,13558.0
Empire,,2016,17613.0
Etna-Reynoldsburg JEDD 1,H,2025,899771.0
Etna-Reynoldsburg JEDD 1,H,2024,656959.0
Etna-Reynoldsburg JEDD 1,H,2023,529488.0
Etna-Reynoldsburg JEDD 1,H,2022,650758.0
Etna-Reynoldsburg JEDD 1,H,2021,227612.0
Etna-Reynoldsburg JEDD 1,H,2020,86956.0
Etna-Reynoldsburg JEDD 1,H,2019,0.0
Etna-Reynoldsburg JEDD 1,H,2018,0.0
Etna-Reynoldsburg JEDD 1,H,2017,0.0
Etna-Reynoldsburg JEDD 1,H,2016,0.0
Etna-Reynoldsburg JEDD 2,A,2025,262725.0
Etna-Reynoldsburg JEDD 2,A,2024,-19913.0
Etna-Reynoldsburg JEDD 2,A,2023,557541.0
Etna-Reynoldsburg JEDD 2,A,2022,116840.0
Etna-Reynoldsburg JEDD 2,A,2021,176178.0
Etna-Reynoldsburg JEDD 2,A,2020,82169.0
Etna-Reynoldsburg JEDD 2,A,2019,40.0
Etna-Reynoldsburg JEDD 2,A,2018,0.0
Etna-Reynoldsburg JEDD 2,A,2017,0.0
Etna-Reynoldsburg JEDD 2,A,2016,0.0
Etna-Reynoldsburg JEDD 3,A,2025,756739.0
Etna-Reynoldsburg JEDD 3,A,2024,645050.0
Etna-Reynoldsburg JEDD 3,A,2023,382132.0
Etna-Reynoldsburg JEDD 3,A,2022,602607.0
Etna-Reynoldsburg JEDD 3,A,2021,350210.0
Etna-Reynoldsburg JEDD 3,A,2020,200361.0
Etna-Reynoldsburg JEDD 3,A,2019,9857.0
Etna-Reynoldsburg JEDD 3,A,2018,0.0
Etna-Reynoldsburg JEDD 3,A,2017,0.0
Etna-Reynoldsburg JEDD 3,A,2016,0.0
Etna-Reynoldsburg JEDD 4,H,2025,201751.0
Etna-Reynoldsburg JEDD 4,H,2024,187390.0
Etna-Reynoldsburg JEDD 4,H,2023,83262.0
Etna-Reynoldsburg JEDD 4,H,2022,44124.0
Etna-Reynoldsburg JEDD 4,H,2021,9430.0
Etna-Reynoldsburg JEDD 4,H,2020,2178.0
Etna-Reynoldsburg JEDD 4,H,2019,0.0
Etna-Reynoldsburg JEDD 4,H,2018,0.0
Etna-Reynoldsburg JEDD 4,H,2017,0.0
Etna-Reynoldsburg JEDD 4,H,2016,0.0
Etna-Reynoldsburg JEDD 7,A,2025,346532.0
Etna-Reynoldsburg JEDD 7,A,2024,330841.0
Etna-Reynoldsburg JEDD 7,A,2023,401551.0
Etna-Reynoldsburg JEDD 7,A,2022,367350.0
Etna-Reynoldsburg JEDD 7,A,2021,3792.0
Etna-Reynoldsburg JEDD 7,A,2020,0.0
Etna-Reynoldsburg JEDD 7,A,2019,0.0
Etna-Reynoldsburg JEDD 7,A,2018,0.0
Etna-Reynoldsburg JEDD 7,A,2017,0.0
Etna-Reynoldsburg JEDD 7,A,2016,0.0
Euclid,A,2025,42562254.0
Euclid,A,2024,41442473.0
Euclid,A,2023,39149239.0
Euclid,A,2022,36406984.0
Euclid,A,2021,32849554.0
Euclid,A,2020,0.0
Euclid,A,2019,0.0
Euclid,A,2018,0.0
Euclid,A,2017,0.0
Euclid,A,2016,0.0
Evans Farm JEDD,H,2025,52344.0
Evans Farm JEDD,H,2024,66908.0
Evans Farm JEDD,H,2023,20937.0
Evans Farm JEDD,H,2022,43.0
Evans Farm JEDD,H,2021,0.0
Evans Farm JEDD,H,2020,0.0
Evans Farm JEDD,H,2019,0.0
Evans Farm JEDD,H,2018,0.0
Evans Farm JEDD,H,2017,0.0
Evans Farm JEDD,H,2016,0.0
Fairborn,,2025,22637259.0
Fairborn,,2024,25223066.0
Fairborn,,2023,21187170.0
Fairborn,,2022,20184790.0
Fairborn,,2021,18480412.0
Fairborn,,2020,13383134.0
Fairborn,,2019,13392292.0
Fairborn,,2018,13112077.0
Fairborn,,2017,12809368.0
Fairborn,,2016,12956516.0
Fairport Harbor,,2025,1065309.0
Fairport Harbor,,2024,998739.0
Fairport Harbor,,2023,1061796.0
Fairport Harbor,,2022,1016929.0
Fairport Harbor,,2021,842880.0
Fairport Harbor,,2020,709887.0
Fairport Harbor,,2019,782800.0
Fairport Harbor,,2018,771069.0
Fairport Harbor,,2017,835425.0
Fairport Harbor,,2016,747717.0
Fairview Park,,2025,13582416.0
Fairview Park,,2024,12933498.0
Fairview Park,,2023,13128134.0
Fairview Park,,2022,12099597.0
Fairview Park,,2021,11029528.0
Fairview Park,,2020,10221863.0
Fairview Park,,2019,10259775.0
Fairview Park,,2018,9617755.0
Fairview Park,,2017,9157676.0
Fairview Park,,2016,9027748.0
Fayette,A,2025,534949.0
Fayette,A,2024,595829.0
Fayette,A,2023,510965.0
Fayette,A,2022,441053.0
Fayette,A,2021,441830.0
Fayette,A,2020,415847.0
Fayette,A,2019,518811.0
Fayette,A,2018,467167.0
Fayette,A,2017,167085.0
Fayette,A,2016,0.0
Fayetteville,A,2025,111638.0
Fayetteville,A,2024,108055.0
Fayetteville,A,2023,77276.0
Fayetteville,A,2022,0.0
Fayetteville,A,2021,0.0
Fayetteville,A,2020,0.0
Fayetteville,A,2019,0.0
Fayetteville,A,2018,0.0
Fayetteville,A,2017,0.0
Fayetteville,A,2016,0.0
Felicity,A,2025,125017.0
Felicity,A,2024,134992.0
Felicity,A,2023,133744.0
Felicity,A,2022,123817.0
Felicity,A,2021,132202.0
Felicity,A,2020,111822.0
Felicity,A,2019,122146.0
Felicity,A,2018,125103.0
Felicity,A,2017,0.0
Felicity,A,2016,0.0
Forest,A,2025,521548.0
Forest,A,2024,548871.0
Forest,A,2023,472354.0
Forest,A,2022,0.0
Forest,A,2021,0.0
Forest,A,2020,0.0
Forest,A,2019,0.0
Forest,A,2018,0.0
Forest,A,2017,0.0
Forest,A,2016,0.0
Fort Jennings,,2025,139500.0
Fort Jennings,,2024,141199.0
Fort Jennings,,2023,142999.0
Fort Jennings,,2022,143618.0
Fort Jennings,,2021,140592.0
Fort Jennings,,2020,114137.0
Fort Jennings,,2019,105433.0
Fort Jennings,,2018,108000.0
Fort Jennings,,2017,98263.0
Fort Jennings,,2016,102309.0
Fostoria,,2025,8426883.0
Fostoria,,2024,7880168.0
Fostoria,,2023,8069548.0
Fostoria,,2022,7372519.0
Fostoria,,2021,6944088.0
Fostoria,,2020,6185099.0
Fostoria,,2019,6235370.0
Fostoria,,2018,5885415.0
Fostoria,,2017,5275107.0
Fostoria,,2016,1006212.0
Frazeysburg,I,2025,259869.0
Frazeysburg,I,2024,215113.0
Frazeysburg,I,2023,257779.0
Frazeysburg,I,2022,206824.0
Frazeysburg,I,2021,176529.0
Frazeysburg,I,2020,682.0
Frazeysburg,I,2019,0.0
Frazeysburg,I,2018,0.0
Frazeysburg,I,2017,0.0
Frazeysburg,I,2016,0.0
Fredricktown,,2025,927666.0
Fredricktown,,2024,898918.0
Fredricktown,,2023,860276.0
Fredricktown,,2022,744500.0
Fredricktown,,2021,698675.0
Fredricktown,,2020,633983.0
Fredricktown,,2019,706978.0
Fredricktown,,2018,610163.0
Fredricktown,,2017,658773.0
Fredricktown,,2016,629969.0
Fremont,,2025,11831866.0
Fremont,,2024,11458257.0
Fremont,,2023,11149655.0
Fremont,,2022,10714754.0
Fremont,,2021,10115914.0
Fremont,,2020,8902324.0
Fremont,,2019,9205107.0
Fremont,,2018,8553303.0
Fremont,,2017,9806476.0
Fremont,,2016,9779150.0
Fulton,A,2025,53866.0
Fulton,A,2024,95431.0
Fulton,A,2023,62035.0
Fulton,A,2022,57537.0
Fulton,A,2021,55049.0
Fulton,A,2020,17722.0
Fulton,A,2019,0.0
Fulton,A,2018,0.0
Fulton,A,2017,0.0
Fulton,A,2016,0.0
Gahanna,,2025,43900276.0
Gahanna,,2024,39712997.0
Gahanna,,2023,38563988.0
Gahanna,,2022,35130110.0
Gahanna,,2021,33423725.0
Gahanna,,2020,29735924.0
Gahanna,,2019,23850240.0
Gahanna,,2018,18946188.0
Gahanna,,2017,18940490.0
Gahanna,,2016,19123174.0
Galena,,2025,1532279.0
Galena,,2024,1138937.0
Galena,,2023,1077319.0
Galena,,2022,909641.0
Galena,,2021,728032.0
Galena,,2020,515191.0
Galena,,2019,478251.0
Galena,,2018,411472.0
Galena,,2017,432059.0
Galena,,2016,394675.0
Galion,,2025,6900160.0
Galion,,2024,6896311.0
Galion,,2023,6207987.0
Galion,,2022,5812464.0
Galion,,2021,5783554.0
Galion,,2020,5264119.0
Galion,,2019,5518951.0
Galion,,2018,5080634.0
Galion,,2017,4967984.0
Galion,,2016,4800468.0
Garfield Heights,,2025,15577364.0
Garfield Heights,,2024,14394386.0
Garfield Heights,,2023,13375965.0
Garfield Heights,,2022,13865360.0
Garfield Heights,,2021,11938454.0
Garfield Heights,,2020,11633810.0
Garfield Heights,,2019,11801497.0
Garfield Heights,,2018,11363164.0
Garfield Heights,,2017,11257637.0
Garfield Heights,,2016,11268120.0
Gates Mills,A,2025,2376994.0
Gates Mills,A,2024,2555139.0
Gates Mills,A,2023,2190713.0
Gates Mills,A,2022,2932673.0
Gates Mills,A,2021,4325228.0
Gates Mills,A,2020,1695708.0
Gates Mills,A,2019,0.0
Gates Mills,A,2018,0.0
Gates Mills,A,2017,0.0
Gates Mills,A,2016,0.0
Genoa,A,2025,1261505.0
Genoa,A,2024,1158631.0
Genoa,A,2023,1132293.0
Genoa,A,2022,1084767.0
Genoa,A,2021,983773.0
Genoa,A,2020,928271.0
Genoa,A,2019,0.0
Genoa,A,2018,0.0
Genoa,A,2017,0.0
Genoa,A,2016,0.0
Gettysburg,A,2025,29967.0
Gettysburg,A,2024,32677.0
Gettysburg,A,2023,47748.0
Gettysburg,A,2022,83301.0
Gettysburg,A,2021,98555.0
Gettysburg,A,2020,74685.0
Gettysburg,A,2019,81386.0
Gettysburg,A,2018,104466.0
Gettysburg,A,2017,91701.0
Gettysburg,A,2016,0.0
Gibsonburg,A,2025,875886.0
Gibsonburg,A,2024,822848.0
Gibsonburg,A,2023,793471.0
Gibsonburg,A,2022,780857.0
Gibsonburg,A,2021,243868.0
Gibsonburg,A,2020,0.0
Gibsonburg,A,2019,0.0
Gibsonburg,A,2018,0.0
Gibsonburg,A,2017,0.0
Gibsonburg,A,2016,0.0
Girard,,2025,4345947.0
Girard,,2024,4318869.0
Girard,,2023,4507468.0
Girard,,2022,3772972.0
Girard,,2021,3467915.0
Girard,,2020,3344165.0
Girard,,2019,3551503.0
Girard,,2018,3625631.0
Girard,,2017,3356839.0
Girard,,2016,3468675.0
Glenmont,A,2025,33560.0
Glenmont,A,2024,5536.0
Glenmont,A,2023,0.0
Glenmont,A,2022,0.0
Glenmont,A,2021,0.0
Glenmont,A,2020,0.0
Glenmont,A,2019,0.0
Glenmont,A,2018,0.0
Glenmont,A,2017,0.0
Glenmont,A,2016,0.0
Glenwillow,,2025,5136281.0
Glenwillow,,2024,5888978.0
Glenwillow,,2023,4899401.0
Glenwillow,,2022,5015109.0
Glenwillow,,2021,4507218.0
Glenwillow,,2020,3914235.0
Glenwillow,,2019,3497081.0
Glenwillow,,2018,3292315.0
Glenwillow,,2017,3373118.0
Glenwillow,,2016,3072608.0
Golf Manor,A,2025,1086629.0
Golf Manor,A,2024,1084791.0
Golf Manor,A,2023,1086121.0
Golf Manor,A,2022,934607.0
Golf Manor,A,2021,960995.0
Golf Manor,A,2020,785091.0
Golf Manor,A,2019,781109.0
Golf Manor,A,2018,287292.0
Golf Manor,A,2017,0.0
Golf Manor,A,2016,0.0
Grafton,,2025,2060464.0
Grafton,,2024,1912547.0
Grafton,,2023,1895242.0
Grafton,,2022,1896441.0
Grafton,,2021,1732217.0
Grafton,,2020,1506002.0
Grafton,,2019,1628583.0
Grafton,,2018,1539923.0
Grafton,,2017,1444111.0
Grafton,,2016,1286261.0
Grandview Heights,,2025,17618385.0
Grandview Heights,,2024,15945147.0
Grandview Heights,,2023,15000303.0
Grandview Heights,,2022,15787682.0
Grandview Heights,,2021,17021193.0
Grandview Heights,,2020,16698708.0
Grandview Heights,,2019,16234391.0
Grandview Heights,,2018,14704556.0
Grandview Heights,,2017,13710006.0
Grandview Heights,,2016,10607259.0
Gratis,,2025,152037.0
Gratis,,2024,148926.0
Gratis,,2023,134721.0
Gratis,,2022,115400.0
Gratis,,2021,107773.0
Gratis,,2020,97938.0
Gratis,,2019,93055.0
Gratis,,2018,94576.0
Gratis,,2017,84423.0
Gratis,,2016,78804.0
Green Springs,A,2025,174969.0
Green Springs,A,2024,0.0
Green Springs,A,2023,0.0
Green Springs,A,2022,0.0
Green Springs,A,2021,0.0
Green Springs,A,2020,0.0
Green Springs,A,2019,0.0
Green Springs,A,2018,0.0
Green Springs,A,2017,0.0
Green Springs,A,2016,0.0
Greenfield,A,2025,2003290.0
Greenfield,A,2024,2189313.0
Greenfield,A,2023,1855972.0
Greenfield,A,2022,1603015.0
Greenfield,A,2021,1527114.0
Greenfield,A,2020,1291652.0
Greenfield,A,2019,1387689.0
Greenfield,A,2018,0.0
Greenfield,A,2017,0.0
Greenfield,A,2016,0.0
Greenhills,,2025,1436687.0
Greenhills,,2024,1548562.0
Greenhills,,2023,1506831.0
Greenhills,,2022,1356612.0
Greenhills,,2021,1256381.0
Greenhills,,2020,1228947.0
Greenhills,,2019,1310427.0
Greenhills,,2018,1185362.0
Greenhills,,2017,1139940.0
Greenhills,,2016,1204676.0
Grove City,,2025,43968431.0
Grove City,,2024,44095586.0
Grove City,,2023,43493286.0
Grove City,,2022,38905378.0
Grove City,,2021,33071073.0
Grove City,,2020,27419324.0
Grove City,,2019,25555540.0
Grove City,,2018,25241797.0
Grove City,,2017,24628810.0
Grove City,,2016,23424179.0
Groveport,A,2025,25752715.0
Groveport,A,2024,24366452.0
Groveport,A,2023,23002300.0
Groveport,A,2022,21321391.0
Groveport,A,2021,18366933.0
Groveport,A,2020,14749582.0
Groveport,A,2019,17058514.0
Groveport,A,2018,0.0
Groveport,A,2017,0.0
Groveport,A,2016,0.0
Ham Fair Twp Jedd I,A,2025,762744.0
Ham Fair Twp Jedd I,A,2024,945886.0
Ham Fair Twp Jedd I,A,2023,598445.0
Ham Fair Twp Jedd I,A,2022,746882.0
Ham Fair Twp Jedd I,A,2021,0.0
Ham Fair Twp Jedd I,A,2020,0.0
Ham Fair Twp Jedd I,A,2019,0.0
Ham Fair Twp Jedd I,A,2018,0.0
Ham Fair Twp Jedd I,A,2017,0.0
Ham Fair Twp Jedd I,A,2016,0.0
Ham Fair Twp Jedd II,A,2025,485297.0
Ham Fair Twp Jedd II,A,2024,630475.0
Ham Fair Twp Jedd II,A,2023,574926.0
Ham Fair Twp Jedd II,A,2022,533594.0
Ham Fair Twp Jedd II,A,2021,0.0
Ham Fair Twp Jedd II,A,2020,0.0
Ham Fair Twp Jedd II,A,2019,0.0
Ham Fair Twp Jedd II,A,2018,0.0
Ham Fair Twp Jedd II,A,2017,0.0
Ham Fair Twp Jedd II,A,2016,0.0
Ham Fair Twp Jedd III,A,2025,140308.0
Ham Fair Twp Jedd III,A,2024,84809.0
Ham Fair Twp Jedd III,A,2023,69908.0
Ham Fair Twp Jedd III,A,2022,55636.0
Ham Fair Twp Jedd III,A,2021,0.0
Ham Fair Twp Jedd III,A,2020,0.0
Ham Fair Twp Jedd III,A,2019,0.0
Ham Fair Twp Jedd III,A,2018,0.0
Ham Fair Twp Jedd III,A,2017,0.0
Ham Fair Twp Jedd III,A,2016,0.0
Hamersville,A,2025,47988.0
Hamersville,A,2024,0.0
Hamersville,A,2023,0.0
Hamersville,A,2022,0.0
Hamersville,A,2021,0.0
Hamersville,A,2020,0.0
Hamersville,A,2019,0.0
Hamersville,A,2018,0.0
Hamersville,A,2017,0.0
Hamersville,A,2016,0.0
Hamilton,A,2025,40983628.0
Hamilton,A,2024,37393036.0
Hamilton,A,2023,36700466.0
Hamilton,A,2022,34499756.0
Hamilton,A,2021,0.0
Hamilton,A,2020,0.0
Hamilton,A,2019,0.0
Hamilton,A,2018,0.0
Hamilton,A,2017,0.0
Hamilton,A,2016,0.0
Hanging Rock,A,2025,55656.0
Hanging Rock,A,2024,0.0
Hanging Rock,A,2023,0.0
Hanging Rock,A,2022,0.0
Hanging Rock,A,2021,0.0
Hanging Rock,A,2020,0.0
Hanging Rock,A,2019,0.0
Hanging Rock,A,2018,0.0
Hanging Rock,A,2017,0.0
Hanging Rock,A,2016,0.0
Hanover,A,2025,360399.0
Hanover,A,2024,324264.0
Hanover,A,2023,322936.0
Hanover,A,2022,278247.0
Hanover,A,2021,235986.0
Hanover,A,2020,208772.0
Hanover,A,2019,204170.0
Hanover,A,2018,194844.0
Hanover,A,2017,143971.0
Hanover,A,2016,0.0
Harrisburg,A,2025,66420.0
Harrisburg,A,2024,66534.0
Harrisburg,A,2023,61667.0
Harrisburg,A,2022,70448.0
Harrisburg,A,2021,52289.0
Harrisburg,A,2020,60096.0
Harrisburg,A,2019,45386.0
Harrisburg,A,2018,0.0
Harrisburg,A,2017,0.0
Harrisburg,A,2016,0.0
Harrison,,2025,7119863.0
Harrison,,2024,6401693.0
Harrison,,2023,5814232.0
Harrison,,2022,5232036.0
Harrison,,2021,4933823.0
Harrison,,2020,4325659.0
Harrison,,2019,4152382.0
Harrison,,2018,3912434.0
Harrison,,2017,3977945.0
Harrison,,2016,4036296.0
Harrison Twp Jedd,,2025,484742.0
Harrison Twp Jedd,,2024,239379.0
Harrison Twp Jedd,,2023,207526.0
Harrison Twp Jedd,,2022,264347.0
Harrison Twp Jedd,,2021,481229.0
Harrison Twp Jedd,,2020,251815.0
Harrison Twp Jedd,,2019,329620.0
Harrison Twp Jedd,,2018,277062.0
Harrison Twp Jedd,,2017,261794.0
Harrison Twp Jedd,,2016,261249.0
Harrod,,2025,124485.0
Harrod,,2024,141339.0
Harrod,,2023,97162.0
Harrod,,2022,133027.0
Harrod,,2021,110819.0
Harrod,,2020,104156.0
Harrod,,2019,96507.0
Harrod,,2018,89963.0
Harrod,,2017,85537.0
Harrod,,2016,76545.0
Haskins,,2025,390233.0
Haskins,,2024,390604.0
Haskins,,2023,372680.0
Haskins,,2022,336274.0
Haskins,,2021,297886.0
Haskins,,2020,271695.0
Haskins,,2019,258997.0
Haskins,,2018,235635.0
Haskins,,2017,218926.0
Haskins,,2016,232766.0
Helena,A,2025,81422.0
Helena,A,2024,97153.0
Helena,A,2023,59058.0
Helena,A,2022,63181.0
Helena,A,2021,20886.0
Helena,A,2020,0.0
Helena,A,2019,0.0
Helena,A,2018,0.0
Helena,A,2017,0.0
Helena,A,2016,0.0
Highland Heights,,2025,12504483.0
Highland Heights,,2024,11958778.0
Highland Heights,,2023,11626751.0
Highland Heights,,2022,11105265.0
Highland Heights,,2021,11668660.0
Highland Heights,,2020,11376243.0
Highland Heights,,2019,11838034.0
Highland Heights,,2018,13091610.0
Highland Heights,,2017,12618842.0
Highland Heights,,2016,12255920.0
Hilliard,,2025,51819013.0
Hilliard,,2024,50418405.0
Hilliard,,2023,48976257.0
Hilliard,,2022,44609187.0
Hilliard,,2021,34070891.0
Hilliard,,2020,33022732.0
Hilliard,,2019,27565771.0
Hilliard,,2018,27865159.0
Hilliard,,2017,27764906.0
Hilliard,,2016,27526200.0
Hiram,,2025,711359.0
Hiram,,2024,695804.0
Hiram,,2023,611698.0
Hiram,,2022,614958.0
Hiram,,2021,613077.0
Hiram,,2020,554894.0
Hiram,,2019,495132.0
Hiram,,2018,461173.0
Hiram,,2017,431992.0
Hiram,,2016,419097.0
Holland,,2025,4171626.0
Holland,,2024,4361821.0
Holland,,2023,4015524.0
Holland,,2022,4299097.0
Holland,,2021,3654570.0
Holland,,2020,3547714.0
Holland,,2019,4299732.0
Holland,,2018,3877098.0
Holland,,2017,3516871.0
Holland,,2016,4219301.0
Holland Springfield Twp Jedd,,2025,2158922.0
Holland Springfield Twp Jedd,,2024,2114369.0
Holland Springfield Twp Jedd,,2023,2258036.0
Holland Springfield Twp Jedd,,2022,2558055.0
Holland Springfield Twp Jedd,,2021,2600324.0
Holland Springfield Twp Jedd,,2020,1596670.0
Holland Springfield Twp Jedd,,2019,2689741.0
Holland Springfield Twp Jedd,,2018,2352340.0
Holland Springfield Twp Jedd,,2017,771449.0
Holland Springfield Twp Jedd,,2016,1678283.0
Holmesville,A,2025,89468.0
Holmesville,A,2024,13042.0
Holmesville,A,2023,0.0
Holmesville,A,2022,0.0
Holmesville,A,2021,0.0
Holmesville,A,2020,0.0
Holmesville,A,2019,0.0
Holmesville,A,2018,0.0
Holmesville,A,2017,0.0
Holmesville,A,2016,0.0
Hopedale,,2025,216640.0
Hopedale,,2024,226681.0
Hopedale,,2023,204851.0
Hopedale,,2022,184708.0
Hopedale,,2021,167036.0
Hopedale,,2020,178949.0
Hopedale,,2019,181667.0
Hopedale,,2018,160984.0
Hopedale,,2017,185654.0
Hopedale,,2016,173555.0
Hudson,,2025,31988640.0
Hudson,,2024,31915423.0
Hudson,,2023,32297986.0
Hudson,,2022,32452875.0
Hudson,,2021,29260116.0
Hudson,,2020,26812858.0
Hudson,,2019,25412073.0
Hudson,,2018,23111365.0
Hudson,,2017,21566794.0
Hudson,,2016,20651671.0
Huron,,2025,4059544.0
Huron,,2024,3989103.0
Huron,,2023,4008725.0
Huron,,2022,3851781.0
Huron,,2021,3379879.0
Huron,,2020,2830752.0
Huron,,2019,2923099.0
Huron,,2018,2715848.0
Huron,,2017,2854265.0
Huron,,2016,2903751.0
Independence,,2025,35349680.0
Independence,,2024,33069871.0
Independence,,2023,34066712.0
Independence,,2022,32743570.0
Independence,,2021,33534867.0
Independence,,2020,31632109.0
Independence,,2019,32795160.0
Independence,,2018,32923875.0
Independence,,2017,30628428.0
Independence,,2016,29944906.0
Jackson,A,2025,4399929.0
Jackson,A,2024,4378963.0
Jackson,A,2023,4164261.0
Jackson,A,2022,3959824.0
Jackson,A,2021,2606426.0
Jackson,A,2020,9137.0
Jackson,A,2019,128241.0
Jackson,A,2018,659016.0
Jackson,A,2017,0.0
Jackson,A,2016,0.0
Jackson Center,,2025,1919847.0
Jackson Center,,2024,2100308.0
Jackson Center,,2023,2493391.0
Jackson Center,,2022,2008585.0
Jackson Center,,2021,1906715.0
Jackson Center,,2020,1457219.0
Jackson Center,,2019,1580391.0
Jackson Center,,2018,1640843.0
Jackson Center,,2017,1429484.0
Jackson Center,,2016,1290808.0
Jeffersonville,,2025,703743.0
Jeffersonville,,2024,698015.0
Jeffersonville,,2023,457959.0
Jeffersonville,,2022,385737.0
Jeffersonville,,2021,365162.0
Jeffersonville,,2020,311022.0
Jeffersonville,,2019,359214.0
Jeffersonville,,2018,308117.0
Jeffersonville,,2017,407320.0
Jeffersonville,,2016,112521.0
Jerry City,,2025,82933.0
Jerry City,,2024,78560.0
Jerry City,,2023,78723.0
Jerry City,,2022,83579.0
Jerry City,,2021,75152.0
Jerry City,,2020,64278.0
Jerry City,,2019,54295.0
Jerry City,,2018,55644.0
Jerry City,,2017,53107.0
Jerry City,,2016,49305.0
Jewett,,2025,75685.0
Jewett,,2024,67978.0
Jewett,,2023,55875.0
Jewett,,2022,58298.0
Jewett,,2021,49510.0
Jewett,,2020,50177.0
Jewett,,2019,51893.0
Jewett,,2018,38880.0
Jewett,,2017,52068.0
Jewett,,2016,55748.0
Johnstown,,2025,3797308.0
Johnstown,,2024,3202723.0
Johnstown,,2023,2843674.0
Johnstown,,2022,2729164.0
Johnstown,,2021,2497278.0
Johnstown,,2020,2077560.0
Johnstown,,2019,2081503.0
Johnstown,,2018,1601772.0
Johnstown,,2017,2194970.0
Johnstown,,2016,1652126.0
Kent,,2025,19705303.0
Kent,,2024,20157906.0
Kent,,2023,18912186.0
Kent,,2022,18382830.0
Kent,,2021,16620231.0
Kent,,2020,15634602.0
Kent,,2019,16053741.0
Kent,,2018,15803359.0
Kent,,2017,16187517.0
Kent,,2016,15574124.0
Killbuck,,2025,274663.0
Killbuck,,2024,324552.0
Killbuck,,2023,280176.0
Killbuck,,2022,304564.0
Killbuck,,2021,264545.0
Killbuck,,2020,233715.0
Killbuck,,2019,222334.0
Killbuck,,2018,247573.0
Killbuck,,2017,254163.0
Killbuck,,2016,323478.0
Kirkersville,A,2025,153523.0
Kirkersville,A,2024,127142.0
Kirkersville,A,2023,117850.0
Kirkersville,A,2022,121799.0
Kirkersville,A,2021,109701.0
Kirkersville,A,2020,96818.0
Kirkersville,A,2019,94742.0
Kirkersville,A,2018,70497.0
Kirkersville,A,2017,21155.0
Kirkersville,A,2016,0.0
Kirtland,,2025,5506831.0
Kirtland,,2024,5690525.0
Kirtland,,2023,5153814.0
Kirtland,,2022,4871762.0
Kirtland,,2021,4326854.0
Kirtland,,2020,3794486.0
Kirtland,,2019,3771410.0
Kirtland,,2018,3712714.0
Kirtland,,2017,3710975.0
Kirtland,,2016,3458310.0
LaGrange,,2025,1516853.0
LaGrange,,2024,1459538.0
LaGrange,,2023,1432193.0
LaGrange,,2022,1331076.0
LaGrange,,2021,1192018.0
LaGrange,,2020,993903.0
LaGrange,,2019,1047847.0
LaGrange,,2018,1108127.0
LaGrange,,2017,1031686.0
LaGrange,,2016,945598.0
Lakeline,,2025,82678.0
Lakeline,,2024,73767.0
Lakeline,,2023,61166.0
Lakeline,,2022,61236.0
Lakeline,,2021,58809.0
Lakeline,,2020,59183.0
Lakeline,,2019,60417.0
Lakeline,,2018,54530.0
Lakeline,,2017,45594.0
Lakeline,,2016,40063.0
Lakemore,,2025,1197968.0
Lakemore,,2024,1135396.0
Lakemore,,2023,977933.0
Lakemore,,2022,916000.0
Lakemore,,2021,905508.0
Lakemore,,2020,803788.0
Lakemore,,2019,919592.0
Lakemore,,2018,835556.0
Lakemore,,2017,838387.0
Lakemore,,2016,898692.0
Latty,A,2025,34538.0
Latty,A,2024,36854.0
Latty,A,2023,42042.0
Latty,A,2022,40730.0
Latty,A,2021,20532.0
Latty,A,2020,0.0
Latty,A,2019,0.0
Latty,A,2018,0.0
Latty,A,2017,0.0
Latty,A,2016,0.0
Leesburg,A,2025,419064.0
Leesburg,A,2024,503220.0
Leesburg,A,2023,665760.0
Leesburg,A,2022,570210.0
Leesburg,A,2021,583379.0
Leesburg,A,2020,406494.0
Leesburg,A,2019,0.0
Leesburg,A,2018,0.0
Leesburg,A,2017,0.0
Leesburg,A,2016,0.0
Leetonia,A,2025,1032544.0
Leetonia,A,2024,1062104.0
Leetonia,A,2023,1215174.0
Leetonia,A,2022,932695.0
Leetonia,A,2021,797481.0
Leetonia,A,2020,644283.0
Leetonia,A,2019,739563.0
Leetonia,A,2018,801626.0
Leetonia,A,2017,245127.0
Leetonia,A,2016,0.0
Liberty Center,A,2025,370614.0
Liberty Center,A,2024,348287.0
Liberty Center,A,2023,341925.0
Liberty Center,A,2022,324190.0
Liberty Center,A,2021,324939.0
Liberty Center,A,2020,275642.0
Liberty Center,A,2019,252659.0
Liberty Center,A,2018,0.0
Liberty Center,A,2017,0.0
Liberty Center,A,2016,0.0
Liberty Center JEDD,D,2025,0.0
Liberty Center JEDD,D,2024,0.0
Liberty Center JEDD,D,2023,17.0
Liberty Center JEDD,D,2022,664.0
Liberty Center JEDD,D,2021,12754.0
Liberty Center JEDD,D,2020,5445.0
Liberty Center JEDD,D,2019,7271.0
Liberty Center JEDD,D,2018,0.0
Liberty Center JEDD,D,2017,0.0
Liberty Center JEDD,D,2016,0.0
Lincoln Heights,A,2025,938011.0
Lincoln Heights,A,2024,1122459.0
Lincoln Heights,A,2023,1023705.0
Lincoln Heights,A,2022,174900.0
Lincoln Heights,A,2021,0.0
Lincoln Heights,A,2020,0.0
Lincoln Heights,A,2019,0.0
Lincoln Heights,A,2018,0.0
Lincoln Heights,A,2017,0.0
Lincoln Heights,A,2016,0.0
Lithopolis,,2025,1086136.0
Lithopolis,,2024,896439.0
Lithopolis,,2023,886015.0
Lithopolis,,2022,786460.0
Lithopolis,,2021,721088.0
Lithopolis,,2020,809304.0
Lithopolis,,2019,914606.0
Lithopolis,,2018,842631.0
Lithopolis,,2017,759301.0
Lithopolis,,2016,670408.0
Lockbourne,,2025,235094.0
Lockbourne,,2024,75804.0
Lockbourne,,2023,34584.0
Lockbourne,,2022,18531.0
Lockbourne,,2021,165734.0
Lockbourne,,2020,272392.0
Lockbourne,,2019,268231.0
Lockbourne,,2018,237629.0
Lockbourne,,2017,236901.0
Lockbourne,,2016,189821.0
Lockington,A,2025,14416.0
Lockington,A,2024,16447.0
Lockington,A,2023,11916.0
Lockington,A,2022,3197.0
Lockington,A,2021,0.0
Lockington,A,2020,0.0
Lockington,A,2019,0.0
Lockington,A,2018,0.0
Lockington,A,2017,0.0
Lockington,A,2016,0.0
Lockland,,2025,4446372.0
Lockland,,2024,4289922.0
Lockland,,2023,4696692.0
Lockland,,2022,3785786.0
Lockland,,2021,3830413.0
Lockland,,2020,2984890.0
Lockland,,2019,2957415.0
Lockland,,2018,2545015.0
Lockland,,2017,2610245.0
Lockland,,2016,2264576.0
Lodi,A,2025,1115666.0
Lodi,A,2024,1071988.0
Lodi,A,2023,1013540.0
Lodi,A,2022,864767.0
Lodi,A,2021,856984.0
Lodi,A,2020,776306.0
Lodi,A,2019,795704.0
Lodi,A,2018,496676.0
Lodi,A,2017,0.0
Lodi,A,2016,0.0
Loveland,,2025,6621022.0
Loveland,,2024,6592801.0
Loveland,,2023,6312326.0
Loveland,,2022,6575191.0
Loveland,,2021,5592771.0
Loveland,,2020,4731587.0
Loveland,,2019,4485841.0
Loveland,,2018,4309417.0
Loveland,,2017,4258141.0
Loveland,,2016,4205896.0
Lowellville,,2025,576610.0
Lowellville,,2024,578041.0
Lowellville,,2023,540123.0
Lowellville,,2022,523265.0
Lowellville,,2021,483291.0
Lowellville,,2020,485764.0
Lowellville,,2019,495855.0
Lowellville,,2018,491953.0
Lowellville,,2017,488365.0
Lowellville,,2016,497618.0
Lyndhurst,,2025,12637202.0
Lyndhurst,,2024,11856392.0
Lyndhurst,,2023,11890493.0
Lyndhurst,,2022,11881131.0
Lyndhurst,,2021,10765011.0
Lyndhurst,,2020,9397437.0
Lyndhurst,,2019,10155136.0
Lyndhurst,,2018,10002535.0
Lyndhurst,,2017,9474883.0
Lyndhurst,,2016,9905228.0
Lyons,,2025,144864.0
Lyons,,2024,159193.0
Lyons,,2023,149456.0
Lyons,,2022,134135.0
Lyons,,2021,108615.0
Lyons,,2020,98140.0
Lyons,,2019,98241.0
Lyons,,2018,92194.0
Lyons,,2017,46427.0
Lyons,,2016,3892.0
Macedonia,,2025,17550957.0
Macedonia,,2024,16058258.0
Macedonia,,2023,16459875.0
Macedonia,,2022,16179620.0
Macedonia,,2021,14244462.0
Macedonia,,2020,12447178.0
Macedonia,,2019,12681659.0
Macedonia,,2018,10317933.0
Macedonia,,2017,9071572.0
Macedonia,,2016,8287877.0
Macedonia Northfield Jedd,,2025,439854.0
Macedonia Northfield Jedd,,2024,438979.0
Macedonia Northfield Jedd,,2023,393817.0
Macedonia Northfield Jedd,,2022,386844.0
Macedonia Northfield Jedd,,2021,335913.0
Macedonia Northfield Jedd,,2020,337992.0
Macedonia Northfield Jedd,,2019,279744.0
Macedonia Northfield Jedd,,2018,291961.0
Macedonia Northfield Jedd,,2017,292377.0
Macedonia Northfield Jedd,,2016,254306.0
Madison Village,A,2025,1692911.0
Madison Village,A,2024,1614182.0
Madison Village,A,2023,1560678.0
Madison Village,A,2022,1397020.0
Madison Village,A,2021,1309823.0
Madison Village,A,2020,1188637.0
Madison Village,A,2019,1162008.0
Madison Village,A,2018,1069885.0
Madison Village,A,2017,990937.0
Madison Village,A,2016,0.0
Maineville,,2025,756072.0
Maineville,,2024,628250.0
Maineville,,2023,453528.0
Maineville,,2022,520981.0
Maineville,,2021,510603.0
Maineville,,2020,495116.0
Maineville,,2019,445229.0
Maineville,,2018,353469.0
Maineville,,2017,412143.0
Maineville,,2016,392683.0
Malinta,A,2025,89721.0
Malinta,A,2024,77609.0
Malinta,A,2023,78990.0
Malinta,A,2022,79356.0
Malinta,A,2021,0.0
Malinta,A,2020,0.0
Malinta,A,2019,0.0
Malinta,A,2018,0.0
Malinta,A,2017,0.0
Malinta,A,2016,0.0
Malvern,A,2025,306050.0
Malvern,A,2024,304693.0
Malvern,A,2023,290617.0
Malvern,A,2022,283616.0
Malvern,A,2021,242399.0
Malvern,A,2020,201160.0
Malvern,A,2019,194449.0
Malvern,A,2018,72961.0
Malvern,A,2017,0.0
Malvern,A,2016,0.0
Manchester,,2025,246853.0
Manchester,,2024,227293.0
Manchester,,2023,211478.0
Manchester,,2022,184386.0
Manchester,,2021,197390.0
Manchester,,2020,146991.0
Manchester,,2019,152010.0
Manchester,,2018,165472.0
Manchester,,2017,199630.0
Manchester,,2016,178603.0
Mantua Village,A,2025,1120313.0
Mantua Village,A,2024,1098426.0
Mantua Village,A,2023,1060846.0
Mantua Village,A,2022,872127.0
Mantua Village,A,2021,713211.0
Mantua Village,A,2020,703753.0
Mantua Village,A,2019,0.0
Mantua Village,A,2018,0.0
Mantua Village,A,2017,0.0
Mantua Village,A,2016,0.0
Maple Heights,,2025,8136972.0
Maple Heights,,2024,8326369.0
Maple Heights,,2023,8062664.0
Maple Heights,,2022,8022561.0
Maple Heights,,2021,7289881.0
Maple Heights,,2020,6598668.0
Maple Heights,,2019,6954512.0
Maple Heights,,2018,6838632.0
Maple Heights,,2017,7125561.0
Maple Heights,,2016,7197412.0
Marengo,,2025,112771.0
Marengo,,2024,147227.0
Marengo,,2023,132240.0
Marengo,,2022,108313.0
Marengo,,2021,97287.0
Marengo,,2020,87448.0
Marengo,,2019,66961.0
Marengo,,2018,58685.0
Marengo,,2017,39426.0
Marengo,,2016,170.0
Marengo-Bennington Twp Jedd,A,2025,348781.0
Marengo-Bennington Twp Jedd,A,2024,1829.0
Marengo-Bennington Twp Jedd,A,2023,0.0
Marengo-Bennington Twp Jedd,A,2022,0.0
Marengo-Bennington Twp Jedd,A,2021,0.0
Marengo-Bennington Twp Jedd,A,2020,0.0
Marengo-Bennington Twp Jedd,A,2019,0.0
Marengo-Bennington Twp Jedd,A,2018,0.0
Marengo-Bennington Twp Jedd,A,2017,0.0
Marengo-Bennington Twp Jedd,A,2016,0.0
Martins Ferry,,2025,1760453.0
Martins Ferry,,2024,1870909.0
Martins Ferry,,2023,1853099.0
Martins Ferry,,2022,1833517.0
Martins Ferry,,2021,1656851.0
Martins Ferry,,2020,1390797.0
Martins Ferry,,2019,1543326.0
Martins Ferry,,2018,1609588.0
Martins Ferry,,2017,1544042.0
Martins Ferry,,2016,1602297.0
Mayfield Heights,,2025,27036063.0
Mayfield Heights,,2024,28761719.0
Mayfield Heights,,2023,25819932.0
Mayfield Heights,,2022,23010967.0
Mayfield Heights,,2021,24278995.0
Mayfield Heights,,2020,19086852.0
Mayfield Heights,,2019,16871622.0
Mayfield Heights,,2018,16670998.0
Mayfield Heights,,2017,16106519.0
Mayfield Heights,,2016,15075730.0
Mayfield Village,,2025,10838184.0
Mayfield Village,,2024,10595037.0
Mayfield Village,,2023,10559294.0
Mayfield Village,,2022,9288671.0
Mayfield Village,,2021,19277584.0
Mayfield Village,,2020,20628337.0
Mayfield Village,,2019,20216671.0
Mayfield Village,,2018,19907647.0
Mayfield Village,,2017,19088362.0
Mayfield Village,,2016,16885077.0
McClure,,2025,133508.0
McClure,,2024,131423.0
McClure,,2023,144442.0
McClure,,2022,127223.0
McClure,,2021,130988.0
McClure,,2020,106024.0
McClure,,2019,107999.0
McClure,,2018,104927.0
McClure,,2017,108202.0
McClure,,2016,110538.0
McDonald,,2025,1239805.0
McDonald,,2024,1249115.0
McDonald,,2023,1279136.0
McDonald,,2022,1254237.0
McDonald,,2021,1049996.0
McDonald,,2020,901010.0
McDonald,,2019,1088728.0
McDonald,,2018,993345.0
McDonald,,2017,936694.0
McDonald,,2016,1066200.0
Mechanicsburg,,2025,659702.0
Mechanicsburg,,2024,660222.0
Mechanicsburg,,2023,710422.0
Mechanicsburg,,2022,650160.0
Mechanicsburg,,2021,530322.0
Mechanicsburg,,2020,482212.0
Mechanicsburg,,2019,482126.0
Mechanicsburg,,2018,420382.0
Mechanicsburg,,2017,414092.0
Mechanicsburg,,2016,411296.0
Medina,A,2025,21083691.0
Medina,A,2024,21079787.0
Medina,A,2023,20424770.0
Medina,A,2022,19574137.0
Medina,A,2021,17741856.0
Medina,A,2020,16147947.0
Medina,A,2019,16769019.0
Medina,A,2018,15083580.0
Medina,A,2017,0.0
Medina,A,2016,0.0
Medina Montville JEDD,A,2025,306948.0
Medina Montville JEDD,A,2024,295484.0
Medina Montville JEDD,A,2023,216556.0
Medina Montville JEDD,A,2022,223196.0
Medina Montville JEDD,A,2021,207699.0
Medina Montville JEDD,A,2020,210157.0
Medina Montville JEDD,A,2019,218096.0
Medina Montville JEDD,A,2018,179185.0
Medina Montville JEDD,A,2017,0.0
Medina Montville JEDD,A,2016,0.0
Melrose,,2025,23323.0
Melrose,,2024,35365.0
Melrose,,2023,25016.0
Melrose,,2022,28294.0
Melrose,,2021,28390.0
Melrose,,2020,24448.0
Melrose,,2019,27395.0
Melrose,,2018,24255.0
Melrose,,2017,26461.0
Melrose,,2016,25081.0
Mentor,,2025,63675675.0
Mentor,,2024,62625855.0
Mentor,,2023,56395302.0
Mentor,,2022,56559702.0
Mentor,,2021,54734811.0
Mentor,,2020,44589971.0
Mentor,,2019,44415004.0
Mentor,,2018,43541447.0
Mentor,,2017,42756754.0
Mentor,,2016,40722380.0
Metamora,,2025,352395.0
Metamora,,2024,333371.0
Metamora,,2023,304493.0
Metamora,,2022,270695.0
Metamora,,2021,390412.0
Metamora,,2020,307943.0
Metamora,,2019,311258.0
Metamora,,2018,262454.0
Metamora,,2017,319410.0
Metamora,,2016,288105.0
Middle Point,,2025,123949.0
Middle Point,,2024,109636.0
Middle Point,,2023,108868.0
Middle Point,,2022,105873.0
Middle Point,,2021,95118.0
Middle Point,,2020,86144.0
Middle Point,,2019,87263.0
Middle Point,,2018,73599.0
Middle Point,,2017,90940.0
Middle Point,,2016,104709.0
Middleburg Heights,,2025,25052495.0
Middleburg Heights,,2024,24384363.0
Middleburg Heights,,2023,24415924.0
Middleburg Heights,,2022,24953651.0
Middleburg Heights,,2021,23667203.0
Middleburg Heights,,2020,20353093.0
Middleburg Heights,,2019,21365807.0
Middleburg Heights,,2018,20521041.0
Middleburg Heights,,2017,19294655.0
Middleburg Heights,,2016,20147879.0
Middleport,,2025,355923.0
Middleport,,2024,361042.0
Middleport,,2023,344774.0
Middleport,,2022,304975.0
Middleport,,2021,351584.0
Middleport,,2020,288153.0
Middleport,,2019,333817.0
Middleport,,2018,300320.0
Middleport,,2017,264893.0
Middleport,,2016,258952.0
Midvale,A,2025,345242.0
Midvale,A,2024,341565.0
Midvale,A,2023,318230.0
Midvale,A,2022,326929.0
Midvale,A,2021,215900.0
Midvale,A,2020,192671.0
Midvale,A,2019,195008.0
Midvale,A,2018,215519.0
Midvale,A,2017,108374.0
Midvale,A,2016,0.0
Mifflin,E,2025,13498.0
Mifflin,E,2024,0.0
Mifflin,E,2023,-7392.0
Mifflin,E,2022,7936.0
Mifflin,E,2021,1925.0
Mifflin,E,2020,9008.0
Mifflin,E,2019,19722.0
Mifflin,E,2018,17288.0
Mifflin,E,2017,18704.0
Mifflin,E,2016,16328.0
Milan,,2025,927034.0
Milan,,2024,1014064.0
Milan,,2023,867232.0
Milan,,2022,845251.0
Milan,,2021,698528.0
Milan,,2020,584125.0
Milan,,2019,654160.0
Milan,,2018,602567.0
Milan,,2017,585180.0
Milan,,2016,525672.0
Milford,,2025,5871371.0
Milford,,2024,5280834.0
Milford,,2023,5731119.0
Milford,,2022,5020285.0
Milford,,2021,4509221.0
Milford,,2020,4054485.0
Milford,,2019,4049424.0
Milford,,2018,3643729.0
Milford,,2017,3702832.0
Milford,,2016,3620217.0
Milford Center,,2025,280219.0
Milford Center,,2024,270430.0
Milford Center,,2023,271405.0
Milford Center,,2022,225208.0
Milford Center,,2021,249625.0
Milford Center,,2020,217462.0
Milford Center,,2019,226186.0
Milford Center,,2018,214929.0
Milford Center,,2017,211231.0
Milford Center,,2016,213288.0
Milford Jedd,,2025,2045939.0
Milford Jedd,,2024,2144739.0
Milford Jedd,,2023,2482458.0
Milford Jedd,,2022,2990869.0
Milford Jedd,,2021,1714213.0
Milford Jedd,,2020,948880.0
Milford Jedd,,2019,947175.0
Milford Jedd,,2018,928442.0
Milford Jedd,,2017,752960.0
Milford Jedd,,2016,798318.0
Milford Jedd II,,2025,265059.0
Milford Jedd II,,2024,178124.0
Milford Jedd II,,2023,236007.0
Milford Jedd II,,2022,182321.0
Milford Jedd II,,2021,175414.0
Milford Jedd II,,2020,141306.0
Milford Jedd II,,2019,141384.0
Milford Jedd II,,2018,133342.0
Milford Jedd II,,2017,119258.0
Milford Jedd II,,2016,142191.0
Milford Jedd III,,2025,-82.0
Milford Jedd III,,2024,1361.0
Milford Jedd III,,2023,178.0
Milford Jedd III,,2022,414.0
Milford Jedd III,,2021,106.0
Milford Jedd III,,2020,194.0
Milford Jedd III,,2019,1165.0
Milford Jedd III,,2018,248.0
Milford Jedd III,,2017,752.0
Milford Jedd III,,2016,545.0
Milford Jedd IV,,2025,14306.0
Milford Jedd IV,,2024,12093.0
Milford Jedd IV,,2023,9910.0
Milford Jedd IV,,2022,9313.0
Milford Jedd IV,,2021,7647.0
Milford Jedd IV,,2020,6327.0
Milford Jedd IV,,2019,8207.0
Milford Jedd IV,,2018,1562.0
Milford Jedd IV,,2017,1832.0
Milford Jedd IV,,2016,3780.0
Milford Jedd V,A,2025,120600.0
Milford Jedd V,A,2024,113969.0
Milford Jedd V,A,2023,118572.0
Milford Jedd V,A,2022,118443.0
Milford Jedd V,A,2021,117174.0
Milford Jedd V,A,2020,115436.0
Milford Jedd V,A,2019,112480.0
Milford Jedd V,A,2018,43041.0
Milford Jedd V,A,2017,0.0
Milford Jedd V,A,2016,0.0
Milford Jedd VI,A,2025,48952.0
Milford Jedd VI,A,2024,45844.0
Milford Jedd VI,A,2023,42626.0
Milford Jedd VI,A,2022,55385.0
Milford Jedd VI,A,2021,37430.0
Milford Jedd VI,A,2020,19931.0
Milford Jedd VI,A,2019,441.0
Milford Jedd VI,A,2018,0.0
Milford Jedd VI,A,2017,0.0
Milford Jedd VI,A,2016,0.0
Milford Jedd VII,A,2025,162970.0
Milford Jedd VII,A,2024,170110.0
Milford Jedd VII,A,2023,122145.0
Milford Jedd VII,A,2022,130603.0
Milford Jedd VII,A,2021,2054.0
Milford Jedd VII,A,2020,0.0
Milford Jedd VII,A,2019,0.0
Milford Jedd VII,A,2018,0.0
Milford Jedd VII,A,2017,0.0
Milford Jedd VII,A,2016,0.0
Milford Jedd VIII,A,2025,1833.0
Milford Jedd VIII,A,2024,0.0
Milford Jedd VIII,A,2023,0.0
Milford Jedd VIII,A,2022,0.0
Milford Jedd VIII,A,2021,0.0
Milford Jedd VIII,A,2020,0.0
Milford Jedd VIII,A,2019,0.0
Milford Jedd VIII,A,2018,0.0
Milford Jedd VIII,A,2017,0.0
Milford Jedd VIII,A,2016,0.0
Millbury,A,2025,411587.0
Millbury,A,2024,526325.0
Millbury,A,2023,0.0
Millbury,A,2022,0.0
Millbury,A,2021,0.0
Millbury,A,2020,0.0
Millbury,A,2019,0.0
Millbury,A,2018,0.0
Millbury,A,2017,0.0
Millbury,A,2016,0.0
Miller City,,2025,213274.0
Miller City,,2024,295897.0
Miller City,,2023,66388.0
Miller City,,2022,61123.0
Miller City,,2021,55887.0
Miller City,,2020,48638.0
Miller City,,2019,45517.0
Miller City,,2018,45829.0
Miller City,,2017,46751.0
Miller City,,2016,52201.0
Millersport,,2025,411831.0
Millersport,,2024,364082.0
Millersport,,2023,396021.0
Millersport,,2022,387417.0
Millersport,,2021,385650.0
Millersport,,2020,309679.0
Millersport,,2019,338362.0
Millersport,,2018,238743.0
Millersport,,2017,206367.0
Millersport,,2016,49059.0
Millville,A,2025,5512.0
Millville,A,2024,0.0
Millville,A,2023,0.0
Millville,A,2022,0.0
Millville,A,2021,0.0
Millville,A,2020,0.0
Millville,A,2019,0.0
Millville,A,2018,0.0
Millville,A,2017,0.0
Millville,A,2016,0.0
Mineral City,,2025,82462.0
Mineral City,,2024,78993.0
Mineral City,,2023,72882.0
Mineral City,,2022,64542.0
Mineral City,,2021,68989.0
Mineral City,,2020,53637.0
Mineral City,,2019,65619.0
Mineral City,,2018,54320.0
Mineral City,,2017,56466.0
Mineral City,,2016,57528.0
Minerva,A,2025,3032973.0
Minerva,A,2024,2849002.0
Minerva,A,2023,2785312.0
Minerva,A,2022,1291350.0
Minerva,A,2021,0.0
Minerva,A,2020,0.0
Minerva,A,2019,0.0
Minerva,A,2018,0.0
Minerva,A,2017,0.0
Minerva,A,2016,0.0
Minerva Park,,2025,2408411.0
Minerva Park,,2024,2310152.0
Minerva Park,,2023,2037605.0
Minerva Park,,2022,1881316.0
Minerva Park,,2021,1731997.0
Minerva Park,,2020,1367257.0
Minerva Park,,2019,1225457.0
Minerva Park,,2018,979131.0
Minerva Park,,2017,954734.0
Minerva Park,,2016,941165.0
Mingo Junction,,2025,1560609.0
Mingo Junction,,2024,1152394.0
Mingo Junction,,2023,1609586.0
Mingo Junction,,2022,2169726.0
Mingo Junction,,2021,1264934.0
Mingo Junction,,2020,1189239.0
Mingo Junction,,2019,1390231.0
Mingo Junction,,2018,1056769.0
Mingo Junction,,2017,975093.0
Mingo Junction,,2016,837861.0
Mogadore,,2025,4098234.0
Mogadore,,2024,4319335.0
Mogadore,,2023,4159317.0
Mogadore,,2022,4328894.0
Mogadore,,2021,3825461.0
Mogadore,,2020,3488781.0
Mogadore,,2019,3213938.0
Mogadore,,2018,3224044.0
Mogadore,,2017,3069863.0
Mogadore,,2016,3116950.0
Monroeville,A,2025,771729.0
Monroeville,A,2024,1103344.0
Monroeville,A,2023,737520.0
Monroeville,A,2022,635812.0
Monroeville,A,2021,678787.0
Monroeville,A,2020,0.0
Monroeville,A,2019,0.0
Monroeville,A,2018,0.0
Monroeville,A,2017,0.0
Monroeville,A,2016,0.0
Montgomery,A,2025,11947512.0
Montgomery,A,2024,12233666.0
Montgomery,A,2023,2621383.0
Montgomery,A,2022,0.0
Montgomery,A,2021,0.0
Montgomery,A,2020,0.0
Montgomery,A,2019,0.0
Montgomery,A,2018,0.0
Montgomery,A,2017,0.0
Montgomery,A,2016,0.0
Moreland Hills,,2025,6260309.0
Moreland Hills,,2024,5229288.0
Moreland Hills,,2023,4523299.0
Moreland Hills,,2022,4819078.0
Moreland Hills,,2021,4339728.0
Moreland Hills,,2020,3974838.0
Moreland Hills,,2019,4036399.0
Moreland Hills,,2018,3565537.0
Moreland Hills,,2017,3596406.0
Moreland Hills,,2016,3778786.0
Morral,,2025,132348.0
Morral,,2024,126116.0
Morral,,2023,149598.0
Morral,,2022,143932.0
Morral,,2021,122484.0
Morral,,2020,92848.0
Morral,,2019,94641.0
Morral,,2018,90732.0
Morral,,2017,125110.0
Morral,,2016,99137.0
Moscow,F,2025,0.0
Moscow,F,2024,0.0
Moscow,F,2023,0.0
Moscow,F,2022,-52.0
Moscow,F,2021,-1015.0
Moscow,F,2020,12.0
Moscow,F,2019,-376.0
Moscow,F,2018,-15.0
Moscow,F,2017,-668.0
Moscow,F,2016,1513.0
Mount Sterling,,2025,863909.0
Mount Sterling,,2024,804348.0
Mount Sterling,,2023,802497.0
Mount Sterling,,2022,866201.0
Mount Sterling,,2021,699410.0
Mount Sterling,,2020,744376.0
Mount Sterling,,2019,819230.0
Mount Sterling,,2018,871880.0
Mount Sterling,,2017,738109.0
Mount Sterling,,2016,732550.0
Mount Victory,,2025,176425.0
Mount Victory,,2024,172102.0
Mount Victory,,2023,156917.0
Mount Victory,,2022,136105.0
Mount Victory,,2021,137900.0
Mount Victory,,2020,137885.0
Mount Victory,,2019,160739.0
Mount Victory,,2018,148382.0
Mount Victory,,2017,141176.0
Mount Victory,,2016,134961.0
Mt. Healthy,,2025,2645649.0
Mt. Healthy,,2024,2679554.0
Mt. Healthy,,2023,2559100.0
Mt. Healthy,,2022,2483704.0
Mt. Healthy,,2021,2353210.0
Mt. Healthy,,2020,2049284.0
Mt. Healthy,,2019,2052585.0
Mt. Healthy,,2018,1984203.0
Mt. Healthy,,2017,1935335.0
Mt. Healthy,,2016,2056333.0
Napoleon,A,2025,6055586.0
Napoleon,A,2024,6058615.0
Napoleon,A,2023,6115640.0
Napoleon,A,2022,2459805.0
Napoleon,A,2021,0.0
Napoleon,A,2020,0.0
Napoleon,A,2019,0.0
Napoleon,A,2018,0.0
Napoleon,A,2017,0.0
Napoleon,A,2016,0.0
Nashville,A,2025,29824.0
Nashville,A,2024,31212.0
Nashville,A,2023,22074.0
Nashville,A,2022,9268.0
Nashville,A,2021,0.0
Nashville,A,2020,0.0
Nashville,A,2019,0.0
Nashville,A,2018,0.0
Nashville,A,2017,0.0
Nashville,A,2016,0.0
Nelsonville,A,2025,2037916.0
Nelsonville,A,2024,1915266.0
Nelsonville,A,2023,1969195.0
Nelsonville,A,2022,0.0
Nelsonville,A,2021,0.0
Nelsonville,A,2020,0.0
Nelsonville,A,2019,0.0
Nelsonville,A,2018,0.0
Nelsonville,A,2017,0.0
Nelsonville,A,2016,0.0
New Albany,,2025,89297185.0
New Albany,,2024,68865685.0
New Albany,,2023,57344099.0
New Albany,,2022,46900930.0
New Albany,,2021,49489264.0
New Albany,,2020,38318097.0
New Albany,,2019,39601655.0
New Albany,,2018,35562205.0
New Albany,,2017,31035741.0
New Albany,,2016,30295972.0
New Bavaria,,2025,39428.0
New Bavaria,,2024,41595.0
New Bavaria,,2023,37460.0
New Bavaria,,2022,28420.0
New Bavaria,,2021,36048.0
New Bavaria,,2020,29400.0
New Bavaria,,2019,26407.0
New Bavaria,,2018,24930.0
New Bavaria,,2017,25297.0
New Bavaria,,2016,31686.0
New Bloomington,,2025,35281.0
New Bloomington,,2024,28827.0
New Bloomington,,2023,24415.0
New Bloomington,,2022,24296.0
New Bloomington,,2021,28031.0
New Bloomington,,2020,29043.0
New Bloomington,,2019,28972.0
New Bloomington,,2018,30587.0
New Bloomington,,2017,27356.0
New Bloomington,,2016,26255.0
New Boston,A,2025,931727.0
New Boston,A,2024,0.0
New Boston,A,2023,0.0
New Boston,A,2022,0.0
New Boston,A,2021,0.0
New Boston,A,2020,0.0
New Boston,A,2019,0.0
New Boston,A,2018,0.0
New Boston,A,2017,0.0
New Boston,A,2016,0.0
New Concord,A,2025,1642945.0
New Concord,A,2024,0.0
New Concord,A,2023,0.0
New Concord,A,2022,0.0
New Concord,A,2021,0.0
New Concord,A,2020,0.0
New Concord,A,2019,0.0
New Concord,A,2018,0.0
New Concord,A,2017,0.0
New Concord,A,2016,0.0
New Franklin,,2025,4855041.0
New Franklin,,2024,4445600.0
New Franklin,,2023,4223548.0
New Franklin,,2022,4020201.0
New Franklin,,2021,3586681.0
New Franklin,,2020,3008966.0
New Franklin,,2019,3109941.0
New Franklin,,2018,2859048.0
New Franklin,,2017,2143684.0
New Franklin,,2016,1334457.0
New Lebanon,A,2025,186356.0
New Lebanon,A,2024,0.0
New Lebanon,A,2023,0.0
New Lebanon,A,2022,0.0
New Lebanon,A,2021,0.0
New Lebanon,A,2020,0.0
New Lebanon,A,2019,0.0
New Lebanon,A,2018,0.0
New Lebanon,A,2017,0.0
New Lebanon,A,2016,0.0
New Richmond,,2025,846821.0
New Richmond,,2024,787707.0
New Richmond,,2023,779573.0
New Richmond,,2022,643777.0
New Richmond,,2021,692704.0
New Richmond,,2020,581870.0
New Richmond,,2019,607558.0
New Richmond,,2018,587732.0
New Richmond,,2017,533621.0
New Richmond,,2016,544602.0
New Riegel,,2025,121369.0
New Riegel,,2024,116966.0
New Riegel,,2023,105132.0
New Riegel,,2022,108131.0
New Riegel,,2021,94013.0
New Riegel,,2020,101119.0
New Riegel,,2019,103082.0
New Riegel,,2018,84850.0
New Riegel,,2017,96634.0
New Riegel,,2016,88232.0
New Washington,A,2025,519277.0
New Washington,A,2024,552412.0
New Washington,A,2023,499621.0
New Washington,A,2022,472539.0
New Washington,A,2021,439381.0
New Washington,A,2020,401312.0
New Washington,A,2019,408898.0
New Washington,A,2018,427653.0
New Washington,A,2017,0.0
New Washington,A,2016,0.0
New Waterford,,2025,221462.0
New Waterford,,2024,241322.0
New Waterford,,2023,240031.0
New Waterford,,2022,206507.0
New Waterford,,2021,204173.0
New Waterford,,2020,169713.0
New Waterford,,2019,192133.0
New Waterford,,2018,157499.0
New Waterford,,2017,165049.0
New Waterford,,2016,182421.0
Newburgh Heights,,2025,1293409.0
Newburgh Heights,,2024,1265287.0
Newburgh Heights,,2023,1173520.0
Newburgh Heights,,2022,1624339.0
Newburgh Heights,,2021,1185604.0
Newburgh Heights,,2020,898590.0
Newburgh Heights,,2019,861789.0
Newburgh Heights,,2018,938679.0
Newburgh Heights,,2017,962769.0
Newburgh Heights,,2016,792285.0
Newcomerstown,,2025,2203189.0
Newcomerstown,,2024,2435143.0
Newcomerstown,,2023,1976877.0
Newcomerstown,,2022,1870457.0
Newcomerstown,,2021,1968307.0
Newcomerstown,,2020,1687672.0
Newcomerstown,,2019,2164959.0
Newcomerstown,,2018,1837629.0
Newcomerstown,,2017,1971762.0
Newcomerstown,,2016,1888116.0
Newton Falls,A,2025,1112212.0
Newton Falls,A,2024,1051733.0
Newton Falls,A,2023,1122053.0
Newton Falls,A,2022,1031673.0
Newton Falls,A,2021,916605.0
Newton Falls,A,2020,769253.0
Newton Falls,A,2019,806496.0
Newton Falls,A,2018,752302.0
Newton Falls,A,2017,0.0
Newton Falls,A,2016,0.0
Newtonsville,D,2025,0.0
Newtonsville,D,2024,0.0
Newtonsville,D,2023,0.0
Newtonsville,D,2022,-72.0
Newtonsville,D,2021,7846.0
Newtonsville,D,2020,20563.0
Newtonsville,D,2019,30243.0
Newtonsville,D,2018,11154.0
Newtonsville,D,2017,1502.0
Newtonsville,D,2016,0.0
Newtown,,2025,2135635.0
Newtown,,2024,2147492.0
Newtown,,2023,2246065.0
Newtown,,2022,2240196.0
Newtown,,2021,1874380.0
Newtown,,2020,1650792.0
Newtown,,2019,1697881.0
Newtown,,2018,1704493.0
Newtown,,2017,1776542.0
Newtown,,2016,1757354.0
Ney,,2025,77009.0
Ney,,2024,66742.0
Ney,,2023,58724.0
Ney,,2022,61985.0
Ney,,2021,58579.0
Ney,,2020,51297.0
Ney,,2019,62786.0
Ney,,2018,41854.0
Ney,,2017,49070.0
Ney,,2016,29534.0
Niles,A,2025,13415855.0
Niles,A,2024,11747771.0
Niles,A,2023,12231392.0
Niles,A,2022,11876526.0
Niles,A,2021,9589876.0
Niles,A,2020,8412881.0
Niles,A,2019,9789089.0
Niles,A,2018,9906322.0
Niles,A,2017,0.0
Niles,A,2016,0.0
North Canton,,2025,11045972.0
North Canton,,2024,11183990.0
North Canton,,2023,10396489.0
North Canton,,2022,9506826.0
North Canton,,2021,8089958.0
North Canton,,2020,8608549.0
North Canton,,2019,7993722.0
North Canton,,2018,7895730.0
North Canton,,2017,8087736.0
North Canton,,2016,2920247.0
North College Hill,A,2025,3749414.0
North College Hill,A,2024,3628524.0
North College Hill,A,2023,3059500.0
North College Hill,A,2022,2926523.0
North College Hill,A,2021,2976055.0
North College Hill,A,2020,2696947.0
North College Hill,A,2019,2592564.0
North College Hill,A,2018,888866.0
North College Hill,A,2017,0.0
North College Hill,A,2016,0.0
North Hampton,A,2025,8533.0
North Hampton,A,2024,0.0
North Hampton,A,2023,0.0
North Hampton,A,2022,0.0
North Hampton,A,2021,0.0
North Hampton,A,2020,0.0
North Hampton,A,2019,0.0
North Hampton,A,2018,0.0
North Hampton,A,2017,0.0
North Hampton,A,2016,0.0
North Lewisburg,,2025,927953.0
North Lewisburg,,2024,873969.0
North Lewisburg,,2023,656371.0
North Lewisburg,,2022,395253.0
North Lewisburg,,2021,339948.0
North Lewisburg,,2020,322200.0
North Lewisburg,,2019,315033.0
North Lewisburg,,2018,310282.0
North Lewisburg,,2017,291775.0
North Lewisburg,,2016,258792.0
North Olmsted,,2025,19024965.0
North Olmsted,,2024,18314715.0
North Olmsted,,2023,18446077.0
North Olmsted,,2022,19376525.0
North Olmsted,,2021,17748803.0
North Olmsted,,2020,15124183.0
North Olmsted,,2019,15900370.0
North Olmsted,,2018,16005297.0
North Olmsted,,2017,15943254.0
North Olmsted,,2016,15036925.0
North Perry,I,2025,3832338.0
North Perry,I,2024,1089441.0
North Perry,I,2023,1273215.0
North Perry,I,2022,1035062.0
North Perry,I,2021,1127375.0
North Perry,I,2020,135.0
North Perry,I,2019,0.0
North Perry,I,2018,0.0
North Perry,I,2017,0.0
North Perry,I,2016,0.0
North Ridgeville,,2025,17776718.0
North Ridgeville,,2024,16925228.0
North Ridgeville,,2023,16793410.0
North Ridgeville,,2022,15378047.0
North Ridgeville,,2021,14092437.0
North Ridgeville,,2020,12364563.0
North Ridgeville,,2019,12620381.0
North Ridgeville,,2018,11515474.0
North Ridgeville,,2017,11043557.0
North Ridgeville,,2016,11017289.0
North Robinson,,2025,36198.0
North Robinson,,2024,43169.0
North Robinson,,2023,30538.0
North Robinson,,2022,28693.0
North Robinson,,2021,26033.0
North Robinson,,2020,22714.0
North Robinson,,2019,22906.0
North Robinson,,2018,20303.0
North Robinson,,2017,22913.0
North Robinson,,2016,24707.0
North Royalton,,2025,22952114.0
North Royalton,,2024,22485015.0
North Royalton,,2023,21681121.0
North Royalton,,2022,20932247.0
North Royalton,,2021,18102758.0
North Royalton,,2020,16242188.0
North Royalton,,2019,17083528.0
North Royalton,,2018,15392693.0
North Royalton,,2017,15903554.0
North Royalton,,2016,15372374.0
Northfield Village,A,2025,8083255.0
Northfield Village,A,2024,7400878.0
Northfield Village,A,2023,7507280.0
Northfield Village,A,2022,6192451.0
Northfield Village,A,2021,5434316.0
Northfield Village,A,2020,3595081.0
Northfield Village,A,2019,4286350.0
Northfield Village,A,2018,4528814.0
Northfield Village,A,2017,3745629.0
Northfield Village,A,2016,0.0
Northwood,A,2025,6306155.0
Northwood,A,2024,6269977.0
Northwood,A,2023,0.0
Northwood,A,2022,0.0
Northwood,A,2021,0.0
Northwood,A,2020,0.0
Northwood,A,2019,0.0
Northwood,A,2018,0.0
Northwood,A,2017,0.0
Northwood,A,2016,0.0
Norton,A,2025,7456057.0
Norton,A,2024,7156317.0
Norton,A,2023,7261236.0
Norton,A,2022,6995391.0
Norton,A,2021,6513490.0
Norton,A,2020,0.0
Norton,A,2019,0.0
Norton,A,2018,0.0
Norton,A,2017,0.0
Norton,A,2016,0.0
Norton Barberton JEDZ,A,2025,1945021.0
Norton Barberton JEDZ,A,2024,1786822.0
Norton Barberton JEDZ,A,2023,1642385.0
Norton Barberton JEDZ,A,2022,1874030.0
Norton Barberton JEDZ,A,2021,1095978.0
Norton Barberton JEDZ,A,2020,0.0
Norton Barberton JEDZ,A,2019,0.0
Norton Barberton JEDZ,A,2018,0.0
Norton Barberton JEDZ,A,2017,0.0
Norton Barberton JEDZ,A,2016,0.0
Norwalk,A,2025,9920273.0
Norwalk,A,2024,9282772.0
Norwalk,A,2023,9595103.0
Norwalk,A,2022,9144604.0
Norwalk,A,2021,8314288.0
Norwalk,A,2020,7414225.0
Norwalk,A,2019,7594296.0
Norwalk,A,2018,7256241.0
Norwalk,A,2017,7130165.0
Norwalk,A,2016,0.0
Oak Harbor,A,2025,1598578.0
Oak Harbor,A,2024,1083672.0
Oak Harbor,A,2023,1038884.0
Oak Harbor,A,2022,929758.0
Oak Harbor,A,2021,894406.0
Oak Harbor,A,2020,838801.0
Oak Harbor,A,2019,0.0
Oak Harbor,A,2018,0.0
Oak Harbor,A,2017,0.0
Oak Harbor,A,2016,0.0
Oak Hill,,2025,262667.0
Oak Hill,,2024,158642.0
Oak Hill,,2023,182430.0
Oak Hill,,2022,162332.0
Oak Hill,,2021,168918.0
Oak Hill,,2020,273479.0
Oak Hill,,2019,159140.0
Oak Hill,,2018,141577.0
Oak Hill,,2017,136933.0
Oak Hill,,2016,119001.0
Oakwood Village,,2025,9439013.0
Oakwood Village,,2024,7775792.0
Oakwood Village,,2023,7960466.0
Oakwood Village,,2022,7666800.0
Oakwood Village,,2021,6564932.0
Oakwood Village,,2020,6573732.0
Oakwood Village,,2019,7171640.0
Oakwood Village,,2018,6903802.0
Oakwood Village,,2017,6879370.0
Oakwood Village,,2016,6571346.0
Oberlin,,2025,9615965.0
Oberlin,,2024,9439915.0
Oberlin,,2023,9455648.0
Oberlin,,2022,8881543.0
Oberlin,,2021,7736047.0
Oberlin,,2020,7393141.0
Oberlin,,2019,7650915.0
Oberlin,,2018,8353551.0
Oberlin,,2017,8166929.0
Oberlin,,2016,7206034.0
Octa,A,2025,66221.0
Octa,A,2024,58208.0
Octa,A,2023,39015.0
Octa,A,2022,0.0
Octa,A,2021,0.0
Octa,A,2020,0.0
Octa,A,2019,0.0
Octa,A,2018,0.0
Octa,A,2017,0.0
Octa,A,2016,0.0
Olmsted Falls,,2025,4523604.0
Olmsted Falls,,2024,4385090.0
Olmsted Falls,,2023,4295184.0
Olmsted Falls,,2022,4285130.0
Olmsted Falls,,2021,3642994.0
Olmsted Falls,,2020,3129132.0
Olmsted Falls,,2019,3203370.0
Olmsted Falls,,2018,3156972.0
Olmsted Falls,,2017,3115368.0
Olmsted Falls,,2016,3313431.0
Orange,,2025,7541084.0
Orange,,2024,6742589.0
Orange,,2023,7070398.0
Orange,,2022,6724275.0
Orange,,2021,5981430.0
Orange,,2020,5207022.0
Orange,,2019,5538609.0
Orange,,2018,3695089.0
Orange,,2017,3603511.0
Orange,,2016,3552864.0
Orange Chagrin Highland Jedd,,2025,768872.0
Orange Chagrin Highland Jedd,,2024,656661.0
Orange Chagrin Highland Jedd,,2023,652152.0
Orange Chagrin Highland Jedd,,2022,671040.0
Orange Chagrin Highland Jedd,,2021,588125.0
Orange Chagrin Highland Jedd,,2020,546156.0
Orange Chagrin Highland Jedd,,2019,624251.0
Orange Chagrin Highland Jedd,,2018,528615.0
Orange Chagrin Highland Jedd,,2017,512711.0
Orange Chagrin Highland Jedd,,2016,502954.0
Orange Township JEDD,H,2025,114690.0
Orange Township JEDD,H,2024,0.0
Orange Township JEDD,H,2023,0.0
Orange Township JEDD,H,2022,0.0
Orange Township JEDD,H,2021,0.0
Orange Township JEDD,H,2020,0.0
Orange Township JEDD,H,2019,0.0
Orange Township JEDD,H,2018,0.0
Orange Township JEDD,H,2017,0.0
Orange Township JEDD,H,2016,0.0
Orrville,A,2025,5702518.0
Orrville,A,2024,6294834.0
Orrville,A,2023,6629892.0
Orrville,A,2022,5162935.0
Orrville,A,2021,0.0
Orrville,A,2020,0.0
Orrville,A,2019,0.0
Orrville,A,2018,0.0
Orrville,A,2017,0.0
Orrville,A,2016,0.0
Ostrander,A,2025,369826.0
Ostrander,A,2024,328282.0
Ostrander,A,2023,306643.0
Ostrander,A,2022,260614.0
Ostrander,A,2021,208005.0
Ostrander,A,2020,171352.0
Ostrander,A,2019,160474.0
Ostrander,A,2018,165220.0
Ostrander,A,2017,76582.0
Ostrander,A,2016,0.0
Ottawa,,2025,3103787.0
Ottawa,,2024,2817095.0
Ottawa,,2023,2706295.0
Ottawa,,2022,2676048.0
Ottawa,,2021,2387389.0
Ottawa,,2020,2078065.0
Ottawa,,2019,2052711.0
Ottawa,,2018,2015927.0
Ottawa,,2017,1967542.0
Ottawa,,2016,1944126.0
Ottawa Hills,A,2025,4417746.0
Ottawa Hills,A,2024,4378787.0
Ottawa Hills,A,2023,0.0
Ottawa Hills,A,2022,0.0
Ottawa Hills,A,2021,0.0
Ottawa Hills,A,2020,0.0
Ottawa Hills,A,2019,0.0
Ottawa Hills,A,2018,0.0
Ottawa Hills,A,2017,0.0
Ottawa Hills,A,2016,0.0
Owensville,,2025,170130.0
Owensville,,2024,157881.0
Owensville,,2023,153427.0
Owensville,,2022,151152.0
Owensville,,2021,143401.0
Owensville,,2020,112344.0
Owensville,,2019,146301.0
Owensville,,2018,136718.0
Owensville,,2017,140750.0
Owensville,,2016,136524.0
Oxford,,2025,11743299.0
Oxford,,2024,11121230.0
Oxford,,2023,10926284.0
Oxford,,2022,10597077.0
Oxford,,2021,9763931.0
Oxford,,2020,9414422.0
Oxford,,2019,10273863.0
Oxford,,2018,10298591.0
Oxford,,2017,9924157.0
Oxford,,2016,9606607.0
Painesville,,2025,11341279.0
Painesville,,2024,12441391.0
Painesville,,2023,11264380.0
Painesville,,2022,10537538.0
Painesville,,2021,9278712.0
Painesville,,2020,8598780.0
Painesville,,2019,8427250.0
Painesville,,2018,8219055.0
Painesville,,2017,8461171.0
Painesville,,2016,8382909.0
Painesville Concord Jedd,,2025,2024493.0
Painesville Concord Jedd,,2024,1290901.0
Painesville Concord Jedd,,2023,1244993.0
Painesville Concord Jedd,,2022,1237901.0
Painesville Concord Jedd,,2021,1159895.0
Painesville Concord Jedd,,2020,1057706.0
Painesville Concord Jedd,,2019,1145340.0
Painesville Concord Jedd,,2018,1107424.0
Painesville Concord Jedd,,2017,1002522.0
Painesville Concord Jedd,,2016,937665.0
Parma Heights,A,2025,12300482.0
Parma Heights,A,2024,11873848.0
Parma Heights,A,2023,11549867.0
Parma Heights,A,2022,10453785.0
Parma Heights,A,2021,9155533.0
Parma Heights,A,2020,0.0
Parma Heights,A,2019,0.0
Parma Heights,A,2018,0.0
Parma Heights,A,2017,0.0
Parma Heights,A,2016,0.0
Pataskala,,2025,10179665.0
Pataskala,,2024,8878890.0
Pataskala,,2023,8191597.0
Pataskala,,2022,7535499.0
Pataskala,,2021,6749382.0
Pataskala,,2020,5971511.0
Pataskala,,2019,5726979.0
Pataskala,,2018,5566153.0
Pataskala,,2017,5332074.0
Pataskala,,2016,5071968.0
Patterson,,2025,5820.0
Patterson,,2024,5262.0
Patterson,,2023,4995.0
Patterson,,2022,6126.0
Patterson,,2021,18146.0
Patterson,,2020,6065.0
Patterson,,2019,10374.0
Patterson,,2018,14295.0
Patterson,,2017,9652.0
Patterson,,2016,13424.0
Payne,A,2025,427040.0
Payne,A,2024,421087.0
Payne,A,2023,376697.0
Payne,A,2022,414269.0
Payne,A,2021,355962.0
Payne,A,2020,344388.0
Payne,A,2019,292963.0
Payne,A,2018,33095.0
Payne,A,2017,0.0
Payne,A,2016,0.0
Peninsula,,2025,662346.0
Peninsula,,2024,710324.0
Peninsula,,2023,725283.0
Peninsula,,2022,607983.0
Peninsula,,2021,583716.0
Peninsula,,2020,399220.0
Peninsula,,2019,395435.0
Peninsula,,2018,402394.0
Peninsula,,2017,456162.0
Peninsula,,2016,439076.0
Pepper Pike,,2025,8687070.0
Pepper Pike,,2024,8043939.0
Pepper Pike,,2023,8790736.0
Pepper Pike,,2022,8710720.0
Pepper Pike,,2021,8600562.0
Pepper Pike,,2020,6931669.0
Pepper Pike,,2019,6411848.0
Pepper Pike,,2018,6305477.0
Pepper Pike,,2017,5922518.0
Pepper Pike,,2016,5772954.0
Perry,,2025,1248631.0
Perry,,2024,1178369.0
Perry,,2023,1101860.0
Perry,,2022,1093544.0
Perry,,2021,860471.0
Perry,,2020,798158.0
Perry,,2019,759656.0
Perry,,2018,722318.0
Perry,,2017,809606.0
Perry,,2016,806136.0
Perry Jedd,,2025,369869.0
Perry Jedd,,2024,569403.0
Perry Jedd,,2023,457245.0
Perry Jedd,,2022,305110.0
Perry Jedd,,2021,275128.0
Perry Jedd,,2020,269386.0
Perry Jedd,,2019,266560.0
Perry Jedd,,2018,250477.0
Perry Jedd,,2017,272139.0
Perry Jedd,,2016,391756.0
Piketon,,2025,1049165.0
Piketon,,2024,921226.0
Piketon,,2023,902043.0
Piketon,,2022,752042.0
Piketon,,2021,775558.0
Piketon,,2020,648160.0
Piketon,,2019,673641.0
Piketon,,2018,672904.0
Piketon,,2017,626448.0
Piketon,,2016,537195.0
Piqua,A,2025,13958623.0
Piqua,A,2024,14156942.0
Piqua,A,2023,14965066.0
Piqua,A,2022,2921924.0
Piqua,A,2021,0.0
Piqua,A,2020,0.0
Piqua,A,2019,0.0
Piqua,A,2018,0.0
Piqua,A,2017,0.0
Piqua,A,2016,0.0
Plain City,B,2025,0.0
Plain City,B,2024,0.0
Plain City,B,2023,0.0
Plain City,B,2022,0.0
Plain City,B,2021,0.0
Plain City,B,2020,0.0
Plain City,B,2019,2274014.0
Plain City,B,2018,2151500.0
Plain City,B,2017,2027448.0
Plain City,B,2016,1637370.0
Pleasant Hill,,2025,444534.0
Pleasant Hill,,2024,399762.0
Pleasant Hill,,2023,293211.0
Pleasant Hill,,2022,273862.0
Pleasant Hill,,2021,272996.0
Pleasant Hill,,2020,258169.0
Pleasant Hill,,2019,249421.0
Pleasant Hill,,2018,226153.0
Pleasant Hill,,2017,243304.0
Pleasant Hill,,2016,254543.0
Pleasantville,,2025,182305.0
Pleasantville,,2024,166388.0
Pleasantville,,2023,152146.0
Pleasantville,,2022,141668.0
Pleasantville,,2021,135070.0
Pleasantville,,2020,144497.0
Pleasantville,,2019,117030.0
Pleasantville,,2018,112781.0
Pleasantville,,2017,103253.0
Pleasantville,,2016,95959.0
Pomeroy,A,2025,459138.0
Pomeroy,A,2024,425615.0
Pomeroy,A,2023,433723.0
Pomeroy,A,2022,432164.0
Pomeroy,A,2021,415479.0
Pomeroy,A,2020,367633.0
Pomeroy,A,2019,131091.0
Pomeroy,A,2018,0.0
Pomeroy,A,2017,0.0
Pomeroy,A,2016,0.0
Portage,,2025,174119.0
Portage,,2024,172713.0
Portage,,2023,148271.0
Portage,,2022,143408.0
Portage,,2021,134654.0
Portage,,2020,129878.0
Portage,,2019,103092.0
Portage,,2018,104883.0
Portage,,2017,117131.0
Portage,,2016,117753.0
Powell,,2025,17357431.0
Powell,,2024,16774446.0
Powell,,2023,16686217.0
Powell,,2022,14314520.0
Powell,,2021,7671963.0
Powell,,2020,6323261.0
Powell,,2019,6331200.0
Powell,,2018,5763990.0
Powell,,2017,5997124.0
Powell,,2016,6062410.0
Powhatan Point,,2025,295678.0
Powhatan Point,,2024,253221.0
Powhatan Point,,2023,268754.0
Powhatan Point,,2022,248416.0
Powhatan Point,,2021,252008.0
Powhatan Point,,2020,254061.0
Powhatan Point,,2019,309001.0
Powhatan Point,,2018,314978.0
Powhatan Point,,2017,272298.0
Powhatan Point,,2016,275515.0
Quincy,,2025,115057.0
Quincy,,2024,96921.0
Quincy,,2023,102913.0
Quincy,,2022,86838.0
Quincy,,2021,96250.0
Quincy,,2020,104950.0
Quincy,,2019,86473.0
Quincy,,2018,67228.0
Quincy,,2017,65887.0
Quincy,,2016,66103.0
Ravenna,,2025,13541801.0
Ravenna,,2024,13261642.0
Ravenna,,2023,12883858.0
Ravenna,,2022,11770472.0
Ravenna,,2021,11055633.0
Ravenna,,2020,9931429.0
Ravenna,,2019,10540629.0
Ravenna,,2018,10423552.0
Ravenna,,2017,9968800.0
Ravenna,,2016,9479995.0
Ravenna-Rootstown Twp Jedd,A,2025,992755.0
Ravenna-Rootstown Twp Jedd,A,2024,780627.0
Ravenna-Rootstown Twp Jedd,A,2023,0.0
Ravenna-Rootstown Twp Jedd,A,2022,0.0
Ravenna-Rootstown Twp Jedd,A,2021,0.0
Ravenna-Rootstown Twp Jedd,A,2020,0.0
Ravenna-Rootstown Twp Jedd,A,2019,0.0
Ravenna-Rootstown Twp Jedd,A,2018,0.0
Ravenna-Rootstown Twp Jedd,A,2017,0.0
Ravenna-Rootstown Twp Jedd,A,2016,0.0
Reminderville,,2025,3646174.0
Reminderville,,2024,3720763.0
Reminderville,,2023,3287809.0
Reminderville,,2022,3271890.0
Reminderville,,2021,2979959.0
Reminderville,,2020,2769854.0
Reminderville,,2019,2674472.0
Reminderville,,2018,2458579.0
Reminderville,,2017,2295539.0
Reminderville,,2016,2210559.0
Reminderville Twinsburg Twp Jedd,,2025,4542798.0
Reminderville Twinsburg Twp Jedd,,2024,4127619.0
Reminderville Twinsburg Twp Jedd,,2023,3958745.0
Reminderville Twinsburg Twp Jedd,,2022,4154195.0
Reminderville Twinsburg Twp Jedd,,2021,3346700.0
Reminderville Twinsburg Twp Jedd,,2020,2931745.0
Reminderville Twinsburg Twp Jedd,,2019,3534182.0
Reminderville Twinsburg Twp Jedd,,2018,3654450.0
Reminderville Twinsburg Twp Jedd,,2017,3448891.0
Reminderville Twinsburg Twp Jedd,,2016,3099174.0
Reynoldsburg Entp Zone,D,2025,0.0
Reynoldsburg Entp Zone,D,2024,0.0
Reynoldsburg Entp Zone,D,2023,0.0
Reynoldsburg Entp Zone,D,2022,-3066.0
Reynoldsburg Entp Zone,D,2021,1988.0
Reynoldsburg Entp Zone,D,2020,1012.0
Reynoldsburg Entp Zone,D,2019,-104.0
Reynoldsburg Entp Zone,D,2018,1025.0
Reynoldsburg Entp Zone,D,2017,-682.0
Reynoldsburg Entp Zone,D,2016,-2363.0
Reynoldsburg,,2025,31089937.0
Reynoldsburg,,2024,30109266.0
Reynoldsburg,,2023,29658215.0
Reynoldsburg,,2022,30961204.0
Reynoldsburg,,2021,33069154.0
Reynoldsburg,,2020,25909870.0
Reynoldsburg,,2019,26794282.0
Reynoldsburg,,2018,24329009.0
Reynoldsburg,,2017,19311594.0
Reynoldsburg,,2016,15273589.0
Richmond Heights,,2025,9250370.0
Richmond Heights,,2024,8418133.0
Richmond Heights,,2023,8105032.0
Richmond Heights,,2022,8280790.0
Richmond Heights,,2021,7835833.0
Richmond Heights,,2020,7093193.0
Richmond Heights,,2019,7234185.0
Richmond Heights,,2018,7053247.0
Richmond Heights,,2017,6213206.0
Richmond Heights,,2016,6153628.0
Richwood,,2025,860652.0
Richwood,,2024,829278.0
Richwood,,2023,848382.0
Richwood,,2022,711480.0
Richwood,,2021,628326.0
Richwood,,2020,601768.0
Richwood,,2019,611030.0
Richwood,,2018,580859.0
Richwood,,2017,569107.0
Richwood,,2016,553968.0
Ridgeway,,2025,75210.0
Ridgeway,,2024,38987.0
Ridgeway,,2023,36133.0
Ridgeway,,2022,27213.0
Ridgeway,,2021,29763.0
Ridgeway,,2020,28577.0
Ridgeway,,2019,32005.0
Ridgeway,,2018,30122.0
Ridgeway,,2017,24502.0
Ridgeway,,2016,26831.0
Rio Grande,,2025,366600.0
Rio Grande,,2024,348819.0
Rio Grande,,2023,365097.0
Rio Grande,,2022,359088.0
Rio Grande,,2021,347241.0
Rio Grande,,2020,286426.0
Rio Grande,,2019,321837.0
Rio Grande,,2018,319661.0
Rio Grande,,2017,342976.0
Rio Grande,,2016,309526.0
Ripley,,2025,323134.0
Ripley,,2024,368430.0
Ripley,,2023,265840.0
Ripley,,2022,284416.0
Ripley,,2021,243828.0
Ripley,,2020,237086.0
Ripley,,2019,248345.0
Ripley,,2018,252976.0
Ripley,,2017,239334.0
Ripley,,2016,227924.0
Risingsun,A,2025,104485.0
Risingsun,A,2024,96124.0
Risingsun,A,2023,74901.0
Risingsun,A,2022,69198.0
Risingsun,A,2021,72181.0
Risingsun,A,2020,25321.0
Risingsun,A,2019,0.0
Risingsun,A,2018,0.0
Risingsun,A,2017,0.0
Risingsun,A,2016,0.0
Rittman,A,2025,2995378.0
Rittman,A,2024,2443880.0
Rittman,A,2023,1190370.0
Rittman,A,2022,2605027.0
Rittman,A,2021,919546.0
Rittman,A,2020,0.0
Rittman,A,2019,0.0
Rittman,A,2018,0.0
Rittman,A,2017,0.0
Rittman,A,2016,0.0
Riverside,J,2025,0.0
Riverside,J,2024,0.0
Riverside,J,2023,0.0
Riverside,J,2022,0.0
Riverside,J,2021,0.0
Riverside,J,2020,66829.0
Riverside,J,2019,6077229.0
Riverside,J,2018,6059372.0
Riverside,J,2017,5817646.0
Riverside,J,2016,5711549.0
Rocky River,,2025,23780096.0
Rocky River,,2024,22833692.0
Rocky River,,2023,21689041.0
Rocky River,,2022,21198908.0
Rocky River,,2021,17832262.0
Rocky River,,2020,15201619.0
Rocky River,,2019,16279232.0
Rocky River,,2018,14736014.0
Rocky River,,2017,15161028.0
Rocky River,,2016,13625428.0
Rossford,,2025,9858440.0
Rossford,,2024,9681679.0
Rossford,,2023,8937845.0
Rossford,,2022,8880026.0
Rossford,,2021,8125970.0
Rossford,,2020,4746318.0
Rossford,,2019,4676615.0
Rossford,,2018,4092349.0
Rossford,,2017,4148239.0
Rossford,,2016,4169802.0
Rush Township Uhrichsville Jedd,,2025,175.0
Rush Township Uhrichsville Jedd,,2024,43.0
Rush Township Uhrichsville Jedd,,2023,-43.0
Rush Township Uhrichsville Jedd,,2022,1.0
Rush Township Uhrichsville Jedd,,2021,165.0
Rush Township Uhrichsville Jedd,,2020,4.0
Rush Township Uhrichsville Jedd,,2019,75.0
Rush Township Uhrichsville Jedd,,2018,-1.0
Rush Township Uhrichsville Jedd,,2017,0.0
Rush Township Uhrichsville Jedd,,2016,226.0
Rushville,A,2025,30832.0
Rushville,A,2024,0.0
Rushville,A,2023,0.0
Rushville,A,2022,0.0
Rushville,A,2021,0.0
Rushville,A,2020,0.0
Rushville,A,2019,0.0
Rushville,A,2018,0.0
Rushville,A,2017,0.0
Rushville,A,2016,0.0
Rutland,A,2025,42285.0
Rutland,A,2024,40883.0
Rutland,A,2023,23177.0
Rutland,A,2022,0.0
Rutland,A,2021,0.0
Rutland,A,2020,0.0
Rutland,A,2019,0.0
Rutland,A,2018,0.0
Rutland,A,2017,0.0
Rutland,A,2016,0.0
Sabina,,2025,836861.0
Sabina,,2024,807655.0
Sabina,,2023,815453.0
Sabina,,2022,686836.0
Sabina,,2021,664628.0
Sabina,,2020,569136.0
Sabina,,2019,571711.0
Sabina,,2018,548782.0
Sabina,,2017,383832.0
Sabina,,2016,303489.0
Saint Clairsville,,2025,1614549.0
Saint Clairsville,,2024,1605619.0
Saint Clairsville,,2023,1608578.0
Saint Clairsville,,2022,1470678.0
Saint Clairsville,,2021,1384321.0
Saint Clairsville,,2020,1232192.0
Saint Clairsville,,2019,1380272.0
Saint Clairsville,,2018,1324945.0
Saint Clairsville,,2017,1278315.0
Saint Clairsville,,2016,1402141.0
Saint Paris,,2025,699054.0
Saint Paris,,2024,678474.0
Saint Paris,,2023,621673.0
Saint Paris,,2022,557072.0
Saint Paris,,2021,481693.0
Saint Paris,,2020,462896.0
Saint Paris,,2019,416202.0
Saint Paris,,2018,466252.0
Saint Paris,,2017,344515.0
Saint Paris,,2016,292346.0
Salem,A,2025,7466816.0
Salem,A,2024,7265922.0
Salem,A,2023,7260470.0
Salem,A,2022,6468886.0
Salem,A,2021,6763326.0
Salem,A,2020,0.0
Salem,A,2019,0.0
Salem,A,2018,0.0
Salem,A,2017,0.0
Salem,A,2016,0.0
Salineville,,2025,183530.0
Salineville,,2024,176665.0
Salineville,,2023,201493.0
Salineville,,2022,202469.0
Salineville,,2021,184296.0
Salineville,,2020,136615.0
Salineville,,2019,154204.0
Salineville,,2018,133528.0
Salineville,,2017,131789.0
Salineville,,2016,124567.0
Sandusky,,2025,13278782.0
Sandusky,,2024,15487270.0
Sandusky,,2023,15496084.0
Sandusky,,2022,14408535.0
Sandusky,,2021,13342583.0
Sandusky,,2020,10000487.0
Sandusky,,2019,12583797.0
Sandusky,,2018,12425155.0
Sandusky,,2017,12274793.0
Sandusky,,2016,11863555.0
Sardinia,,2025,284380.0
Sardinia,,2024,339900.0
Sardinia,,2023,319705.0
Sardinia,,2022,256646.0
Sardinia,,2021,215348.0
Sardinia,,2020,191614.0
Sardinia,,2019,183394.0
Sardinia,,2018,164017.0
Sardinia,,2017,156770.0
Sardinia,,2016,166555.0
Scioto Twp Jedd,,2025,1535641.0
Scioto Twp Jedd,,2024,1514384.0
Scioto Twp Jedd,,2023,1311618.0
Scioto Twp Jedd,,2022,1277520.0
Scioto Twp Jedd,,2021,1341026.0
Scioto Twp Jedd,,2020,1288141.0
Scioto Twp Jedd,,2019,1238407.0
Scioto Twp Jedd,,2018,1241533.0
Scioto Twp Jedd,,2017,1233952.0
Scioto Twp Jedd,,2016,1010919.0
Sebring,A,2025,2150917.0
Sebring,A,2024,2256877.0
Sebring,A,2023,2264272.0
Sebring,A,2022,1785578.0
Sebring,A,2021,1813865.0
Sebring,A,2020,1538534.0
Sebring,A,2019,1690844.0
Sebring,A,2018,1618595.0
Sebring,A,2017,0.0
Sebring,A,2016,0.0
Seven Hills,,2025,9812751.0
Seven Hills,,2024,9045155.0
Seven Hills,,2023,9092907.0
Seven Hills,,2022,9178596.0
Seven Hills,,2021,8831154.0
Seven Hills,,2020,8021320.0
Seven Hills,,2019,8098632.0
Seven Hills,,2018,7251339.0
Seven Hills,,2017,6594962.0
Seven Hills,,2016,6139126.0
Shaker Heights,,2025,44890687.0
Shaker Heights,,2024,42894847.0
Shaker Heights,,2023,41305979.0
Shaker Heights,,2022,40784629.0
Shaker Heights,,2021,39917373.0
Shaker Heights,,2020,34188098.0
Shaker Heights,,2019,35765929.0
Shaker Heights,,2018,32815250.0
Shaker Heights,,2017,34792210.0
Shaker Heights,,2016,33501334.0
Shalersville Twp JEDD,H,2025,134618.0
Shalersville Twp JEDD,H,2024,43717.0
Shalersville Twp JEDD,H,2023,49704.0
Shalersville Twp JEDD,H,2022,0.0
Shalersville Twp JEDD,H,2021,0.0
Shalersville Twp JEDD,H,2020,0.0
Shalersville Twp JEDD,H,2019,0.0
Shalersville Twp JEDD,H,2018,0.0
Shalersville Twp JEDD,H,2017,0.0
Shalersville Twp JEDD,H,2016,0.0
Sharon Twp JEDD,A,2025,189547.0
Sharon Twp JEDD,A,2024,157294.0
Sharon Twp JEDD,A,2023,132383.0
Sharon Twp JEDD,A,2022,146818.0
Sharon Twp JEDD,A,2021,4472.0
Sharon Twp JEDD,A,2020,0.0
Sharon Twp JEDD,A,2019,0.0
Sharon Twp JEDD,A,2018,0.0
Sharon Twp JEDD,A,2017,0.0
Sharon Twp JEDD,A,2016,0.0
Shawnee Hills,,2025,980064.0
Shawnee Hills,,2024,879734.0
Shawnee Hills,,2023,751672.0
Shawnee Hills,,2022,792222.0
Shawnee Hills,,2021,646354.0
Shawnee Hills,,2020,572882.0
Shawnee Hills,,2019,545865.0
Shawnee Hills,,2018,570232.0
Shawnee Hills,,2017,560434.0
Shawnee Hills,,2016,541140.0
Sheffield Lake,,2025,4503288.0
Sheffield Lake,,2024,4280034.0
Sheffield Lake,,2023,4325198.0
Sheffield Lake,,2022,3979196.0
Sheffield Lake,,2021,3723491.0
Sheffield Lake,,2020,3241474.0
Sheffield Lake,,2019,3587057.0
Sheffield Lake,,2018,3320825.0
Sheffield Lake,,2017,3359036.0
Sheffield Lake,,2016,3332265.0
Sheffield Village,,2025,6596973.0
Sheffield Village,,2024,7074616.0
Sheffield Village,,2023,5782627.0
Sheffield Village,,2022,5517751.0
Sheffield Village,,2021,4684478.0
Sheffield Village,,2020,4211383.0
Sheffield Village,,2019,4619904.0
Sheffield Village,,2018,4246742.0
Sheffield Village,,2017,4108519.0
Sheffield Village,,2016,3916158.0
Sherwood,G,2025,0.0
Sherwood,G,2024,0.0
Sherwood,G,2023,0.0
Sherwood,G,2022,0.0
Sherwood,G,2021,0.0
Sherwood,G,2020,0.0
Sherwood,G,2019,0.0
Sherwood,G,2018,84275.0
Sherwood,G,2017,81556.0
Sherwood,G,2016,89289.0
Silver Lake,,2025,1164466.0
Silver Lake,,2024,1263539.0
Silver Lake,,2023,1083735.0
Silver Lake,,2022,1175699.0
Silver Lake,,2021,915038.0
Silver Lake,,2020,811607.0
Silver Lake,,2019,679699.0
Silver Lake,,2018,660638.0
Silver Lake,,2017,671671.0
Silver Lake,,2016,623856.0
Silverton,,2025,2479301.0
Silverton,,2024,2489295.0
Silverton,,2023,2220957.0
Silverton,,2022,2075668.0
Silverton,,2021,2058377.0
Silverton,,2020,1889447.0
Silverton,,2019,1770285.0
Silverton,,2018,1812276.0
Silverton,,2017,1844003.0
Silverton,,2016,1889001.0
Smithfield,D,2025,0.0
Smithfield,D,2024,0.0
Smithfield,D,2023,0.0
Smithfield,D,2022,484.0
Smithfield,D,2021,7147.0
Smithfield,D,2020,50161.0
Smithfield,D,2019,59181.0
Smithfield,D,2018,46080.0
Smithfield,D,2017,24958.0
Smithfield,D,2016,0.0
Smithville,A,2025,888942.0
Smithville,A,2024,763687.0
Smithville,A,2023,758846.0
Smithville,A,2022,0.0
Smithville,A,2021,0.0
Smithville,A,2020,0.0
Smithville,A,2019,0.0
Smithville,A,2018,0.0
Smithville,A,2017,0.0
Smithville,A,2016,0.0
Solon,,2025,48941960.0
Solon,,2024,51265910.0
Solon,,2023,51111858.0
Solon,,2022,49472741.0
Solon,,2021,47463750.0
Solon,,2020,42901895.0
Solon,,2019,44414918.0
Solon,,2018,45255769.0
Solon,,2017,43301600.0
Solon,,2016,42665573.0
South Amherst,A,2025,410439.0
South Amherst,A,2024,365369.0
South Amherst,A,2023,362741.0
South Amherst,A,2022,45688.0
South Amherst,A,2021,0.0
South Amherst,A,2020,0.0
South Amherst,A,2019,0.0
South Amherst,A,2018,0.0
South Amherst,A,2017,0.0
South Amherst,A,2016,0.0
South Bloomfield,A,2025,1231417.0
South Bloomfield,A,2024,851279.0
South Bloomfield,A,2023,0.0
South Bloomfield,A,2022,0.0
South Bloomfield,A,2021,0.0
South Bloomfield,A,2020,0.0
South Bloomfield,A,2019,0.0
South Bloomfield,A,2018,0.0
South Bloomfield,A,2017,0.0
South Bloomfield,A,2016,0.0
South Charleston,,2025,1115525.0
South Charleston,,2024,957137.0
South Charleston,,2023,766904.0
South Charleston,,2022,748883.0
South Charleston,,2021,839422.0
South Charleston,,2020,667855.0
South Charleston,,2019,745172.0
South Charleston,,2018,667742.0
South Charleston,,2017,620914.0
South Charleston,,2016,627430.0
South Euclid,,2025,16447471.0
South Euclid,,2024,16320641.0
South Euclid,,2023,14894952.0
South Euclid,,2022,14519369.0
South Euclid,,2021,12959142.0
South Euclid,,2020,12102385.0
South Euclid,,2019,10948705.0
South Euclid,,2018,10514951.0
South Euclid,,2017,10241723.0
South Euclid,,2016,10432630.0
South Solon,,2025,29877.0
South Solon,,2024,33750.0
South Solon,,2023,45137.0
South Solon,,2022,23186.0
South Solon,,2021,34001.0
South Solon,,2020,22393.0
South Solon,,2019,26123.0
South Solon,,2018,21128.0
South Solon,,2017,18272.0
South Solon,,2016,18337.0
South Vienna,A,2025,223971.0
South Vienna,A,2024,200216.0
South Vienna,A,2023,180169.0
South Vienna,A,2022,181504.0
South Vienna,A,2021,171095.0
South Vienna,A,2020,137412.0
South Vienna,A,2019,138692.0
South Vienna,A,2018,125708.0
South Vienna,A,2017,93089.0
South Vienna,A,2016,0.0
Spencerville,A,2025,893945.0
Spencerville,A,2024,964270.0
Spencerville,A,2023,875458.0
Spencerville,A,2022,0.0
Spencerville,A,2021,0.0
Spencerville,A,2020,0.0
Spencerville,A,2019,0.0
Spencerville,A,2018,0.0
Spencerville,A,2017,0.0
Spencerville,A,2016,0.0
Springfield,A,2025,23609065.0
Springfield,A,2024,0.0
Springfield,A,2023,0.0
Springfield,A,2022,0.0
Springfield,A,2021,0.0
Springfield,A,2020,0.0
Springfield,A,2019,0.0
Springfield,A,2018,0.0
Springfield,A,2017,0.0
Springfield,A,2016,0.0
Springfield Beckley Airport JEDD,A,2025,261315.0
Springfield Beckley Airport JEDD,A,2024,0.0
Springfield Beckley Airport JEDD,A,2023,0.0
Springfield Beckley Airport JEDD,A,2022,0.0
Springfield Beckley Airport JEDD,A,2021,0.0
Springfield Beckley Airport JEDD,A,2020,0.0
Springfield Beckley Airport JEDD,A,2019,0.0
Springfield Beckley Airport JEDD,A,2018,0.0
Springfield Beckley Airport JEDD,A,2017,0.0
Springfield Beckley Airport JEDD,A,2016,0.0
Springfield Twp Jedz I,,2025,3455677.0
Springfield Twp Jedz I,,2024,3644847.0
Springfield Twp Jedz I,,2023,3418772.0
Springfield Twp Jedz I,,2022,3434999.0
Springfield Twp Jedz I,,2021,3380460.0
Springfield Twp Jedz I,,2020,3215789.0
Springfield Twp Jedz I,,2019,3959943.0
Springfield Twp Jedz I,,2018,3411713.0
Springfield Twp Jedz I,,2017,3430109.0
Springfield Twp Jedz I,,2016,2872225.0
St. Louisville,A,2025,139734.0
St. Louisville,A,2024,115557.0
St. Louisville,A,2023,92616.0
St. Louisville,A,2022,100934.0
St. Louisville,A,2021,91532.0
St. Louisville,A,2020,77063.0
St. Louisville,A,2019,76316.0
St. Louisville,A,2018,66406.0
St. Louisville,A,2017,39413.0
St. Louisville,A,2016,0.0
Steubenville,,2025,12383679.0
Steubenville,,2024,12238877.0
Steubenville,,2023,12252328.0
Steubenville,,2022,12227457.0
Steubenville,,2021,11690478.0
Steubenville,,2020,10169802.0
Steubenville,,2019,10822460.0
Steubenville,,2018,10812930.0
Steubenville,,2017,10205411.0
Steubenville,,2016,9936713.0
Stockport,A,2025,34180.0
Stockport,A,2024,27291.0
Stockport,A,2023,4234.0
Stockport,A,2022,0.0
Stockport,A,2021,0.0
Stockport,A,2020,0.0
Stockport,A,2019,0.0
Stockport,A,2018,0.0
Stockport,A,2017,0.0
Stockport,A,2016,0.0
Stone Creek,A,2025,24569.0
Stone Creek,A,2024,30097.0
Stone Creek,A,2023,24182.0
Stone Creek,A,2022,7363.0
Stone Creek,A,2021,0.0
Stone Creek,A,2020,0.0
Stone Creek,A,2019,0.0
Stone Creek,A,2018,0.0
Stone Creek,A,2017,0.0
Stone Creek,A,2016,0.0
Stoutsville,A,2025,140190.0
Stoutsville,A,2024,149990.0
Stoutsville,A,2023,111410.0
Stoutsville,A,2022,103933.0
Stoutsville,A,2021,105807.0
Stoutsville,A,2020,91826.0
Stoutsville,A,2019,110020.0
Stoutsville,A,2018,32914.0
Stoutsville,A,2017,0.0
Stoutsville,A,2016,0.0
Stratton,,2025,502679.0
Stratton,,2024,99555.0
Stratton,,2023,258399.0
Stratton,,2022,381320.0
Stratton,,2021,413961.0
Stratton,,2020,314122.0
Stratton,,2019,540476.0
Stratton,,2018,615645.0
Stratton,,2017,457283.0
Stratton,,2016,434758.0
Streetsboro,,2025,18159458.0
Streetsboro,,2024,16655284.0
Streetsboro,,2023,16188854.0
Streetsboro,,2022,15704366.0
Streetsboro,,2021,14378357.0
Streetsboro,,2020,12228920.0
Streetsboro,,2019,12092589.0
Streetsboro,,2018,12079233.0
Streetsboro,,2017,12342890.0
Streetsboro,,2016,12277678.0
Strongsville,,2025,47655480.0
Strongsville,,2024,48207038.0
Strongsville,,2023,46420894.0
Strongsville,,2022,44472997.0
Strongsville,,2021,40220435.0
Strongsville,,2020,35807094.0
Strongsville,,2019,37248051.0
Strongsville,,2018,35393452.0
Strongsville,,2017,35300644.0
Strongsville,,2016,35160565.0
Sugar Grove,,2025,165797.0
Sugar Grove,,2024,188143.0
Sugar Grove,,2023,218962.0
Sugar Grove,,2022,168278.0
Sugar Grove,,2021,159828.0
Sugar Grove,,2020,145694.0
Sugar Grove,,2019,134564.0
Sugar Grove,,2018,130749.0
Sugar Grove,,2017,107766.0
Sugar Grove,,2016,136034.0
Sugarcreek,,2025,2966646.0
Sugarcreek,,2024,2742993.0
Sugarcreek,,2023,2772711.0
Sugarcreek,,2022,2972124.0
Sugarcreek,,2021,2270974.0
Sugarcreek,,2020,2022544.0
Sugarcreek,,2019,2022006.0
Sugarcreek,,2018,1829271.0
Sugarcreek,,2017,1767101.0
Sugarcreek,,2016,1866719.0
Sunbury,,2025,5742938.0
Sunbury,,2024,4947716.0
Sunbury,,2023,4692404.0
Sunbury,,2022,3893130.0
Sunbury,,2021,3562689.0
Sunbury,,2020,3225641.0
Sunbury,,2019,3225589.0
Sunbury,,2018,3048117.0
Sunbury,,2017,2969341.0
Sunbury,,2016,3025061.0
Swanton,,2025,2437208.0
Swanton,,2024,2548896.0
Swanton,,2023,2436434.0
Swanton,,2022,2375760.0
Swanton,,2021,2099107.0
Swanton,,2020,1818100.0
Swanton,,2019,1966862.0
Swanton,,2018,1718635.0
Swanton,,2017,1408125.0
Swanton,,2016,1470916.0
Sycamore,,2025,264129.0
Sycamore,,2024,219683.0
Sycamore,,2023,235877.0
Sycamore,,2022,225478.0
Sycamore,,2021,210814.0
Sycamore,,2020,200386.0
Sycamore,,2019,217847.0
Sycamore,,2018,213567.0
Sycamore,,2017,219034.0
Sycamore,,2016,139117.0
Tallmadge,,2025,14219972.0
Tallmadge,,2024,14356234.0
Tallmadge,,2023,13591852.0
Tallmadge,,2022,13221841.0
Tallmadge,,2021,13831160.0
Tallmadge,,2020,10886541.0
Tallmadge,,2019,10414378.0
Tallmadge,,2018,9545934.0
Tallmadge,,2017,10026790.0
Tallmadge,,2016,10203570.0
Thurston,,2025,170256.0
Thurston,,2024,146373.0
Thurston,,2023,128805.0
Thurston,,2022,137951.0
Thurston,,2021,115178.0
Thurston,,2020,114025.0
Thurston,,2019,100945.0
Thurston,,2018,115096.0
Thurston,,2017,74379.0
Thurston,,2016,75769.0
Timberlake,A,2025,400940.0
Timberlake,A,2024,391585.0
Timberlake,A,2023,314063.0
Timberlake,A,2022,332275.0
Timberlake,A,2021,195127.0
Timberlake,A,2020,17465.0
Timberlake,A,2019,0.0
Timberlake,A,2018,0.0
Timberlake,A,2017,0.0
Timberlake,A,2016,0.0
Tiro,,2025,23142.0
Tiro,,2024,23863.0
Tiro,,2023,23045.0
Tiro,,2022,25635.0
Tiro,,2021,20827.0
Tiro,,2020,17903.0
Tiro,,2019,22356.0
Tiro,,2018,18735.0
Tiro,,2017,21555.0
Tiro,,2016,14806.0
Tontogany,,2025,174661.0
Tontogany,,2024,168597.0
Tontogany,,2023,172596.0
Tontogany,,2022,153174.0
Tontogany,,2021,137507.0
Tontogany,,2020,116499.0
Tontogany,,2019,129970.0
Tontogany,,2018,123610.0
Tontogany,,2017,116303.0
Tontogany,,2016,114173.0
Toronto,,2025,3059085.0
Toronto,,2024,3135979.0
Toronto,,2023,2922661.0
Toronto,,2022,2533751.0
Toronto,,2021,1831245.0
Toronto,,2020,2103817.0
Toronto,,2019,2887175.0
Toronto,,2018,2955474.0
Toronto,,2017,3340760.0
Toronto,,2016,2476658.0
Tremont City,,2025,77938.0
Tremont City,,2024,70231.0
Tremont City,,2023,69291.0
Tremont City,,2022,56880.0
Tremont City,,2021,67074.0
Tremont City,,2020,54590.0
Tremont City,,2019,52659.0
Tremont City,,2018,57149.0
Tremont City,,2017,57142.0
Tremont City,,2016,64429.0
Trimble,,2025,57410.0
Trimble,,2024,48229.0
Trimble,,2023,55333.0
Trimble,,2022,46996.0
Trimble,,2021,47318.0
Trimble,,2020,41336.0
Trimble,,2019,31229.0
Trimble,,2018,30094.0
Trimble,,2017,31045.0
Trimble,,2016,33910.0
Tuscarawas,A,2025,213257.0
Tuscarawas,A,2024,208341.0
Tuscarawas,A,2023,180388.0
Tuscarawas,A,2022,35079.0
Tuscarawas,A,2021,0.0
Tuscarawas,A,2020,0.0
Tuscarawas,A,2019,0.0
Tuscarawas,A,2018,0.0
Tuscarawas,A,2017,0.0
Tuscarawas,A,2016,0.0
Twinsburg,,2025,24818522.0
Twinsburg,,2024,25100430.0
Twinsburg,,2023,26371736.0
Twinsburg,,2022,24770594.0
Twinsburg,,2021,22928803.0
Twinsburg,,2020,21931117.0
Twinsburg,,2019,23825027.0
Twinsburg,,2018,22887214.0
Twinsburg,,2017,22476037.0
Twinsburg,,2016,20919276.0
Uhrichsville,,2025,2425163.0
Uhrichsville,,2024,2320082.0
Uhrichsville,,2023,2247237.0
Uhrichsville,,2022,2101695.0
Uhrichsville,,2021,2111801.0
Uhrichsville,,2020,1966665.0
Uhrichsville,,2019,1999579.0
Uhrichsville,,2018,2026831.0
Uhrichsville,,2017,1923759.0
Uhrichsville,,2016,2040288.0
Union City,A,2025,293350.0
Union City,A,2024,0.0
Union City,A,2023,0.0
Union City,A,2022,0.0
Union City,A,2021,0.0
Union City,A,2020,0.0
Union City,A,2019,0.0
Union City,A,2018,0.0
Union City,A,2017,0.0
Union City,A,2016,0.0
Union Twp Village of Batavia Jedd 9,A,2025,2565.0
Union Twp Village of Batavia Jedd 9,A,2024,0.0
Union Twp Village of Batavia Jedd 9,A,2023,0.0
Union Twp Village of Batavia Jedd 9,A,2022,0.0
Union Twp Village of Batavia Jedd 9,A,2021,0.0
Union Twp Village of Batavia Jedd 9,A,2020,0.0
Union Twp Village of Batavia Jedd 9,A,2019,0.0
Union Twp Village of Batavia Jedd 9,A,2018,0.0
Union Twp Village of Batavia Jedd 9,A,2017,0.0
Union Twp Village of Batavia Jedd 9,A,2016,0.0
University Heights,,2025,13272926.0
University Heights,,2024,12680727.0
University Heights,,2023,12066594.0
University Heights,,2022,12182443.0
University Heights,,2021,10865551.0
University Heights,,2020,9839783.0
University Heights,,2019,10069466.0
University Heights,,2018,9836043.0
University Heights,,2017,10171779.0
University Heights,,2016,10011031.0
Upper Arlington,,2025,47484524.0
Upper Arlington,,2024,46208725.0
Upper Arlington,,2023,43513712.0
Upper Arlington,,2022,40715517.0
Upper Arlington,,2021,35075693.0
Upper Arlington,,2020,29622001.0
Upper Arlington,,2019,29314959.0
Upper Arlington,,2018,27863649.0
Upper Arlington,,2017,26204367.0
Upper Arlington,,2016,25366889.0
Urbana,C,2025,8515698.0
Urbana,C,2024,7211416.0
Urbana,C,2023,29.0
Urbana,C,2022,0.0
Urbana,C,2021,0.0
Urbana,C,2020,0.0
Urbana,C,2019,0.0
Urbana,C,2018,0.0
Urbana,C,2017,0.0
Urbana,C,2016,0.0
Urbancrest,,2025,1892794.0
Urbancrest,,2024,2120214.0
Urbancrest,,2023,1945526.0
Urbancrest,,2022,2079670.0
Urbancrest,,2021,1787310.0
Urbancrest,,2020,1476783.0
Urbancrest,,2019,1503557.0
Urbancrest,,2018,1461088.0
Urbancrest,,2017,1360351.0
Urbancrest,,2016,1581990.0
Utica,A,2025,965975.0
Utica,A,2024,958463.0
Utica,A,2023,979226.0
Utica,A,2022,326278.0
Utica,A,2021,0.0
Utica,A,2020,0.0
Utica,A,2019,0.0
Utica,A,2018,0.0
Utica,A,2017,0.0
Utica,A,2016,0.0
Valley View,,2025,13481193.0
Valley View,,2024,12059869.0
Valley View,,2023,11414044.0
Valley View,,2022,10842880.0
Valley View,,2021,10216517.0
Valley View,,2020,10077110.0
Valley View,,2019,10627988.0
Valley View,,2018,9670879.0
Valley View,,2017,9850555.0
Valley View,,2016,11265477.0
Valleyview,E,2025,-26.0
Valleyview,E,2024,195.0
Valleyview,E,2023,2507.0
Valleyview,E,2022,216.0
Valleyview,E,2021,3051.0
Valleyview,E,2020,3091.0
Valleyview,E,2019,3658.0
Valleyview,E,2018,16706.0
Valleyview,E,2017,57557.0
Valleyview,E,2016,58101.0
Vermilion,,2025,4771413.0
Vermilion,,2024,4828670.0
Vermilion,,2023,4682441.0
Vermilion,,2022,4531533.0
Vermilion,,2021,4137732.0
Vermilion,,2020,3713599.0
Vermilion,,2019,3756755.0
Vermilion,,2018,3563274.0
Vermilion,,2017,3073256.0
Vermilion,,2016,2805981.0
Violet Township-Canal Winchester Jedd,A,2025,144221.0
Violet Township-Canal Winchester Jedd,A,2024,95218.0
Violet Township-Canal Winchester Jedd,A,2023,0.0
Violet Township-Canal Winchester Jedd,A,2022,0.0
Violet Township-Canal Winchester Jedd,A,2021,0.0
Violet Township-Canal Winchester Jedd,A,2020,0.0
Violet Township-Canal Winchester Jedd,A,2019,0.0
Violet Township-Canal Winchester Jedd,A,2018,0.0
Violet Township-Canal Winchester Jedd,A,2017,0.0
Violet Township-Canal Winchester Jedd,A,2016,0.0
Wadsworth,,2025,14138948.0
Wadsworth,,2024,13847181.0
Wadsworth,,2023,13661082.0
Wadsworth,,2022,12796091.0
Wadsworth,,2021,11109237.0
Wadsworth,,2020,10065261.0
Wadsworth,,2019,10166919.0
Wadsworth,,2018,9785435.0
Wadsworth,,2017,9337162.0
Wadsworth,,2016,8817267.0
Wakeman,,2025,328705.0
Wakeman,,2024,326441.0
Wakeman,,2023,355342.0
Wakeman,,2022,301836.0
Wakeman,,2021,316494.0
Wakeman,,2020,240517.0
Wakeman,,2019,277169.0
Wakeman,,2018,295598.0
Wakeman,,2017,233545.0
Wakeman,,2016,222675.0
Walton Hills,A,2025,4675988.0
Walton Hills,A,2024,4643287.0
Walton Hills,A,2023,4241354.0
Walton Hills,A,2022,0.0
Walton Hills,A,2021,0.0
Walton Hills,A,2020,0.0
Walton Hills,A,2019,0.0
Walton Hills,A,2018,0.0
Walton Hills,A,2017,0.0
Walton Hills,A,2016,0.0
Warrensville Heights,A,2025,22196032.0
Warrensville Heights,A,2024,21709480.0
Warrensville Heights,A,2023,20400254.0
Warrensville Heights,A,2022,20442945.0
Warrensville Heights,A,2021,18981532.0
Warrensville Heights,A,2020,0.0
Warrensville Heights,A,2019,0.0
Warrensville Heights,A,2018,0.0
Warrensville Heights,A,2017,0.0
Warrensville Heights,A,2016,0.0
Warrensville Heights JEDZ,A,2025,15342.0
Warrensville Heights JEDZ,A,2024,163636.0
Warrensville Heights JEDZ,A,2023,150358.0
Warrensville Heights JEDZ,A,2022,324849.0
Warrensville Heights JEDZ,A,2021,152761.0
Warrensville Heights JEDZ,A,2020,0.0
Warrensville Heights JEDZ,A,2019,0.0
Warrensville Heights JEDZ,A,2018,0.0
Warrensville Heights JEDZ,A,2017,0.0
Warrensville Heights JEDZ,A,2016,0.0
Warsaw,A,2025,160582.0
Warsaw,A,2024,127653.0
Warsaw,A,2023,33367.0
Warsaw,A,2022,0.0
Warsaw,A,2021,0.0
Warsaw,A,2020,0.0
Warsaw,A,2019,0.0
Warsaw,A,2018,0.0
Warsaw,A,2017,0.0
Warsaw,A,2016,0.0
Washingtonville,A,2025,130762.0
Washingtonville,A,2024,71475.0
Washingtonville,A,2023,61531.0
Washingtonville,A,2022,44533.0
Washingtonville,A,2021,43392.0
Washingtonville,A,2020,17203.0
Washingtonville,A,2019,16310.0
Washingtonville,A,2018,14438.0
Washingtonville,A,2017,0.0
Washingtonville,A,2016,0.0
Waterville,,2025,5340353.0
Waterville,,2024,5326613.0
Waterville,,2023,5135285.0
Waterville,,2022,4544011.0
Waterville,,2021,4033358.0
Waterville,,2020,3584211.0
Waterville,,2019,3604341.0
Waterville,,2018,3373249.0
Waterville,,2017,3394835.0
Waterville,,2016,3446410.0
Wayne Lakes,A,2025,166755.0
Wayne Lakes,A,2024,180089.0
Wayne Lakes,A,2023,150697.0
Wayne Lakes,A,2022,121812.0
Wayne Lakes,A,2021,128667.0
Wayne Lakes,A,2020,133498.0
Wayne Lakes,A,2019,37009.0
Wayne Lakes,A,2018,0.0
Wayne Lakes,A,2017,0.0
Wayne Lakes,A,2016,0.0
Waynesfield,A,2025,166893.0
Waynesfield,A,2024,0.0
Waynesfield,A,2023,0.0
Waynesfield,A,2022,0.0
Waynesfield,A,2021,0.0
Waynesfield,A,2020,0.0
Waynesfield,A,2019,0.0
Waynesfield,A,2018,0.0
Waynesfield,A,2017,0.0
Waynesfield,A,2016,0.0
Waynesville,,2025,973400.0
Waynesville,,2024,867222.0
Waynesville,,2023,895552.0
Waynesville,,2022,751962.0
Waynesville,,2021,629593.0
Waynesville,,2020,426070.0
Waynesville,,2019,413444.0
Waynesville,,2018,408795.0
Waynesville,,2017,432791.0
Waynesville,,2016,438730.0
Wellington,,2025,2878874.0
Wellington,,2024,3108909.0
Wellington,,2023,3020510.0
Wellington,,2022,2697397.0
Wellington,,2021,2428344.0
Wellington,,2020,2212980.0
Wellington,,2019,2498103.0
Wellington,,2018,1830313.0
Wellington,,2017,1798798.0
Wellington,,2016,1935066.0
Wellston,,2025,1566653.0
Wellston,,2024,1568601.0
Wellston,,2023,1521849.0
Wellston,,2022,1359422.0
Wellston,,2021,1333637.0
Wellston,,2020,1310395.0
Wellston,,2019,1244582.0
Wellston,,2018,1212916.0
Wellston,,2017,1305206.0
Wellston,,2016,1306273.0
Wellsville,,2025,813358.0
Wellsville,,2024,770205.0
Wellsville,,2023,832700.0
Wellsville,,2022,740951.0
Wellsville,,2021,1084279.0
Wellsville,,2020,668732.0
Wellsville,,2019,716345.0
Wellsville,,2018,628873.0
Wellsville,,2017,499385.0
Wellsville,,2016,523069.0
West Alexandria,A,2025,381155.0
West Alexandria,A,2024,394181.0
West Alexandria,A,2023,350261.0
West Alexandria,A,2022,326435.0
West Alexandria,A,2021,108891.0
West Alexandria,A,2020,0.0
West Alexandria,A,2019,0.0
West Alexandria,A,2018,0.0
West Alexandria,A,2017,0.0
West Alexandria,A,2016,0.0
West Elkton,,2025,16316.0
West Elkton,,2024,12122.0
West Elkton,,2023,10826.0
West Elkton,,2022,11241.0
West Elkton,,2021,11833.0
West Elkton,,2020,19564.0
West Elkton,,2019,22877.0
West Elkton,,2018,24695.0
West Elkton,,2017,25031.0
West Elkton,,2016,24660.0
West Lafayette,A,2025,879922.0
West Lafayette,A,2024,873102.0
West Lafayette,A,2023,748405.0
West Lafayette,A,2022,618901.0
West Lafayette,A,2021,561155.0
West Lafayette,A,2020,518097.0
West Lafayette,A,2019,523425.0
West Lafayette,A,2018,525705.0
West Lafayette,A,2017,90129.0
West Lafayette,A,2016,0.0
West Liberty,A,2025,552588.0
West Liberty,A,2024,568593.0
West Liberty,A,2023,523951.0
West Liberty,A,2022,495017.0
West Liberty,A,2021,459844.0
West Liberty,A,2020,411776.0
West Liberty,A,2019,0.0
West Liberty,A,2018,0.0
West Liberty,A,2017,0.0
West Liberty,A,2016,0.0
West Mansfield,,2025,175406.0
West Mansfield,,2024,200856.0
West Mansfield,,2023,187043.0
West Mansfield,,2022,161029.0
West Mansfield,,2021,154278.0
West Mansfield,,2020,130593.0
West Mansfield,,2019,154080.0
West Mansfield,,2018,125161.0
West Mansfield,,2017,131836.0
West Mansfield,,2016,113857.0
West Salem,A,2025,423115.0
West Salem,A,2024,414576.0
West Salem,A,2023,404919.0
West Salem,A,2022,383894.0
West Salem,A,2021,406333.0
West Salem,A,2020,70053.0
West Salem,A,2019,0.0
West Salem,A,2018,0.0
West Salem,A,2017,0.0
West Salem,A,2016,0.0
West Unity,A,2025,980048.0
West Unity,A,2024,978606.0
West Unity,A,2023,1024800.0
West Unity,A,2022,902411.0
West Unity,A,2021,925594.0
West Unity,A,2020,387137.0
West Unity,A,2019,0.0
West Unity,A,2018,0.0
West Unity,A,2017,0.0
West Unity,A,2016,0.0
Westlake,,2025,41441196.0
Westlake,,2024,40873277.0
Westlake,,2023,40827375.0
Westlake,,2022,37124248.0
Westlake,,2021,32546116.0
Westlake,,2020,31354993.0
Westlake,,2019,31580336.0
Westlake,,2018,31078862.0
Westlake,,2017,30808128.0
Westlake,,2016,28029357.0
Weston,,2025,347361.0
Weston,,2024,274313.0
Weston,,2023,311120.0
Weston,,2022,259260.0
Weston,,2021,266101.0
Weston,,2020,252774.0
Weston,,2019,242413.0
Weston,,2018,220563.0
Weston,,2017,211976.0
Weston,,2016,223505.0
Whitehouse,A,2025,4088790.0
Whitehouse,A,2024,3554338.0
Whitehouse,A,2023,3682876.0
Whitehouse,A,2022,3295413.0
Whitehouse,A,2021,2947090.0
Whitehouse,A,2020,2762591.0
Whitehouse,A,2019,2923438.0
Whitehouse,A,2018,0.0
Whitehouse,A,2017,0.0
Whitehouse,A,2016,0.0
Wickliffe,A,2025,10393940.0
Wickliffe,A,2024,9711310.0
Wickliffe,A,2023,9612130.0
Wickliffe,A,2022,9488670.0
Wickliffe,A,2021,9298806.0
Wickliffe,A,2020,8424554.0
Wickliffe,A,2019,8939378.0
Wickliffe,A,2018,9525922.0
Wickliffe,A,2017,2083016.0
Wickliffe,A,2016,0.0
Williamsburg,,2025,708711.0
Williamsburg,,2024,671396.0
Williamsburg,,2023,791567.0
Williamsburg,,2022,632761.0
Williamsburg,,2021,597932.0
Williamsburg,,2020,501098.0
Williamsburg,,2019,572823.0
Williamsburg,,2018,542797.0
Williamsburg,,2017,539619.0
Williamsburg,,2016,550779.0
Williamsburg Jedd,A,2025,699406.0
Williamsburg Jedd,A,2024,262138.0
Williamsburg Jedd,A,2023,142335.0
Williamsburg Jedd,A,2022,229621.0
Williamsburg Jedd,A,2021,249476.0
Williamsburg Jedd,A,2020,47083.0
Williamsburg Jedd,A,2019,32068.0
Williamsburg Jedd,A,2018,2863.0
Williamsburg Jedd,A,2017,0.0
Williamsburg Jedd,A,2016,0.0
Williamsport,A,2025,132259.0
Williamsport,A,2024,139620.0
Williamsport,A,2023,134773.0
Williamsport,A,2022,103886.0
Williamsport,A,2021,97313.0
Williamsport,A,2020,66286.0
Williamsport,A,2019,65581.0
Williamsport,A,2018,31411.0
Williamsport,A,2017,0.0
Williamsport,A,2016,0.0
Willoughby,,2025,26530453.0
Willoughby,,2024,25116396.0
Willoughby,,2023,23827543.0
Willoughby,,2022,22979167.0
Willoughby,,2021,19381977.0
Willoughby,,2020,17649275.0
Willoughby,,2019,19078699.0
Willoughby,,2018,18012196.0
Willoughby,,2017,17084988.0
Willoughby,,2016,17088823.0
Willoughby Hills,,2025,7794021.0
Willoughby Hills,,2024,7295250.0
Willoughby Hills,,2023,7604476.0
Willoughby Hills,,2022,7584884.0
Willoughby Hills,,2021,6648859.0
Willoughby Hills,,2020,5908261.0
Willoughby Hills,,2019,5788091.0
Willoughby Hills,,2018,5234998.0
Willoughby Hills,,2017,5076194.0
Willoughby Hills,,2016,4952978.0
Willowick,,2025,4920082.0
Willowick,,2024,4507317.0
Willowick,,2023,4580804.0
Willowick,,2022,4164393.0
Willowick,,2021,3415015.0
Willowick,,2020,3086951.0
Willowick,,2019,3154053.0
Willowick,,2018,2943681.0
Willowick,,2017,3067516.0
Willowick,,2016,2920717.0
Willshire,,2025,91607.0
Willshire,,2024,97177.0
Willshire,,2023,76710.0
Willshire,,2022,81011.0
Willshire,,2021,61859.0
Willshire,,2020,55136.0
Willshire,,2019,69406.0
Willshire,,2018,59397.0
Willshire,,2017,60133.0
Willshire,,2016,68052.0
Windham,A,2025,559490.0
Windham,A,2024,670929.0
Windham,A,2023,678553.0
Windham,A,2022,540356.0
Windham,A,2021,465149.0
Windham,A,2020,431546.0
Windham,A,2019,491964.0
Windham,A,2018,181601.0
Windham,A,2017,0.0
Windham,A,2016,0.0
Wintersville,,2025,1289302.0
Wintersville,,2024,1362079.0
Wintersville,,2023,1311247.0
Wintersville,,2022,1292138.0
Wintersville,,2021,1255901.0
Wintersville,,2020,1125912.0
Wintersville,,2019,1108327.0
Wintersville,,2018,1079861.0
Wintersville,,2017,1184525.0
Wintersville,,2016,1088430.0
Woodlawn,A,2025,7949198.0
Woodlawn,A,2024,7762061.0
Woodlawn,A,2023,8106344.0
Woodlawn,A,2022,7951202.0
Woodlawn,A,2021,6313522.0
Woodlawn,A,2020,0.0
Woodlawn,A,2019,0.0
Woodlawn,A,2018,0.0
Woodlawn,A,2017,0.0
Woodlawn,A,2016,0.0
Woodmere,,2025,4841947.0
Woodmere,,2024,3573698.0
Woodmere,,2023,3623759.0
Woodmere,,2022,4275348.0
Woodmere,,2021,3370575.0
Woodmere,,2020,2699193.0
Woodmere,,2019,3046419.0
Woodmere,,2018,3183778.0
Woodmere,,2017,3484189.0
Woodmere,,2016,3194689.0
Woodsfield,A,2025,731283.0
Woodsfield,A,2024,656643.0
Woodsfield,A,2023,705716.0
Woodsfield,A,2022,647567.0
Woodsfield,A,2021,559413.0
Woodsfield,A,2020,590039.0
Woodsfield,A,2019,0.0
Woodsfield,A,2018,0.0
Woodsfield,A,2017,0.0
Woodsfield,A,2016,0.0
Woodstock,,2025,60027.0
Woodstock,,2024,75216.0
Woodstock,,2023,54149.0
Woodstock,,2022,54649.0
Woodstock,,2021,53499.0
Woodstock,,2020,52258.0
Woodstock,,2019,51599.0
Woodstock,,2018,47350.0
Woodstock,,2017,44764.0
Woodstock,,2016,47282.0
Worthington,,2025,32800460.0
Worthington,,2024,32712429.0
Worthington,,2023,32260927.0
Worthington,,2022,30906916.0
Worthington,,2021,29391118.0
Worthington,,2020,24826415.0
Worthington,,2019,25328379.0
Worthington,,2018,24798687.0
Worthington,,2017,25252478.0
Worthington,,2016,23696848.0
Xenia,A,2025,17716902.0
Xenia,A,2024,17102221.0
Xenia,A,2023,15917370.0
Xenia,A,2022,14456471.0
Xenia,A,2021,14121262.0
Xenia,A,2020,3519439.0
Xenia,A,2019,0.0
Xenia,A,2018,0.0
Xenia,A,2017,0.0
Xenia,A,2016,0.0
Xenia JEDD 1,A,2025,65049.0
Xenia JEDD 1,A,2024,58567.0
Xenia JEDD 1,A,2023,42398.0
Xenia JEDD 1,A,2022,43938.0
Xenia JEDD 1,A,2021,43693.0
Xenia JEDD 1,A,2020,18094.0
Xenia JEDD 1,A,2019,0.0
Xenia JEDD 1,A,2018,0.0
Xenia JEDD 1,A,2017,0.0
Xenia JEDD 1,A,2016,0.0
Yellow Springs,,2025,2647450.0
Yellow Springs,,2024,2519161.0
Yellow Springs,,2023,2421544.0
Yellow Springs,,2022,2365810.0
Yellow Springs,,2021,1877550.0
Yellow Springs,,2020,1550541.0
Yellow Springs,,2019,1816440.0
Yellow Springs,,2018,1790112.0
Yellow Springs,,2017,1853222.0
Yellow Springs,,2016,1529632.0
Youngstown,,2025,54520119.0
Youngstown,,2024,60190023.0
Youngstown,,2023,64632882.0
Youngstown,,2022,49288335.0
Youngstown,,2021,45548752.0
Youngstown,,2020,42209024.0
Youngstown,,2019,44929903.0
Youngstown,,2018,45841360.0
Youngstown,,2017,44199777.0
Youngstown,,2016,42786609.0
Youngstown Girard Jedd,,2025,21922.0
Youngstown Girard Jedd,,2024,16360.0
Youngstown Girard Jedd,,2023,23101.0
Youngstown Girard Jedd,,2022,21536.0
Youngstown Girard Jedd,,2021,12440.0
Youngstown Girard Jedd,,2020,8749.0
Youngstown Girard Jedd,,2019,27438.0
Youngstown Girard Jedd,,2018,21204.0
Youngstown Girard Jedd,,2017,8852.0
Youngstown Girard Jedd,,2016,-508.0
